Date,Open,High,Low,Close,Volume,Ticker
737426,71.62709199861638,72.68128882574726,71.37321819790198,72.62084197998047,135480400,AAPL
737427,71.84711001739942,72.67643886208242,71.6899497146884,71.91481018066406,146322800,AAPL
737430,71.03470938256737,72.52653323692198,70.78324846628296,72.48784637451172,118387200,AAPL
737431,72.49753708995398,72.75383115765004,71.92692233659784,72.1469497680664,108872000,AAPL
737432,71.8495328881936,73.60974457641883,71.8495328881936,73.30751037597656,132079200,AAPL
737433,74.28675624192712,75.058058615668,74.0353026659935,74.86463165283203,170108400,AAPL
737434,75.09915419080262,75.59965578823589,74.5309524288927,75.03386688232422,140644800,AAPL
737437,75.35062150930146,76.66352519200935,75.23214067732687,76.63692474365234,121532000,AAPL
737438,76.57407908177844,76.78443295716991,75.4787823612356,75.60208892822266,161954400,AAPL
737439,75.40139008732662,76.28391248020361,74.84527472915032,75.278076171875,121923600,AAPL
737440,75.82211395087957,76.33228922922538,75.45943283140988,76.22106170654297,108829200,AAPL
737441,76.47007821096346,77.06729322689777,76.16301095015437,77.06488037109375,137816400,AAPL
737445,76.69253240808335,77.1350000250309,76.40480486276103,76.5426254272461,110843200,AAPL
737446,77.02863894018,77.36956011404764,76.7215715495235,76.81587219238281,101832400,AAPL
737447,76.86904252755714,77.26556997023165,76.3201804851689,77.18578338623047,104472000,AAPL
737448,77.43240886934917,78.17711075717362,76.77232666197627,76.96334075927734,146537600,AAPL
737451,74.96857569534384,75.38202994564323,73.71611915121242,74.7001953125,161940000,AAPL
737452,75.58272644118536,76.9850901077203,75.48359274307904,76.81342315673828,162234000,AAPL
737453,78.44791850299463,79.2699941203994,77.70562947444549,78.42131805419922,216229200,AAPL
737454,77.50252948730524,78.36087174184341,77.06972800749904,78.30767822265625,126743200,AAPL
737455,77.59680909150437,78.01993693561123,74.54062095731271,74.83560180664062,199588400,AAPL
737458,73.57590710330668,75.79793402750128,73.07299252901737,74.6301040649414,173788400,AAPL
737459,76.2379657074683,77.28490902345662,75.83176474651968,77.0938949584961,136616400,AAPL
737460,78.22305902038404,78.5228804217208,77.11809618158854,77.72256469726562,118826800,AAPL
737461,77.99335327455661,78.63408832571153,77.43482504328904,78.63166809082031,105425600,AAPL
737462,78.12999061671879,78.3796223944295,77.070873196759,77.5628662109375,117684000,AAPL
737465,76.1450504217699,77.9312515258789,76.06507446922856,77.9312515258789,109348800,AAPL
737466,78.42808578763751,78.500791189116,77.24293596960018,77.4610595703125,94323200,AAPL
737467,77.91184313382713,79.30541981693399,77.91184313382713,79.30057525634766,113730400,AAPL
737468,78.57107415792922,79.06306707389666,78.36749164748854,78.73587799072266,94747600,AAPL
737469,78.70437073623225,79.00490364230242,78.24631193166864,78.7552719116211,80113600,AAPL
737473,76.43102645153198,77.49499569716498,76.24925554684746,77.31322479248047,152531200,AAPL
737474,77.5555836361956,78.66317609010646,77.5555836361956,78.43292999267578,93984000,AAPL
737475,78.19299399872004,78.68256095291854,77.12175425598554,77.62828826904297,100566000,AAPL
737476,77.22113145649439,77.66465663516524,75.2531595150605,75.87117767333984,129554000,AAPL
737479,72.04429714392029,73.7214326099496,70.09813688315359,72.26726531982422,222195200,AAPL
737480,72.93859916229857,73.32152656752166,69.34680474475954,69.81940460205078,230673600,AAPL
737481,69.4437526290761,72.19455366055257,69.43648208910632,70.927001953125,198054800,AAPL
737482,68.12775191347185,69.31532061254289,66.15492769967031,66.2906494140625,320605600,AAPL
737483,62.349873268270585,67.47581351942695,62.13416815114982,66.25188446044922,426510000,AAPL
737486,68.4137074821739,73.0573481636442,67.30854119181632,72.41993713378906,341397200,AAPL
737487,73.59782628927844,73.6778022281249,69.26682558358837,70.11994171142578,319475600,AAPL
737488,71.84554131856758,73.53237288497041,71.04332648790448,73.3724136352539,219178400,AAPL
737489,71.62258011074542,72.59929546384136,70.62647911575432,70.99244689941406,187572800,AAPL
737490,68.34585328692468,70.4834806861114,68.15923783954538,70.04965209960938,226176800,AAPL
737493,63.922760044618926,67.39821841408887,63.74098916297546,64.50927734375,286744800,AAPL
737494,67.16799216221737,69.4219485531025,65.28484074636239,69.15534973144531,285290000,AAPL
737495,67.22859634252309,68.15683675373784,65.88833141686193,66.7535629272461,255598800,AAPL
737496,62.02992621470894,65.43752410022596,60.1055776920594,60.161319732666016,418474000,AAPL
737497,64.19906676832508,67.84175558934598,61.30526952735632,67.36914825439453,370732000,AAPL
737500,58.6392847539395,62.79092911047991,58.166681208746034,58.70230102539063,322423600,AAPL
737501,59.98682469346223,62.43467081545571,57.77891381431024,61.2834587097168,324056000,AAPL
737502,58.11094292904205,60.59029684026707,57.46868356365228,59.783233642578125,300233600,AAPL
737503,59.95773142950838,61.278599104517625,58.79924529931094,59.32516860961914,271857200,AAPL
737504,59.90683232843295,61.03381398975225,55.25834685495158,55.558876037597656,401693200,AAPL
737507,55.27774369215165,55.379534953760505,51.52841558126917,54.37858200073242,336752800,AAPL
737508,57.28449598735918,60.03044895212406,56.78523248433621,59.83413696289063,287531200,AAPL
737509,60.77206450877943,62.5897733176163,59.208835672807325,59.5045166015625,303602000,AAPL
737510,59.74688846689872,62.69399806571646,59.70810978448486,62.635833740234375,252087200,AAPL
737511,61.25679266007546,62.012958412771816,59.87533457413468,60.04256439208984,204216800,AAPL
737514,60.76964580920623,61.92813199578418,60.44487900563897,61.75605392456055,167976400,AAPL
737515,61.94752021431129,63.6173849288287,61.075018471181984,61.63002395629883,197002000,AAPL
737516,59.74203576856197,60.28007792812991,57.95583490890622,58.387237548828125,176218400,AAPL
737517,58.24909322048442,59.41485006682693,57.41537005354861,59.36153030395508,165934000,AAPL
737518,58.845304798537626,59.54815085540586,57.91706088463897,58.5084228515625,129880000,AAPL
737521,60.80840954375645,63.76763704071879,60.44002326757543,63.61252975463867,201820400,AAPL
737522,65.63140853862814,65.84953953078768,62.77154940088239,62.875762939453125,202887200,AAPL
737523,63.677986981114906,64.8001206555024,63.31202655456122,64.48505401611328,168895200,AAPL
737524,65.12246785230607,65.45450156620154,64.15302289668575,64.95038604736328,161834800,AAPL
737528,65.02792444640441,66.33425469318199,64.42686608662422,66.22518920898438,131022800,AAPL
737529,67.86115729295196,69.86063782033358,67.3885498461501,69.5698013305664,194994800,AAPL
737530,68.44280621954762,69.39528402750159,68.01382952800463,68.93479919433594,131154400,AAPL
737531,69.64976614355342,69.8485041120879,68.43068954557212,69.48253631591797,157125200,AAPL
737532,68.99781539542603,69.54555411214668,67.1001229261611,68.53974914550781,215250000,AAPL
737535,67.36428617146147,68.2682885484201,67.09768742099124,67.11707305908203,130015200,AAPL
737536,66.95955863717874,67.19464932019156,64.3299378788463,65.04248046875,180991600,AAPL
737537,66.31242457625098,67.35215588467187,65.97070189503694,66.91590881347656,116862400,AAPL
737538,66.86018347385354,68.28526852206619,66.61782227235553,66.65660095214844,124814400,AAPL
737539,67.18250401730153,68.59062150334698,67.13402883580568,68.58092498779297,126161200,AAPL
737542,68.29739917309554,68.96147404586024,67.84903676526578,68.62944030761719,117087600,AAPL
737543,69.0923152918548,69.27408615936449,67.4248767467707,67.5169677734375,112004800,AAPL
737544,69.00751259495229,70.2047776093199,68.80393005840862,69.7345962524414,137280800,AAPL
737545,70.2750603851693,71.3826529846121,69.88486235394257,71.20572662353516,183064000,AAPL
737546,69.37589630273538,72.46600172757337,69.27895329807433,70.05935668945312,240616800,AAPL
737549,70.08358701405723,71.17905690592906,69.3928561586041,71.05060577392578,133568000,AAPL
737550,71.51110134148117,72.95072758723038,71.36568312949365,72.11700439453125,147751200,AAPL
737551,72.81985643084153,73.49362038525668,72.43450294504117,72.8610610961914,142333600,AAPL
737552,73.48876670304365,73.96137402305452,73.1858151892616,73.61479187011719,115215200,AAPL
737553,74.27580576384341,75.42041508755761,73.9477309492938,75.36695098876953,133838400,AAPL
737556,74.8736214980084,77.04862158939132,74.66462279176794,76.55287170410156,145946400,AAPL
737557,77.23816018202187,77.69017607011091,75.55648516376499,75.67799377441406,162301200,AAPL
737558,75.85782153784702,76.78129139682004,73.68524706080568,74.76424407958984,200622400,AAPL
737559,74.0011951417901,75.28432609802991,73.27700096934342,75.22357177734375,158929200,AAPL
737560,72.99025052866202,74.82502825231288,72.95622454544424,74.77885437011719,166348400,AAPL
737563,76.10571491448931,76.9149590881701,75.41311427356375,76.54071044921875,135178400,AAPL
737564,76.55774092537845,77.40586894249013,76.06684864153235,76.09844207763672,101729600,AAPL
737565,76.95870121876094,77.64886932121465,76.91981756866943,77.57839965820312,111504800,AAPL
737566,77.43989122316047,77.98182245463944,76.7618709013521,77.00003051757812,102688800,AAPL
737567,76.73754572172307,77.57839065177555,76.63548264134255,77.49576568603516,81803200,AAPL
737571,78.61607202130844,78.79590239398446,76.91495145206838,76.9708480834961,125522000,AAPL
737572,76.82748410104101,77.4520328550853,76.08627697001077,77.30622100830078,112945200,AAPL
737573,76.98058746337966,78.60151611780931,76.7035515978113,77.34025573730469,133560800,AAPL
737574,77.58327517421819,78.04500657374922,76.90768735815497,77.26492309570312,153532400,AAPL
737577,77.21873094429264,78.33661177403135,77.08749955314255,78.21510314941406,80791200,AAPL
737578,77.94778801471988,78.60150505310432,77.50549481099908,78.57720184326172,87642800,AAPL
737579,78.89798738729773,79.27223605785474,78.32446277639103,79.00977325439453,104491200,AAPL
737580,78.83237798726375,79.13128449132041,77.95508176147044,78.32933044433594,87560400,AAPL
737581,78.5796222542504,80.62096548871577,78.55046137346189,80.56021118164062,137250400,AAPL
737584,80.25646891839591,81.07057841339436,79.54442995968292,81.03655242919922,95654400,AAPL
737585,80.71577090052271,83.98920686535521,80.68417746439864,83.59552001953125,147712400,AAPL
737586,84.54570234634012,86.21522971767824,84.1058417038533,85.74620819091797,166651600,AAPL
737587,84.88837183058858,85.31365210238673,81.52744586006406,81.62950897216797,201662400,AAPL
737588,83.77290920023673,84.52139908925585,81.22122799958797,82.33424377441406,200146000,AAPL
737591,80.98550738644816,84.00621035316378,80.82268254803616,83.35249328613281,138808800,AAPL
737592,85.41086152161019,85.83371668323046,83.7729272287711,85.56153106689453,165428800,AAPL
737593,86.30758476368395,86.36833908315948,85.32093520870518,85.44244384765625,114406400,AAPL
737594,85.39870363740545,85.89446096739049,84.86649519851686,85.47647094726562,96820400,AAPL
737595,86.18363170646789,86.65022062248644,83.87739321224763,84.98798370361328,264476000,AAPL
737598,85.38168909015546,87.35498818998958,85.33551521428704,87.21160888671875,135445200,AAPL
737599,88.4582867176972,90.49477263698164,88.03786416864946,89.0731201171875,212155600,AAPL
737600,88.70129930670531,89.62233679250828,87.12654480257098,87.50079345703125,192623200,AAPL
737601,87.65632697012038,88.70129820159251,86.89568177427711,88.66241455078125,137522400,AAPL
737602,88.55792788577938,88.77907450051282,85.78995750703652,85.93820190429688,205256800,AAPL
737605,85.84587048738963,88.01358830044855,85.36712605808324,87.91880798339844,130646000,AAPL
737606,87.50566045318362,88.93946836335702,87.48622233361435,88.65270233154297,140223200,AAPL
737607,88.7304656885215,89.2748220077914,88.43641686423359,88.48501586914062,110737200,AAPL
737608,89.39390551485566,90.03060958463712,88.37080487027472,88.48501586914062,114041600,AAPL
737612,89.91640216330728,91.32104187882804,89.88480872729063,90.85202026367188,118655600,AAPL
737613,91.23112145924068,92.01120488127154,90.45832825923632,90.5701141357422,112424400,AAPL
737614,91.54946038589766,92.71108256542593,91.46197031782752,92.6794891357422,117092000,AAPL
737615,93.57379093641129,93.62725502908616,92.0282047566612,93.07804107666016,125642800,AAPL
737616,92.67222323886368,93.2992120729912,92.05982226682518,93.24088287353516,90257200,AAPL
737619,94.54830981555456,97.1631783276675,92.59688119999984,92.81073760986328,191649200,AAPL
737620,92.19101893190584,94.5385664194736,91.25540846734508,94.34658813476562,170989200,AAPL
737621,96.22512744748764,96.47543496831663,93.7949544622353,94.9954605102539,153198000,AAPL
737622,93.86542173959128,94.68438876337166,93.2262851246984,93.8265380859375,110577600,AAPL
737623,94.27854726393537,94.43407445102358,93.16309153453818,93.63697814941406,92186800,AAPL
737626,93.72446644412312,95.74879688151812,93.379378684577,95.61027526855467,90318000,AAPL
737627,96.40253913610066,96.4778739103337,94.0404105411906,94.29071807861328,103433200,AAPL
737628,93.99177834386008,95.23845801277096,93.9042956943986,94.55558013916016,89001600,AAPL
737629,94.288260077912,94.36602737751308,89.4400704095434,90.25174713134766,197004400,AAPL
737630,88.44613797665554,90.37326313898976,86.65509447529368,90.0281753540039,185438800,AAPL
737633,91.09259075129832,92.2542129817118,90.86901902055509,92.161865234375,121214000,AAPL
737634,91.73172785652534,91.90913313088772,90.64300783304508,90.64787292480467,103625600,AAPL
737635,91.13148218567702,92.57014778095314,91.09503107606254,92.3854522705078,90329200,AAPL
737636,91.55675572597188,93.60782206135195,91.14848849561244,93.50332641601562,158130000,AAPL
737637,100.0113499211596,103.44275329198388,98.00888216184028,103.29208374023438,374336800,AAPL
737640,105.17787905542978,108.519366758299,104.87897253825906,105.89478302001952,308151200,AAPL
737641,106.08431605909598,107.69552155569056,105.36012201007934,106.60194396972656,173071600,AAPL
737642,106.32249256981191,107.30914213352884,105.855896128936,106.98835754394533,121776800,AAPL
737643,107.3212830698956,111.21684951983973,106.73075289757836,110.7210922241211,202428800,AAPL
737644,110.24148657363268,110.69918395823288,107.40523237781792,108.20376586914062,198045600,AAPL
737647,109.65231698977226,110.79656040754556,107.12038216987284,109.77648162841795,212403600,AAPL
737648,109.03881778751952,109.53789844079104,106.2512501776772,106.51174926757812,187902400,AAPL
737649,107.60487346037333,110.30966741081475,107.41011206954046,110.05160522460938,165598000,AAPL
737650,111.43442627597456,113.00471686377212,110.94507845537645,111.9992446899414,210082000,AAPL
737651,111.82395110215056,111.98949901322317,110.08567574687753,111.89942169189452,165565200,AAPL
737654,113.02419710369588,113.04854413558672,110.9791727292724,111.60728454589844,119561600,AAPL
737655,111.35895378278492,112.96332424198891,111.0229840865938,112.53727722167967,105633600,AAPL
737656,112.94626924012051,114.09537909958976,112.58352304816547,112.678466796875,145538000,AAPL
737657,112.71986303729176,115.2931886914799,112.7028193742301,115.17876434326172,126907200,AAPL
737658,116.14041918677736,121.59869363243206,116.1282493861733,121.11421966552734,338054800,AAPL
737661,125.3284249869882,125.41364330957006,120.6930385967988,122.56277465820312,345937600,AAPL
737662,121.43314715380612,121.90301439370454,119.83120611678233,121.55730438232422,211495600,AAPL
737663,122.87682491569296,123.66805506312151,121.8080520118478,123.21035766601562,163022400,AAPL
737664,123.81411631076068,124.1476490247268,120.5907617170358,121.73744201660156,155552400,AAPL
737665,122.7137329822242,123.13247670931096,121.3163008901695,121.540283203125,187630000,AAPL
737668,124.24015512780966,127.57062304557358,122.70151529574252,125.66192626953124,225702700,AAPL
737669,129.2845638815118,131.27116847594937,127.11294564543486,130.66738891601562,151948100,AAPL
737670,133.9881017356659,134.36789154079634,123.6753352230698,127.96014404296876,200119000,AAPL
737671,123.58772784996528,125.46719678609372,117.34552656361724,117.715576171875,257599600,AAPL
737672,116.9267639955814,120.4617338734343,107.98708104487906,117.79346466064452,332607200,AAPL
737676,110.96698542167366,115.87504793239556,109.7302350684399,109.86656951904295,231366600,AAPL
737677,114.19035236329198,116.02113476904712,112.24270866069972,114.248779296875,176940500,AAPL
737678,117.20919386101104,117.3455283202875,109.55495382599456,110.51903533935548,182274400,AAPL
737679,111.57077621713896,112.21350224562671,107.12041037423268,109.06805419921876,180860300,AAPL
737682,111.7168349212526,112.89515837432543,109.84709890131904,112.34008026123048,140150100,AAPL
737683,115.23231354049032,115.71922434822024,110.63587432677252,112.51535034179688,184642000,AAPL
737684,112.21348694471548,112.96332644603498,109.10699308995494,109.19463348388672,154679000,AAPL
737685,106.84773514371666,109.26280918405163,105.86417298963444,107.45149993896484,178011000,AAPL
737686,107.50992424081116,107.97735452695603,103.31274738543308,104.0431137084961,287104900,AAPL
737689,101.80331518421332,107.30540893869026,100.40100964447096,107.1982879638672,195713800,AAPL
737690,109.73022311017552,109.90551130322967,106.30237419337884,108.88299560546876,183055400,AAPL
737691,108.69797818298632,109.17514872406446,103.97493710920855,104.31578063964844,150718700,AAPL
737692,102.41683403022384,107.36385041762158,102.25128611202057,105.38699340820312,167743300,AAPL
737693,105.59150095453244,109.49652855947328,104.85139428601482,109.34071350097656,149981400,AAPL
737696,111.9992555889103,112.30113799176212,109.82762954510332,111.9505615234375,137672400,AAPL
737697,111.55128945340192,112.2913886673386,110.5969408264079,111.10332489013672,99382200,AAPL
737698,110.81118070719012,114.19034345635778,110.6456327885037,112.7782974243164,142675200,AAPL
737699,114.56038244447451,114.6382899624058,112.7977675718812,113.73263549804688,116120400,AAPL
737700,109.93475378900114,112.3498353720859,109.28229489857404,110.06134796142578,144712000,AAPL
737703,110.92804616223222,113.5963158465896,110.57746971556678,113.4502410888672,106243800,AAPL
737704,112.67117062665211,113.0801813977596,109.31148864679248,110.19766998291016,161498200,AAPL
737705,111.6194485995252,112.52510309938262,111.14227060574488,112.0674057006836,96849000,AAPL
737706,113.20676423757683,113.35283896768824,111.59021676910432,111.96027374267578,83477200,AAPL
737707,112.26215985337453,113.93713429847531,111.9115834611595,113.90792083740234,100506900,AAPL
737710,116.91704216927612,121.90301242749467,116.15746235896894,121.1434326171875,240226800,AAPL
737711,121.99064438590798,122.10750566774657,116.5177710390298,117.9298095703125,262330500,AAPL
737712,117.83245040358544,119.8093076802866,116.48857885052384,118.0174789428711,150712000,AAPL
737713,115.61211517826072,118.02718887052616,115.05703709797092,117.55001831054688,112559200,AAPL
737714,118.10509791229572,118.3680339393134,115.69975705683036,115.90425872802734,115393800,AAPL
737717,116.81965398590056,117.26761109070254,112.63222499944558,112.94384765625,120639300,AAPL
737718,113.15809570072342,115.86532667753184,112.60301754486916,114.43380737304688,124423700,AAPL
737719,113.61579330624376,115.60239076917917,113.4015513107795,113.81056213378906,89946000,AAPL
737720,114.37535009937378,114.9499087377022,111.59021957921264,112.71985626220705,101988000,AAPL
737721,113.34312326795688,113.498938328468,111.2883585929103,112.0284652709961,82572600,AAPL
737724,111.02541726060738,113.49892534064216,109.92499395326573,112.03819274902344,111850700,AAPL
737725,112.4666496394636,114.20979111963231,111.54152213134344,113.54759216308594,92276800,AAPL
737726,112.0381825728971,112.40823212114864,108.19158263987536,108.2889633178711,143937800,AAPL
737727,109.42834593101288,113.86897045793135,109.26279059723784,112.30111694335938,146129200,AAPL
737728,108.15263578946612,109.05829026903427,104.90007487274671,106.0102310180664,190272600,AAPL
737731,106.25369543303232,107.78259533653008,104.51055354833466,105.92259216308594,122866900,AAPL
737732,106.78929414309684,108.57138225685796,105.8836396398506,107.5488739013672,107624400,AAPL
737733,111.15201031363652,112.56404883306529,109.4088685466132,111.94080352783205,138235500,AAPL
737734,114.862264633811,116.48855249232687,113.81054286184263,115.91399383544922,126387100,AAPL
737735,115.42135693099902,116.27979571858378,113.28500589887196,115.78229522705078,114457900,AAPL
737738,117.54795729060731,119.0014527698893,113.20697761247202,113.4703598022461,154515300,AAPL
737739,112.71923542912484,114.7092525422394,111.33401722344382,113.12894439697266,138023400,AAPL
737740,114.31904887518712,116.69926800957136,113.58742258565564,116.5626983642578,112295000,AAPL
737741,116.68953299697138,117.57723580292728,115.66525308607233,116.2895736694336,103162300,AAPL
737742,116.5139390128418,116.73830026220504,114.98240146299398,116.33834838867188,81581900,AAPL
737745,116.00668499044508,118.0259736401694,115.25555179677478,117.3528823852539,91183000,AAPL
737746,116.6212556911212,117.71381306126015,116.04570569721824,116.46517181396484,74271000,AAPL
737747,115.7042739942992,116.88463032919714,115.10921727569529,115.13848114013672,76322100,AAPL
737748,114.7092558747369,116.14324474635212,113.94836564306064,115.73353576660156,74113000,AAPL
737749,115.73352541255366,115.86033795899172,114.4165995568946,114.46537017822266,73604300,AAPL
737752,114.30931332180998,114.73853654084122,110.9633414959256,111.0608901977539,127959300,AAPL
737753,111.119406796335,113.01187511139322,109.83173735450882,112.3485336303711,113874200,AAPL
737754,112.71923279937354,113.88983194948229,112.3485373625984,113.18746948242188,76499200,AAPL
737756,113.71424262866908,114.61170248347958,113.37281849287028,113.73374938964844,46691300,AAPL
737759,114.10444599903528,118.00645317380616,113.9483621396502,116.13349151611328,169410200,AAPL
737760,118.0454701527173,120.44520359107318,117.06996839196349,119.7135772705078,127728200,AAPL
737761,119.03072137520432,120.34765470402952,117.92840706667508,120.06475830078124,89004200,AAPL
737762,120.4939775191396,120.7476100677901,119.2160725590913,119.92819213867188,78967600,AAPL
737763,119.59652823225332,119.85016080332304,118.54298442241485,119.2551040649414,78260400,AAPL
737766,119.3136206930221,121.51825680642276,119.25509296764028,120.71834564208984,86712000,AAPL
737767,121.32316659995088,121.9182233181416,120.07451799223874,121.33291625976562,82225500,AAPL
737768,121.47923792024274,122.86444868955574,118.03571775825858,118.7966079711914,115089200,AAPL
737769,117.54796759030177,120.83541135490304,117.20654344679436,120.22084045410156,81312200,AAPL
737770,119.43067771947904,119.75259507824153,117.5967371368866,119.41117095947266,86939800,AAPL
737773,119.596519149209,120.32814549895028,118.56248962317086,118.7966079711914,79184500,AAPL
737774,121.29389959264086,124.76669132932152,121.089045091943,124.74717712402344,157243700,AAPL
737775,124.28869924138644,125.225172719175,123.45951668180211,124.67889404296876,98208600,AAPL
737776,125.74218602149824,126.40553503820574,124.90325381167771,125.54708862304688,94359800,AAPL
737777,125.80070179887694,125.93727143715454,123.03027318848784,123.55704498291016,192541500,AAPL
737780,121.95723262228891,125.16663446004496,120.42569508317622,125.08859252929688,121251600,AAPL
737781,128.38579552066017,131.1172036020604,126.47380539818704,128.64918518066406,168904800,AAPL
737782,128.92232344418136,129.18569821705117,127.57612617627444,127.75172424316406,88223700,AAPL
737783,128.1029291687596,130.19050284332158,127.8883175389933,128.73699951171875,54930100,AAPL
737787,130.70750227088905,133.97542463818004,130.23925065126556,133.3413543701172,124486200,AAPL
737788,134.66805255137436,135.38991449680984,131.04893362298358,131.56594848632812,121047300,AAPL
737789,132.25854107096032,132.65850039720306,130.1319393225058,130.44410705566406,96452100,AAPL
737790,130.79529332577445,131.4391281363561,128.4931083029186,129.43934631347656,99116600,AAPL
737794,130.24899784708666,130.33678943220556,123.65460393221328,126.23968505859376,143301900,AAPL
737795,125.73244719702632,128.51263374073315,125.28370974543606,127.80050659179688,97664900,AAPL
737796,124.59108453530528,127.8395071446875,123.28390832194798,123.49851989746094,155088000,AAPL
737797,125.21539510538167,128.4052897378647,124.72764426980214,127.71267700195312,109578200,AAPL
737798,129.18572887365838,129.38084119094302,127.03962734834684,128.81504821777344,105158200,AAPL
737801,126.0250752376433,126.98106279830375,125.35197663907472,125.8202133178711,100384500,AAPL
737802,125.351984536971,126.51283409054386,123.75216213905772,125.64463806152344,91951100,AAPL
737803,125.60561738338068,128.22971983624072,125.34224259155287,127.68344116210938,88636800,AAPL
737804,127.59564337383038,127.7907407644143,125.60561128893497,125.75194549560548,90221800,AAPL
737805,125.6251291671953,127.0298542364412,123.88873703576,124.02530670166016,111598500,AAPL
737809,124.64962433562889,125.5568487900098,123.83020635972,124.69840240478516,90757300,AAPL
737810,125.50809513853656,129.24426971113488,125.40078931950706,128.7955322265625,104319500,AAPL
737811,130.52213931456455,136.24832991984417,130.31727739424184,133.5169219970703,120150900,AAPL
737812,132.94136689721347,136.42391501700993,131.71224014697756,135.66302490234375,114459400,AAPL
737815,139.5650353578536,141.53553807458803,133.19499556294772,139.418701171875,157611700,AAPL
737816,140.08208578785434,140.7649341749513,137.90670572506042,139.65286254882812,98390600,AAPL
737817,139.91623636383397,140.76493317496252,136.97023121686135,138.57980346679688,140843800,AAPL
737818,136.1020139559467,138.51150456888308,133.35109176240107,133.73153686523438,142621100,AAPL
737819,132.50242137720485,133.39013165524483,127.0201056066314,128.72723388671875,177523800,AAPL
737822,130.47336045084296,132.06343308345475,127.72243834178268,130.8538055419922,106239800,AAPL
737823,132.40484514955168,132.97063793703109,131.31228797923288,131.6829833984375,83305400,AAPL
737824,132.43414304059044,132.44390758674706,130.33681974400568,130.6587371826172,89880900,AAPL
737825,132.96090698056452,134.03395009949696,131.29279224448268,134.02420043945312,84183100,AAPL
737826,134.1853957164029,134.2537751308866,132.72972066845895,133.60897827148438,75693800,AAPL
737829,132.89582490515562,133.8044051649672,131.81139905731575,133.75555419921875,71297200,AAPL
737830,133.47218176230825,134.70316008517767,132.71993379523988,132.87623596191406,76774200,AAPL
737831,133.33542054472144,133.83367940103972,131.30334311535862,132.27053833007812,73046600,AAPL
737832,132.76878860072446,133.2475041169639,130.68787502592983,132.01654052734375,64280000,AAPL
737833,131.25451909060936,132.407324182935,130.60972222173942,132.25100708007812,60145100,AAPL
737837,132.36822526546072,132.87623338492867,129.73042314316442,130.1212158203125,80576300,AAPL
737838,128.22595070048854,129.17360272871937,126.48696376166149,127.8253936767578,97918500,AAPL
737839,126.2231690137212,127.00473962361812,124.4744180042341,126.72142791748048,96856700,AAPL
737840,127.2392241428884,127.6983963491704,125.83239992851124,126.87773895263672,87668800,AAPL
737843,125.06056872899146,126.73117587955426,122.70610042636343,123.09688568115234,103916400,AAPL
737844,120.9085152328345,123.790542905723,115.66223979910612,122.96012878417967,158273000,AAPL
737845,122.0613339874955,122.6670441651076,119.41377438375086,122.46188354492188,111039900,AAPL
737846,121.80731459672973,123.54630136895392,117.76270273555824,118.20233154296876,148199500,AAPL
737847,119.76546069067268,121.97339123226033,118.40748759144724,118.4661102294922,164560400,AAPL
737850,120.89874740077292,124.98243872223236,119.96086710324865,124.84566497802734,116307900,AAPL
737851,125.45139611842704,125.75425123414855,122.12973171486038,122.23719787597656,102260900,AAPL
737852,121.93430383247052,122.81356880845682,119.03273313852024,119.24766540527344,112966300,AAPL
737853,118.94481384384883,120.75218734787954,115.88693342791818,117.36213684082033,178155000,AAPL
737854,118.19254894756573,119.13042905694536,114.86111388754064,118.62240600585938,153766600,AAPL
737857,118.1437131191071,118.212099986244,113.53246306756203,113.67900848388672,154376600,AAPL
737858,116.28748419318424,119.24767018634864,116.05301600805684,118.30001831054688,129525800,AAPL
737859,118.88621431520568,119.35515074210788,116.6978194776284,117.21561431884766,111943300,AAPL
737860,119.71661693138805,120.37117800154545,118.466109975383,119.14997863769533,103026500,AAPL
737861,117.62592748855695,118.37818303802467,116.41449977293216,118.2414093017578,88105100,AAPL
737864,118.61267426397926,121.14299617078105,117.64547884730646,121.13322448730467,92403800,AAPL
737865,122.80382091460702,124.28880370694225,121.84640466366358,122.67681884765624,115227900,AAPL
737866,121.19184236079936,122.96013686622555,119.52123487184645,121.88548278808594,111932600,AAPL
737867,120.04878306750058,120.34187390478134,117.54776908284732,117.7529296875,121229700,AAPL
737868,117.13744191051596,118.63218870661474,116.9225096345994,117.2253646850586,185549500,AAPL
737871,117.55754889553958,121.01598672803996,117.48916202259224,120.54704284667967,111912300,AAPL
737872,120.48841264153351,121.37744187905922,119.32582849269843,119.71661376953124,95467100,AAPL
737873,119.9901539097823,120.0683124511043,117.3035155441106,117.32305145263672,88530500,AAPL
737874,116.7857432897759,118.85690017985242,116.25818424833348,117.8115463256836,98844700,AAPL
737875,117.57706588103078,118.68103480697056,116.180013598328,118.41725158691406,94071200,AAPL
737878,118.84713597082144,119.755708690392,117.94833493419104,118.59312438964844,80819200,AAPL
737879,117.34261178230456,117.6259309453577,116.1214123485978,117.137451171875,85671900,AAPL
737880,118.84712966548535,120.67403923703132,118.35864989493558,119.33560943603516,118323800,AAPL
737881,120.8108201276386,121.31883580815018,119.66777180267046,120.16602325439452,75089100,AAPL
737885,121.01597988601443,123.25321810824464,120.23440927913929,122.99920654296876,88651200,AAPL
737886,123.58536685624392,124.20084860867148,122.75495283844548,123.3020477294922,80171300,AAPL
737887,122.9308040653247,124.97264564977796,122.25669968882636,124.95310974121094,83466700,AAPL
737888,125.9789363401719,127.38576053706136,125.55885087130036,127.35645294189452,88844600,AAPL
737889,126.80935551775303,129.97469499267643,126.48695706989602,129.9356231689453,106686700,AAPL
737892,129.4666628353656,129.7890612236751,127.62021018029644,128.21615600585938,91420000,AAPL
737893,129.38851701920058,131.5573682758643,128.89025813953373,131.33265686035156,91266500,AAPL
737894,131.8309633063369,131.88957851163067,128.62653622100265,128.98800659179688,87222800,AAPL
737895,130.7367214787142,131.88952648063574,130.56086102498654,131.4010467529297,89347100,AAPL
737896,131.20569771923246,131.5671680572829,130.20919459783448,131.0689239501953,84922400,AAPL
737899,130.43385740885776,132.34870458701317,130.2677760828126,131.73321533203125,94264200,AAPL
737900,131.90907172571517,132.40731568848526,128.7730252699242,130.04307556152344,94812300,AAPL
737901,129.31038459657415,130.66835796341914,128.27480971487938,130.4241180419922,68847100,AAPL
737902,129.97468618567086,131.05911183417535,128.38225232698375,128.90003967285156,84566500,AAPL
737903,129.11496841390496,132.0067601257526,129.11496841390496,131.22520446777344,78657500,AAPL
737906,131.72343292327406,131.94812940312053,130.48269035616056,131.615966796875,66905100,AAPL
737907,131.89928918661894,132.29008190860543,131.020031649781,131.2935791015625,66015800,AAPL
737908,131.215434597292,131.9090824360274,130.0137785264441,130.50225830078125,107760100,AAPL
737909,133.32565508852434,133.91183671153877,129.39827399165063,130.404541015625,151101000,AAPL
737910,128.74372586570195,130.4827126391567,128.05009294639484,128.4311065673828,109839500,AAPL
737913,128.99771110163604,130.9809523749812,128.7925579780875,129.48619079589844,75135100,AAPL
737914,128.16734616770614,128.46043706084174,123.78079172279496,124.904296875,137564700,AAPL
737915,126.22317565406054,127.44437513776316,125.02151953611882,125.14852905273438,84000900,AAPL
737916,124.94335888284245,126.76050428037594,124.20086752220476,126.75074005126952,78128300,AAPL
737917,128.0523104766034,128.45353294404637,126.71159220501283,127.42599487304688,78973300,AAPL
737920,126.64306372406848,126.77027401518052,124.09864884629576,124.1377944946289,88071200,AAPL
737921,120.85943560539133,123.5702067058758,120.1450405146299,123.21791076660156,126142800,AAPL
737922,120.76156945349976,121.9750547557377,119.6361562653165,120.14503479003906,112172300,AAPL
737923,121.91635098532696,123.45278244324764,121.6031932189441,122.29801177978516,105861300,AAPL
737924,123.55064345219544,125.15557794607484,123.15919437572654,124.72498321533205,81918000,AAPL
737927,124.108441409408,124.2160900794732,122.49371882469936,123.57019805908205,74244600,AAPL
737928,123.85400225833864,124.27480867265348,122.11206185786726,122.1805648803711,63342900,AAPL
737929,120.52671624181264,122.24908025776814,120.2331275635426,122.02400207519533,92612000,AAPL
737930,122.55247534686862,124.989234858434,122.42525008320364,124.58799743652344,76857100,AAPL
737931,125.087075294154,125.26322700578169,122.53287920868762,122.74817657470705,79295400,AAPL
737934,123.3157856512933,125.20452067157116,123.24728261807164,124.38247680664062,63092900,AAPL
737935,125.0870800054452,125.57639697063634,123.619151508683,124.18675231933594,72009500,AAPL
737936,124.24544316097789,124.66624954772314,123.71698810788364,124.1377944946289,56575900,AAPL
737937,123.73657324672143,124.91091291308472,122.40565097616602,122.60137176513672,94625600,AAPL
737938,122.88517484618892,123.11026047811283,121.88698685438862,121.9457015991211,71311100,AAPL
737942,122.40565507263037,122.66987889321037,121.29003011236856,121.6227569580078,67637100,AAPL
737943,121.62277149311544,122.56224486317689,121.3976932979945,122.38609313964844,59278900,AAPL
737944,122.01420743170851,122.18057085645934,120.49734511687012,120.8985824584961,76229200,AAPL
737945,121.4172626643808,123.46258031804118,121.20196528333544,123.19834899902344,75169300,AAPL
737948,123.47235371969634,123.61914805852967,122.16100788299764,123.2081298828125,71057600,AAPL
737949,123.89317580890535,125.71341538734409,123.51151495954164,124.03018188476562,74403800,AAPL
737950,124.49011839698218,125.01857353724075,123.81486891782896,124.41182708740234,56877900,AAPL
737951,124.30418229225444,125.4491721984384,123.24727944494148,123.41364288330078,71186400,AAPL
737952,123.82465373659475,124.71520055906232,123.40384729220447,124.62712097167967,53522400,AAPL
737955,125.0870781916131,127.7489155554766,124.3531139538749,127.69020080566406,96906500,AAPL
737956,127.1617756843721,127.80766791197816,126.62353216136704,126.8681869506836,62746300,AAPL
737957,127.5825611802408,128.09144726898842,125.71341013746348,127.36726379394533,91815000,AAPL
737958,127.02474109836618,129.71594317700723,126.87793929818906,128.97218322753906,96721700,AAPL
737959,127.91528613971695,128.69816933296693,127.45533405078574,127.6706314086914,108953300,AAPL
737962,127.5140752227446,129.5789621778242,126.44738395822412,129.4713134765625,79663300,AAPL
737963,129.30493548234813,131.21323957880873,128.80583022689916,131.11537170410156,74783600,AAPL
737964,130.90984959941682,131.44809296104657,130.38138705071168,130.84133911132812,60214200,AAPL
737965,131.57532865567404,131.76126866490313,130.087823514383,130.5575714111328,68711000,AAPL
737966,130.60646907956024,131.02726798776249,129.9703579124024,130.26394653320312,70783700,AAPL
737969,130.5575512774318,132.35820647299622,130.4988365325281,131.89825439453125,62111300,AAPL
737970,131.9178598211711,133.57172851639115,131.47748420548675,133.41514587402344,64556100,AAPL
737971,133.25854463136542,134.4720375415212,132.96495595104088,134.0316619873047,63261400,AAPL
737972,133.67934909478365,134.39373671805686,132.85729786155665,134.33502197265625,52485800,AAPL
737973,134.9515464691478,137.00665222554704,134.8047596004936,136.96751403808594,78852600,AAPL
737977,137.07515561633554,140.08928866847637,137.07515561633554,138.98345947265625,108181800,AAPL
737978,140.47095165667832,141.79209315711816,139.60977717070656,141.47894287109375,104911600,AAPL
737979,138.55287238610808,140.97984319492215,137.66232556002743,140.17738342285156,105575500,AAPL
737980,139.69784411639665,142.53583287499265,139.59997625608412,142.00738525390625,99890800,AAPL
737983,143.08390667456425,143.1915553739894,140.92115187067475,141.41046142578125,76299700,AAPL
737984,140.95050000905363,144.30717110195238,140.55905836364727,142.5260772705078,100827100,AAPL
737985,144.93347581872183,146.37204690308326,144.52244270958388,145.9610137939453,127050800,AAPL
737986,146.0491189549383,146.79286409061552,143.9450789434474,145.30535888671875,106820300,AAPL
737987,145.28577338362382,146.55796605066817,142.76093474422927,143.26002502441406,93251400,AAPL
737990,140.6765047742497,140.98967007423758,138.64097512195883,139.404296875,121434600,AAPL
737991,140.39271911643775,143.95489246077733,139.9034095090694,143.0251922607422,96350000,AAPL
737992,142.4184239807626,143.00560136245917,141.53767284075886,142.29119873046875,74993500,AAPL
737993,142.81964204688137,145.03131534477524,142.69241681379228,143.6612548828125,77338200,AAPL
737994,144.39522150375126,145.540203823437,143.77868681909763,145.3836212158203,71447400,AAPL
737997,145.09986688786083,146.62651038671302,144.54204679960304,145.80447387695312,72434100,AAPL
737998,145.93162687440997,146.01971391284306,142.43796561437924,143.6318817138672,104818600,AAPL
737999,141.71383977988606,143.82766077330388,139.49237008034393,141.8802032470703,118931200,AAPL
738000,141.59639216326153,143.41662418623008,141.48874347089355,142.5260772705078,56699500,AAPL
738001,141.29301163126834,143.2013156357775,141.02878032832388,142.74136352539062,70440600,AAPL
738004,143.23069737931422,143.80807908589327,142.14442954077148,142.40866088867188,62880000,AAPL
738005,142.6924422849986,144.87475860058453,142.07590750079174,144.2093048095703,64786600,AAPL
738006,144.12122494137196,144.63009607216787,143.15238675142038,143.8080596923828,56368300,AAPL
738007,143.8374191358459,144.67903208892778,143.04474012018966,143.91571044921875,46397700,AAPL
738008,143.43546923928326,144.1803285775889,142.729806727241,143.22964477539062,54126800,AAPL
738011,143.28844350778914,143.7784860744744,142.62199279545507,143.18063354492188,48908700,AAPL
738012,143.52364620822885,144.76835831451658,142.40634993433017,142.70037841796875,69023100,AAPL
738013,143.14147985471118,143.79813529735975,142.631831244403,142.95526123046875,48493500,AAPL
738014,143.27865400221475,146.08169819848888,142.93561820929602,145.9248809814453,72282600,AAPL
738015,146.0032909277299,146.4639321601955,145.31723429051934,146.13070678710938,59375000,AAPL
738018,145.58185197110114,148.17908677655805,143.55308334263998,148.1104736328125,103296000,AAPL
738019,147.23821721938666,148.65933797891813,146.12092052407525,147.1990203857422,92229700,AAPL
738020,146.81674649893367,147.7184229688791,143.239427019952,143.44525146484375,86326000,AAPL
738021,142.1417779274818,145.05263263003178,141.62233388540264,143.7785186767578,86960300,AAPL
738022,144.50375147276918,145.54263929990177,143.85689170892408,145.2388153076172,60549600,AAPL
738025,145.3564331528218,147.19899810848202,144.9447991647322,146.7285614013672,60131800,AAPL
738026,146.47372240240912,147.85564605050203,146.17969386697683,146.6403350830078,48606400,AAPL
738027,146.8265310214013,147.3263839410602,144.8565655610163,145.40541076660156,58991300,AAPL
738028,145.3956577646763,146.1503126653055,144.57237476094,144.60177612304688,48597200,AAPL
738029,144.54296515231704,145.7876775785145,143.90591573646046,145.6406707763672,55802400,AAPL
738032,146.0327166106354,150.43330519965164,145.65048392374376,150.07066345214844,90956700,AAPL
738033,149.61980794744622,149.7570192751645,148.27708107451022,148.80633544921875,86453100,AAPL
738034,149.7864127413778,151.89358979635324,149.30616564221367,149.4727783203125,80313700,AAPL
738035,150.80570783515978,151.6387862531272,149.3649813670927,150.590087890625,71115500,AAPL
738036,150.69787277040314,151.55055693814364,150.04121757771816,151.2271270751953,57808700,AAPL
738040,151.8838169424037,154.12820565202878,151.31536568577172,153.56956481933594,82278300,AAPL
738041,153.85373494980078,153.9125376554241,150.91348002935533,152.02098083496094,74420200,AAPL
738042,152.3934279437582,153.0010758817522,150.88408861047455,151.001708984375,57305700,AAPL
738043,151.9131926811076,152.38362934848664,145.73865347147373,146.00328063964844,140893200,AAPL
738046,147.63024065247,148.4045013917985,145.78767566355324,146.57174682617188,102404300,AAPL
738047,147.3557970181365,148.06145946857694,143.98430196712366,145.17019653320312,109296300,AAPL
738048,145.60144679799546,146.46392651146115,143.45505793692854,146.0620880126953,83281300,AAPL
738049,145.48382247833294,146.00326634152876,144.2881175598681,145.82684326171875,68034100,AAPL
738050,145.85630544788768,145.85630544788768,142.85723178708423,143.15126037597656,129868800,AAPL
738053,140.93624232616293,141.95552426414204,138.4566281851567,140.09336853027344,123478900,AAPL
738054,141.06366629417695,141.7203365880152,139.93657421115685,140.57362365722656,75834000,AAPL
738055,141.57329118423013,143.51385551514431,140.83822735154473,142.94541931152344,76404300,AAPL
738056,143.72949119090302,144.1509356110608,142.73961050481446,143.90591430664062,64838200,AAPL
738057,142.75920818791974,144.5331599371337,142.66119368982206,143.99411010742188,53477900,AAPL
738060,142.57300535364445,143.05325251947903,140.9558706409002,142.47499084472656,74150700,AAPL
738061,140.39723419267557,141.86736229940516,138.86830335446342,139.08392333984375,108972300,AAPL
738062,139.63271870945067,141.5732829271844,139.20147889330738,139.9855499267578,74602000,AAPL
738063,140.79902469310844,141.50468713963937,138.46641744180278,138.68203735351562,89056700,AAPL
738064,139.07409436984747,140.0737855364966,136.3396630361158,139.8091583251953,94639600,AAPL
738067,138.93685186934948,139.37790210757225,135.5163646020799,136.36903381347656,98322000,AAPL
738068,136.71208674487298,139.40732098204438,136.5846708862709,138.29981994628906,80861100,AAPL
738069,136.69250441148458,139.31912596056787,135.61440454885152,139.172119140625,83221100,AAPL
738070,140.2109859591421,141.3478883774017,139.87776058117706,140.4364013671875,61732700,AAPL
738071,141.1616697596059,141.308676557224,139.72094332329533,140.05416870117188,58773200,AAPL
738074,139.43671824165966,141.9261279382809,138.9858724932619,139.96595764160156,64452200,AAPL
738075,140.37759646472705,140.3972023557475,138.2312075228374,138.6918487548828,73035900,AAPL
738076,138.42723544419957,138.58403770640166,136.4278533132654,138.1038055419922,78762700,AAPL
738077,139.27991428350313,141.0146693485301,138.69185715657107,140.8970489501953,69907100,AAPL
738078,140.90685250780268,142.014338607517,140.65202078625612,141.95553588867188,67940300,AAPL
738081,140.5932000333711,143.91568781616144,140.30898194377212,143.6314697265625,85589200,AAPL
738082,144.08230590025846,146.1992933162076,143.63147512671546,145.79745483398438,76378900,AAPL
738083,145.7386912078859,146.76778383510856,145.17023989994465,146.28753662109375,58418800,AAPL
738084,145.8464575874455,146.6599299941147,144.92517522435247,146.50311279296875,61421000,AAPL
738085,146.70893638746674,147.1891685001861,145.67984407392174,145.72885131835938,58883400,AAPL
738088,145.71906743521066,146.3953286488428,144.68017946553806,145.67987060546875,50720600,AAPL
738089,146.35612420354883,147.83604746665293,146.042489762277,146.34632873535156,60893400,AAPL
738090,146.38551919710656,146.74814591850827,145.53284989871335,145.88568115234375,56094900,AAPL
738091,146.83636674569945,150.1196430787896,146.73835224713616,149.53160095214844,100077900,AAPL
738092,144.2881357422398,146.95396852377547,143.4942691703326,146.81675720214844,124953200,AAPL
738095,146.02288585396352,146.71873790698544,144.85658218082636,145.9934844970703,74588300,AAPL
738096,145.69946274130425,148.55151413172558,145.6896523186095,147.03237915039062,69122000,AAPL
738097,147.39501429949382,148.94355072762525,146.83637350572047,148.47311401367188,54511500,AAPL
738098,148.56133770070423,149.3944012671414,147.6400550878904,147.9536895751953,60394600,AAPL
738099,149.08239818789303,149.38666561598745,147.28622291132336,148.48367309570312,65463900,AAPL
738102,148.61128154130913,148.76832763273148,147.38438703345884,147.65921020507812,55020900,AAPL
738103,147.42364425293005,148.63090428124968,147.28623266415173,148.02236938476562,56787900,AAPL
738104,147.2469643655917,147.35493167322633,145.11707745747125,145.18577575683594,65187100,AAPL
738105,146.20656685181973,146.6678653941325,144.95021313541474,145.13670349121094,41000000,AAPL
738106,145.6863372900918,147.61992400748895,144.75390056803062,147.21751403808594,63804000,AAPL
738109,147.59049667940786,149.07259482755015,146.66786961475387,147.2273406982422,59222800,AAPL
738110,147.16845811789992,148.6898103620709,146.5795427405627,148.2088623046875,59256200,AAPL
738111,148.20886785237,152.13493057693609,148.19905808718525,150.65284729003906,88807000,AAPL
738112,150.86876512432602,155.73707397326015,150.2209612525499,154.9518585205078,137827700,AAPL
738113,154.7359321301873,158.04364996719235,153.63663942388337,157.58233642578125,117305600,AAPL
738116,158.69145966859546,162.63715718696486,158.02403614576,158.04367065429688,117467900,AAPL
738117,158.14178946554065,158.8092278647629,156.11986971576832,158.4264373779297,96041900,AAPL
738118,157.77863404441763,159.1429401409732,156.68915112006468,158.94664001464844,69463600,AAPL
738120,156.62043026238874,157.48415368919132,153.46975902346642,153.91143798828125,76959800,AAPL
738123,156.42410182794367,158.21046701420008,155.85482110847963,157.2780303955078,88748200,AAPL
738124,157.03267696276697,162.46045671211468,156.96396368598957,162.24452209472656,174048100,AAPL
738125,164.38420267038478,167.1520834163963,161.48873510059954,161.72430419921875,152052500,AAPL
738126,155.80581858979062,161.1648863024873,154.88319137049135,160.73301696777344,136739200,AAPL
738127,160.98816107993892,161.9107879578243,156.7676418389402,158.84844970703125,118023100,AAPL
738130,161.25320051090569,164.77685309775336,161.24339074597364,162.26417541503906,107497000,AAPL
738131,165.95466478279718,168.40845386171824,165.22833782381016,168.01583862304688,120405400,AAPL
738132,168.94826702497062,172.70747316976616,167.54469207856835,171.84373474121094,116998900,AAPL
738133,171.67689521138408,173.4828803001478,170.70518938695935,171.33335876464844,108923700,AAPL
738134,171.971348678727,176.3096456774387,171.4609563916024,176.13296508789062,115402700,AAPL
738137,177.77213723694808,178.76347778192311,172.28546749907315,172.49159240722656,153237000,AAPL
738138,172.01059747528444,174.4545765485848,169.02679683922992,171.10760498046875,139380400,AAPL
738139,171.87319557243478,176.18204841367742,169.12494892495155,175.98574829101562,131063300,AAPL
738140,175.96611019421348,177.7917297535116,167.59378358012162,169.07586669921875,150185800,AAPL
738141,166.78895245401213,170.26352635111277,166.55339827572786,167.97659301757812,195432700,AAPL
738144,165.16942990386642,167.42691858696432,164.3645949683115,166.6122589111328,107499100,AAPL
738145,168.38881382109983,169.99849880489631,165.9939133625086,169.79238891601562,91185900,AAPL
738146,169.84145550872807,172.6093367331489,168.9679072100419,172.39340209960938,92135300,AAPL
738147,172.59953139110942,173.58104703171455,172.03025052234963,173.02157592773438,68356600,AAPL
738151,173.8165882709296,177.08503690822866,173.7969687428298,176.9967041015625,74919600,AAPL
738152,176.8298657019043,177.97823723210308,175.22999037629228,175.97593688964844,79144300,AAPL
738153,176.0151912450478,177.29116449792193,174.84718530534158,176.06427001953125,62348900,AAPL
738154,176.1526111960713,177.23228437904302,174.79811483502314,174.9060821533203,59773000,AAPL
738155,174.79812762549122,175.91705492574604,173.983467796318,174.28775024414062,64062300,AAPL
738158,174.54290230186947,179.49955854778523,174.42512523500616,178.6456298828125,104487900,AAPL
738159,179.25422104484065,179.55848852228598,175.8090912765935,176.3783721923828,99310400,AAPL
738160,176.29001709220518,176.83966343060845,171.41188337376713,171.68670654296875,94537600,AAPL
738161,169.50776725909728,172.05971420324832,168.46736295896767,168.82070922851562,96904000,AAPL
738162,169.69425662173555,170.92115130347543,167.86863673623697,168.98756408691406,86709100,AAPL
738165,165.95465755063788,169.31143906710747,165.06147477041716,169.00717163085938,106765600,AAPL
738166,169.13475736538487,171.94187730471353,167.66248412220455,171.84373474121094,76138300,AAPL
738167,172.86452151388104,173.90492564658769,171.58856322387598,172.28543090820312,74805200,AAPL
738168,172.53080900021536,173.35527850038557,168.61455640929785,169.00717163085938,84505800,AAPL
738169,168.17289299389805,170.56779364905069,167.92751407393143,169.8709259033203,80440800,AAPL
738173,168.33974508224512,169.3507050116675,166.2785711868531,166.66136169433594,90956700,AAPL
738174,166.85768257513803,167.91772141458915,162.87273090521057,163.15736389160156,94815000,AAPL
738175,163.8934762825247,166.54356549753263,161.14522951347425,161.46913146972656,91420500,AAPL
738176,161.38078458519854,163.25548287606637,159.2999764162496,159.40794372558594,122848900,AAPL
738179,157.06213706108227,159.2999915243486,151.8404666623007,158.63255310058594,162294600,AAPL
738180,156.04132272716996,159.7514499461909,154.11756082376365,156.8265380859375,115798400,AAPL
738181,160.47780767829823,161.3513560017588,154.90280601323298,156.7382354736328,108275300,AAPL
738182,159.44720772831658,160.81151382611307,155.35428943492713,156.27691650390625,121954600,AAPL
738183,162.64696676990783,167.2011988377615,159.79075260205332,167.1815643310547,179935700,AAPL
738186,167.0146888598467,171.76522050687674,166.37669476906368,171.54928588867188,115541600,AAPL
738187,170.79351570873365,171.60817541361024,169.12494226668923,171.38243103027344,86213900,AAPL
738188,171.51985796847407,172.62897543344508,170.1261075578704,172.58970642089844,84914300,AAPL
738189,171.2548523641826,172.98232955327137,168.9384747506924,169.7040557861328,89418100,AAPL
738190,168.72123598748786,171.09954256980902,167.73847012550348,169.41900634765625,82465400,AAPL
738193,169.8809152098163,170.95212644898317,168.00382872926806,168.70159912109375,77251200,AAPL
738194,168.7704203940124,172.32804392038554,168.4755875609354,171.81700134277344,74829200,AAPL
738195,173.01598763252147,173.60563833840823,171.8857975368838,173.2420196533203,71285000,AAPL
738196,171.13890900487118,172.4558121410886,168.59354809326686,169.15371704101562,90865900,AAPL
738197,169.3600823732159,170.09715694195197,165.14400744238606,165.73367309570312,98670700,AAPL
738200,164.48555705147456,166.65747672658372,163.68951891129095,165.96954345703125,86185500,AAPL
738201,168.02350743268553,169.969379951066,167.3159146994891,169.8121337890625,62527400,AAPL
738202,168.88834547600229,170.3526572392932,167.1193636519341,169.57627868652344,61177400,AAPL
738203,168.0824845697611,168.94732353481027,165.56660575778602,165.96954345703125,69589300,AAPL
738204,166.893337952625,167.6009157130797,163.32589238939244,164.41676330566406,82772700,AAPL
738208,162.1367428748668,163.81727946148703,159.35551308277192,161.48812866210938,91162800,AAPL
738209,162.68710319648025,163.2865911526906,156.99689373984543,157.31138610839844,90009200,AAPL
738210,149.95047069736393,160.04348391166852,149.38046449387545,159.9353790283203,141147500,AAPL
738211,161.016429626563,162.27436931147176,158.09761246815737,162.009033203125,91974200,AAPL
738214,160.24982688187194,162.56915531871957,159.63067948265063,162.27432250976562,95056600,AAPL
738215,161.86158516779412,163.72884988791748,159.1786377230553,160.38743591308594,83474400,AAPL
738216,161.5569286485252,164.4757453471119,160.14174297698963,163.6895294189453,79724800,AAPL
738217,165.56662077426105,165.99904029600498,162.6969453068408,163.36521911621094,76678400,AAPL
738218,161.65519910712737,162.69692876038988,159.30638875818744,160.35794067382812,83737200,AAPL
738221,160.54468531235605,162.17608078588069,156.2991281758325,156.55465698242188,96418800,AAPL
738222,156.08290647641851,160.0729341178279,153.1149488975309,154.7266845703125,131148300,AAPL
738223,158.69705635061237,160.5938026105418,156.66273844037977,160.1417236328125,91454900,AAPL
738224,157.43911036241218,157.6258383019349,153.29183663849042,155.78807067871094,105342000,AAPL
738225,156.1909993742422,156.5349734862068,151.83735301963387,152.06338500976562,96970100,AAPL
738228,148.83991330847238,151.4638968278343,147.51318815597864,148.0242156982422,108732100,AAPL
738229,148.29938335493543,152.88891376980982,147.78835583208624,152.41717529296875,92964300,AAPL
738230,154.34342597712845,157.24258310394316,151.79806526213048,156.8396453857422,102300200,AAPL
738231,155.87651344487975,158.2253235486575,154.91340697863026,157.85186767578125,75615400,AAPL
738232,157.7437919035887,161.64537478221072,157.00671727910074,161.15399169921875,123511700,AAPL
738235,160.6920786569655,163.48314576119236,160.20069560988745,162.5298614501953,95811400,AAPL
738236,162.6576000843649,166.5002188572966,162.067949464373,165.9105682373047,81532000,AAPL
738237,165.09488461775757,169.66474104201137,164.76073274272346,167.27662658691406,98062700,AAPL
738238,168.11197837145693,171.13889996970468,167.27663612578863,171.0701141357422,90131400,AAPL
738239,170.8833729038462,172.25923943454524,169.77284242104022,171.70889282226562,80546200,AAPL
738242,169.202835000459,172.701479862601,169.03576656556126,172.57373046875,90371900,AAPL
738243,173.6449558432296,175.92496554492044,173.3009816876461,175.87583923339844,100589400,AAPL
738244,175.4728856845117,176.51461532464543,173.6547624474948,174.70632934570312,92633200,AAPL
738245,174.77513005413485,174.96185802360853,171.3944120690703,171.60079956054688,103049300,AAPL
738246,171.0307806751932,171.86613784627107,168.97680315531144,171.3059539794922,78751300,AAPL
738249,171.56149171892602,175.4139331761271,171.4337273224645,175.3647918701172,76468400,AAPL
738250,174.44099692209318,175.22721286513178,171.4140752886788,172.0430450439453,73401800,AAPL
738251,169.38954763944744,170.63766465296877,167.19798366759716,168.86868286132812,89058800,AAPL
738252,168.21024852764788,170.37233093887772,166.9228273416991,169.17335510253906,77594700,AAPL
738253,168.8195531941642,168.8195531941642,166.28401495074868,167.15867614746094,76575500,AAPL
738256,165.80245706854532,166.1169343880837,162.6477716368248,162.89346313476562,72246700,AAPL
738257,165.12436524547022,166.94247354315863,163.76814322121325,164.77056884765625,79265200,AAPL
738258,164.50524262204976,168.09233345005353,163.8959323433634,167.46336364746094,70618900,AAPL
738259,167.67955149726123,168.3183584761883,162.19571471867903,162.44140625,75329400,AAPL
738263,161.09502962767093,163.72885077484435,160.7510704638688,162.2252197265625,69023900,AAPL
738264,162.17607195952326,164.92782013945308,161.08520094874402,164.51504516601562,67723800,AAPL
738265,165.85160767261976,165.96954980606952,163.23746114831818,164.3479766845703,67929800,AAPL
738266,165.9990185433864,168.57386081804293,163.05072036783037,163.5519256591797,87227800,AAPL
738267,163.59123952892807,164.97692823082195,158.71671343457257,159.001708984375,84882400,AAPL
738270,158.34325918812343,160.35793256447772,155.72911292478716,160.07293701171875,96046400,AAPL
738271,159.45377338752408,159.54221872291836,154.01907895185514,154.0977020263672,95623200,AAPL
738272,153.22305964573388,157.0361817522216,152.70219483485,153.87168884277344,88063200,AAPL
738273,156.50548217036973,161.68466307901278,156.19098985906734,160.81982421875,130216800,AAPL
738274,159.05083612128337,163.335696219265,154.53994405594406,154.93304443359375,131747600,AAPL
738277,154.00928950852122,155.50308325510557,150.6285715632027,155.2377471923828,123055300,AAPL
738278,155.42445612408045,157.94034999172632,153.62600731797474,156.73153686523438,88966500,AAPL
738279,156.91830215700514,163.6109386375116,156.5153643523195,163.15887451171875,108256500,AAPL
738280,161.02620676532553,161.25223873479916,152.2795808204663,154.06822204589844,130525300,AAPL
738281,153.54661873975235,156.92246733373918,151.7455123790077,154.79656982421875,116124600,AAPL
738284,152.48364388073944,153.36944186699063,149.0979741892278,149.65896606445312,131577900,AAPL
738285,153.06434369573583,154.2650810994448,150.5152283773258,152.07028198242188,115366700,AAPL
738286,151.07625368918983,152.99546042303857,143.5076754500473,144.18678283691406,142689800,AAPL
738287,140.51569649014897,143.8915303163757,136.60838073824038,140.3090057373047,182602000,AAPL
738288,142.3069113841073,145.7614978791984,140.8502848803236,144.78712463378906,113990900,AAPL
738291,143.251795072628,145.1906903336651,141.90341691040302,143.241943359375,86643800,AAPL
738292,146.50952499662762,147.40515984638031,144.3639390388605,146.88352966308594,78336300,AAPL
738293,144.5312514480339,145.0331931657119,137.69097960525806,138.59646606445312,109742900,AAPL
738294,137.67130943156462,139.4232021551722,134.4431016025898,135.18125915527344,136095600,AAPL
738295,136.89376494741566,138.47834364409812,130.51608836864122,135.41744995117188,137426100,AAPL
738298,135.6142768341469,140.99790624101624,135.47648804751876,140.85028076171875,117726300,AAPL
738299,138.58659874320531,139.72828587372672,135.16155236949282,138.14370727539062,104132700,AAPL
738300,136.24418292623076,139.5511291229351,136.15560763062282,138.3011932373047,92482700,AAPL
738301,135.220559904556,142.06081380113673,134.9745074980758,141.50965881347656,90601500,AAPL
738302,143.09426880216094,147.31652243048762,142.9663167165645,147.27716064453125,90978500,AAPL
738306,146.71620151537235,148.28109191355486,144.5214022588055,146.4898223876953,103718400,AAPL
738307,147.53305935939102,149.3440170056093,145.34811215987284,146.3618621826172,74286600,AAPL
738308,145.49576829817823,148.8814531521364,144.5410833823405,148.82240295410156,72348100,AAPL
738309,144.58046123211946,145.63357327354203,142.17900114416437,143.08447265625,88570300,AAPL
738312,144.70842020614944,146.22411227912656,142.61204773670627,143.8324737548828,71598400,AAPL
738313,142.07070637844697,146.64727644838695,141.82465390118458,146.3618621826172,67808200,AAPL
738314,146.23389301077597,147.50351703732204,145.1315828470864,145.62368774414062,53950200,AAPL
738315,144.75762100742102,145.61387897508678,140.27946212008615,140.38772583007812,69473000,AAPL
738316,138.06499277205677,138.53740941897706,134.89583502233484,134.96473693847656,91437900,AAPL
738319,130.7719502456552,133.06516086295247,129.36453745178866,129.79759216308594,122207100,AAPL
738320,131.02792535656644,131.77591979704405,129.40396930980503,130.66375732421875,84784300,AAPL
738321,132.16953578167917,135.17137886483886,130.0731789874158,133.29153442382812,91533000,AAPL
738322,129.99447151756362,130.29957424502024,127.00246441029934,128.00636291503906,108123900,AAPL
738323,128.0162178037558,130.97868486516475,127.76031356055556,129.48268127441406,134520300,AAPL
738327,131.31328286822668,134.8958062983936,131.21487088907804,133.72459411621094,81000500,AAPL
738328,132.66164417884966,135.5847487472672,131.79554968965817,133.2128143310547,73409200,AAPL
738329,134.65964445396372,136.40168566511255,133.48843193327303,136.0867462158203,72433800,AAPL
738330,137.69096810591373,139.66923974712645,137.56303102259437,139.42318725585938,89116800,AAPL
738333,140.44675901167545,141.22429329407663,138.74407997710588,139.42318725585938,70207900,AAPL
738334,139.88579990473832,141.15542444919123,135.1517512668135,135.2698516845703,67083400,AAPL
738335,135.28951427489562,138.4488199898158,134.51197995876558,137.03155517578125,66242400,AAPL
738336,135.0828178246583,136.18512818079344,131.65777134820112,134.56118774414062,98964500,AAPL
738337,133.89194605156405,136.84457658654097,133.51795639594204,136.73631286621094,71051600,AAPL
738341,135.59461869744254,139.3739815709903,134.76787086684834,139.32476806640625,73353800,AAPL
738342,139.11806739782315,141.8443178517002,138.8523265350572,140.66326904296875,74064300,AAPL
738343,141.0274435938611,144.23597778940012,141.0176069003368,144.0391387939453,66253700,AAPL
738344,142.96633860975416,145.22018791054785,142.7104494172261,144.71823120117188,64547800,AAPL
738347,143.36987531125314,144.3245602553875,141.50971892875648,142.58250427246094,63141600,AAPL
738348,143.45845774918337,146.10598530220875,142.75967699315206,143.556884765625,77588800,AAPL
738349,140.73219350243247,144.13755169717774,139.8759205891,143.19271850585938,71185600,AAPL
738350,141.80498974783282,146.5980880188513,140.9880935814835,146.12567138671875,78140700,AAPL
738351,147.41498678876548,148.47793549322745,145.85993303693337,147.798828125,76259900,AAPL
738354,148.3598211223461,149.17671722622794,144.38360430388153,144.74777221679688,81420900,AAPL
738355,145.58436874350355,148.84210205255908,144.59032186321505,148.61573791503906,82982400,AAPL
738356,148.7338381470016,151.2927906316257,147.99568050926646,150.62351989746094,64823400,AAPL
738357,152.06046433667046,153.1135763791581,149.5408888191267,152.8970489501953,65086600,AAPL
738358,152.93639744167697,153.8123437761435,150.98766576840873,151.65692138671875,66675400,AAPL
738361,151.57820300519043,152.5919382797309,149.87552361463057,150.53494262695312,53623900,AAPL
738362,149.85582028627226,150.67271644888328,148.4188819899041,149.2062530517578,55138700,AAPL
738363,150.17075457850913,154.84575179759253,149.75738820549032,154.31427001953125,78620700,AAPL
738364,154.50129531236348,155.15087757432116,151.97188319707365,154.86546325683594,81378700,AAPL
738365,158.6940186370959,161.0462798301135,156.981487908036,159.94395446777344,101786900,AAPL
738368,158.46764232800993,161.00690586019908,158.34954193697632,158.95974731445312,67829400,AAPL
738369,157.57203453166576,159.84555733737668,157.10945460814798,157.4834442138672,59907000,AAPL
738370,158.30034109572696,163.95954889245084,158.21176579536746,163.50682067871094,82507500,AAPL
738371,163.3887030177202,164.55007867195602,161.8336493553877,163.19186401367188,55474100,AAPL
738372,160.85602999034109,163.45795268825668,160.64905220175967,162.9651641845703,56697000,AAPL
738375,163.97046163622954,165.38969510382904,161.83176107750737,162.49209594726562,60276900,AAPL
738376,161.6543987671205,163.42844097862744,160.89550000800318,162.54141235351562,63135500,AAPL
738377,165.26157448955212,166.89763621928432,164.49282549147833,166.79908752441406,70170500,AAPL
738378,167.6072389716485,168.52383349342222,165.76421460976547,166.0598907470703,57149200,AAPL
738379,167.37071373861576,169.68681094741032,166.95675811414395,169.61782836914062,68039400,AAPL
738382,169.04619612673898,170.88922057556053,168.8786498167292,170.69210815429688,54091700,AAPL
738383,170.28801428832625,171.20460883381332,169.1841727217911,170.53440856933594,56377100,AAPL
738384,170.27817502867526,173.60941569871042,170.08106259876365,172.03250122070312,79542000,AAPL
738385,171.2440198074247,172.37742744821887,170.62310142681395,171.63824462890625,62290100,AAPL
738386,170.53440436112984,171.23417071896347,168.83921054651765,169.0461883544922,70346300,AAPL
738389,167.2425555346779,167.41010181201645,164.72933129717774,165.15313720703125,69026800,AAPL
738390,164.67022364972456,166.2767191348891,164.24641767665275,164.81805419921875,54147100,AAPL
738391,164.90677623350408,165.68537556627746,163.85220146265053,165.11373901367188,53841500,AAPL
738392,166.34569590450857,167.68608131507673,165.92190498494463,167.57766723632812,51218200,AAPL
738393,168.10990520235598,168.58297803338863,161.20099961189769,161.2601318359375,78961000,AAPL
738396,158.8257813608867,160.5505416954114,157.5149767407186,159.05247497558594,73314000,AAPL
738397,159.79164778477147,160.21543879278465,155.44524840968555,156.6180877685547,77906200,AAPL
738398,157.99786809208942,158.2639781293564,154.87359037905333,154.9524383544922,87991100,AAPL
738399,154.3808088580502,156.13513503517575,152.43922061054926,155.68177795410156,74229900,AAPL
738400,157.44595106884975,158.04715373707748,152.7348934543625,153.56277465820312,76957800,AAPL
738404,154.21324568103077,154.82429865337028,151.47334262357523,152.3012237548828,73714800,AAPL
738405,152.587059729615,154.410368411757,151.3945047755551,153.7106170654297,87449600,AAPL
738406,152.4096506976959,154.10484460794962,150.47791285622748,152.2322540283203,84923800,AAPL
738407,153.2276750032018,155.54378723487187,152.51805827855026,155.1002655029297,68028800,AAPL
738410,157.2882631049793,161.89090686431402,157.00245233153106,161.0728759765625,104956000,AAPL
738411,157.59378043168627,158.2245492067868,151.15796283866058,151.62118530273438,122656600,AAPL
738412,152.55747250443096,154.83416823515125,151.39449874644285,153.06997680664062,87965400,AAPL
738413,152.41949313430064,153.0009950551444,149.19666683175186,150.17237854003906,90481100,AAPL
738414,149.02914328242736,149.16712349652025,146.23009244998983,148.5264892578125,162278800,AAPL
738417,147.15653583891242,152.3308163679246,146.9495730394325,152.25196838378906,81474200,AAPL
738418,151.1875044560908,155.80001259569255,150.8721276389919,154.63702392578125,107689800,AAPL
738419,155.07066751536726,156.45048421352996,151.3846194942398,151.5028839111328,101696800,AAPL
738420,150.18223999013938,152.24209247430875,148.73344048207258,150.53704833984375,86652500,AAPL
738421,149.00940896271652,149.28536935652284,146.41733629369975,148.26036071777344,96029900,AAPL
738424,147.50149812854582,151.55222131778743,147.4817823722665,148.59548950195312,93339400,AAPL
738425,150.5370586818527,152.48849721993565,147.78729002305445,149.57118225097656,84442700,AAPL
738426,145.5105969943164,148.46732818361193,142.75097820989805,147.67886352539062,146691400,AAPL
738427,143.99281757061257,144.6038705485337,138.65097655674526,140.42501831054688,128138200,AAPL
738428,139.2423203631924,141.03607776050177,136.00962893649438,136.2067413330078,124925300,AAPL
738431,136.2166245441246,141.00653009557303,135.70412021518845,140.3954620361328,114311700,AAPL
738432,142.9382384476115,144.11107754403744,142.1793399077984,143.99281311035156,87830100,AAPL
738433,141.99208622138215,145.25434369926734,140.94736196435568,144.28846740722656,79471000,AAPL
738434,143.7070131726072,145.41205756578128,143.12552621752397,143.33248901367188,68402200,AAPL
738435,140.4841493461153,141.03608513942643,137.43871980031912,138.06948852539062,85925600,AAPL
738438,138.39476013183594,139.84355993945272,136.57145118339125,138.39476013183594,74899000,AAPL
738439,137.8822234673554,139.31132222277216,136.22646123968164,136.97549438476562,77033700,AAPL
738440,137.123356205743,138.33561191162715,136.16734514961954,136.34474182128906,70433700,AAPL
738441,133.04305662953354,141.51901056988928,132.4319886081597,140.92767333984375,113224000,AAPL
738442,142.22865171308297,142.43562955432296,136.19692370577835,136.38418579101562,88598000,AAPL
738445,139.035378783641,140.83897177317823,138.24691403880277,140.35604858398438,85250900,AAPL
738446,143.39160620792404,144.58414598172774,138.58198553276452,141.67669677734375,99136600,AAPL
738447,139.6464251768979,142.85940118883795,139.45916311704835,141.78512573242188,61758300,AAPL
738448,140.95725591977873,143.78585768272674,140.59258212799125,141.32191467285156,64522000,AAPL
738449,140.80941666017796,145.71760218486398,140.5925884624425,145.14596557617188,86548600,AAPL
738452,145.0671108242576,148.0632589024532,143.89427154723307,147.2945098876953,75981900,AAPL
738453,147.92527363612152,150.2906678641537,147.20580651383366,150.142822265625,74732300,AAPL
738454,148.78273318220164,149.7978764436125,145.9048346701109,147.19595336914062,88194300,AAPL
738455,145.9344043483702,146.90026566861184,142.05122827640076,142.71156311035156,109180200,AAPL
738456,146.06252959255997,155.2284000306861,145.68802050452555,153.49378967285156,164762400,AAPL
738459,150.9510060343384,152.01543120421692,149.7288849047636,151.12840270996094,97943200,AAPL
738460,152.8433183089133,153.20797707085114,146.9791368105924,148.47720336914062,80379300,AAPL
738461,146.80172383520585,149.97528368505897,142.90869682596562,142.93826293945312,93604600,AAPL
738462,140.0110654914598,140.74039788163316,136.7488080444843,136.87693786621094,97918500,AAPL
738463,140.27294531486436,140.84553006556408,132.66154945569053,136.6103973388672,140814800,AAPL
738466,135.35664228494105,137.37054820183675,133.93505454893932,137.14349365234375,83374600,AAPL
738467,138.61444628445304,139.62139172038218,135.73178893253106,137.71607971191406,89908500,AAPL
738468,136.72886334632145,136.77822695953947,132.86886077303504,133.14527893066406,74917800,AAPL
738469,139.43384265889435,144.99183654785156,137.7160881791185,144.99183654785156,118854000,AAPL
738470,143.95525706239889,148.0916625737545,142.52378765132767,147.78562927246094,93979700,AAPL
738473,147.0649830587826,148.35822845841318,145.544668037547,146.38380432128906,73374100,AAPL
738474,150.2734377369584,151.6259135896167,146.66023757913166,148.12130737304688,89868300,AAPL
738475,147.22293159756276,147.95345884286033,145.40645005416332,146.88726806640625,64218300,AAPL
738476,144.55745437595286,149.5428782799837,144.2810362048945,148.7926025390625,80389400,AAPL
738477,150.36226138845927,150.74727347635653,148.05218886107582,149.3553009033203,74829600,AAPL
738480,148.23979441903631,148.44710055496702,145.83099412951367,146.11727905273438,58724100,AAPL
738481,146.23571841721474,148.49642726977405,145.0510519659885,148.25949096679688,51804100,AAPL
738482,147.53884398667913,149.88841358362208,147.4302500541231,149.1381378173828,58301400,AAPL
738484,146.4134275710732,146.97614571181424,145.23864273436385,146.2159881591797,35195900,AAPL
738487,143.28395040385445,144.76476841756258,141.54646269068775,142.37571716308594,69246000,AAPL
738488,142.44481218129835,142.95816663670598,138.55520957308642,139.36471557617188,83763800,AAPL
738489,139.59178750228543,146.8181874388057,138.75266623992653,146.1370086669922,111380900,AAPL
738490,146.31472470924987,147.22295811269422,144.7351791862477,146.41343688964844,71250400,AAPL
738491,144.09349682237342,146.10740304717433,143.78744839224407,145.91983032226562,65447400,AAPL
738494,145.8803652630535,148.99007797137995,143.9059406701696,144.75494384765625,68826400,AAPL
738495,145.1892636809204,145.41631820372012,140.10511327657744,141.08245849609375,64727200,AAPL
738496,140.37167982245785,141.536582777895,138.20968308402922,139.13766479492188,69721100,AAPL
738497,140.5395207716393,141.68469046865562,139.2956388988772,140.8258056640625,62128300,AAPL
738498,140.51977775341376,143.70848393310538,139.09818980739163,140.3420867919922,76097000,AAPL
738501,140.87517003337655,142.65215490653637,139.2561427186447,142.6422882080078,70462700,AAPL
738502,147.58822033452066,148.05221126240446,142.39548971088675,143.60975646972656,93886200,AAPL
738503,143.49126458622354,144.78450984521314,139.35484405860026,141.37863159179688,82291200,AAPL
738504,139.3054883080985,139.98666700994897,134.29044945457875,134.7544403076172,98931900,AAPL
738505,134.94201656134896,135.8897316869335,132.01986228619933,132.78988647460938,160156900,AAPL
738508,133.38224351436207,133.47108899879476,129.64071583228736,130.67727661132812,79592600,AAPL
738509,129.70981804392392,131.54603344731098,128.2289996561493,130.60818481445312,77432800,AAPL
738510,131.27948005874936,135.06050476290935,131.05242546033497,133.7178955078125,85928000,AAPL
738511,132.63196256739838,132.83926868979583,128.63375022087482,130.5390625,77852100,AAPL
738512,129.2457854554959,130.72660336639342,127.98215537662271,130.17376708984375,63814900,AAPL
738516,129.6999298536339,129.72954501138923,127.07394206581392,128.3671875,69007800,AAPL
738517,128.01179226832107,129.35440133807893,124.2603907760934,124.42821502685548,85438400,AAPL
738518,126.3532967191824,128.81145317017226,126.09662695110752,127.95258331298828,75703700,AAPL
738519,126.7679417232883,128.28824211720803,125.80047030441597,128.26849365234375,77034200,AAPL
737426,67.09970156760528,68.1083755493164,67.00415768648521,68.1083755493164,27278000,GOOGL
737427,67.07930441454083,68.36067681993559,67.04546199914073,67.75208282470703,23408000,GOOGL
737430,67.25992638011208,69.58332136437583,67.22858209701914,69.55794525146484,46768000,GOOGL
737431,69.68982062314994,69.84109780511007,69.24693831666055,69.42359161376953,34330000,GOOGL
737432,69.40915447916457,70.25660431481994,69.30017841973043,69.917724609375,35314000,GOOGL
737433,70.75820366435225,71.09409928302898,70.17499344034695,70.65171813964844,33200000,GOOGL
737434,71.1334235656956,71.40562076183926,70.64227194118779,71.10803985595703,26258000,GOOGL
737437,71.42103622672836,71.73105459235768,70.92939109321708,71.65890502929688,30730000,GOOGL
737438,71.65740633981173,71.78828087353631,71.04881242286127,71.18914794921875,26076000,GOOGL
737439,71.31007924880507,71.69623359683659,71.24240200906924,71.61760711669922,21550000,GOOGL
737440,71.92861841895987,72.18987397034176,71.65741591572775,72.16300201416016,26080000,GOOGL
737441,72.77904128791559,73.67525391932409,72.48096687413458,73.6240005493164,52424000,GOOGL
737445,73.59813193167503,74.13954981671559,73.16072423104607,73.7598648071289,48930000,GOOGL
737446,74.13208973203312,74.67200421330017,73.78027135418839,73.8404769897461,28458000,GOOGL
737447,74.02359627922354,74.31968130965106,73.66381279979728,73.88127136230469,26650000,GOOGL
737448,74.28584264769104,74.35451457543209,72.810892040463,72.95968627929688,29786000,GOOGL
737451,71.23643435523881,71.4872342256204,70.63729373845622,71.24588775634766,34132000,GOOGL
737452,71.74399693020122,72.39388973398827,71.17770407698895,72.17991638183594,29724000,GOOGL
737453,72.57601256289253,72.8586654186404,71.92562625371633,72.48843383789062,21566000,GOOGL
737454,71.56285567943894,72.41627364413384,71.40859442553979,72.36651611328125,27110000,GOOGL
737455,73.04378594209612,73.13385521184509,71.01349157096435,71.29813385009766,43822000,GOOGL
737458,72.73475112590975,73.96139234126558,72.48395130082353,73.77726745605469,71636000,GOOGL
737459,72.37846261578684,73.01789968192739,70.76318413051645,71.92662048339844,95880000,GOOGL
737460,72.83227848355087,72.88054776477253,71.14385592884095,71.95845794677734,36376000,GOOGL
737461,72.25356352243467,73.72553013530305,72.17892341944845,73.44735717773438,37822000,GOOGL
737462,73.02038176738384,73.90913031714187,72.92185381552126,73.60359191894531,28360000,GOOGL
737465,73.51005621420106,75.0850230307296,73.40903771305075,75.0740737915039,38302000,GOOGL
737466,75.30347367199528,76.13002730831754,74.91433529369846,75.14373779296875,34852000,GOOGL
737467,75.4323606906229,75.65330449075212,75.07457418082535,75.57020568847656,31042000,GOOGL
737468,75.14076012943136,75.93446611705389,74.84218453538855,75.30945587158203,22914000,GOOGL
737469,75.36617257703398,75.64086026005992,74.91930394806882,75.5751724243164,23198000,GOOGL
737473,75.35672784883174,76.16386598952577,75.19101619789893,75.61051177978516,25642000,GOOGL
737474,75.99666093125346,76.17282066551604,75.6871437222989,75.8807144165039,22746000,GOOGL
737475,75.58911140978356,75.99019372622803,74.85511755870975,75.48859405517578,25962000,GOOGL
737476,74.8710434826863,75.18803231655097,73.57275374256885,73.820068359375,42520000,GOOGL
737479,70.81393833170006,71.47727087720753,70.00481082046124,70.65519714355469,49560000,GOOGL
737480,71.20955452359632,71.50065850081133,68.692588654975,68.9861831665039,51580000,GOOGL
737481,69.41711700631495,70.34717205695928,68.50000058431121,69.19268798828125,49776000,GOOGL
737482,67.63364403136153,68.14420353278719,65.39932357908593,65.43465423583984,62290000,GOOGL
737483,63.412330880062434,66.8031174963142,63.10878181731662,66.64388275146484,80198000,GOOGL
737486,67.24799522889303,69.04340471098438,65.94472443894038,68.9861831665039,55430000,GOOGL
737487,69.55147725951427,70.074474248836,66.14575530731636,66.56774139404297,56602000,GOOGL
737488,67.6246871548153,68.81002200894605,66.53191209538853,68.75130462646484,47598000,GOOGL
737489,66.95737348484228,67.35945807850705,64.77232458674723,65.42520141601562,54380000,GOOGL
737490,63.1953638380552,64.827555889874,62.56139381615548,64.47872924804688,64640000,GOOGL
737493,59.961324470750895,62.338459540726845,59.61697016611344,60.500247955322266,69252000,GOOGL
737494,62.421070002563646,63.48896251764609,60.436554559183975,63.45512390136719,54872000,GOOGL
737495,62.11652506586974,62.54746342368469,59.273614377572834,60.25691223144531,54732000,GOOGL
737496,55.8639167643772,59.15468318742386,55.1597827507668,55.31304931640625,94326000,GOOGL
737497,58.46995836028194,60.431083267311,55.34987319346634,60.42461395263672,79400000,GOOGL
737500,54.22126801964199,57.0009775285844,53.100128996168905,53.39472198486328,96520000,GOOGL
737501,54.27252988977044,56.03211522774084,52.20541290761247,55.63700485229492,83194000,GOOGL
737502,52.74483464426692,54.98661557352448,51.60328906887955,54.29990005493164,93044000,GOOGL
737503,54.15210150102109,57.35628400103994,52.52637485254056,55.31902313232422,74064000,GOOGL
737504,56.27594862476808,56.653146895914205,52.85231802516064,53.15636444091797,82878000,GOOGL
737507,52.5671779570536,53.09167079517627,50.20347875276499,52.455711364746094,83672000,GOOGL
737508,54.93635331479006,56.39686943848624,54.06302620724,56.23165893554688,72468000,GOOGL
737509,55.96144885889117,57.03581063497772,53.89284002062056,54.81891250610352,90324000,GOOGL
737510,55.47079870126762,58.29529626026029,54.3416982421875,57.86933135986328,76562000,GOOGL
737511,56.10526532209489,57.27865627332936,54.93734899052884,55.24885940551758,62794000,GOOGL
737514,56.36253187523455,57.27616309094643,54.66315609776698,57.04277801513672,58736000,GOOGL
737515,57.16320227975935,58.39083058698721,56.565557615189896,57.8210563659668,65228000,GOOGL
737516,55.932587259759686,56.20229768361806,54.41434472078375,54.8427963256836,51970000,GOOGL
737517,54.73830070289628,55.87138374005283,54.3964368955584,55.585750579833984,56410000,GOOGL
737518,55.47029994298398,55.6733278436525,53.49822958250269,54.37503433227539,51374000,GOOGL
737521,56.3804517940451,59.25420957181764,55.98235353914818,58.87800979614258,63320000,GOOGL
737522,60.56095675968012,60.74856308077166,58.58241717885874,58.84665298461914,61620000,GOOGL
737523,59.868771468332326,60.45596430381323,58.915826954161616,60.06284332275391,40334000,GOOGL
737524,60.61917842486261,60.80877033274802,59.337305082673424,60.04143905639648,54028000,GOOGL
737528,59.78915284931368,60.43705624337838,58.83521365989364,60.2325325012207,38702000,GOOGL
737529,61.70350028621407,63.48398554877324,61.13471691802692,62.96049118041992,63358000,GOOGL
737530,62.028941883647406,63.45213792906103,61.40641842523156,62.56587600708008,42236000,GOOGL
737531,63.05553213901334,63.36505315378879,61.61541867517127,62.57234191894531,57896000,GOOGL
737532,63.78006595578862,64.19309218879452,62.99880134225195,63.64570999145508,51050000,GOOGL
737535,63.19237482499092,63.53722647703482,62.52307415846969,62.75745391845703,35292000,GOOGL
737536,61.83984635367317,62.2026101231972,59.9633161587621,60.31961441040039,49648000,GOOGL
737537,61.760223241371214,63.68949878936644,61.56565406012098,62.62110900878906,46296000,GOOGL
737538,62.9858614211265,64.10103222735762,62.72660289717478,63.25606918334961,34202000,GOOGL
737539,62.451424092845535,63.5815230301406,61.904041852137816,63.52628707885742,37402000,GOOGL
737542,64.29261999002367,64.39712372198137,62.95202913831528,63.24065017700195,44186000,GOOGL
737543,63.85471573205543,63.93233991292163,61.22627956997814,61.33625411987305,80700000,GOOGL
737544,66.93000841508254,67.6839037451793,66.02085713189535,66.78968048095703,108358000,GOOGL
737545,66.2512539359075,67.17881846187733,65.76059592377868,67.01460266113281,55842000,GOOGL
737546,65.88947971557204,67.24997954035189,65.171416205784,65.5525894165039,48872000,GOOGL
737549,65.09528031161895,65.90839414561984,64.49216102586087,65.83026123046875,30806000,GOOGL
737550,66.55679496980919,68.2243215628969,66.43388558474965,67.13005065917969,39666000,GOOGL
737551,67.57691974063604,68.1088766042414,66.93648036667742,66.95140838623047,31732000,GOOGL
737552,67.74161939808462,68.47262907285855,67.30520647797584,68.13822174072266,30652000,GOOGL
737553,68.76224962511807,69.49972107273517,68.2740821604466,68.88764953613281,33326000,GOOGL
737556,68.51194548372064,70.43972524742269,68.44775348367992,69.84556579589844,32718000,GOOGL
737557,70.07597118487982,70.38001377865767,68.39849009246208,68.43183135986328,33918000,GOOGL
737558,68.48059978522438,68.93692187825766,66.0845538197152,67.09571838378906,40368000,GOOGL
737559,66.35874795285368,67.545571123171,65.85017778912353,67.52019500732422,36660000,GOOGL
737560,67.09223444201076,68.40196688173432,66.63143246758034,68.32633209228516,41544000,GOOGL
737563,67.75506542085085,69.30664542495049,67.38781793513687,68.92945098876953,47094000,GOOGL
737564,68.9443854610412,69.29321213831301,68.36117519922374,68.39302062988281,31586000,GOOGL
737565,69.12749997341068,70.26556016251162,69.04091594784161,70.12274169921875,38262000,GOOGL
737566,70.21381213676726,70.48600931605345,69.38775960567644,70.00282287597656,30894000,GOOGL
737567,69.86100197282914,70.51288417543044,69.46539424513811,70.3257827758789,28544000,GOOGL
737571,71.75495108507815,71.91170290141652,70.6323198462769,70.7303466796875,44590000,GOOGL
737572,70.66216836000463,70.92839736595668,69.39821460494831,70.67610168457031,31684000,GOOGL
737573,69.66692194094234,71.87934390822512,69.6211431898544,70.5745849609375,35170000,GOOGL
737574,70.68355713928611,71.4946815443302,70.46211981224069,71.33494567871094,37044000,GOOGL
737577,70.94580806681581,71.73602869916792,70.77561651245831,71.4021224975586,25162000,GOOGL
737578,71.4085918879412,71.80669008607417,70.74227532304845,71.77235412597656,23442000,GOOGL
737579,71.7917588332799,72.10575593499136,71.24039410656898,71.62007904052734,27732000,GOOGL
737580,71.497177182306,71.72310206654205,69.96599963959787,70.37852478027344,26982000,GOOGL
737581,70.44520752119047,71.97091804138051,70.04611456061043,71.65840911865234,42642000,GOOGL
737584,70.9746746217983,72.10526325973755,70.88509891401527,72.0574951171875,33878000,GOOGL
737585,71.91816171630913,73.04079279119881,71.77484210279437,72.25852966308594,33624000,GOOGL
737586,72.72778683921254,73.28810385800969,72.37198974644225,72.88652801513672,31762000,GOOGL
737587,71.70867022307195,72.2346589692547,69.5878130130695,69.76148223876953,47144000,GOOGL
737588,70.95376958003494,71.38421437179544,68.96030198853704,70.30985260009766,36676000,GOOGL
737591,69.14392465309821,70.91097380700297,69.02996753030666,70.69898986816406,30468000,GOOGL
737592,72.10526358516627,72.51182051857924,71.10952825884952,71.9793701171875,30648000,GOOGL
737593,72.30133456430534,72.76212896872691,71.415068821233,72.28142547607422,30610000,GOOGL
737594,72.14757151661824,72.30282748663723,70.9726846629474,71.36481475830078,34862000,GOOGL
737595,71.65740986390969,71.88133775111594,70.61240293282405,70.89306640625,52784000,GOOGL
737598,70.91147505867174,72.20230067860511,70.62185934811,72.1878662109375,29442000,GOOGL
737599,72.25455152562985,73.40903563217812,71.90621842213413,72.85070037841797,37752000,GOOGL
737600,72.8158676184772,73.43838725263467,71.15978391672346,71.29414367675781,31592000,GOOGL
737601,71.22049025097112,71.77284971319233,70.63926944685834,71.71214294433594,23958000,GOOGL
737602,71.29066762558381,71.5091209058233,67.42763609824557,67.80284118652344,97640000,GOOGL
737605,67.69336296671155,69.56740658298106,67.2609287443365,69.5261001586914,45074000,GOOGL
737606,69.51167404146442,70.86121720110151,69.0165360541645,70.56513214111328,40286000,GOOGL
737607,70.62087929232952,72.07940624191117,70.37256235703924,71.75694274902344,42182000,GOOGL
737608,72.24659051474603,74.07186348298605,72.20826818037254,73.14678192138672,57218000,GOOGL
737612,74.05345615982517,75.14075662187608,73.49761142237459,74.62571716308594,44712000,GOOGL
737613,74.45055656016098,75.70406216918913,74.13058365914364,74.14153289794922,42364000,GOOGL
737614,74.68294763540767,75.19898179852746,74.25996682154751,74.82228088378906,31766000,GOOGL
737615,75.13727741838821,76.0932098651604,74.42369372179377,75.57170104980469,41836000,GOOGL
737616,75.30248471212418,76.70030474090636,74.67897031172721,76.58435821533203,35918000,GOOGL
737619,77.12825841563946,78.44297203416643,74.96958014308842,75.2517318725586,42954000,GOOGL
737620,74.28434999897787,75.77770617369718,73.94297977071558,75.68116760253906,38108000,GOOGL
737621,75.79910266825213,76.45098479184617,74.53514900176111,75.48311614990234,31026000,GOOGL
737622,74.71777710977885,75.43485358407806,74.05942561326644,75.38558959960938,26484000,GOOGL
737623,75.48461250339587,75.80906535403365,74.5485891882386,75.48162841796875,34264000,GOOGL
737626,75.38956453557115,78.07721543774436,74.77749296936797,77.8199462890625,30166000,GOOGL
737627,78.87440678042151,78.97492413472274,77.26161122175375,77.42582702636719,27486000,GOOGL
737628,77.41538249759988,77.97620071888103,76.79435105254424,77.87020874023438,24482000,GOOGL
737629,77.92394547961592,78.14389457073787,75.0705830583031,75.47664642333984,33910000,GOOGL
737630,74.6028386333552,75.41097153590187,74.02559650691151,75.05168914794922,29902000,GOOGL
737633,75.30298030118446,76.51219541111449,75.2567004045739,76.10762786865234,27124000,GOOGL
737634,75.88718593599701,75.93744461336621,74.6690109658058,74.82476806640625,30910000,GOOGL
737635,74.89194642181988,76.30170274438422,74.79291731015581,75.81304168701172,22676000,GOOGL
737636,74.5421203310874,76.67791304910183,74.40278707937269,76.5525131225586,36042000,GOOGL
737637,74.49633966059952,74.89294207022046,72.35407768262465,74.04350280761719,91468000,GOOGL
737640,74.1952823635518,74.53017571563687,73.23586473268551,73.78524017333984,45482000,GOOGL
737641,73.98180262852239,74.3002797145422,72.85319570585015,73.31449127197266,37212000,GOOGL
737642,73.4896528857235,74.14551382781045,73.21097880454894,73.60260772705078,29134000,GOOGL
737643,73.45630713721422,74.9551379108816,73.24481674977106,74.88945007324219,33306000,GOOGL
737644,75.09298915592936,75.64285813461413,73.95990233635366,74.56202697753906,27718000,GOOGL
737647,74.18531593243594,74.99892327445139,73.5229781582979,74.4848861694336,20546000,GOOGL
737648,74.34456852083929,75.16266357651878,73.55783294038726,73.67477416992188,31098000,GOOGL
737649,74.00220039154834,75.22386058442733,73.8967019688904,75.00341033935547,22512000,GOOGL
737650,75.05168292534601,76.48284418729223,75.05168292534601,75.47167205810547,22388000,GOOGL
737651,75.32040392648128,75.62793939616182,74.59338041774163,74.87354278564453,21942000,GOOGL
737654,75.43783887619192,75.82648373152185,74.891948664715,75.4512710571289,19990000,GOOGL
737655,75.9429161837234,77.4979814068608,75.72147884435643,77.41886138916016,28378000,GOOGL
737656,77.25514432932671,78.06975406339483,76.63361934240044,76.86302185058594,30472000,GOOGL
737657,76.6321208147601,78.63255890802547,76.357934257102,78.43749237060547,26382000,GOOGL
737658,78.21605349977197,79.21528172540805,77.74381628283706,78.4036636352539,34838000,GOOGL
737661,79.2446345587043,80.05626022081937,78.37728319040286,78.88037872314453,25638000,GOOGL
737662,78.62907393281236,80.06122982776336,78.51860203471604,79.91045379638672,25150000,GOOGL
737663,79.93284358851191,82.2462840692637,79.66811043713714,81.81533813476562,52188000,GOOGL
737664,81.93875040400734,82.00742232920561,80.55536494935534,81.03855895996094,31350000,GOOGL
737665,81.08583513332398,81.67700292551035,80.89375267803553,81.58145904541016,22418000,GOOGL
737668,81.78747703645925,81.8337569351286,80.87982154060386,81.08882141113281,26422000,GOOGL
737669,81.21969391487622,82.56625290159603,81.08881937616468,82.36023712158203,22652000,GOOGL
737670,83.00366085589854,85.89434350737906,82.61452246781315,85.4609146118164,49522000,GOOGL
737671,84.57166166881079,84.59554953635386,80.00300449445753,81.08782196044922,63726000,GOOGL
737672,80.06720294777561,81.36051923220332,76.53260313427657,78.68431854248047,55850000,GOOGL
737676,75.88719439983616,77.40742274788263,75.46421355774739,75.8175277709961,54032000,GOOGL
737677,77.07649937472567,77.56516041610428,75.89564445564935,76.99340057373047,39242000,GOOGL
737678,77.14019418699958,78.30860397286067,75.63837173852811,75.9394302368164,33024000,GOOGL
737679,76.04393489459162,76.56892127073058,74.29579252540272,75.42738342285156,30706000,GOOGL
737682,76.21809682607592,77.47956754747086,74.89741517443528,75.08252716064453,42660000,GOOGL
737683,76.03100168037477,77.18050476355,75.7428817865187,76.39077758789062,23042000,GOOGL
737684,76.75702925240749,77.34869819515173,75.21987604229885,75.24475860595703,22128000,GOOGL
737685,73.93700680508756,74.5764514754621,72.77506627110589,73.99821472167969,40008000,GOOGL
737686,74.06092595393991,74.40428561995024,71.24041080982535,72.20927429199219,63056000,GOOGL
737689,71.2404087126211,71.66039786094642,69.80029514123461,71.16676330566406,56908000,GOOGL
737690,72.17096125693553,72.85021659464078,71.1349140632164,72.6436996459961,33950000,GOOGL
737691,72.25903690168364,72.30830088742725,69.80029475994638,70.13419342041016,37726000,GOOGL
737692,69.80028750186223,71.5573821324961,69.7739091004015,70.80448150634766,34552000,GOOGL
737693,70.91347406076004,71.95299885267112,70.04910673612386,71.61064147949219,30326000,GOOGL
737696,73.2493005572153,73.29905809078035,71.96991766342995,72.58596801757812,30784000,GOOGL
737697,72.84722744607932,73.24979803297072,72.35407885679199,72.95222473144531,31816000,GOOGL
737698,72.69942714285969,73.95641806188155,72.4416644288499,72.93132019042969,40924000,GOOGL
737699,73.8300187453481,74.39780739351073,73.48864851059548,74.04100799560547,32884000,GOOGL
737700,72.63423408285196,73.59961978967594,72.02315723124129,72.4336929321289,31222000,GOOGL
737703,72.78451757055439,73.88177252003113,72.65712826562542,73.7887191772461,21602000,GOOGL
737704,73.42396260503759,73.87281305634009,71.90671854148451,72.2057876586914,26096000,GOOGL
737705,72.61832198688667,73.09902552050082,71.32052571219367,72.60986328125,36108000,GOOGL
737706,72.9238561559873,74.04748199645591,72.9238561559873,73.8185806274414,26076000,GOOGL
737707,74.28783048431298,75.23281359404584,73.99622536956137,75.16314697265625,32966000,GOOGL
737710,76.53409699657146,79.04309772139084,76.10116164428408,77.85726928710938,55344000,GOOGL
737711,78.4753115330063,78.88087376061287,77.56068564132751,77.98067474365234,39072000,GOOGL
737712,78.35539239500633,78.81568566560401,76.92721520969711,77.80004119873047,33174000,GOOGL
737713,76.85754457892119,78.1961459815944,76.6898511386174,77.40343475341797,31210000,GOOGL
737714,77.71992528911265,78.51014601215543,77.51242125898598,78.01203155517578,34194000,GOOGL
737717,78.42157124529685,78.8196694818718,75.78368541921667,76.13350677490234,29734000,GOOGL
737718,75.79313062853842,78.31756019656119,75.663250798659,77.18497467041016,41670000,GOOGL
737719,78.11901324505759,80.37274164690493,77.98415993197221,78.92217254638672,60322000,GOOGL
737720,78.87291283355273,80.28714906559912,78.49870246258452,79.95075988769531,30512000,GOOGL
737721,80.36826415682147,81.31722603857406,80.21200591278787,81.260498046875,30548000,GOOGL
737724,80.36577109765061,81.0912986260321,78.01600527143772,78.83757781982422,35826000,GOOGL
737725,79.0684835060431,79.7188698570278,78.47432400613587,79.56361389160156,25902000,GOOGL
737726,77.13173899969712,77.32082977436303,75.06511950680083,75.1805648803711,45174000,GOOGL
737727,75.49008904960587,79.05902493913851,75.46670232352432,77.4736099243164,55406000,GOOGL
737728,82.9752907916767,83.66598875896581,79.69745953197871,80.4209976196289,99878000,GOOGL
737731,80.79074343910868,82.51748852460163,80.32795206574907,80.82955932617188,44228000,GOOGL
737732,81.15002919883526,82.55530560123552,80.22196347188766,81.8914794921875,31432000,GOOGL
737733,84.87322058577031,88.0803907719347,84.74483658674652,86.87714385986328,71342000,GOOGL
737734,88.10128853896713,89.16470868146271,86.63728722934314,87.70568084716797,39758000,GOOGL
737735,87.15034201344257,88.00426119806104,86.42082805664543,87.5678482055664,28622000,GOOGL
737738,89.37171387138581,90.41223318661586,87.45935577208806,87.65193176269531,53440000,GOOGL
737739,86.07697225473657,87.55042699948584,85.39771699789287,86.47257995605469,43022000,GOOGL
737740,87.00403991084542,87.72558872689356,86.73831204017266,86.9458236694336,31838000,GOOGL
737741,86.68555885766379,87.82909374585917,86.4850176966425,86.72636413574219,26474000,GOOGL
737742,86.98413472311488,88.43370160863206,86.38599646743025,88.19136047363281,29744000,GOOGL
737745,87.78730313229319,89.29012052958568,87.64746872938828,88.27944946289062,25468000,GOOGL
737746,87.97240190775933,88.43419857564439,87.55589803351981,87.66387939453125,21314000,GOOGL
737747,87.41407824980085,87.83008859204216,86.51487388443644,86.61788177490234,20108000,GOOGL
737748,86.24914690819902,87.75494824854572,86.0894110233465,87.51011657714844,20106000,GOOGL
737749,87.68080204637623,87.99728973201321,86.33722711990116,86.40589904785156,27694000,GOOGL
737752,86.59698652310462,86.88411171935121,85.10213442110361,85.96699523925781,22530000,GOOGL
737753,85.96401265971706,87.90373648667953,85.6271223299394,87.77535247802734,27984000,GOOGL
737754,87.96992677839849,88.09780964483882,87.00205044426856,87.78679656982422,19600000,GOOGL
737756,87.80719756064533,89.42297727421509,87.80719756064533,88.92584991455078,14790000,GOOGL
737759,88.36005672195728,88.59343800936252,86.97617007706756,87.3026123046875,32418000,GOOGL
737760,87.91269649674737,90.65259560668584,87.73205682491009,89.34086608886719,37350000,GOOGL
737761,89.34086108236198,91.20097123321784,88.83378679699169,90.81431579589844,29424000,GOOGL
737762,90.5938761888373,91.75283265847874,90.41771644555976,90.6585693359375,24728000,GOOGL
737763,90.57795250226488,91.03974159674596,90.24802504868616,90.75411224365234,20544000,GOOGL
737766,90.3455593451508,91.02929453535916,89.72303966576968,90.4192123413086,22288000,GOOGL
737767,89.99573991211881,90.36646506277664,89.13784194345742,90.13556671142578,19936000,GOOGL
737768,90.08729974843936,90.98352007834364,87.680805678261,88.47003173828125,31728000,GOOGL
737769,87.71064363437053,88.32719504513048,86.26406105431275,87.96194458007812,28688000,GOOGL
737770,87.58127983483229,88.44266302397321,87.22000808817418,88.31775665283203,18628000,GOOGL
737773,88.11473355341082,89.06418903296934,87.040364108191,87.19612121582031,33050000,GOOGL
737774,87.5743106561317,87.78032644405529,86.6691456825734,87.63502502441406,21352000,GOOGL
737775,88.03460918058066,88.03460918058066,87.03688443498345,87.44144439697266,24676000,GOOGL
737776,87.77684541122197,87.91518395961303,86.14564417431515,86.61141204833984,34880000,GOOGL
737777,86.89306549896011,87.00204155356143,85.34197906294155,85.90030670166016,85256000,GOOGL
737780,85.04988087959532,86.43675164906524,84.29698019019894,86.3153305053711,33974000,GOOGL
737781,86.05506833630993,86.21828943782286,84.88317332587998,85.60173797607422,20370000,GOOGL
737782,85.78636235138065,86.7905564056755,85.65050674333652,86.00033569335938,22974000,GOOGL
737783,86.03864981343406,86.70596113529743,85.80725791931836,86.29542541503906,9312000,GOOGL
737787,86.83036709367283,88.92485327877053,86.67660697371885,88.27595520019531,27650000,GOOGL
737788,88.93630235401565,88.99800382149073,87.33794125305134,87.46981048583984,19726000,GOOGL
737789,87.83008941804188,87.96743327328805,85.9888935947524,86.39942932128906,21026000,GOOGL
737790,86.45018987451368,87.45687447969729,86.39146489743216,87.21503448486328,21070000,GOOGL
737794,87.58128228878026,87.705186375187,84.9508603421397,85.89584350585938,37324000,GOOGL
737795,85.84408949685165,86.92591538334669,85.4365378377414,86.58853149414062,20360000,GOOGL
737796,84.6084852313309,86.7835871141567,84.40147477035065,85.73410034179688,46588000,GOOGL
737797,85.92717542695797,88.46802888665995,85.92717542695797,88.29486083984375,41936000,GOOGL
737798,88.43520016542561,89.53991920335396,87.64198775015869,89.46378326416016,35484000,GOOGL
737801,88.42822700365895,88.79447981255163,87.19015051877497,87.39665985107422,34796000,GOOGL
737802,86.85275814625061,87.97439454842011,85.4106552853316,86.45814514160156,29528000,GOOGL
737803,85.95505131902136,87.40164172592644,85.95505131902136,86.94681549072266,23432000,GOOGL
737804,87.02742201402309,87.95698355407666,85.89284698308188,86.13419342041016,29212000,GOOGL
737805,86.03965259011923,86.96522784661244,85.17827693487668,85.96998596191406,31444000,GOOGL
737809,86.73532241988458,89.76284772453106,86.22924282649801,88.79895782470703,41660000,GOOGL
737810,90.88398401260814,94.53403661408476,90.54262136383336,93.55621337890624,64152000,GOOGL
737811,94.2319851296004,96.14433582290614,93.5233673744642,93.75923919677734,58634000,GOOGL
737812,94.12300340016309,94.76642687711758,93.37856141985232,94.17774200439452,32744000,GOOGL
737815,95.18194086238827,95.63378300769853,92.51568723527676,94.2633285522461,50586000,GOOGL
737816,93.85080553412008,95.331724329856,93.3601550829556,94.9435806274414,31462000,GOOGL
737817,93.29944372261228,93.576120836045,89.4364122301707,90.5142593383789,82512000,GOOGL
737818,91.11438957910408,93.9503260386676,91.11438957910408,92.21910858154295,55278000,GOOGL
737819,91.26465847682226,91.9374443781488,89.64938764556791,90.93324279785156,44530000,GOOGL
737822,91.7906478106524,95.32126848819406,91.7906478106524,94.20311737060548,40252000,GOOGL
737823,95.20134574308123,97.00472029972896,94.864948984388,95.49942016601562,66332000,GOOGL
737824,102.78906349760908,104.82980558653188,100.19844489817106,102.45416259765624,97882000,GOOGL
737825,102.540764123293,102.9726972150586,101.27083451563524,102.19293212890624,48596000,GOOGL
737826,102.48801214016696,104.29835730952522,102.01228969427048,103.94454956054688,29866000,GOOGL
737829,104.50038357058834,105.24681488180684,102.67660640780495,103.73006439208984,28828000,GOOGL
737830,103.24637908993188,104.4262393016287,103.00752319120647,103.27574157714844,21892000,GOOGL
737831,103.66139338058449,104.44465119466044,102.12374668828689,103.82759857177734,25102000,GOOGL
737832,104.05253475798568,104.20181495570792,102.9507998216224,103.94056701660156,20480000,GOOGL
737833,103.49369709094492,104.4754990480609,103.18516699146085,104.25306701660156,18990000,GOOGL
737837,104.0898583949124,106.74665875822036,104.0898583949124,105.03285217285156,31004000,GOOGL
737838,104.20081606295832,105.6170492387835,103.92066133491758,105.4269561767578,20294000,GOOGL
737839,104.7492008701628,105.59466134200436,104.16847356656038,104.7895050048828,22546000,GOOGL
737840,104.88803968550148,105.424970027352,103.675832858538,103.94355010986328,37938000,GOOGL
737843,102.19142592861978,103.52156862841372,101.9127594460567,102.2242660522461,29466000,GOOGL
737844,100.22034834099648,103.13192706841954,99.03799761049386,102.515869140625,34658000,GOOGL
737845,101.01903323255492,103.91916932842446,100.89413445514002,103.69474029541016,22608000,GOOGL
737846,102.30736748486515,103.6544275286867,99.84712981083716,100.31787872314452,41548000,GOOGL
737847,101.01455143205976,102.33672899960698,99.57443795504804,100.61446380615234,40042000,GOOGL
737850,101.912753621212,103.31753633672604,101.2369836430742,102.9906005859375,26060000,GOOGL
737851,102.75074596632484,104.23863512234784,102.34419663463926,102.73283386230467,25564000,GOOGL
737852,102.10932019598754,103.30559666179924,99.2256005122156,100.09196472167967,33892000,GOOGL
737853,100.26414756335588,103.23593980274951,99.79439328636664,101.21261596679688,49216000,GOOGL
737854,102.56713188273564,104.80890881591915,100.90656818815047,104.35458374023438,53100000,GOOGL
737857,103.70718858970947,105.18412104446632,99.78244807245036,99.89739990234376,36868000,GOOGL
737858,101.99984883286976,102.70497377307522,101.29571099468689,101.53257751464844,33920000,GOOGL
737859,102.57957360663178,102.57957360663178,100.4860820835291,101.3250732421875,27100000,GOOGL
737860,102.4213308733376,105.06120607468662,102.3332510030716,104.52725982666016,27702000,GOOGL
737861,103.3265033264315,103.3862154039543,101.13746797988055,102.01228332519533,33818000,GOOGL
737864,101.76248922835384,102.26060372768563,100.90708173400584,102.23323822021484,26168000,GOOGL
737865,102.807977199046,105.18112981321325,102.47457211575944,103.69872283935548,31900000,GOOGL
737866,102.93138712872644,104.45062059070727,101.71968149019554,103.61561584472656,26382000,GOOGL
737867,101.92171511759707,102.94532472087757,100.47861753034802,100.58610534667967,31700000,GOOGL
737868,101.00360579522776,101.3673604601499,99.66997789719976,100.86576080322266,46072000,GOOGL
737871,100.8991044723601,101.92967690737808,100.2208439210216,101.05137634277344,33536000,GOOGL
737872,101.51217676416674,102.71442908460337,100.9175237154094,101.58084869384766,28510000,GOOGL
737873,102.0998561026989,102.88808737106272,100.96727052737164,101.14293670654295,25218000,GOOGL
737874,100.96977489287428,101.79532632060398,99.32961368422106,101.13946533203124,35616000,GOOGL
737875,101.1061237377147,101.48431291240784,99.7157676953971,100.75480651855467,27978000,GOOGL
737878,100.626913857367,101.972979359784,99.79538668638868,101.80278778076172,26492000,GOOGL
737879,102.16057583177924,102.64276755981643,101.3230805397138,101.8366241455078,27312000,GOOGL
737880,102.23123329560887,103.816655704226,101.8629911163222,102.6352996826172,42570000,GOOGL
737881,104.11472573543978,106.27937188450623,104.07392046113148,105.98229217529295,39880000,GOOGL
737885,106.8466666341186,110.91919881705677,106.75012806081834,110.42008209228516,48510000,GOOGL
737886,110.0199908055745,110.86993113753334,109.56566574641188,109.93738555908205,35240000,GOOGL
737887,110.12849096775533,111.69102044331642,110.12849096775533,111.4188232421875,24134000,GOOGL
737888,112.66137580353076,113.04902597144466,111.61686995474146,111.9861068725586,28664000,GOOGL
737889,111.7377910863765,113.15750194180372,111.33073299675657,112.9932861328125,26146000,GOOGL
737892,112.1697216656889,112.30755906868905,110.86097629130978,111.69698333740234,25024000,GOOGL
737893,112.01397146501856,112.6350029225419,111.61885729411928,112.18515014648438,25682000,GOOGL
737894,112.83205568913267,112.83205568913267,111.26903279031625,111.56212615966795,21002000,GOOGL
737895,112.5593610414897,114.25375956725094,112.02292426332264,113.71881103515624,29174000,GOOGL
737896,113.9173707707084,114.16618123351545,113.00572887051489,113.59441375732422,26282000,GOOGL
737899,112.96890689363876,114.656335032915,112.96890689363876,113.94324493408205,30290000,GOOGL
737900,114.32790173001688,114.40304297259718,112.3190124548569,113.4083023071289,22288000,GOOGL
737901,113.0619617843849,113.45756950372018,111.70693643834592,113.3754653930664,23204000,GOOGL
737902,113.22864927487409,113.89944579072058,111.48299745194409,112.09009552001952,24146000,GOOGL
737903,112.81066776817248,114.75736219886252,112.52453724073946,114.44933319091795,29066000,GOOGL
737906,114.67773209539388,115.67347506131698,114.31944443209228,114.94694519042967,32038000,GOOGL
737907,115.33010833149297,115.37091360814864,113.76409384172324,114.0039520263672,44386000,GOOGL
737908,119.05579837072018,120.99054864114056,117.10114660558712,117.39076232910156,81106000,GOOGL
737909,118.89307462546184,119.6360207102655,118.1277289193166,119.06873321533205,41234000,GOOGL
737910,117.83762526818644,118.52583278569314,116.76973276121194,117.11508178710938,44856000,GOOGL
737913,117.68286337787096,118.51090528759072,116.21936316034822,116.5965576171875,28242000,GOOGL
737914,115.12708626405684,115.69636320160087,112.29711784271196,114.79268646240234,44818000,GOOGL
737915,115.87750091536309,116.19448215391392,114.86484054405638,115.18779754638672,26636000,GOOGL
737916,114.76780169468032,116.3114242553711,114.10646611417098,116.3114242553711,25190000,GOOGL
737917,117.63211092314188,117.9983561400744,116.7498239631822,117.03694915771484,28898000,GOOGL
737920,115.85311315407462,115.99543808100395,113.6834856654911,114.04227447509766,30914000,GOOGL
737921,111.61985500008852,113.47149891287674,111.1645276228982,112.96292877197266,34186000,GOOGL
737922,110.7798698646749,111.86418624163224,109.15911669437791,109.4890365600586,46376000,GOOGL
737923,110.77638288716878,111.4392142864842,109.8109971320314,110.92169189453124,33204000,GOOGL
737924,112.38967644589916,113.69244612252074,111.96470623927485,113.376953125,31996000,GOOGL
737927,112.63996511842838,113.94423051813176,112.23888281684413,113.90143585205078,21598000,GOOGL
737928,114.56975107464842,114.83498539001296,112.5713022709001,112.58523559570312,22204000,GOOGL
737929,110.89133502717809,113.20825325301088,110.74254838311828,113.03458404541016,23684000,GOOGL
737930,114.0049543138836,115.0499536763212,113.63273332390318,114.79866027832033,32352000,GOOGL
737931,115.31916082166768,115.39281381561896,113.92034619778136,114.16069793701172,40632000,GOOGL
737934,115.1937645768734,117.71470921979484,115.04796201657044,117.49028778076172,31832000,GOOGL
737935,118.03567732658348,118.63282089487156,117.18972330541762,117.58135223388672,22440000,GOOGL
737936,117.76298535487912,118.88114420700484,117.76000126939164,118.44921112060548,21572000,GOOGL
737937,118.88412246880004,118.88412246880004,117.25242764141711,117.5718994140625,35224000,GOOGL
737938,118.15609820149749,118.23820230611524,117.08273111254248,117.28177642822266,21482000,GOOGL
737942,118.1570905828654,118.7179087595248,117.15388368433688,118.49248504638672,23354000,GOOGL
737943,118.88909332605556,119.11252766020084,117.05834561985144,117.96551513671876,21158000,GOOGL
737944,116.7284216987851,117.29023457883468,115.9217771589934,116.82048034667967,18696000,GOOGL
737945,117.89982420271934,119.3807429214374,117.55845396785828,119.10903930664062,24458000,GOOGL
737948,118.90353403016783,119.6534506447416,118.48354488660895,119.54347229003906,24120000,GOOGL
737949,120.02666352139212,120.40037275616211,119.16925910663716,119.35138702392578,24240000,GOOGL
737950,119.9977964011233,120.06994596281687,119.27475179338708,119.82412719726562,17942000,GOOGL
737951,119.77336645278284,121.22045035217172,119.61711580354223,121.17715454101562,25904000,GOOGL
737952,121.41949770819924,121.50508704379196,120.37250140708052,120.93183135986328,21958000,GOOGL
737955,121.0343414607894,121.86337807249288,120.32473660004976,121.86288452148438,22098000,GOOGL
737956,121.86735007353872,122.19130175131006,120.47998585892422,120.84175872802734,21562000,GOOGL
737957,120.99353315247284,121.3060420501358,118.9015375278692,120.19783782958984,26472000,GOOGL
737958,120.12320213876866,121.93951542973385,119.92663975252744,121.16422271728516,25842000,GOOGL
737959,120.78950247680184,121.0243795909822,119.44393824032991,119.53948211669922,46116000,GOOGL
737962,119.9271411452903,121.41950273978642,119.32800058512856,121.23289489746094,27414000,GOOGL
737963,121.17068511721548,121.81759378430364,120.48795224163028,121.74842071533205,22390000,GOOGL
737964,121.51255716784964,122.50978839268652,121.25479445301924,121.5458984375,19148000,GOOGL
737965,122.11616721223488,122.46997494722376,121.71807656217918,121.91712188720705,21362000,GOOGL
737966,121.41950326559024,122.04949456348052,120.98657549930996,121.9255828857422,34594000,GOOGL
737969,122.09476570644414,122.20076527318164,120.82782790498152,121.95294952392578,28526000,GOOGL
737970,122.08681320150404,122.43564746347714,121.1119740224828,121.69070434570312,23108000,GOOGL
737971,121.41402625256768,121.67528178366048,120.7770721013412,121.50857543945312,24474000,GOOGL
737972,121.14580333015576,122.00370125273878,120.95322732724782,121.86188507080078,18110000,GOOGL
737973,122.56402125859373,124.80729394384096,122.47395200301078,124.66149139404295,25982000,GOOGL
737977,125.0506341559567,125.82642797114576,123.9897045454052,125.58956146240234,26404000,GOOGL
737978,126.55693750796648,126.67835105188156,125.55273588133367,125.87220764160156,24060000,GOOGL
737979,123.43585129730477,124.99787935955246,123.43187251721064,124.44900512695312,23790000,GOOGL
737980,124.43010544209602,125.1362250527908,123.95885535984912,124.92125701904295,18632000,GOOGL
737983,125.57762429893366,126.46488475430864,125.01332084819248,126.37133026123048,17668000,GOOGL
737984,126.43402078790348,127.4481693673428,126.07175435939052,126.73558044433594,19240000,GOOGL
737985,127.3491516286642,128.71114739493328,127.30585581569756,127.62682342529295,23742000,GOOGL
737986,128.03686284017635,128.0876150688026,125.92794221134592,126.4006805419922,24218000,GOOGL
737987,127.05555571192008,127.20334766110668,125.5532396143855,126.36585235595705,20424000,GOOGL
737990,125.489534904897,125.60448672400716,122.91732944651262,123.9852294921875,27968000,GOOGL
737991,124.9302089444466,126.43850077838984,123.75881501817668,125.60897064208984,26312000,GOOGL
737992,125.5333313160581,126.9888739739733,125.4238541100995,126.94210052490234,20746000,GOOGL
737993,127.23569611694488,127.871655574778,126.89233647652684,127.81044006347656,14302000,GOOGL
737994,129.80988959225203,132.7642708837393,129.18289754735918,132.38209533691406,41506000,GOOGL
737997,132.6940965511764,133.5982667591998,131.67197525217534,133.39723205566406,30572000,GOOGL
737998,133.6117255746799,133.75951753824316,129.4849554207035,131.27239990234375,54710000,GOOGL
737999,135.66340668703342,137.6389624126458,134.63382884778994,135.44644165039062,95130000,GOOGL
738000,135.502164347923,136.01073448465564,134.89805792374722,135.13143920898438,31716000,GOOGL
738001,134.39248350863042,134.66070190945484,133.61619609988043,134.08544921875,25576000,GOOGL
738004,134.47407749953126,134.69253074494517,133.15737467086495,134.21282958984375,21634000,GOOGL
738005,134.4919946425515,135.08615411628443,132.68514239501812,134.98464965820312,20762000,GOOGL
738006,134.7054924116893,135.00406801076176,133.84709325917578,134.48255920410156,19676000,GOOGL
738007,135.0348977292048,135.70122193743754,134.20436531020974,135.60317993164062,17870000,GOOGL
738008,135.39468924235564,135.8231370611958,134.56664735492504,135.09262084960938,20488000,GOOGL
738011,135.29566392097962,136.5312574721782,134.69552108517198,136.26153564453125,17760000,GOOGL
738012,136.68849445684972,137.11695747144506,135.7156522799874,136.1560516357422,19414000,GOOGL
738013,136.5287562128905,137.02736417817783,135.6230825969003,135.63055419921875,15352000,GOOGL
738014,135.3284756870086,136.64668188106796,134.78110492725747,136.5411834716797,16506000,GOOGL
738015,136.59693753421325,137.2005580055058,136.3809748009373,137.07215881347656,15948000,GOOGL
738018,136.87063034656046,137.7041545137353,134.65522403759903,137.65139770507812,22384000,GOOGL
738019,137.0945367133648,137.60758669753824,135.43447437705368,136.01121520996094,21716000,GOOGL
738020,135.85051374450163,136.45214485908588,134.67762388651653,134.8045196533203,19258000,GOOGL
738021,133.79583845464464,135.70370932909012,133.61121999580743,135.03440856933594,21782000,GOOGL
738022,135.3529015453147,136.89950834428095,134.60647010296915,136.77560424804688,31194000,GOOGL
738025,137.31302050167736,140.20419691127913,136.95274343167395,139.3751678466797,28454000,GOOGL
738026,139.94243918319472,141.4039576066751,139.67074315124864,140.58935546875,19268000,GOOGL
738027,140.9511195496134,141.51293245081183,140.70331138846305,141.4029541015625,15848000,GOOGL
738028,141.07552321093658,141.73984285117388,140.68438784337567,140.7675018310547,20610000,GOOGL
738029,140.9784742560107,143.82486618585608,140.82371186007694,143.31878662109375,28780000,GOOGL
738032,143.7129120778502,145.2759501615927,143.47704025354426,143.9025115966797,24434000,GOOGL
738033,144.4563572184306,144.48073104359895,143.5944805370566,144.0089874267578,22448000,GOOGL
738034,144.31006164544272,145.55809268141408,144.19411512479778,144.5245361328125,21936000,GOOGL
738035,144.52503156593625,144.8270847688829,142.50368970947488,142.60520935058594,32342000,GOOGL
738036,142.3996963220879,143.4690770503106,141.72292401737542,143.05555725097656,19850000,GOOGL
738040,143.15011712566266,143.87714056862364,142.93564262833766,143.593994140625,20124000,GOOGL
738041,143.41435941010917,143.71291982188708,142.31958727963766,143.00729370117188,18344000,GOOGL
738042,143.15607613822618,143.6238409930003,142.49623642197608,142.85800170898438,15314000,GOOGL
738043,143.5262995648744,144.0299038130707,140.0683446245425,140.2056884765625,36840000,GOOGL
738046,141.2740697555955,142.26981270269945,140.5779046748235,141.65525817871094,22094000,GOOGL
738047,142.31509952248695,142.68085878606388,141.075527179142,141.86624145507812,19674000,GOOGL
738048,142.09217850390087,143.7631905037513,140.67495804802732,143.74229431152344,27408000,GOOGL
738049,143.2655612442223,143.6134008192354,141.72393564031694,142.9266815185547,26190000,GOOGL
738050,142.34993679970833,142.7674353957721,139.80161903772358,140.1300506591797,53384000,GOOGL
738053,137.50410463134253,138.33861588686366,135.6733644328631,138.0594482421875,46518000,GOOGL
738054,139.08452712246012,139.34528907490864,137.62003235533393,138.37144470214844,25332000,GOOGL
738055,138.64118089062606,140.21664143476931,137.89225891810773,139.6160125732422,25056000,GOOGL
738056,140.31666950445637,141.02229564251655,139.73345921270854,140.54408264160156,20952000,GOOGL
738057,139.869793451718,141.65327424223068,139.57370839647646,141.53831481933594,22984000,GOOGL
738060,140.13452783317547,141.26313470256505,139.40103511550925,140.4007568359375,21882000,GOOGL
738061,137.99524013807448,138.4346371727659,134.7159204771809,135.18368530273438,45772000,GOOGL
738062,136.32823164044288,136.49842322992845,133.22806283131058,133.7142333984375,30848000,GOOGL
738063,133.622656505888,134.89755184426153,132.92050809949572,133.03993225097656,37996000,GOOGL
738064,133.80776143606408,136.25905453272804,133.43504691909288,135.89329528808594,35360000,GOOGL
738067,135.31357546219573,135.31357546219573,130.4264483437035,133.02352905273438,51202000,GOOGL
738068,133.40319914581136,136.57155342877454,133.40319914581136,135.37576293945312,32404000,GOOGL
738069,134.1088529037897,137.0945787569353,133.90980755081742,136.91046142578125,24364000,GOOGL
738070,138.23113770370094,139.37567501225084,137.99128707608887,138.56256103515625,25110000,GOOGL
738071,138.91287261391636,139.66328280927024,138.55508607158956,139.12039184570312,26526000,GOOGL
738074,138.62922859464507,140.04247013215831,138.19827504426897,138.25302124023438,17954000,GOOGL
738075,138.81631197535404,138.84319152031614,135.1140115321381,135.79974365234375,36332000,GOOGL
738076,136.74868739639234,137.34334792793803,135.86939224758427,136.92733764648438,19654000,GOOGL
738077,138.81036282552063,140.66499093729985,138.16444879019394,140.47938537597656,31894000,GOOGL
738078,140.9406758382608,141.04368373195877,140.08526840258062,140.69534301757812,30274000,GOOGL
738081,140.40522147605944,142.1165372496245,140.3982510180727,142.09861755371094,20396000,GOOGL
738082,142.7052317803547,142.97893238940557,141.92148796786472,142.55545043945312,20164000,GOOGL
738083,142.65595589699134,142.8629739512192,140.70378718712195,141.09442138671875,23288000,GOOGL
738084,141.0944440494257,141.47961128480844,139.83148489117926,141.2108917236328,26292000,GOOGL
738085,138.48788774197112,139.91406787765993,135.4086155032677,136.91192626953125,50588000,GOOGL
738088,136.89550600929624,137.34336176040858,134.77961499839506,136.79299926757812,34412000,GOOGL
738089,138.6008458288704,139.41643497807848,137.6464094076404,138.6456298828125,49236000,GOOGL
738090,138.7416746268211,147.9426797249673,138.7416746268211,145.52175903320312,85782000,GOOGL
738091,146.43440448452932,146.4577912079441,143.93882848959854,145.15501403808594,36206000,GOOGL
738092,144.38768811776507,147.53663452924428,143.96122969299242,147.34156799316406,43320000,GOOGL
738095,147.34157518450897,147.34157518450897,142.54400119567305,142.814208984375,46924000,GOOGL
738096,143.89157087310116,145.9114095190237,143.6487285755413,144.74050903320312,33482000,GOOGL
738097,145.20627603308367,145.97112823745937,143.90301282793487,145.9004669189453,27494000,GOOGL
738098,146.42446016537954,149.02105497248002,145.61184735875466,147.56202697753906,38412000,GOOGL
738099,148.45973203004758,149.61222689434263,147.49187081875615,148.1437530517578,38354000,GOOGL
738102,149.11209726310418,149.8983467767936,147.7242318662626,148.32188415527344,23052000,GOOGL
738103,148.5229328971828,149.1215723447412,146.54438548306328,148.20993041992188,19530000,GOOGL
738104,146.79815722294808,147.3654523063304,143.8497596311641,145.1992950439453,29970000,GOOGL
738105,145.79248880737023,146.8335170484895,144.9077112347004,145.0729217529297,16518000,GOOGL
738106,145.91787942176632,148.14175966941576,144.71911228012596,147.97056579589844,22360000,GOOGL
738109,148.19200352635517,148.83791753921437,146.8728099950018,147.74563598632812,23508000,GOOGL
738110,147.4445757053599,148.05465028259903,146.61155275810987,147.17237854003906,18904000,GOOGL
738111,147.3231366136416,147.85260288798642,146.5393928891999,147.34254455566406,19594000,GOOGL
738112,147.5361328386937,149.8640078202777,147.18083687440966,149.1255340576172,35608000,GOOGL
738113,149.26186954927837,150.2481666109135,148.19049948751575,148.21786499023438,33682000,GOOGL
738116,148.62194801430306,149.11657722814311,145.45210536092236,145.60586547851562,30594000,GOOGL
738117,145.45757001266105,145.962161355265,143.42927287777465,145.0883331298828,27218000,GOOGL
738118,144.7813049279646,145.5536135443126,143.6860469047569,145.4247283935547,18040000,GOOGL
738120,143.66166278037056,143.86966796123565,141.1675900002718,141.5064697265625,30470000,GOOGL
738123,143.31480818794302,145.6013766551945,143.208808626935,144.83802795410156,32596000,GOOGL
738124,144.31854124376352,145.30532448616282,140.927754233404,141.22235107421875,42068000,GOOGL
738125,143.31481246492976,145.2560319905602,140.24150848223852,140.38034057617188,34020000,GOOGL
738126,140.57789783145594,143.17995934258195,139.54731782673127,142.28573608398438,29194000,GOOGL
738127,142.99734930425885,143.7129223894223,139.6334268670618,141.32583618164062,41230000,GOOGL
738130,142.3598740528149,143.1680068287507,139.4831248653476,142.4738311767578,30618000,GOOGL
738131,144.90371251975077,146.82901692453825,144.53646503259998,146.56875610351562,32240000,GOOGL
738132,146.8942104886106,147.6869293703325,145.7093842979604,147.4813995361328,24270000,GOOGL
738133,146.88874530148956,148.39056794652467,146.41501223970755,146.93601989746094,23270000,GOOGL
738134,147.9924650222129,148.26864100016783,146.00596003616434,147.2972869873047,24458000,GOOGL
738137,147.07831366274226,147.26592378004827,144.82509398206858,145.13262939453125,27070000,GOOGL
738138,143.28298915319172,143.7925464490647,140.543082230658,143.22227478027344,38446000,GOOGL
738139,142.7266307700602,146.02286815487585,141.00386438529304,145.74420166015625,36370000,GOOGL
738140,146.47021601496812,146.9743061642129,142.92366527464372,143.7576904296875,33650000,GOOGL
738141,141.82196554942942,143.15011897500315,140.62767835046083,141.0506591796875,50416000,GOOGL
738144,139.33386391642733,141.0999262300845,138.65809382600625,140.93321228027344,27192000,GOOGL
738145,141.37757108055172,143.18443842835646,139.83395623082816,142.78982543945312,28756000,GOOGL
738146,142.38676234044013,145.8029249895758,142.38676234044013,145.71832275390625,26322000,GOOGL
738147,145.80293088513884,147.53813480597037,145.75515514574224,146.2174530029297,26384000,GOOGL
738151,146.55534121117975,147.6381618712238,146.46925071959046,147.20274353027344,15976000,GOOGL
738152,147.53065445426495,147.59335821023151,145.35954639528725,145.98902893066406,18200000,GOOGL
738153,145.9467357429029,146.7155667093918,144.95448562894353,145.95718383789062,17788000,GOOGL
738154,145.99600389046415,146.5991232280735,145.29983879730824,145.50485229492188,15688000,GOOGL
738155,145.35506319669503,146.0004760251165,144.1627655029297,144.1627655029297,18136000,GOOGL
738158,144.36479494039722,145.15701265332763,143.02918515577247,144.30160522460938,28646000,GOOGL
738159,144.7041819007758,145.78800478376272,143.03268400586742,143.71243286132812,28400000,GOOGL
738160,143.73283243513856,143.81195246481798,137.03286935371747,137.11944580078125,54618000,GOOGL
738161,136.34664244900424,139.2741441048197,135.9087336140623,137.09207153320312,37348000,GOOGL
738162,137.48817599061857,137.7897432622947,135.12049780917903,136.36505126953125,29760000,GOOGL
738165,134.43527149606194,138.1589694503338,132.53087842354833,138.00967407226562,44408000,GOOGL
738166,137.3503290474821,139.54881766216988,136.0420848882387,139.0710906982422,28730000,GOOGL
738167,140.47838544463346,141.9294558826235,140.02506260843495,140.75755310058594,26108000,GOOGL
738168,140.86651857043935,142.1702980929826,137.75041975538085,137.92758178710938,31436000,GOOGL
738169,136.426740644181,140.07232082607686,136.3466335227671,138.8168182373047,29662000,GOOGL
738173,135.52705085012096,136.47899680734477,134.79405929684148,135.35089111328125,34872000,GOOGL
738174,135.87388991456638,137.30306172956688,134.37306968151069,134.4735870361328,28648000,GOOGL
738175,135.60170661619608,136.97116649417453,132.33183224033456,132.67320251464844,29908000,GOOGL
738176,131.96259868346377,134.22377601264574,129.46752373899022,129.73126220703125,55652000,GOOGL
738179,125.37856914011596,130.5787136535352,123.90760490884028,130.18161010742188,76622000,GOOGL
738180,128.12743590180497,128.78329685194453,125.8985899276899,126.33101654052734,46960000,GOOGL
738181,130.49511541961544,132.3671620019992,126.53703372214112,128.6180877685547,49130000,GOOGL
738182,130.6792312241268,132.02131030726912,128.31900956615908,128.39117431640625,31950000,GOOGL
738183,129.04205751284695,132.72197391207828,127.87364760924652,132.71649169921875,34362000,GOOGL
738186,133.5236351765011,134.82840181492318,131.58042613665086,134.65969848632812,39986000,GOOGL
738187,136.93981071842938,137.13736781698725,133.72916238112396,136.98907470703125,68644000,GOOGL
738188,150.5303431846,150.82542598039552,144.83010166427562,147.29580688476562,123200000,GOOGL
738189,145.01221315480836,148.96282327293622,141.98666950094375,142.40914916992188,71518000,GOOGL
738190,142.7619744324609,144.18566414382084,139.84640903651453,142.61119079589844,57998000,GOOGL
738193,143.56362208702555,143.56362208702555,138.23907266305054,138.5386505126953,54974000,GOOGL
738194,138.36500783997346,139.3338713718658,136.36208647624022,138.73573303222656,54284000,GOOGL
738195,140.2927701568597,141.8463472422032,139.51996039462583,140.91827392578125,40144000,GOOGL
738196,139.03875915293037,140.81127531538016,137.30056376539412,137.9604034423828,39330000,GOOGL
738197,137.94051590489158,138.49435604596948,132.76524653286933,133.6435546875,39958000,GOOGL
738200,132.62244716175653,135.65146855696324,132.62244716175653,134.8811492919922,34302000,GOOGL
738201,136.91589375154155,137.45134338316527,135.1752230667243,135.95848083496094,26680000,GOOGL
738202,135.99631295565902,137.42896248282813,134.28200525127366,137.08262634277344,25022000,GOOGL
738203,135.59471046784896,136.4610670268482,131.84812723815682,131.90834045410156,38950000,GOOGL
738204,132.83193274174764,133.43207557532537,129.5770018418038,129.7825164794922,45620000,GOOGL
738208,129.22018986412897,131.55154234178266,127.61337018854968,129.19581604003906,44990000,GOOGL
738209,131.02209177354695,131.42267296291416,126.92069803114178,126.9809112548828,32786000,GOOGL
738210,124.35893767700956,132.3671514967105,124.35893767700956,132.0596160888672,54456000,GOOGL
738211,132.91654941840557,134.62786557319473,131.12460980022797,133.81973266601562,36406000,GOOGL
738214,132.4169288111751,135.10556696702054,131.96160142081268,134.4143829345703,38864000,GOOGL
738215,134.23671311624648,135.6071599580106,132.58462329799266,133.42359924316406,26496000,GOOGL
738216,133.98743256772605,134.61890456353234,132.43833526898584,133.9311981201172,23520000,GOOGL
738217,135.3628369812351,135.79029772447288,132.3925406301138,133.26239013671875,24604000,GOOGL
738218,132.29500752871238,133.2146069267177,129.71731977017836,131.2788543701172,30430000,GOOGL
738221,130.8623688892495,131.1081876768891,125.69406950217386,125.77717590332033,45112000,GOOGL
738222,125.64927615455636,130.62548511117242,125.07651401769192,126.4997100830078,40428000,GOOGL
738223,130.62549842385695,133.09917627893765,129.28241693830725,132.78517150878906,37026000,GOOGL
738224,130.6414308049341,132.63788279324265,130.28961242579786,131.7993927001953,27102000,GOOGL
738225,132.85332926637238,133.15887530088736,129.01468700810108,129.25254821777344,31526000,GOOGL
738228,129.63024802938145,129.78848807824545,124.67892145628272,125.35169982910156,38812000,GOOGL
738229,126.37180948996588,129.23662223260322,125.12228273153698,128.58323669433594,30920000,GOOGL
738230,130.1109526032966,132.69857226432342,128.12195717811286,132.64633178710938,35576000,GOOGL
738231,132.51544446609907,133.44251542685555,131.55602693390728,133.20216369628906,28264000,GOOGL
738232,132.7896462062571,135.59573437858364,131.62919384052108,135.47779846191406,44566000,GOOGL
738235,135.51560466660072,136.39789162419223,133.4544597507842,135.4539031982422,26832000,GOOGL
738236,135.45391090476724,140.37886680791058,135.45391090476724,139.20248413085938,35496000,GOOGL
738237,138.0425238994977,138.9243097056279,137.17915893523153,137.6175537109375,25154000,GOOGL
738238,138.53765371288432,140.94514991308523,137.09505730306245,140.89837646484375,26396000,GOOGL
738239,141.2407413681991,141.35917842740724,139.07260969193993,140.9989013671875,24126000,GOOGL
738242,140.23007305677257,141.32683456688196,139.1462501767931,140.78244018554688,35050000,GOOGL
738243,141.96876091620584,143.10930412787826,141.36264991460445,141.82742309570312,34318000,GOOGL
738244,141.78215606095287,142.041414610686,140.92624749010545,141.2631378173828,19884000,GOOGL
738245,141.3770755393763,141.43182173454176,138.36299756837354,138.40579223632812,37524000,GOOGL
738246,138.83622510765764,139.80259792884758,137.6493944528036,139.48362731933594,25942000,GOOGL
738249,139.69065571151913,143.02819955507672,139.6428799730055,142.2912139892578,25942000,GOOGL
738250,142.1892190441835,142.31013145949348,139.71455405588372,139.92205810546875,21418000,GOOGL
738251,138.08980328110664,138.69740254618586,134.87218475857597,135.89828491210938,32468000,GOOGL
738252,135.36282523850036,136.5118422894148,133.58880560045588,135.24191284179688,26234000,GOOGL
738253,134.93835487299648,135.0244453490223,132.33281575795365,132.65328979492188,25142000,GOOGL
738256,131.19625072432203,131.46396795737343,128.0562642583226,128.2105255126953,36884000,GOOGL
738257,130.97382925450697,130.97382925450697,126.1857162540227,127.1068115234375,32710000,GOOGL
738258,127.39093966649725,129.7138334675101,127.13316938924751,129.2759246826172,27928000,GOOGL
738259,129.8586621668281,129.8586621668281,125.99860730059868,126.1269989013672,31598000,GOOGL
738263,126.39570550350903,127.60243008197236,125.5815969413718,127.06898498535156,20808000,GOOGL
738264,127.08393333342498,129.71285968020723,126.3952245781442,129.39041137695312,26490000,GOOGL
738265,130.2691902594668,130.77378162705162,126.89333171577132,127.43075561523438,31696000,GOOGL
738266,128.63499994743174,129.47945810187937,123.93397230591673,124.2206039428711,36446000,GOOGL
738267,124.40523047709615,124.80531812352368,118.35913931314636,119.06625366210938,56884000,GOOGL
738270,118.53430015780602,122.69092625776436,117.94711109788152,122.48839569091795,46128000,GOOGL
738271,121.71260107377316,121.92707556109316,117.9471030393136,118.08544158935548,73054000,GOOGL
738272,113.92483415386953,116.68414126004244,112.20008592742334,113.75067138671876,91820000,GOOGL
738273,115.86107166046904,119.08017825241916,113.57201255036028,117.9585418701172,48884000,GOOGL
738274,116.17905335741958,117.35891362880432,113.27294906445184,113.56654357910156,42676000,GOOGL
738277,112.8653947099302,116.1899998094352,112.06422476007552,116.0282745361328,35534000,GOOGL
738278,115.87649904343225,117.87843306840782,115.48238717008276,116.77570343017578,24968000,GOOGL
738279,116.47464340177528,122.26993450529204,114.5682532843944,121.67926025390624,49916000,GOOGL
738280,119.63205251164236,120.46307853692151,114.45828622672607,115.9511489868164,45840000,GOOGL
738281,114.63642503497805,117.01206812575884,113.47298870444128,115.19574737548828,39710000,GOOGL
738284,112.71112905218553,114.52943920583498,111.46757799921504,111.97564697265624,40802000,GOOGL
738285,114.95788698251472,115.6968542910652,112.3632894735676,113.85067749023438,39900000,GOOGL
738286,112.6977024843236,115.81081721712016,112.6977024843236,113.06195831298828,37534000,GOOGL
738287,110.84754643399384,113.7511601444871,109.30193451554294,112.30706787109376,53836000,GOOGL
738288,113.98803256594428,117.31413370158948,113.0644543201258,115.4983139038086,35038000,GOOGL
738291,114.4085130103672,115.61723456489342,113.3475909938614,113.90044403076172,25990000,GOOGL
738292,116.2845443739888,116.3437628986314,114.32342334704686,115.91879272460938,23054000,GOOGL
738293,114.45281484671835,114.85091311262988,111.02470046541804,111.3670654296875,35126000,GOOGL
738294,110.90128865895409,112.4722766682842,109.47659675819855,109.85877227783205,34144000,GOOGL
738295,111.418305686061,111.6497051639263,105.29309506741204,108.38978576660156,48962000,GOOGL
738298,109.06605749514743,111.61387396167297,108.22358115699087,110.95751190185548,37184000,GOOGL
738299,105.2687186039844,105.951952644931,101.3997115588744,105.4657745361328,76780000,GOOGL
738300,104.4859550231304,105.9932521987734,103.36232921245352,105.3015594482422,40258000,GOOGL
738301,105.1741741646191,108.13252659391176,104.72432138922662,107.27960968017578,37948000,GOOGL
738302,108.96206020855854,111.7835698138087,108.61919412203534,111.78207397460938,37914000,GOOGL
738306,112.21002456042172,115.18430708649076,111.54520378568203,113.22069549560548,50012000,GOOGL
738307,114.30850533505888,116.5443142545468,112.71113883445744,113.35008239746094,36606000,GOOGL
738308,113.4575744099896,117.33851811955124,112.40908976134668,117.06283569335938,37992000,GOOGL
738309,115.5102546444716,115.76802495065247,112.97836071006884,113.9959945678711,26136000,GOOGL
738312,116.14919546785866,118.77912375848886,115.61127043127397,116.2646484375,33542000,GOOGL
738313,114.93102936741136,117.13101415848703,114.50457089395812,116.5920867919922,31590000,GOOGL
738314,116.20592298566976,118.0063211125802,116.04519240682264,116.63636779785156,26108000,GOOGL
738315,115.77399830108254,117.7361218438542,114.22988211545837,114.28910064697266,25798000,GOOGL
738316,111.90996185455047,112.73999313613125,109.84085182107376,110.632568359375,41452000,GOOGL
738319,106.27839110394775,108.27384824703032,105.61407143207576,105.88626861572266,47252000,GOOGL
738320,106.028088147295,107.41097248913955,105.29658482140374,106.20772552490234,33706000,GOOGL
738321,108.02851540213744,110.89332070160148,107.1571853080472,109.24221801757812,39698000,GOOGL
738322,106.71082612689229,108.13153172918454,104.6377371893725,105.52897644042967,51684000,GOOGL
738323,105.52897843764345,108.18229360105146,104.54617406358982,106.63369750976562,51376000,GOOGL
738327,108.4111905769262,111.95425661827566,108.08326009819568,111.01325225830078,47416000,GOOGL
738328,110.03044617871146,112.80716393802024,109.85727053284596,110.95701599121094,30774000,GOOGL
738329,111.69747579437303,112.20604591984647,109.97471708378085,111.70792388916016,28362000,GOOGL
738330,112.45735057227829,117.51715954815482,112.41504945457396,117.41365051269533,41164000,GOOGL
738333,117.71023220229814,118.01526949121951,114.6314459624472,115.28234100341795,36420000,GOOGL
738334,115.2514813531098,116.75131444596563,111.31579952883644,111.47454071044922,35792000,GOOGL
738335,111.02121152936432,112.62205554244028,110.3449403751085,111.16999816894533,24716000,GOOGL
738336,109.47660264341168,110.3603778852546,106.24206665621996,108.4445343017578,43170000,GOOGL
738337,107.41943163222562,108.73016641639376,106.22265397774429,108.22010803222656,35476000,GOOGL
738341,106.59089908908788,112.83753130607606,105.22840975036895,112.7240753173828,39342000,GOOGL
738342,112.76287894118538,115.03949284975673,110.94556355714842,114.0268325805664,37432000,GOOGL
738343,114.53242824450784,118.62237150865168,114.28710302372733,118.21780395507812,40936000,GOOGL
738344,116.69209965966292,119.11551098399944,116.34525479851376,118.78559112548828,38238000,GOOGL
738347,117.4365476052986,117.4365476052986,114.78173665895066,115.12609100341795,31196000,GOOGL
738348,115.66201280608396,116.41740394407732,113.14903353840538,113.47795867919922,29960000,GOOGL
738349,111.169489086317,113.65261985102296,110.67236938242496,110.82364654541016,43722000,GOOGL
738350,109.68610316058955,110.56440377859388,107.85734476528512,109.84235382080078,37004000,GOOGL
738351,111.46758971888954,112.60216483443524,110.37232404487976,111.24564361572266,46770000,GOOGL
738354,112.10403881377384,113.13909122528293,107.85435955238536,108.51121520996094,43164600,GOOGL
738355,110.32255584496409,113.4774706382516,109.03869296718022,113.26847076416016,36530900,GOOGL
738356,112.63150243769348,114.85089479075845,111.94479082146567,113.3580322265625,35600400,GOOGL
738357,113.73623213542244,114.00495167460863,110.58131743938424,113.7959442138672,32676200,GOOGL
738358,110.4718448830274,111.80546531170556,105.99325657695871,107.3865966796875,48901200,GOOGL
738361,107.89417039822348,109.3472225583573,105.79420953019157,106.99845123291016,34690900,GOOGL
738362,106.0927781113769,106.68992169386529,103.57481748327088,104.52029418945312,47991000,GOOGL
738363,108.74011946731692,113.3679952824466,107.49606723707195,112.52203369140624,59858500,GOOGL
738364,111.83532546250932,113.79594545946628,110.9296517663576,113.67652130126952,32816600,GOOGL
738365,112.54194397943672,116.15466896108312,112.52203489140882,115.76652526855467,37223400,GOOGL
738368,114.75137773642172,116.16461921046162,113.79593896680588,114.31346893310548,26034300,GOOGL
738369,113.4575633556852,115.79638002904798,113.17889687110984,114.58218383789062,20236000,GOOGL
738370,115.1594320713057,118.0555894622438,114.93053070088143,117.51815795898438,28499000,GOOGL
738371,116.92101136605848,118.21482116526452,116.3338147488148,117.62763214111328,21602900,GOOGL
738372,115.67695880145602,117.54801066886964,115.44804984442452,116.91105651855467,19159500,GOOGL
738375,117.82667699099878,119.57830469839134,116.32385973549924,116.74186706542967,19138300,GOOGL
738376,116.58262580661216,116.7617696373508,115.1594297049364,116.0750503540039,19086500,GOOGL
738377,118.21481912974993,120.34463596242324,117.84658452538288,119.13043975830078,30930400,GOOGL
738378,120.70292085614057,120.9119207170252,117.99586202223844,118.27452850341795,24293700,GOOGL
738379,119.6877792993413,121.10102081298828,118.89158283337814,121.10102081298828,19096300,GOOGL
738382,120.55363833935156,121.71807703386352,120.03611593641816,121.4991226196289,19494800,GOOGL
738383,120.9417744547049,121.84744809440268,120.06596444578726,121.12091827392578,19041200,GOOGL
738384,119.54845056051758,120.71288167155528,118.81196614417377,118.98116302490234,22847000,GOOGL
738385,118.86172117631769,120.24510658589205,118.15510045289486,119.59819793701172,17987700,GOOGL
738386,118.49349390349892,118.5830696196713,116.20444217204935,116.6522979736328,21809500,GOOGL
738389,114.65184995934078,115.07980422824266,113.30827507565556,113.69641876220705,21456600,GOOGL
738390,112.94003292848387,114.46275153442912,112.89026780559884,113.31822204589844,15870400,GOOGL
738391,112.95994947111636,114.23385781853897,112.3329498419266,113.1490478515625,17734600,GOOGL
738392,113.69641910388675,116.1646220653855,113.56704040567818,116.09495544433594,16956800,GOOGL
738393,114.17414361532892,114.57224186477184,109.66569935363756,109.81497955322266,37245700,GOOGL
738396,109.46664053448023,110.42207172581055,108.2823079873906,108.89935302734376,21191200,GOOGL
738397,109.64578930257257,109.97422092496215,107.28707105272044,108.42164611816406,27513300,GOOGL
738398,110.12351621186504,110.32256155184112,107.61550240684566,107.705078125,28627000,GOOGL
738399,107.7647823363138,109.9244552489746,106.8491616903598,109.21783447265624,28360900,GOOGL
738400,110.0637828114956,110.2130705944094,106.74963351488796,107.33682250976562,24160700,GOOGL
738404,106.789447015008,107.51596926896929,105.27667524334036,106.30177307128906,25068300,GOOGL
738405,106.55058712829104,109.45669902186587,106.39135238503752,108.92921447753906,23167000,GOOGL
738406,107.52593262689165,109.07850751547036,106.65012251414598,107.86431121826172,24238300,GOOGL
738407,108.55102080160148,110.46188319968864,108.5012556752909,110.12350463867188,23197700,GOOGL
738410,110.4618829702706,111.08889015087576,109.40692911388912,110.33250427246094,22966800,GOOGL
738411,107.2870684416698,107.7846893387219,103.594714703622,103.82362365722656,38172900,GOOGL
738412,104.07243482099148,104.77905558849064,103.16676873054044,104.5003890991211,26395100,GOOGL
738413,103.53499978150074,104.76909744622156,101.86299330961457,102.42033386230467,34188300,GOOGL
738414,101.58432982803475,102.639283702151,100.45970933191258,102.31085968017578,42797200,GOOGL
738417,101.26584814817858,102.83833193685108,101.06680283524696,102.5795669555664,23036800,GOOGL
738418,101.59428213900198,101.882903164709,100.04169980785068,100.65875244140624,26517100,GOOGL
738419,101.18622915681168,102.39047078999764,98.79764738492318,98.80760192871094,31487300,GOOGL
738420,98.34979431212098,100.75827764430566,98.319938273034,99.66351318359376,34298600,GOOGL
738421,99.15593670389735,99.18580033576464,97.00621838807965,98.27017211914062,31625400,GOOGL
738424,97.63321424053862,99.40474334217092,97.33464627113644,97.702880859375,27072700,GOOGL
738425,98.95688868137792,99.52417618189102,96.40907220091096,97.03607177734376,30072800,GOOGL
738426,97.18536972439702,100.22085285955642,96.64793820563632,99.5739517211914,32466300,GOOGL
738427,98.17064759037244,98.17064759037244,95.50339934291236,96.95645141601562,31047200,GOOGL
738428,96.58821763291844,98.4294134043774,95.10530191604596,95.19487762451172,32941500,GOOGL
738431,96.29960237487208,98.8175630102199,96.06073886671564,98.170654296875,27982000,GOOGL
738432,99.96208499329003,101.3554173854522,99.90236532427448,101.1563720703125,28850800,GOOGL
738433,99.35499464162504,101.4450009855778,98.3298967620206,100.94738006591795,22176900,GOOGL
738434,100.20094688426994,102.4402409824645,100.11137117193404,100.93742370605467,22324000,GOOGL
738435,99.37489560091394,100.0516603517211,97.83227531415282,98.21046447753906,27502800,GOOGL
738438,98.52893845076046,98.62846111239529,96.5484093897858,97.39436340332033,18225100,GOOGL
738439,96.96640076120472,98.77774038186384,95.8517273049946,96.71759033203124,26507100,GOOGL
738440,96.837022039716,98.28011949121102,96.27968151524828,97.09577941894533,21876400,GOOGL
738441,94.69726194514988,99.3052288992334,93.93092148147386,98.58865356445312,34574500,GOOGL
738442,99.51422753973247,100.21090137017602,95.91145700787062,96.10054779052734,25410700,GOOGL
738445,98.38961227226264,100.44976264774354,98.35975623093717,99.49433135986328,28419200,GOOGL
738446,102.63928332260754,102.977669480451,99.49432320685048,100.29051208496094,24060700,GOOGL
738447,99.53414159458752,100.53933041676378,98.4493240073362,99.15594482421876,23811100,GOOGL
738448,99.52418740118875,101.83314824517264,98.91708925059407,99.49433135986328,25323200,GOOGL
738449,97.38441171770614,100.82794754437543,97.25503301309251,100.6488037109375,32458700,GOOGL
738452,101.31562068072591,102.26109737591833,99.5042808654796,102.03218841552734,27176400,GOOGL
738453,102.41038054718946,104.3212429399577,102.23123672329918,103.9828643798828,40611400,GOOGL
738454,95.97117241436078,97.8422243688905,94.23945371213154,94.47830963134766,88114100,GOOGL
738455,94.0702559128444,94.97592963709896,91.36320447078889,91.7812042236328,60710900,GOOGL
738456,91.8309566371646,96.0905978772498,91.6916233939895,95.8318328857422,43697300,GOOGL
738459,94.9659688055794,95.57306689870096,93.53282580597906,94.060302734375,31675000,GOOGL
738460,94.99582786175144,95.57306993471084,89.940005230544,90.0395278930664,47161400,GOOGL
738461,90.50729412723294,90.74615003951524,86.46660714853941,86.55618286132812,57038300,GOOGL
738462,85.90927598104008,86.10832131332283,82.94345193423364,83.03302764892578,61288000,GOOGL
738463,84.99365177935555,86.22774949314112,83.3116906968652,86.16803741455078,51124900,GOOGL
738466,86.86469761800363,88.47699196596784,86.43674336723429,88.06893920898438,34078900,GOOGL
738467,88.47699737548828,89.89023890654045,87.17322545658932,88.47699737548828,30429000,GOOGL
738468,88.02913095745633,89.01442577049444,86.8646999163299,86.90451049804688,31769100,GOOGL
738469,91.81105799655386,93.94087488626228,91.1741038384967,93.4930191040039,51620100,GOOGL
738470,94.23944635528495,96.4687858111508,93.47310593436433,95.95126342773438,33090500,GOOGL
738473,94.63753085381283,96.3294463219346,94.06029643096562,95.24462890625,30179500,GOOGL
738474,97.79245956917396,99.66351138474528,96.2498317707238,97.97160339355467,41640800,GOOGL
738475,97.43417722407897,99.16589589196096,97.17541222075646,98.37965393066406,29105200,GOOGL
738476,96.50859755213386,98.80760365631384,96.32945372628268,97.89198303222656,26052600,GOOGL
738477,98.30003586236528,98.42942216465435,95.91146145604598,96.96641540527344,28342300,GOOGL
738480,96.82707209430102,97.93179105937274,94.90625518678002,95.14511108398438,21647400,GOOGL
738481,95.4934541891789,96.7574156135626,93.60250071461526,96.58822631835938,23438500,GOOGL
738482,96.62802445978608,98.2900840665078,96.62802445978608,97.99150848388672,18868100,GOOGL
738484,97.77254895921286,98.17064718420455,96.93654952051315,96.99626159667967,9701400,GOOGL
738487,96.5782667025875,97.11569819421372,95.1550706024734,95.59297943115234,26237500,GOOGL
738488,95.2745073253337,95.6626510462463,93.66221276632476,94.73707580566406,20061700,GOOGL
738489,94.36883510796932,100.5592408394296,93.97073683587386,100.5094757080078,43647500,GOOGL
738490,100.5393317496237,101.763482607526,99.77299884014164,100.5094757080078,28687100,GOOGL
738491,98.57870403410196,100.29051356417902,98.429416244413,99.96208953857422,21480700,GOOGL
738494,98.92703166952748,100.897606086398,98.5289334501006,99.00665283203124,24405100,GOOGL
738495,98.82750758572617,99.30521936766596,95.96120652171987,96.51854705810548,24910700,GOOGL
738496,95.95125726651678,96.41901449377832,94.26929634050404,94.48825073242188,31045400,GOOGL
738497,94.92615870890565,95.12521162173816,93.00534176035212,93.26410675048828,32213300,GOOGL
738498,93.32382786918778,93.8115018580551,92.30868449121564,92.3883056640625,28225400,GOOGL
738501,92.2688614145164,93.11481538049334,91.17409701189376,92.86600494384766,29420000,GOOGL
738502,97.2948424708287,99.0564171516584,94.57782896066584,95.17497253417967,40593700,GOOGL
738503,94.74702397460736,96.4090836855868,93.15463848462352,94.61764526367188,28733600,GOOGL
738504,92.68686895444696,93.19444441414178,89.58171930241409,90.42767333984376,40107000,GOOGL
738505,90.32814916628604,90.89543669655228,89.09404384987789,89.83052825927734,58011800,GOOGL
738508,89.83052771403993,90.1290957005775,87.7902789704508,88.0191879272461,29493000,GOOGL
738509,87.69076176428035,88.75567026134895,87.02395153379007,88.59642791748047,23453800,GOOGL
738510,88.65613432749684,89.79070928196998,87.89974849348417,89.15375518798828,24745600,GOOGL
738511,87.74052072393032,88.11870987437933,85.909271863705,87.34242248535156,27658300,GOOGL
738512,86.69551223985816,89.12390461779462,86.655701657406,88.80542755126953,23003000,GOOGL
738516,88.37747674118715,88.51680998867842,86.59599297044319,86.97418212890625,20097300,GOOGL
738517,86.56614139398224,87.62109534883498,85.5310889356147,85.61070251464844,19523200,GOOGL
738518,86.2078424115069,88.42722724367383,86.1978878680228,88.02912902832031,23333500,GOOGL
738519,86.56612850885591,87.87984728103041,86.1580757572641,87.8101806640625,23986300,GOOGL
737426,93.75,94.90049743652344,93.2074966430664,94.90049743652344,80580000,AMZN
737427,93.2249984741211,94.30999755859376,93.2249984741211,93.74849700927734,75288000,AMZN
737430,93.0,95.18450164794922,93.0,95.1439971923828,81236000,AMZN
737431,95.2249984741211,95.69450378417967,94.60199737548828,95.34300231933594,80898000,AMZN
737432,94.9020004272461,95.5500030517578,94.3219985961914,94.59850311279295,70160000,AMZN
737433,95.49449920654295,95.89099884033205,94.79000091552734,95.05249786376952,63346000,AMZN
737434,95.26850128173828,95.34700012207033,94.0,94.15799713134766,57074000,AMZN
737437,94.56549835205078,94.9000015258789,94.04000091552734,94.56500244140624,55616000,AMZN
737438,94.29399871826172,94.35549926757812,92.92749786376952,93.47200012207033,68818000,AMZN
737439,93.6125030517578,93.94300079345705,92.75450134277344,93.10099792480467,57932000,AMZN
737440,94.14949798583984,94.27950286865234,93.3010025024414,93.89700317382812,53190000,AMZN
737441,94.29450225830078,94.33200073242188,92.8625030517578,93.23600006103516,79946000,AMZN
737445,93.25,94.7135009765625,93.0,94.5999984741211,74156000,AMZN
737446,94.80449676513672,95.125,94.16699981689452,94.3730010986328,64326000,AMZN
737447,94.25550079345705,94.4990005493164,93.63800048828124,94.22899627685548,49692000,AMZN
737448,94.56849670410156,94.74949645996094,92.37200164794922,93.08200073242188,75324000,AMZN
737451,91.0,92.0500030517578,90.76699829101562,91.41699981689452,70570000,AMZN
737452,92.0250015258789,92.90550231933594,91.5009994506836,92.6624984741211,56160000,AMZN
737453,93.1999969482422,93.7375030517578,92.7509994506836,92.9000015258789,41760000,AMZN
737454,92.9000015258789,93.64350128173828,92.53050231933594,93.53399658203124,126548000,AMZN
737455,102.57350158691406,102.78600311279295,100.1135025024414,100.43599700927734,311346000,AMZN
737458,100.52999877929688,102.4250030517578,100.0124969482422,100.20999908447266,117834000,AMZN
737459,101.49400329589844,102.98999786376952,100.76850128173828,102.4834976196289,105786000,AMZN
737460,103.5510025024414,103.5510025024414,101.5999984741211,101.99349975585938,87524000,AMZN
737461,102.0510025024414,102.81500244140624,101.23999786376952,102.5114974975586,63660000,AMZN
737462,102.09950256347656,104.92649841308594,101.90499877929688,103.96399688720705,101906000,AMZN
737465,104.25050354003906,106.77999877929688,104.2480010986328,106.69550323486328,101124000,AMZN
737466,107.54499816894533,109.29750061035156,106.8000030517578,107.54000091552734,114920000,AMZN
737467,108.16000366210938,109.0124969482422,107.7645034790039,108.0,66686000,AMZN
737468,107.24949645996094,108.51399993896484,107.0999984741211,107.49349975585938,60636000,AMZN
737469,107.78399658203124,107.9520034790039,106.29450225830078,106.74349975585938,52124000,AMZN
737473,106.2509994506836,108.30349731445312,106.20549774169922,107.78350067138672,58912000,AMZN
737474,108.38999938964844,109.25499725341795,108.05599975585938,108.51100158691406,51224000,AMZN
737475,108.65350341796876,108.8395004272461,106.37249755859376,107.65499877929688,62626000,AMZN
737476,107.10749816894533,107.22750091552734,104.4000015258789,104.79850006103516,92926000,AMZN
737479,100.15899658203124,101.96499633789062,99.39849853515624,100.4645004272461,130940000,AMZN
737480,101.3209991455078,101.7300033569336,97.9209976196289,98.63700103759766,124382000,AMZN
737481,98.51399993896484,100.7334976196289,98.02249908447266,98.97949981689452,104492000,AMZN
737482,96.71900177001952,98.75,94.13800048828124,94.21499633789062,162880000,AMZN
737483,90.73149871826172,94.48799896240234,90.55650329589844,94.1875,189620000,AMZN
737486,95.32450103759766,97.72550201416016,93.5,97.69750213623048,135234000,AMZN
737487,98.76850128173828,99.81649780273438,94.40450286865234,95.44950103759766,150690000,AMZN
737488,97.32849884033205,98.9000015258789,96.0999984741211,98.79149627685548,95458000,AMZN
737489,96.6500015258789,98.03600311279295,95.5,96.20149993896484,94964000,AMZN
737490,93.75,95.5435028076172,93.4749984741211,95.05449676513672,105472000,AMZN
737493,88.69300079345703,93.13849639892578,88.06449890136719,90.03050231933594,156264000,AMZN
737494,93.54399871826172,94.7135009765625,90.90850067138672,94.59100341796876,142666000,AMZN
737495,92.89250183105467,93.56600189208984,90.0749969482422,91.04299926757812,112496000,AMZN
737496,86.0989990234375,88.25,83.75,83.83049774169922,226924000,AMZN
737497,87.75,89.31549835205078,84.03099822998047,89.25,176194000,AMZN
737500,82.07550048828125,87.97250366210938,81.30149841308594,84.4574966430664,178346000,AMZN
737501,88.77349853515625,92.88899993896484,84.46199798583984,90.39199829101562,218342000,AMZN
737502,87.5,92.08300018310548,87.25,91.5,192904000,AMZN
737503,93.0,97.25,91.63249969482422,94.04650115966795,207998000,AMZN
737504,96.31549835205078,97.8499984741211,91.0364990234375,92.30449676513672,196358000,AMZN
737507,91.3874969482422,95.97000122070312,90.5999984741211,95.1415023803711,156170000,AMZN
737508,97.5749969482422,97.75,95.01699829101562,97.00499725341795,142942000,AMZN
737509,96.03450012207033,97.51300048828124,94.28900146484376,94.29199981689452,129582000,AMZN
737510,95.0999984741211,97.82450103759766,94.4645004272461,97.77449798583984,124426000,AMZN
737511,96.54299926757812,96.989501953125,94.99600219726562,95.00499725341795,107758000,AMZN
737514,96.1415023803711,98.68150329589844,95.61699676513672,98.19750213623048,122522000,AMZN
737515,98.21749877929688,99.6510009765625,97.20050048828124,97.48600006103516,102472000,AMZN
737516,96.64849853515624,97.2480010986328,94.6500015258789,95.38500213623048,82438000,AMZN
737517,95.08200073242188,96.37650299072266,94.5,95.94149780273438,86720000,AMZN
737518,95.55750274658205,96.31649780273438,94.4574966430664,95.32949829101562,72198000,AMZN
737521,96.8000030517578,99.9260025024414,96.5009994506836,99.87950134277344,115464000,AMZN
737522,100.85549926757812,101.78600311279295,99.88099670410156,100.58000183105467,102280000,AMZN
737523,101.0500030517578,102.1999969482422,100.55750274658205,102.1500015258789,79546000,AMZN
737524,102.21499633789062,102.6500015258789,100.88300323486328,102.13800048828124,92930000,AMZN
737528,102.0,109.0,101.9000015258789,108.44349670410156,134334000,AMZN
737529,110.02349853515624,114.5999984741211,109.3105010986328,114.16600036621094,161744000,AMZN
737530,112.88400268554688,116.6685028076172,112.25,115.38400268554688,137332000,AMZN
737531,117.3000030517578,123.0500030517578,116.75,120.40950012207033,240764000,AMZN
737532,118.6165008544922,120.0,115.8010025024414,118.75,158600000,AMZN
737535,119.49749755859376,122.2490005493164,119.30249786376952,119.68049621582033,115414000,AMZN
737536,120.83049774169922,121.41549682617188,113.98300170898438,116.40599822998048,149534000,AMZN
737537,118.4499969482422,119.6999969482422,117.5500030517578,118.17449951171876,84244000,AMZN
737538,119.9990005493164,121.21099853515624,119.10399627685548,119.97250366210938,101332000,AMZN
737539,120.8499984741211,121.02149963378906,119.0999984741211,120.51100158691406,76498000,AMZN
737542,122.16000366210938,122.24400329589844,118.1500015258789,118.8000030517578,112912000,AMZN
737543,118.6050033569336,118.6750030517578,115.3000030517578,115.7040023803711,105388000,AMZN
737544,116.50050354003906,119.59449768066406,115.5,118.635498046875,91832000,AMZN
737545,120.99199676513672,123.75,119.80049896240234,123.6999969482422,190692000,AMZN
737546,116.83999633789062,118.12200164794922,112.90950012207033,114.302001953125,195452000,AMZN
737549,112.81900024414062,116.3489990234375,112.81900024414062,115.79949951171876,97318000,AMZN
737550,117.0,117.5500030517578,115.35649871826172,115.88999938964844,64850000,AMZN
737551,116.47200012207033,117.87249755859376,116.0,117.56300354003906,62356000,AMZN
737552,118.73899841308594,118.8000030517578,117.15550231933594,118.38050079345705,67928000,AMZN
737553,118.60700225830078,119.36199951171876,117.8499984741211,118.98049926757812,64132000,AMZN
737556,118.73500061035156,120.9834976196289,118.60549926757812,120.4499969482422,65184000,AMZN
737557,120.59249877929688,120.9499969482422,117.75,117.84750366210938,61498000,AMZN
737558,118.33999633789062,120.38500213623048,116.88999938964844,118.39600372314452,95658000,AMZN
737559,118.05049896240234,119.56849670410156,117.6604995727539,119.44249725341795,72962000,AMZN
737560,118.4260025024414,120.5500030517578,117.81849670410156,120.48899841308594,84700000,AMZN
737563,120.21749877929688,121.6500015258789,119.20050048828124,121.31300354003906,87144000,AMZN
737564,121.4915008544922,124.25,121.44850158691406,122.46649932861328,86410000,AMZN
737565,123.89350128173828,125.00050354003906,123.3635025024414,124.89700317382812,79962000,AMZN
737566,125.0,126.27249908447266,122.1269989013672,122.33699798583984,102288000,AMZN
737567,122.75050354003906,123.49250030517578,121.50650024414062,121.84400177001952,57342000,AMZN
737571,122.9000015258789,123.0999984741211,120.7030029296875,121.09300231933594,71364000,AMZN
737572,120.24949645996094,120.6790008544922,116.5,120.51950073242188,101138000,AMZN
737573,119.21649932861328,121.84850311279295,118.9114990234375,120.05500030517578,63804000,AMZN
737574,120.7969970703125,122.11849975585938,119.91000366210938,122.11849975585938,70198000,AMZN
737577,122.4000015258789,123.84649658203124,122.20850372314452,123.552001953125,58578000,AMZN
737578,123.3499984741211,123.67649841308594,122.2655029296875,123.62049865722656,50598000,AMZN
737579,123.40049743652344,124.4000015258789,123.05850219726562,123.91999816894533,53420000,AMZN
737580,123.87149810791016,125.3769989013672,122.50050354003906,123.02999877929688,58974000,AMZN
737581,122.22550201416016,124.43250274658205,121.85649871826172,124.1500015258789,66128000,AMZN
737584,125.01000213623048,126.5,124.36699676513672,126.2030029296875,79414000,AMZN
737585,126.47200012207033,131.32150268554688,126.25,130.04299926757812,103520000,AMZN
737586,132.25,136.11749267578125,131.31300354003906,132.37249755859375,98920000,AMZN
737587,130.1750030517578,133.56900024414062,126.8115005493164,127.89800262451172,116002000,AMZN
737588,130.0605010986328,131.07400512695312,125.1675033569336,127.2509994506836,108722000,AMZN
737591,126.33000183105467,129.1999969482422,125.4000015258789,128.63400268554688,77302000,AMZN
737592,131.0,131.0,128.8000030517578,130.7635040283203,71712000,AMZN
737593,132.375,132.75,131.59100341796875,132.0489959716797,59186000,AMZN
737594,132.35049438476562,132.98199462890625,131.8054962158203,132.69900512695312,49756000,AMZN
737595,133.9040069580078,134.8715057373047,132.9499969482422,133.75050354003906,115540000,AMZN
737598,134.22500610351562,135.75,133.4499969482422,135.6909942626953,64176000,AMZN
737599,136.30099487304688,139.15550231933594,135.90199279785156,138.2205047607422,84634000,AMZN
737600,139.0,139.8000030517578,136.0500030517578,136.72000122070312,90532000,AMZN
737601,136.9774932861328,137.81149291992188,135.60699462890625,137.72900390625,59374000,AMZN
737602,138.7530059814453,139.1284942626953,134.39999389648438,134.64349365234375,130016000,AMZN
737605,134.50050354003906,134.83999633789062,131.50399780273438,134.0189971923828,84468000,AMZN
737606,134.2534942626953,138.48150634765625,133.75149536132812,137.9409942626953,75394000,AMZN
737607,137.89950561523438,144.75,137.6999969482422,143.93499755859375,127268000,AMZN
737608,145.60049438476562,147.7779998779297,143.55499267578125,144.51499938964844,131868000,AMZN
737612,146.74850463867188,152.99400329589844,146.5,152.8520050048828,137612000,AMZN
737613,152.92750549316406,153.4774932861328,149.5,150.00599670410156,105150000,AMZN
737614,151.1304931640625,154.19850158691406,150.6215057373047,154.0554962158203,100752000,AMZN
737615,155.79949951171875,159.69400024414062,153.6999969482422,159.13150024414062,127774000,AMZN
737616,159.58799743652344,160.75,156.78500366210938,160.0,109720000,AMZN
737619,162.55299377441406,167.21449279785156,153.41949462890625,155.1999969482422,154408000,AMZN
737620,154.4499969482422,156.36900329589844,147.5,154.1999969482422,144638000,AMZN
737621,154.01150512695312,154.91749572753906,148.65899658203125,150.44349670410156,115778000,AMZN
737622,148.55299377441406,151.60000610351562,145.9114990234375,149.9949951171875,127884000,AMZN
737623,150.4499969482422,151.1999969482422,147.42250061035156,148.09849548339844,95226000,AMZN
737626,150.00999450683594,160.0679931640625,149.7010040283203,159.8419952392578,151964000,AMZN
737627,161.62449645996094,162.0290069580078,155.28599548339844,156.9145050048828,122426000,AMZN
737628,156.25,157.5,153.26300048828125,154.99549865722656,82084000,AMZN
737629,154.9134979248047,154.9134979248047,148.5,149.32749938964844,113138000,AMZN
737630,146.5,151.57899475097656,144.39999389648438,150.44549560546875,112648000,AMZN
737633,153.10000610351562,154.89999389648438,150.7884979248047,152.760498046875,83410000,AMZN
737634,152.7135009765625,153.85450744628906,149.78799438476562,150.01649475097656,62534000,AMZN
737635,151.54949951171875,151.95799255371094,149.8385009765625,151.67649841308594,59482000,AMZN
737636,150.6999969482422,154.60000610351562,150.25,152.593994140625,122566000,AMZN
737637,162.1999969482422,162.34100341796875,157.5500030517578,158.23399353027344,161710000,AMZN
737640,159.02549743652344,159.1999969482422,155.1999969482422,155.59449768066406,101494000,AMZN
737641,155.0605010986328,158.36199951171875,155.0605010986328,156.94149780273438,93886000,AMZN
737642,157.18850708007812,160.67950439453125,156.36500549316406,160.25149536132812,78330000,AMZN
737643,159.71800231933594,162.37350463867188,158.27149963378906,161.25,78812000,AMZN
737644,161.20050048828125,162.04049682617188,157.0334930419922,158.3730010986328,78722000,AMZN
737647,158.5155029296875,158.62550354003906,155.0760040283203,157.4080047607422,63346000,AMZN
737648,155.66000366210938,157.96099853515625,153.64999389648438,154.0334930419922,74362000,AMZN
737649,155.39999389648438,158.71949768066406,155.0709991455078,158.11199951171875,70442000,AMZN
737650,159.14950561523438,160.87600708007812,157.75,158.05099487304688,62980000,AMZN
737651,158.90899658203125,158.91200256347656,156.0,157.4010009765625,55034000,AMZN
737654,158.656005859375,159.74850463867188,157.70899963378906,159.12049865722656,53824000,AMZN
737655,160.60000610351562,166.0,160.29100036621094,165.62449645996094,106920000,AMZN
737656,165.15049743652344,165.7949981689453,162.8000030517578,163.0240020751953,83702000,AMZN
737657,162.60000610351562,165.63099670410156,161.89999389648438,164.86849975585938,66650000,AMZN
737658,164.75,165.72000122070312,163.76950073242188,164.23599243164062,71518000,AMZN
737661,165.50750732421875,169.01600646972656,162.8780059814453,165.3730010986328,93326000,AMZN
737662,164.74949645996094,167.8699951171875,163.35000610351562,167.32449340820312,79856000,AMZN
737663,167.5554962158203,172.58700561523438,167.22850036621094,172.09249877929688,130174000,AMZN
737664,172.50250244140625,172.64999389648438,168.89999389648438,170.0,85296000,AMZN
737665,171.14999389648438,171.6685028076172,169.3249969482422,170.08999633789062,57940000,AMZN
737668,170.44949340820312,174.75,170.25,172.54800415039062,83718000,AMZN
737669,174.47900390625,175.69349670410156,173.35000610351562,174.95599365234375,68644000,AMZN
737670,177.35000610351562,177.6125030517578,174.33450317382812,176.57249450683594,78630000,AMZN
737671,174.25,174.42050170898438,165.14999389648438,168.39999389648438,163222000,AMZN
737672,165.89999389648438,169.0749969482422,155.55650329589844,164.7310028076172,175636000,AMZN
737676,157.1999969482422,162.54249572753906,156.5,157.49200439453125,121884000,AMZN
737677,160.14950561523438,165.15899658203125,159.25,163.4304962158203,103774000,AMZN
737678,165.36099243164062,167.4945068359375,158.52749633789062,158.7554931640625,106614000,AMZN
737679,160.4344940185547,160.86700439453125,154.19900512695312,155.81100463867188,101880000,AMZN
737682,158.64700317382812,159.3695068359375,154.8000030517578,155.14849853515625,90592000,AMZN
737683,156.80799865722656,158.75100708007812,155.4459991455078,157.80650329589844,80430000,AMZN
737684,158.99949645996094,159.36199951171875,153.70750427246094,153.90499877929688,90244000,AMZN
737685,150.46249389648438,151.47149658203125,148.62750244140625,150.43649291992188,128982000,AMZN
737686,151.58700561523438,151.88999938964844,145.27699279785156,147.74549865722656,177852000,AMZN
737689,145.3249969482422,148.10000610351562,143.5500030517578,148.02349853515625,122358000,AMZN
737690,151.69200134277344,156.69949340820312,150.00999450683594,156.44949340820312,138976000,AMZN
737691,156.02149963378906,156.35000610351562,149.61900329589844,149.9929962158203,113054000,AMZN
737692,148.88949584960938,153.46499633789062,148.25,150.989501953125,110588000,AMZN
737693,152.7429962158203,155.07699584960938,149.9499969482422,154.75650024414062,92304000,AMZN
737696,157.4425048828125,158.7519989013672,155.85850524902344,158.70249938964844,84484000,AMZN
737697,158.76950073242188,159.41299438476562,156.6269989013672,157.24400329589844,69916000,AMZN
737698,157.0570068359375,160.6439971923828,156.69949340820312,157.43649291992188,97922000,AMZN
737699,160.39999389648438,161.1999969482422,158.60000610351562,161.06300354003906,99438000,AMZN
737700,157.68150329589844,159.7899932861328,156.14999389648438,156.25,112262000,AMZN
737703,157.29200744628906,160.12649536132812,157.04249572753906,159.9600067138672,75506000,AMZN
737704,158.25,159.10000610351562,154.5,154.9980010986328,101738000,AMZN
737705,156.75,160.0,156.6195068359375,159.7845001220703,86188000,AMZN
737706,161.24949645996094,161.6645050048828,158.74949645996094,159.52749633789062,63482000,AMZN
737707,160.5,164.44949340820312,159.89149475097656,164.33250427246094,98158000,AMZN
737710,167.4969940185547,174.81199645996094,166.9774932861328,172.14649963378906,167284000,AMZN
737711,173.39950561523438,174.61900329589844,171.21099853515625,172.18150329589844,114894000,AMZN
737712,172.35000610351562,173.24400329589844,167.0,168.1855010986328,116254000,AMZN
737713,164.60049438476562,167.79400634765625,164.0,166.9324951171875,104468000,AMZN
737714,168.1614990234375,169.98300170898438,158.0,163.635498046875,129488000,AMZN
737717,164.98049926757812,166.4499969482422,159.63699340820312,160.36050415039062,104472000,AMZN
737718,161.11399841308594,163.3000030517578,159.60049438476562,160.85049438476562,90194000,AMZN
737719,160.625,161.69400024414062,158.0,159.2469940185547,91854000,AMZN
737720,159.49349975585938,159.9375,156.0970001220703,158.82000732421875,84240000,AMZN
737721,159.5500030517578,160.26649475097656,157.0,160.22000122070312,69334000,AMZN
737724,159.93699645996094,164.1490020751953,157.6649932861328,160.3520050048828,118024000,AMZN
737725,161.2469940185547,164.58299255371094,160.56500244140625,164.31649780273438,85820000,AMZN
737726,162.46499633789062,163.2010040283203,158.12350463867188,158.13900756835938,111766000,AMZN
737727,160.06350708007812,162.8625030517578,158.1999969482422,160.55050659179688,131930000,AMZN
737728,157.8874969482422,158.35000610351562,150.9499969482422,151.8074951171875,167728000,AMZN
737731,153.08700561523438,153.98550415039062,147.50599670410156,150.2239990234375,145148000,AMZN
737732,150.92649841308594,153.7449951171875,149.0489959716797,152.42050170898438,97958000,AMZN
737733,157.99949645996094,162.24249267578125,156.9864959716797,162.05799865722656,136780000,AMZN
737734,165.99850463867188,168.33999633789062,164.44400024414062,166.10000610351562,115786000,AMZN
737735,165.23199462890625,166.10000610351562,161.60000610351562,165.56849670410156,92946000,AMZN
737738,161.55149841308594,164.4499969482422,155.60549926757812,157.18699645996094,143808000,AMZN
737739,154.75100708007812,155.6999969482422,150.9739990234375,151.75100708007812,131820000,AMZN
737740,153.08900451660156,156.95750427246094,152.5,156.8695068359375,87338000,AMZN
737741,157.99749755859375,158.79400634765625,154.30250549316406,155.51400756835938,87240000,AMZN
737742,156.10000610351562,157.08599853515625,154.26950073242188,156.4405059814453,75124000,AMZN
737745,154.66000366210938,157.13499450683594,153.63450622558594,156.55299377441406,76174000,AMZN
737746,159.177001953125,159.46249389648438,156.76300048828125,156.7830047607422,68894000,AMZN
737747,156.6999969482422,157.0,155.2550048828125,155.2729949951172,58336000,AMZN
737748,155.2655029296875,156.25,154.04600524902344,155.8509979248047,60206000,AMZN
737749,155.8509979248047,156.64450073242188,154.90249633789062,154.97000122070312,67488000,AMZN
737752,155.8350067138672,156.9875030517578,153.2729949951172,154.91949462890625,94178000,AMZN
737753,155.02499389648438,156.71249389648438,154.31300354003906,155.9029998779297,72042000,AMZN
737754,157.093505859375,159.89999389648438,157.01300048828125,159.2534942626953,75808000,AMZN
737756,160.56300354003906,160.8094940185547,159.50250244140625,159.76699829101562,47858000,AMZN
737759,160.4239959716797,161.41949462890625,156.27749633789062,158.40199279785156,81278000,AMZN
737760,159.4250030517578,162.44749450683594,157.85899353027344,161.00399780273438,90740000,AMZN
737761,161.08250427246094,161.60000610351562,158.66299438476562,160.17649841308594,62586000,AMZN
737762,160.2729949951172,161.4320068359375,159.0655059814453,159.3365020751953,57840000,AMZN
737763,159.91050720214844,159.91050720214844,157.93800354003906,158.12899780273438,58272000,AMZN
737766,157.82400512695312,159.03799438476562,157.08450317382812,157.89999389648438,55026000,AMZN
737767,157.94500732421875,159.2064971923828,156.00100708007812,158.864501953125,65726000,AMZN
737768,158.39450073242188,158.72149658203125,154.39999389648438,155.2100067138672,82016000,AMZN
737769,154.44949340820312,157.10499572753906,153.8000030517578,155.07449340820312,60604000,AMZN
737770,154.83299255371094,155.93350219726562,153.64100646972656,155.8209991455078,61294000,AMZN
737773,157.14999389648438,159.52349853515625,156.3000030517578,157.84849548339844,83116000,AMZN
737774,159.05050659179688,159.4250030517578,156.52450561523438,158.25599670410156,66390000,AMZN
737775,158.80050659179688,162.35000610351562,158.1840057373047,162.04800415039062,88552000,AMZN
737776,162.5,163.17550659179688,161.0500030517578,161.8040008544922,69486000,AMZN
737777,162.19949340820312,162.4709930419922,158.5800018310547,160.08250427246094,119914000,AMZN
737780,160.00050354003906,161.34849548339844,158.3000030517578,160.3090057373047,76736000,AMZN
737781,160.14199829101562,161.10000610351562,159.00399780273438,160.3260040283203,47388000,AMZN
737782,160.25,160.50650024414062,159.20849609375,159.2635040283203,41876000,AMZN
737783,159.69500732421875,160.10000610351562,158.4499969482422,158.63450622558594,29038000,AMZN
737787,159.6999969482422,165.1999969482422,158.63450622558594,164.197998046875,113736000,AMZN
737788,165.4969940185547,167.53250122070312,164.06100463867188,166.10000610351562,97458000,AMZN
737789,167.0500030517578,167.10499572753906,164.12350463867188,164.29249572753906,64186000,AMZN
737790,163.75,164.14599609375,162.05999755859375,162.84649658203125,59144000,AMZN
737794,163.5,163.60000610351562,157.2010040283203,159.3314971923828,88228000,AMZN
737795,158.30050659179688,161.16900634765625,158.2530059814453,160.92550659179688,53110000,AMZN
737796,157.32400512695312,159.87550354003906,156.55799865722656,156.91900634765625,87896000,AMZN
737797,157.85000610351562,160.427001953125,157.75,158.10800170898438,70290000,AMZN
737798,159.0,159.53199768066406,157.11000061035156,159.13499450683594,70754000,AMZN
737801,157.40049743652344,157.81900024414062,155.5,155.7104949951172,73668000,AMZN
737802,156.0,157.10699462890625,154.3000030517578,156.04150390625,70292000,AMZN
737803,156.4219970703125,159.49749755859375,156.10400390625,158.29449462890625,66424000,AMZN
737804,158.37600708007812,158.89999389648438,156.0294952392578,156.37350463867188,61418000,AMZN
737805,156.1510009765625,157.12750244140625,154.7584991455078,155.21249389648438,84880000,AMZN
737809,155.35000610351562,157.25,154.8000030517578,156.03799438476562,66102000,AMZN
737810,159.09950256347656,163.99000549316406,158.75,163.16900634765625,106196000,AMZN
737811,164.64999389648438,167.42750549316406,164.47850036621094,165.34950256347656,98722000,AMZN
737812,165.2154998779297,166.0955047607422,164.1580047607422,164.6114959716797,56438000,AMZN
737815,166.4250030517578,168.1945037841797,162.15750122070312,164.6999969482422,74996000,AMZN
737816,164.8179931640625,166.89999389648438,164.14349365234375,166.30650329589844,59104000,AMZN
737817,167.07449340820312,167.3260040283203,160.35400390625,161.62899780273438,93204000,AMZN
737818,161.7519989013672,165.08399963378906,161.4344940185547,161.88099670410156,62984000,AMZN
737819,161.5,161.84950256347656,159.2274932861328,160.30999755859375,85872000,AMZN
737822,162.1179962158203,167.51300048828125,161.75149536132812,167.1439971923828,83204000,AMZN
737823,169.0,171.38699340820312,168.05650329589844,169.0,141972000,AMZN
737824,171.25050354003906,171.6999969482422,165.43099975585938,165.62649536132812,141776000,AMZN
737825,166.5,167.35000610351562,163.8874969482422,166.5500030517578,73414000,AMZN
737826,165.9499969482422,168.85000610351562,165.135498046875,167.6074981689453,72416000,AMZN
737829,167.9250030517578,168.25,165.1999969482422,166.14700317382812,65148000,AMZN
737830,165.62449645996094,166.89999389648438,164.89199829101562,165.25,44070000,AMZN
737831,165.6999969482422,165.8975067138672,162.6999969482422,164.32899475097656,63032000,AMZN
737832,164.60000610351562,164.60000610351562,162.4029998779297,163.10650634765625,46028000,AMZN
737833,162.5,164.0124969482422,161.66549682617188,163.885498046875,46706000,AMZN
737837,162.70249938964844,165.4149932861328,162.67950439453125,163.44749450683594,51494000,AMZN
737838,163.17999267578125,166.04550170898438,162.97500610351562,165.4320068359375,65950000,AMZN
737839,164.12100219726562,166.89999389648438,163.69700622558594,166.4114990234375,60548000,AMZN
737840,166.4114990234375,166.6750030517578,162.28750610351562,162.4949951171875,86104000,AMZN
737843,160.406494140625,161.61599731445312,158.61300659179688,159.03700256347656,70314000,AMZN
737844,156.35150146484375,160.2364959716797,154.67999267578125,159.72500610351562,93544000,AMZN
737845,158.33749389648438,158.56149291992188,156.2689971923828,157.97650146484375,60226000,AMZN
737846,156.83700561523438,158.91299438476562,152.38800048828125,152.85800170898438,90676000,AMZN
737847,154.75999450683594,156.1219940185547,151.8350067138672,154.64649963378906,85518000,AMZN
737850,156.39450073242188,157.47799682617188,154.89950561523438,157.3070068359375,54582000,AMZN
737851,157.17349243164062,158.17599487304688,154.3560028076172,154.72650146484375,51916000,AMZN
737852,154.0590057373047,155.38900756835938,149.75,150.25,79774000,AMZN
737853,150.60000610351562,152.906494140625,147.27149963378906,148.8784942626953,109632000,AMZN
737854,150.25,150.4499969482422,144.0500030517578,150.0229949951172,107772000,AMZN
737857,150.75,153.22950744628906,147.5655059814453,147.59750366210938,83700000,AMZN
737858,150.89950561523438,154.54800415039062,150.25750732421875,153.1425018310547,80600000,AMZN
737859,154.92250061035156,155.822998046875,151.50250244140625,152.8820037841797,60250000,AMZN
737860,155.20050048828125,156.58900451660156,154.14649963378906,155.67950439453125,55528000,AMZN
737861,153.75,154.94900512695312,152.27499389648438,154.47450256347656,48438000,AMZN
737864,153.72850036621094,154.11199951171875,151.60450744628906,154.08399963378906,58272000,AMZN
737865,155.24850463867188,156.44549560546875,153.79299926757812,154.59300231933594,50776000,AMZN
737866,153.66099548339844,158.65249633789062,153.51100158691406,156.7864990234375,62372000,AMZN
737867,155.0500030517578,155.8314971923828,151.25,151.39950561523438,72992000,AMZN
737868,151.4615020751953,153.864501953125,150.8314971923828,153.7480010986328,92508000,AMZN
737871,153.3925018310547,156.32899475097656,153.00250244140625,155.5435028076172,58044000,AMZN
737872,156.35000610351562,159.10000610351562,156.04249572753906,156.875,76346000,AMZN
737873,157.552001953125,158.0155029296875,154.25750732421875,154.35350036621094,59180000,AMZN
737874,153.64950561523438,155.48899841308594,151.85699462890625,152.31300354003906,71270000,AMZN
737875,152.2030029296875,152.83299255371094,149.8000030517578,152.60150146484375,66258000,AMZN
737878,152.77200317382812,154.5625,151.42250061035156,153.7864990234375,54920000,AMZN
737879,153.50050354003906,153.64999389648438,151.6999969482422,152.76449584960938,46752000,AMZN
737880,153.2030029296875,155.9665069580078,153.125,154.70399475097656,61878000,AMZN
737881,155.89700317382812,158.1219940185547,155.77749633789062,158.0500030517578,58806000,AMZN
737885,158.64999389648438,161.79800415039062,158.06199645996094,161.3365020751953,66698000,AMZN
737886,161.1875,162.36549377441406,160.8520050048828,161.1909942626953,50756000,AMZN
737887,161.69000244140625,165.1804962158203,161.1824951171875,163.96949768066406,66924000,AMZN
737888,165.5449981689453,166.22500610351562,164.60000610351562,164.96499633789062,56242000,AMZN
737889,165.23500061035156,168.61000061035156,164.44500732421875,168.61000061035156,86830000,AMZN
737892,167.760498046875,169.7519989013672,167.5574951171875,168.96949768066406,65636000,AMZN
737893,170.04249572753906,171.60000610351562,169.781494140625,170.0,66316000,AMZN
737894,170.20199584960938,170.2064971923828,166.3000030517578,166.64999389648438,62904000,AMZN
737895,168.5500030517578,169.85000610351562,167.60000610351562,168.95449829101562,64672000,AMZN
737896,169.0,170.33999633789062,167.7794952392578,169.9720001220703,63720000,AMZN
737899,169.51649475097656,171.79649353027344,168.00799560546875,168.60049438476562,54508000,AMZN
737900,168.67999267578125,169.14950561523438,165.8000030517578,166.7344970703125,52460000,AMZN
737901,165.8000030517578,168.14300537109375,165.1905059814453,168.1009979248047,44224000,AMZN
737902,168.58399963378906,168.64349365234375,165.07249450683594,165.45199584960938,51612000,AMZN
737903,165.9550018310547,168.75,165.4250030517578,167.04400634765625,63856000,AMZN
737906,167.39999389648438,171.42250061035156,166.5469970703125,170.4499969482422,97614000,AMZN
737907,172.17349243164062,173.0,169.90049743652344,170.8715057373047,76542000,AMZN
737908,171.74000549316406,174.49400329589844,171.25,172.9250030517578,92638000,AMZN
737909,175.2550048828125,175.72250366210938,171.75,173.5655059814453,153648000,AMZN
737910,176.25599670410156,177.6999969482422,173.125,173.37100219726562,140186000,AMZN
737913,174.2364959716797,174.33250427246094,168.63499450683594,169.32449340820312,117510000,AMZN
737914,167.8094940185547,168.3990020751953,163.60650634765625,165.593505859375,108788000,AMZN
737915,166.9429931640625,167.73500061035156,163.21800231933594,163.52699279785156,74226000,AMZN
737916,163.5,165.72000122070312,162.36000061035156,165.31849670410156,88954000,AMZN
737917,165.95449829101562,166.54449462890625,164.45350646972656,164.58050537109375,94206000,AMZN
737920,164.11599731445312,164.14999389648438,159.5,159.52450561523438,116772000,AMZN
737921,156.81399536132812,161.89999389648438,156.36849975585938,161.19549560546875,92396000,AMZN
737922,159.25,160.39700317382812,156.65499877929688,157.5970001220703,98728000,AMZN
737923,159.27349853515625,160.19200134277344,156.64999389648438,158.07350158691406,67018000,AMZN
737924,159.2779998779297,161.4429931640625,159.14999389648438,161.14500427246094,66500000,AMZN
737927,162.29649353027344,164.6374969482422,161.72950744628906,163.51950073242188,74478000,AMZN
737928,164.62899780273438,165.60000610351562,161.51849365234375,161.61399841308594,56568000,AMZN
737929,159.75,161.7375030517578,159.1999969482422,161.58999633789062,53594000,AMZN
737930,162.22000122070312,162.98399353027344,161.8090057373047,162.38400268554688,52664000,AMZN
737931,162.5,162.83450317382812,159.85049438476562,160.1540069580078,82098000,AMZN
737934,160.77499389648438,162.8975067138672,160.52499389648438,162.24949645996094,48456000,AMZN
737935,163.33349609375,163.99099731445312,160.68800354003906,162.95249938964844,65222000,AMZN
737936,163.72950744628906,164.7864990234375,162.92550659179688,163.25799560546875,47680000,AMZN
737937,162.8000030517578,163.01800537109375,161.5019989013672,161.5054931640625,51224000,AMZN
737938,162.10000610351562,162.39950561523438,160.98500061035156,161.15350341796875,46596000,AMZN
737942,162.1750030517578,162.5489959716797,160.4530029296875,160.9324951171875,48600000,AMZN
737943,161.15499877929688,161.75,160.39999389648438,161.69949340820312,40290000,AMZN
737944,160.2115020751953,160.7220001220703,159.20150756835938,159.35049438476562,47966000,AMZN
737945,160.60000610351562,161.0500030517578,159.9405059814453,160.31100463867188,44994000,AMZN
737948,159.8665008544922,160.39999389648438,158.61000061035156,159.90049743652344,44316000,AMZN
737949,161.1304931640625,163.97650146484375,160.90049743652344,163.20550537109375,68334000,AMZN
737950,163.64349365234375,164.87899780273438,163.53500366210938,164.0574951171875,49110000,AMZN
737951,164.10049438476562,167.5500030517578,164.0574951171875,167.4824981689453,69530000,AMZN
737952,167.4824981689453,168.32899475097656,166.67250061035156,167.3415069580078,56348000,AMZN
737955,167.3415069580078,169.25,166.77499389648438,169.19349670410156,51394000,AMZN
737956,169.1999969482422,169.84950256347656,168.15550231933594,169.156494140625,48524000,AMZN
737957,169.60000610351562,171.3175048828125,168.02650451660156,170.7624969482422,84056000,AMZN
737958,170.15899658203125,174.86000061035156,170.0500030517578,174.46200561523438,102730000,AMZN
737959,173.99949645996094,175.35000610351562,173.6855010986328,174.34500122070312,104954000,AMZN
737962,173.8209991455078,174.10000610351562,171.6999969482422,172.697998046875,65542000,AMZN
737963,172.9029998779297,176.18899536132812,172.80450439453125,175.27200317382812,66902000,AMZN
737964,175.25,176.0500030517578,174.16000366210938,175.1909942626953,56266000,AMZN
737965,175.3820037841797,176.2429962158203,171.54249572753906,172.45399475097656,76640000,AMZN
737966,173.1999969482422,173.24099731445312,169.70899963378906,170.072998046875,78820000,AMZN
737969,170.8000030517578,172.39999389648438,170.67550659179688,172.1945037841797,44856000,AMZN
737970,171.9409942626953,172.80149841308594,171.15150451660156,172.40699768066406,41968000,AMZN
737971,172.05299377441406,173.5800018310547,171.75,172.00799560546875,48080000,AMZN
737972,171.73049926757812,172.85000610351562,170.4709930419922,171.64849853515625,40742000,AMZN
737973,172.58200073242188,175.58599853515625,171.8459930419922,175.5489959716797,63388000,AMZN
737977,176.5054931640625,184.2740020751953,176.4499969482422,183.78700256347656,134896000,AMZN
737978,185.86900329589844,186.7100067138672,183.94549560546875,184.82899475097656,106562000,AMZN
737979,182.1779937744141,187.9994964599609,181.05599975585935,186.57049560546875,103612000,AMZN
737980,186.12600708007807,187.3999938964844,184.6699981689453,185.9669952392578,74964000,AMZN
737983,187.1999969482422,187.864501953125,184.8394927978516,185.9275054931641,51432000,AMZN
737984,185.10499572753903,188.6540069580078,183.5659942626953,183.8679962158203,76918000,AMZN
737985,185.4425048828125,185.88299560546875,183.04150390625,184.08399963378903,65932000,AMZN
737986,184.7100067138672,184.7700042724609,181.04600524902344,181.55999755859372,63706000,AMZN
737987,181.66549682617188,182.3029937744141,178.5229949951172,178.68150329589844,80874000,AMZN
737990,176.62899780273438,177.510498046875,174.95799255371094,177.47950744628906,75692000,AMZN
737991,178.36599731445312,179.60000610351562,175.89999389648438,178.6595001220703,65114000,AMZN
737992,178.81900024414062,179.32249450683594,177.1820068359375,179.25999450683594,46380000,AMZN
737993,179.3614959716797,182.00100708007807,179.11349487304688,181.9015045166016,65308000,AMZN
737994,182.0,183.3054962158203,181.1020050048828,182.83200073242188,48726000,AMZN
737997,183.6584930419922,185.60400390625,182.3625030517578,184.99099731445312,58002000,AMZN
737998,184.9250030517578,184.9250030517578,179.3074951171875,181.3195037841797,82638000,AMZN
737999,181.68899536132807,182.92100524902344,180.0500030517578,181.51600646972656,59988000,AMZN
738000,181.3874969482422,181.8975067138672,179.00050354003906,179.99600219726562,110400000,AMZN
738001,167.3975067138672,168.40699768066406,165.3489990234375,166.37950134277344,199312000,AMZN
738004,167.65499877929688,167.9459991455078,165.85000610351562,166.57400512695312,67078000,AMZN
738005,167.03599548339844,169.5500030517578,164.98849487304688,168.31199645996094,83146000,AMZN
738006,168.96749877929688,169.44400024414062,167.2779998779297,167.73599243164062,43678000,AMZN
738007,167.81100463867188,169.4499969482422,167.04600524902344,168.79949951171875,48670000,AMZN
738008,168.75,168.75,166.45199584960938,167.2469940185547,52752000,AMZN
738011,167.1804962158203,167.74400329589844,166.42599487304688,167.093505859375,42964000,AMZN
738012,167.25050354003906,167.89999389648438,165.75,166.03399658203125,48252000,AMZN
738013,166.57249450683594,166.88499450683594,163.88949584960938,164.60549926757812,58944000,AMZN
738014,164.5,165.72549438476562,163.48350524902344,165.1750030517578,46282000,AMZN
738015,165.2834930419922,165.30349731445312,164.14999389648438,164.69850158691406,41134000,AMZN
738018,164.14999389648438,165.0,160.55650329589844,164.94949340820312,66394000,AMZN
738019,163.875,164.02450561523438,161.28399658203125,162.09800720214844,67758000,AMZN
738020,162.09950256347656,162.7050018310547,160.0,160.06100463867188,56086000,AMZN
738021,159.7010040283203,161.64999389648438,159.1230010986328,159.3874969482422,75658000,AMZN
738022,160.19349670410156,160.3905029296875,158.78799438476562,159.99749755859375,67168000,AMZN
738025,160.59500122070312,164.0449981689453,160.50050354003906,163.2935028076172,65362000,AMZN
738026,164.0,165.77450561523438,163.72900390625,165.28900146484375,51036000,AMZN
738027,165.49349975585938,166.0500030517578,164.3074951171875,164.95899963378906,33606000,AMZN
738028,164.9499969482422,166.60000610351562,164.8000030517578,165.8000030517578,41976000,AMZN
738029,166.6614990234375,167.61599731445312,165.6875,167.48150634765625,48048000,AMZN
738032,167.8715057373047,172.25,167.76100158691406,171.07850646972656,63844000,AMZN
738033,171.24000549316406,173.62899780273438,169.7794952392578,173.5395050048828,87128000,AMZN
738034,174.82000732421875,176.35000610351562,173.76199340820312,173.9499969482422,72598000,AMZN
738035,174.73800659179688,175.59800720214844,172.75,173.156005859375,58474000,AMZN
738036,172.60000610351562,174.1334991455078,171.82200622558594,173.90249633789062,51514000,AMZN
738040,173.89999389648438,176.4044952392578,173.8470001220703,175.46449279785156,54758000,AMZN
738041,175.58250427246094,177.281494140625,174.7834930419922,176.27499389648438,61068000,AMZN
738042,176.30099487304688,177.49949645996094,174.01849365234375,174.20799255371094,54384000,AMZN
738043,175.0915069580078,175.42250061035156,173.14549255371094,173.45750427246094,47946000,AMZN
738046,174.13999938964844,174.8979949951172,171.89999389648438,172.85850524902344,51380000,AMZN
738047,173.77749633789062,174.3404998779297,171.885498046875,172.5,38738000,AMZN
738048,172.12600708007812,174.27099609375,170.10049438476562,173.7895050048828,59150000,AMZN
738049,172.9980010986328,174.62750244140625,172.3070068359375,174.41200256347656,51672000,AMZN
738050,174.42050170898438,174.87049865722656,172.60650634765625,173.12600708007812,92332000,AMZN
738053,169.8000030517578,170.9499969482422,165.25050354003906,167.7864990234375,93382000,AMZN
738054,168.75,168.98500061035156,166.6195068359375,167.18150329589844,55618000,AMZN
738055,167.5500030517578,169.4499969482422,167.05250549316406,169.00250244140625,48228000,AMZN
738056,169.00250244140625,171.447998046875,169.00250244140625,170.8000030517578,47588000,AMZN
738057,170.10049438476562,171.46299743652344,169.6699981689453,171.2760009765625,42324000,AMZN
738060,168.5749969482422,170.77850341796875,166.98049926757812,170.2899932861328,72690000,AMZN
738061,167.885498046875,168.45950317382812,164.5050048828125,165.79800415039062,88616000,AMZN
738062,166.10549926757812,167.56500244140625,164.89349365234375,165.05599975585938,51246000,AMZN
738063,165.8000030517578,166.3925018310547,163.69949340820312,164.2519989013672,56848000,AMZN
738064,164.45050048828125,165.45849609375,162.7969970703125,164.16299438476562,56712000,AMZN
738067,163.96949768066406,163.99949645996094,158.8125,159.48899841308594,90462000,AMZN
738068,160.22500610351562,163.0364990234375,160.1230010986328,161.0500030517578,65384000,AMZN
738069,160.67649841308594,163.2169952392578,159.93099975585938,163.10049438476562,50660000,AMZN
738070,164.57699584960938,166.28750610351562,164.1529998779297,165.1215057373047,48182000,AMZN
738071,165.85000610351562,166.07150268554688,164.41000366210938,164.43099975585938,39964000,AMZN
738074,163.75,164.62950134277344,161.90499877929688,162.31500244140625,40684000,AMZN
738075,162.85000610351562,163.37649536132812,161.81399536132812,162.3665008544922,36392000,AMZN
738076,163.48550415039062,164.41900634765625,163.05450439453125,164.21400451660156,48402000,AMZN
738077,165.12249755859375,165.6300048828125,164.53900146484375,164.9929962158203,42190000,AMZN
738078,165.5709991455078,170.52099609375,165.1999969482422,170.4510040283203,103598000,AMZN
738081,169.41799926757812,172.45849609375,169.2550048828125,172.33700561523438,63482000,AMZN
738082,171.71449279785156,172.7344970703125,171.10000610351562,172.20750427246094,47722000,AMZN
738083,172.63299560546875,173.14300537109375,170.01849365234375,170.7530059814453,42796000,AMZN
738084,170.71249389648438,172.01400756835938,170.14999389648438,171.75050354003906,37628000,AMZN
738085,171.0500030517578,171.49200439453125,166.56500244140625,166.77749633789062,62782000,AMZN
738088,166.75,167.38999938964844,164.88499450683594,166.01849365234375,44520000,AMZN
738089,167.47549438476562,170.80599975585938,167.19900512695312,168.80349731445312,53966000,AMZN
738090,169.39999389648438,171.85000610351562,168.57249450683594,169.62449645996094,54044000,AMZN
738091,170.10499572753906,173.9499969482422,169.3000030517578,172.32850646972656,114174000,AMZN
738092,165.00100708007812,168.74099731445312,163.66600036621094,168.6215057373047,129722000,AMZN
738095,168.08999633789062,168.79299926757812,164.6009979248047,165.90550231933594,72178000,AMZN
738096,165.75050354003906,166.55599975585938,164.17750549316406,165.6374969482422,52552000,AMZN
738097,165.4499969482422,169.74600219726562,164.87600708007812,169.1999969482422,67944000,AMZN
738098,168.5,174.93150329589844,168.25,173.85000610351562,107060000,AMZN
738099,173.85000610351562,178.3125,173.8489990234375,175.94949340820312,99940000,AMZN
738102,176.16200256347656,178.9499969482422,174.39300537109375,174.44900512695312,61480000,AMZN
738103,175.7624969482422,179.68850708007812,175.07150268554688,178.81149291992188,85898000,AMZN
738104,178.19349670410156,180.2725067138672,173.1544952392578,174.1024932861328,80548000,AMZN
738105,175.64999389648438,177.16200256347656,173.37350463867188,173.625,45288000,AMZN
738106,174.25,177.0364990234375,172.3524932861328,176.25750732421875,53788000,AMZN
738109,176.85000610351562,179.69400024414062,176.29049682617188,177.28399658203125,58594000,AMZN
738110,176.9499969482422,178.8249969482422,176.25750732421875,177.03500366210938,44342000,AMZN
738111,178.23599243164062,179.3625030517578,177.2675018310547,177.4499969482422,51206000,AMZN
738112,178.3175048828125,185.2100067138672,178.0500030517578,184.8029937744141,114070000,AMZN
738113,185.63450622558597,188.1074981689453,183.78599548339844,183.82850646972656,98734000,AMZN
738116,183.81900024414065,185.67300415039065,178.375,178.6284942626953,96844000,AMZN
738117,179.2519989013672,181.0525054931641,176.385498046875,179.0019989013672,73804000,AMZN
738118,178.1334991455078,180.6820068359375,176.84249877929688,179.02049255371094,46560000,AMZN
738120,180.10499572753906,181.6750030517578,175.20750427246094,175.22799682617188,59826000,AMZN
738123,177.3820037841797,179.8000030517578,176.5749969482422,178.07850646972656,65312000,AMZN
738124,178.1750030517578,179.2884979248047,174.60049438476562,175.35350036621094,80022000,AMZN
738125,177.25,177.99400329589844,172.0800018310547,172.18600463867188,74916000,AMZN
738126,173.0,174.63499450683594,171.1875,171.8679962158203,64726000,AMZN
738127,172.75,173.49349975585938,166.92999267578125,169.489501953125,80712000,AMZN
738130,169.64999389648438,173.69549560546875,166.9344940185547,171.36849975585938,68860000,AMZN
738131,174.60000610351562,177.49949645996094,173.33450317382812,176.1645050048828,66410000,AMZN
738132,176.15049743652344,177.17999267578125,174.75050354003906,176.1580047607422,45254000,AMZN
738133,175.75,176.96949768066406,174.13949584960938,174.17100524902344,46062000,AMZN
738134,175.41700744628906,175.927001953125,170.5,172.21200561523438,60690000,AMZN
738137,172.0,172.10000610351562,169.1300048828125,169.5675048828125,62170000,AMZN
738138,167.5500030517578,169.49899291992188,166.44000244140625,169.0915069580078,55976000,AMZN
738139,168.59800720214844,173.60000610351562,165.19500732421875,173.31500244140625,75794000,AMZN
738140,173.36849975585938,174.16600036621094,168.16050720214844,168.87100219726562,60876000,AMZN
738141,167.7104949951172,170.89849853515625,165.61349487304688,170.0175018310547,85542000,AMZN
738144,166.85000610351562,167.87449645996094,165.60000610351562,167.07899475097656,57372000,AMZN
738145,167.85049438476562,170.7165069580078,165.6475067138672,170.41700744628906,55956000,AMZN
738146,169.27000427246094,172.0500030517578,168.50050354003906,171.03700256347656,55036000,AMZN
738147,170.42799377441406,171.97500610351562,170.14999389648438,171.06849670410156,36788000,AMZN
738151,171.03700256347656,172.9429931640625,169.2154998779297,169.66949462890625,58688000,AMZN
738152,170.1824951171875,172.17599487304688,169.135498046875,170.66099548339844,54638000,AMZN
738153,170.83999633789062,171.21200561523438,168.60049438476562,169.2010040283203,35754000,AMZN
738154,169.6999969482422,170.88800048828125,168.5240020751953,168.64450073242188,37584000,AMZN
738155,168.95599365234375,169.35000610351562,166.55850219726562,166.7169952392578,47830000,AMZN
738158,167.5500030517578,170.70350646972656,166.16050720214844,170.4044952392578,63520000,AMZN
738159,170.43800354003906,171.39999389648438,166.34950256347656,167.52200317382812,70726000,AMZN
738160,166.88299560546875,167.12649536132812,164.35699462890625,164.35699462890625,64302000,AMZN
738161,163.45050048828125,164.8000030517578,161.93699645996094,163.25399780273438,51958000,AMZN
738162,163.83900451660156,165.24349975585938,162.031005859375,162.5540008544922,46606000,AMZN
738165,160.5854949951172,161.6614990234375,156.30450439453125,161.48599243164062,87798000,AMZN
738166,161.5,166.35000610351562,160.70150756835938,165.36199951171875,62806000,AMZN
738167,166.5749969482422,166.8780059814453,164.41700744628906,165.20700073242188,50030000,AMZN
738168,165.25050354003906,166.22149658203125,161.09100341796875,161.21400451660156,52188000,AMZN
738169,160.14999389648438,162.25,159.80050659179688,162.13800048828125,45974000,AMZN
738173,159.10499572753906,159.7344970703125,157.6645050048828,158.91749572753906,67292000,AMZN
738174,158.76199340820312,159.25,156.25,156.2989959716797,53242000,AMZN
738175,156.76600646972656,158.0,151.3509979248047,151.66749572753906,71974000,AMZN
738176,149.9499969482422,150.89999389648438,142.07049560546875,142.64300537109375,163972000,AMZN
738179,139.0,144.94500732421875,135.3520050048828,144.54400634765625,155624000,AMZN
738180,142.24249267578125,143.60000610351562,138.14500427246094,139.98599243164062,90824000,AMZN
738181,144.75,145.18499755859375,137.31849670410156,138.87249755859375,95602000,AMZN
738182,140.8000030517578,144.24349975585938,139.35000610351562,139.6374969482422,77516000,AMZN
738183,140.86050415039062,143.9980010986328,137.92950439453125,143.97799682617188,74392000,AMZN
738186,144.75,150.36050415039062,144.30050659179688,149.57350158691406,78308000,AMZN
738187,150.0,151.70799255371094,147.62750244140625,151.19349670410156,59220000,AMZN
738188,155.05050659179688,155.0749969482422,148.86349487304688,150.6125030517578,87330000,AMZN
738189,141.7375030517578,144.24749755859375,138.33299255371094,138.8455047607422,225532000,AMZN
738190,155.60650634765625,161.1999969482422,150.60800170898438,157.63949584960938,253456000,AMZN
738193,158.52000427246094,162.6909942626953,157.25,157.9355010986328,102624000,AMZN
738194,156.75050354003906,161.79249572753906,155.55050659179688,161.4134979248047,76040000,AMZN
738195,162.87350463867188,163.83450317382812,160.25,161.1894989013672,68786000,AMZN
738196,158.35000610351562,160.7165069580078,157.75,159.0034942626953,68268000,AMZN
738197,158.13450622558594,159.0,152.73399353027344,153.2935028076172,77100000,AMZN
738200,151.75100708007812,158.44850158691406,151.64999389648438,155.16700744628906,83230000,AMZN
738201,157.60549926757812,158.0070037841797,154.6374969482422,156.510498046875,56440000,AMZN
738202,155.79049682617188,158.83399963378906,154.7344970703125,158.10049438476562,52704000,AMZN
738203,158.14599609375,160.3489990234375,154.5,154.65249633789062,64032000,AMZN
738204,155.49949645996094,155.49949645996094,150.89300537109375,152.60150146484375,63604000,AMZN
738208,150.47850036621094,152.9824981689453,148.48550415039062,150.19749450683594,66128000,AMZN
738209,151.65049743652344,151.76300048828125,144.6510009765625,144.82699584960938,64244000,AMZN
738210,139.83749389648438,151.74899291992188,139.5,151.35800170898438,100786000,AMZN
738211,150.5500030517578,153.99000549316406,149.2135009765625,153.7884979248047,62396000,AMZN
738214,152.4250030517578,154.4499969482422,150.85000610351562,153.56300354003906,57684000,AMZN
738215,152.7324981689453,154.0989990234375,149.9770050048828,151.14199829101562,44874000,AMZN
738216,150.8489990234375,152.99949645996094,148.75,152.05250549316406,47334000,AMZN
738217,153.531494140625,153.9290008544922,146.8560028076172,147.89849853515625,65198000,AMZN
738218,147.15899658203125,147.85000610351562,143.8070068359375,145.64100646972656,60934000,AMZN
738221,145.44349670410156,146.09449768066406,137.41650390625,137.4530029296875,86934000,AMZN
738222,136.68350219726562,140.69949340820312,133.57249450683594,136.01449584960938,91662000,AMZN
738223,139.5,140.25,136.8280029296875,139.2790069580078,82656000,AMZN
738224,145.68499755859375,148.67449951171875,143.97799682617188,146.8175048828125,135062000,AMZN
738225,149.57449340820312,149.6750030517578,145.36900329589844,145.52450561523438,68900000,AMZN
738228,145.9810028076172,147.4499969482422,140.88400268554688,141.85299682617188,74086000,AMZN
738229,142.85000610351562,147.98500061035156,142.0,147.3665008544922,75584000,AMZN
738230,148.5,153.14999389648438,147.35350036621094,153.10400390625,84958000,AMZN
738231,152.6405029296875,157.49850463867188,152.13999938964844,157.23899841308594,72934000,AMZN
738232,156.81300354003906,161.593994140625,156.01100158691406,161.25050354003906,102962000,AMZN
738235,161.12100219726562,163.08399963378906,159.55299377441406,161.4915008544922,66538000,AMZN
738236,161.8054962158203,166.16700744628906,161.69900512695312,164.88900756835938,64086000,AMZN
738237,163.7050018310547,166.3699951171875,162.68699645996094,163.4080047607422,55812000,AMZN
738238,163.74949645996094,164.11849975585938,160.0500030517578,163.64950561523438,56798000,AMZN
738239,164.0,165.36849975585938,162.25,164.77349853515625,49032000,AMZN
738242,164.97500610351562,169.03750610351562,164.89999389648438,168.99049377441406,59854000,AMZN
738243,170.38400268554688,170.8314971923828,167.86849975585938,169.31500244140625,66154000,AMZN
738244,168.50950622558594,168.95050048828125,165.5,166.30099487304688,56168000,AMZN
738245,166.44500732421875,166.4949951171875,162.95350646972656,162.99749755859375,59966000,AMZN
738246,164.14950561523438,165.82699584960938,162.3195037841797,163.55999755859375,57090000,AMZN
738249,164.125,168.39450073242188,163.20550537109375,168.34649658203125,49882000,AMZN
738250,167.7415008544922,168.11050415039062,163.26600646972656,164.05499267578125,53728000,AMZN
738251,161.65049743652344,162.1999969482422,157.25450134277344,158.75599670410156,79056000,AMZN
738252,158.39999389648438,160.07899475097656,154.51150512695312,157.7845001220703,68136000,AMZN
738253,156.75,157.36849975585938,154.2310028076172,154.4604949951172,46002000,AMZN
738256,152.71299743652344,154.13650512695312,150.5345001220703,151.1219940185547,52112000,AMZN
738257,153.6925048828125,155.0989990234375,150.38299560546875,150.78750610351562,55178000,AMZN
738258,150.01849365234375,156.02499389648438,149.60000610351562,155.54100036621094,53390000,AMZN
738259,155.38999938964844,155.89700317382812,151.4720001220703,151.7064971923828,51598000,AMZN
738263,151.52349853515625,154.0395050048828,150.25050354003906,152.78500366210938,46514000,AMZN
738264,152.0294952392578,158.6490020751953,151.55050659179688,158.11549377441406,54926000,AMZN
738265,157.6024932861328,157.6024932861328,153.60350036621094,153.9980010986328,59630000,AMZN
738266,154.71400451660156,156.73800659179688,147.58949279785156,148.29600524902344,63970000,AMZN
738267,148.25,149.61500549316406,143.69749450683594,144.35000610351562,73078000,AMZN
738270,144.0229949951172,146.22149658203125,142.30650329589844,146.07400512695312,61874000,AMZN
738271,144.8000030517578,144.8560028076172,138.92950439453125,139.39100646972656,77530000,AMZN
738272,140.19149780273438,141.94850158691406,135.7834930419922,138.16700744628906,71336000,AMZN
738273,142.17799377441406,145.9375,140.3000030517578,144.59649658203125,117316000,AMZN
738274,129.8489990234375,130.76100158691406,121.625,124.28150177001952,272662000,AMZN
738277,122.4010009765625,124.66799926757812,118.375,124.5,148788000,AMZN
738278,124.05349731445312,126.22049713134766,122.8249969482422,124.25350189208984,79134000,AMZN
738279,123.5999984741211,126.0,119.18299865722656,125.92849731445312,110746000,AMZN
738280,123.0,123.4990005493164,115.07250213623048,116.40699768066406,144392000,AMZN
738281,114.8499984741211,119.05049896240234,113.0814971923828,114.77249908447266,124260000,AMZN
738284,111.3125,114.0,107.95700073242188,108.78900146484376,128124000,AMZN
738285,111.25,112.64250183105467,107.1709976196289,108.85900115966795,105434000,AMZN
738286,108.10350036621094,110.15599822998048,104.42849731445312,105.37200164794922,109704000,AMZN
738287,102.75,110.78050231933594,102.40550231933594,106.93049621582033,132026000,AMZN
738288,109.06900024414062,113.18399810791016,107.8000030517578,113.05500030517578,93684000,AMZN
738291,113.0999984741211,113.99250030517578,110.35399627685548,110.8105010986328,74566000,AMZN
738292,113.2750015258789,115.8000030517578,111.27649688720705,115.36849975585938,76448000,AMZN
738293,111.4394989013672,112.85299682617188,106.2490005493164,107.1125030517578,108380000,AMZN
738294,106.28050231933594,110.03399658203124,106.19300079345705,107.31900024414062,88142000,AMZN
738295,109.56849670410156,109.89800262451172,105.0094985961914,107.59100341796876,99500000,AMZN
738298,108.46099853515624,108.81900024414062,103.9499969482422,107.55699920654295,107798000,AMZN
738299,104.0250015258789,105.4000015258789,101.26000213623048,104.0999984741211,102934000,AMZN
738300,103.65550231933594,108.1750030517578,103.6500015258789,106.7750015258789,93120000,AMZN
738301,107.97000122070312,112.66549682617188,107.45349884033205,111.07749938964844,93002000,AMZN
738302,113.5500030517578,115.18699645996094,112.62799835205078,115.14649963378906,93660000,AMZN
738306,116.27999877929688,121.99449920654295,115.6750030517578,120.20950317382812,144634000,AMZN
738307,122.25599670410156,125.1790008544922,120.62249755859376,121.68399810791016,127528000,AMZN
738308,121.68399810791016,125.61000061035156,120.04499816894533,125.51100158691406,100560000,AMZN
738309,124.1999969482422,124.4000015258789,121.04650115966795,122.3499984741211,97604000,AMZN
738312,125.25,128.99000549316406,123.80999755859376,124.79000091552734,135269000,AMZN
738313,122.01000213623048,124.0999984741211,120.62999725341795,123.0,85156700,AMZN
738314,122.61000061035156,123.75,120.75,121.18000030517578,64926600,AMZN
738315,119.98999786376952,121.3000030517578,116.0999984741211,116.1500015258789,67029800,AMZN
738316,113.41999816894533,114.5,109.0500030517578,109.6500015258789,87266000,AMZN
738319,104.19000244140624,106.54000091552734,101.86000061035156,103.66999816894533,99277700,AMZN
738320,104.19000244140624,104.87999725341795,101.43000030517578,102.30999755859376,69728800,AMZN
738321,103.86000061035156,109.05999755859376,103.52999877929688,107.66999816894533,85011100,AMZN
738322,104.47000122070312,104.58000183105467,102.01000213623048,103.66000366210938,82186300,AMZN
738323,102.8000030517578,106.9800033569336,102.51000213623048,106.22000122070312,99772100,AMZN
738327,108.1999969482422,111.62999725341795,103.55999755859376,108.68000030517578,70901200,AMZN
738328,107.43000030517578,112.12999725341795,107.0199966430664,108.9499969482422,60040100,AMZN
738329,110.38999938964844,113.0,107.93000030517578,112.44000244140624,64345300,AMZN
738330,112.37999725341795,116.70999908447266,111.43000030517578,116.45999908447266,69867600,AMZN
738333,117.08999633789062,117.9800033569336,112.6999969482422,113.22000122070312,62133200,AMZN
738334,113.5,114.8499984741211,107.04000091552734,107.4000015258789,74942900,AMZN
738335,107.37999725341795,110.98999786376952,106.91000366210938,108.91999816894533,66375300,AMZN
738336,108.11000061035156,108.18000030517578,102.5199966430664,106.20999908447266,97679400,AMZN
738337,106.29000091552734,109.75,105.8499984741211,109.55999755859376,73021200,AMZN
738341,107.5999984741211,114.08000183105467,106.31999969482422,113.5,76583700,AMZN
738342,113.20999908447266,115.4800033569336,112.01000213623048,114.33000183105467,66958900,AMZN
738343,113.8499984741211,116.98999786376952,113.48999786376952,116.33000183105467,57872300,AMZN
738344,114.5999984741211,116.58000183105467,113.69000244140624,115.54000091552734,45719700,AMZN
738347,114.08000183105467,114.3000030517578,110.87000274658205,111.75,53487600,AMZN
738348,112.16000366210938,113.2300033569336,108.33999633789062,109.22000122070312,54280300,AMZN
738349,107.02999877929688,111.77999877929688,106.01000213623048,110.4000015258789,61353800,AMZN
738350,110.23999786376952,111.18000030517578,107.58000183105467,110.62999725341795,51163100,AMZN
738351,112.5,115.58999633789062,111.58999633789062,113.5500030517578,84317800,AMZN
738354,115.0,117.23999786376952,113.1500015258789,113.76000213623048,59115400,AMZN
738355,115.6999969482422,118.9499969482422,114.02999877929688,118.20999908447266,60990000,AMZN
738356,118.62000274658205,123.4800033569336,118.31999969482422,122.7699966430664,71268300,AMZN
738357,123.1999969482422,124.8499984741211,121.26000213623048,124.62999725341795,60239900,AMZN
738358,125.01000213623048,125.5,121.3499984741211,122.41999816894533,51463800,AMZN
738361,122.6999969482422,123.63999938964844,120.02999877929688,121.13999938964844,50221300,AMZN
738362,115.79000091552734,118.1500015258789,114.52999877929688,114.80999755859376,67075100,AMZN
738363,117.30999755859376,121.9000015258789,117.16000366210938,120.97000122070312,61582000,AMZN
738364,121.56999969482422,122.83999633789062,118.08000183105467,122.27999877929688,82245500,AMZN
738365,134.89999389648438,137.64999389648438,132.41000366210938,134.9499969482422,148892900,AMZN
738368,134.9600067138672,138.8300018310547,133.50999450683594,135.38999938964844,76846900,AMZN
738369,134.72000122070312,137.44000244140625,134.08999633789062,134.16000366210938,61922400,AMZN
738370,136.2100067138672,140.49000549316406,136.0500030517578,139.52000427246094,71827800,AMZN
738371,140.5800018310547,143.55999755859375,139.5500030517578,142.57000732421875,70585000,AMZN
738372,140.10000610351562,142.86000061035156,139.60000610351562,140.8000030517578,50686900,AMZN
738375,142.0500030517578,144.22999572753906,138.2899932861328,139.41000366210938,52229000,AMZN
738376,138.0500030517578,138.9499969482422,136.2100067138672,137.8300018310547,40434700,AMZN
738377,142.89999389648438,144.60000610351562,141.00999450683594,142.69000244140625,54773800,AMZN
738378,143.86000061035156,144.49000549316406,139.75999450683594,140.63999938964844,44867300,AMZN
738379,142.0500030517578,143.57000732421875,140.1199951171875,143.5500030517578,47643500,AMZN
738382,142.8000030517578,143.75999450683594,141.49000549316406,143.17999267578125,39014600,AMZN
738383,143.91000366210938,146.57000732421875,142.0,144.77999877929688,59102900,AMZN
738384,142.69000244140625,143.3800048828125,140.77999877929688,142.10000610351562,48149800,AMZN
738385,141.32000732421875,142.77000427246094,140.3800048828125,142.3000030517578,37458700,AMZN
738386,140.47000122070312,141.11000061035156,137.91000366210938,138.22999572753906,47792800,AMZN
738389,135.72000122070312,136.32000732421875,132.85000610351562,133.22000122070312,50461500,AMZN
738390,133.41000366210938,134.99000549316406,132.9499969482422,133.6199951171875,36252100,AMZN
738391,132.75,135.47000122070312,132.10000610351562,133.8000030517578,38627000,AMZN
738392,135.25999450683594,137.4199981689453,134.27999877929688,137.27999877929688,37496300,AMZN
738393,136.5500030517578,137.8300018310547,130.5,130.75,53322700,AMZN
738396,129.89999389648438,131.9499969482422,128.77000427246094,129.7899932861328,48101600,AMZN
738397,131.25,132.07000732421875,126.8499984741211,128.72999572753906,49203000,AMZN
738398,129.4499969482422,130.58999633789062,126.73999786376952,126.7699966430664,53648700,AMZN
738399,126.0,128.02000427246094,123.66000366210938,127.81999969482422,56636100,AMZN
738400,129.5,131.3800048828125,126.38999938964844,127.51000213623048,57429800,AMZN
738404,127.91999816894533,128.6199951171875,124.73999786376952,126.11000061035156,43888600,AMZN
738405,126.12000274658205,129.82000732421875,125.4000015258789,129.47999572753906,47900300,AMZN
738406,127.72000122070312,130.27999877929688,127.0999984741211,129.82000732421875,43988500,AMZN
738407,130.91000366210938,133.69000244140625,130.75999450683594,133.27000427246094,49387600,AMZN
738410,134.10000610351562,136.49000549316406,134.0,136.4499969482422,53826900,AMZN
738411,131.00999450683594,131.39999389648438,126.2699966430664,126.81999969482422,72694000,AMZN
738412,127.36000061035156,128.83999633789062,126.33000183105467,128.5500030517578,45316800,AMZN
738413,127.37999725341795,130.3699951171875,125.5,126.27999877929688,52887200,AMZN
738414,122.77999877929688,123.87000274658205,120.6999969482422,123.52999877929688,115667800,AMZN
738417,122.16000366210938,124.70999908447266,121.8000030517578,124.66000366210938,47279700,AMZN
738418,123.3499984741211,124.4000015258789,121.13999938964844,122.19000244140624,47698400,AMZN
738419,122.48999786376952,123.76000213623048,118.4499969482422,118.54000091552734,58498900,AMZN
738420,117.08000183105467,118.79000091552734,116.26000213623048,117.30999755859376,55229200,AMZN
738421,116.0,116.0500030517578,112.05999755859376,113.77999877929688,65126700,AMZN
738424,113.3000030517578,117.33999633789062,113.12999725341795,115.1500015258789,62723300,AMZN
738425,117.1999969482422,118.31999969482422,113.0500030517578,114.41000366210938,60094700,AMZN
738426,114.37999725341795,118.6999969482422,113.8000030517578,118.01000213623048,55763800,AMZN
738427,115.5999984741211,116.06999969482422,113.05999755859376,114.8000030517578,58969700,AMZN
738428,114.08000183105467,116.91999816894533,112.83999633789062,113.0,59479600,AMZN
738431,113.58000183105467,116.91000366210938,112.4499969482422,115.87999725341795,50941900,AMZN
738432,119.88999938964844,123.0,119.79000091552734,121.08999633789062,62812600,AMZN
738433,118.58000183105467,121.75,117.69000244140624,120.9499969482422,48217500,AMZN
738434,120.7699966430664,121.52999877929688,119.5,120.3000030517578,42253800,AMZN
738435,118.0,118.16999816894533,113.87999725341795,114.55999755859376,54678000,AMZN
738438,115.0999984741211,116.25,112.43000030517578,113.66999816894533,42339700,AMZN
738439,112.70999908447266,115.4800033569336,110.38999938964844,112.20999908447266,56432200,AMZN
738440,112.48999786376952,113.83000183105467,111.4000015258789,112.9000015258789,45728700,AMZN
738441,107.87999725341795,113.44000244140624,105.3499984741211,112.52999877929688,86868100,AMZN
738442,114.0999984741211,114.95999908447266,106.5999984741211,106.9000015258789,67737300,AMZN
738445,110.11000061035156,114.19000244140624,110.08999633789062,113.79000091552734,62782000,AMZN
738446,119.05999755859376,119.5199966430664,114.79000091552734,116.36000061035156,65607400,AMZN
738447,114.70999908447266,116.58999633789062,113.22000122070312,115.06999969482422,47198100,AMZN
738448,113.83000183105467,118.23999786376952,113.51000213623048,115.25,48795100,AMZN
738449,114.79000091552734,119.58999633789062,114.5,119.31999969482422,55660500,AMZN
738452,119.9800033569336,120.38999938964844,116.56999969482422,119.81999969482422,49531500,AMZN
738453,119.6500015258789,121.31999969482422,118.9499969482422,120.5999984741211,50934600,AMZN
738454,116.0,119.3499984741211,114.76000213623048,115.66000366210938,68802300,AMZN
738455,113.91999816894533,114.12000274658205,109.7699966430664,110.95999908447266,129605400,AMZN
738456,97.91000366210938,103.95999908447266,97.66000366210938,103.41000366210938,223133400,AMZN
738459,103.55999755859376,104.87000274658205,100.73999786376952,102.44000244140624,99251400,AMZN
738460,103.98999786376952,104.58000183105467,96.05999755859376,96.79000091552734,153370000,AMZN
738461,97.31999969482422,97.73999786376952,92.01000213623048,92.12000274658205,135761800,AMZN
738462,92.47000122070312,93.5,89.0199966430664,89.30000305175781,136683300,AMZN
738463,91.48999786376952,92.44000244140624,88.04000091552734,90.9800033569336,129101300,AMZN
738466,91.9499969482422,92.0999984741211,89.04000091552734,90.52999877929688,77495700,AMZN
738467,90.79000091552734,91.72000122070312,88.2300033569336,89.9800033569336,88703400,AMZN
738468,89.47000122070312,89.4800033569336,85.87000274658203,86.13999938964844,90796200,AMZN
738469,92.94000244140624,98.69000244140624,91.6500015258789,96.62999725341795,173414900,AMZN
738470,97.87999725341795,101.19000244140624,96.66000366210938,100.79000091552734,111590500,AMZN
738473,98.7699966430664,100.12000274658205,97.29000091552734,98.48999786376952,99533100,AMZN
738474,103.20999908447266,103.79000091552734,97.33999633789062,98.94000244140624,111336300,AMZN
738475,96.8499984741211,98.48999786376952,95.54000091552734,97.12000274658205,87958800,AMZN
738476,95.37000274658205,96.97000122070312,94.02999877929688,94.8499984741211,82617900,AMZN
738477,95.9499969482422,95.98999786376952,92.4800033569336,94.13999938964844,72428200,AMZN
738480,93.97000122070312,95.0199966430664,90.58999633789062,92.45999908447266,84330300,AMZN
738481,92.62000274658205,93.3499984741211,90.87000274658205,93.1999969482422,62192000,AMZN
738482,93.23999786376952,94.58000183105467,92.83000183105467,94.12999725341795,59414700,AMZN
738484,93.79000091552734,94.43000030517578,93.06999969482422,93.41000366210938,35088600,AMZN
738487,93.93000030517578,96.4000015258789,93.43000030517578,93.9499969482422,74943100,AMZN
738488,94.04000091552734,94.41000366210938,91.44000244140624,92.41999816894533,65567300,AMZN
738489,92.47000122070312,96.54000091552734,91.52999877929688,96.54000091552734,102805800,AMZN
738490,96.98999786376952,97.2300033569336,94.91999816894533,95.5,68488000,AMZN
738491,94.4800033569336,95.36000061035156,93.77999877929688,94.12999725341795,72496400,AMZN
738494,93.0500030517578,94.05999755859376,90.81999969482422,91.01000213623048,71535500,AMZN
738495,90.5,91.04000091552734,87.9000015258789,88.25,75503600,AMZN
738496,88.33999633789062,89.88999938964844,87.4800033569336,88.45999908447266,68086900,AMZN
738497,89.23999786376953,90.86000061035156,87.87999725341797,90.3499984741211,73305900,AMZN
738498,88.9000015258789,90.3000030517578,88.62999725341797,89.08999633789062,67398500,AMZN
738501,89.20999908447266,90.58000183105467,87.87000274658203,90.5500030517578,61999800,AMZN
738502,95.2300033569336,96.25,90.5199966430664,92.48999786376952,100212000,AMZN
738503,92.5,93.45999908447266,89.87000274658203,91.58000183105467,70298000,AMZN
738504,89.88999938964844,89.97000122070312,87.47000122070312,88.44999694824219,84802900,AMZN
738505,88.2699966430664,89.3499984741211,86.7300033569336,87.86000061035156,146144100,AMZN
738508,87.51000213623047,87.62999725341797,84.51000213623047,84.91999816894531,83531500,AMZN
738509,85.33000183105469,86.61000061035156,84.33000183105469,85.19000244140625,74348300,AMZN
738510,86.18000030517578,87.2300033569336,85.20999908447266,86.7699966430664,59267200,AMZN
738511,85.5199966430664,85.68000030517578,82.25,83.79000091552734,81431300,AMZN
738512,83.25,85.77999877929688,82.93000030517578,85.25,57433700,AMZN
738516,84.97000122070312,85.3499984741211,83.0,83.04000091552734,57284000,AMZN
738517,82.80000305175781,83.4800033569336,81.69000244140625,81.81999969482422,58228600,AMZN
738518,82.87000274658203,84.55000305175781,82.55000305175781,84.18000030517578,54995900,AMZN
738519,83.12000274658203,84.05000305175781,82.47000122070312,84.0,62401200,AMZN
737426,151.2891080017366,153.14710838701015,150.86034091881393,153.04229736328125,22622100,MSFT
737427,150.8508074465806,152.40389764073367,150.60306438648712,151.1366424560547,21116200,MSFT
737430,149.66932792275708,151.59403303057528,149.1262122356397,151.52732849121094,20813700,MSFT
737431,151.8036218417332,152.13710084875345,149.89797766820752,150.1457061767578,21634100,MSFT
737432,151.43206075646742,153.2138485745025,150.49829885252953,152.53733825683594,27746500,MSFT
737433,154.20478754272034,154.56686473961398,153.43300365579853,154.4429931640625,21385000,MSFT
737434,155.13855066181137,155.5196738075105,153.5759079632633,153.72836303710938,20725900,MSFT
737437,154.1284886483653,155.60536572477798,153.65207762622643,155.5767822265625,21626500,MSFT
737438,155.68164530368088,155.88174439702684,154.09043370219524,154.48109436035156,23477400,MSFT
737439,154.94795870026942,156.2056911224707,154.90032921611618,155.48153686523438,21417900,MSFT
737440,156.59630060743805,158.39713359543836,156.29139059052952,158.33042907714844,23865400,MSFT
737441,159.52149406039632,159.56913807909913,157.62537261176516,159.2165985107422,34371700,MSFT
737445,158.81639847951428,160.25516931694727,158.57819292777114,158.6448974609375,29517200,MSFT
737446,159.5024241627532,159.5881892069386,157.86356888038867,157.88262939453125,24138800,MSFT
737447,158.34952808833728,158.93075022783887,157.47293338495862,158.85452270507812,19680800,MSFT
737448,159.60727188378766,159.62633240231318,156.69163772275695,157.25379943847656,24918100,MSFT
737451,153.54731428201197,155.67211856832188,152.64213596675623,154.62400817871094,32078100,MSFT
737452,156.05319728680965,157.93978091240282,155.376701759657,157.65394592285156,24899900,MSFT
737453,159.92168211112687,160.78875384341436,157.87312009994662,160.11224365234375,34754500,MSFT
737454,165.8387045815864,165.8387045815864,162.73249494656676,164.6286163330078,51597500,MSFT
737455,164.0855428072583,164.26656684053623,161.5796153816874,162.19894409179688,36142700,MSFT
737458,162.38947794663974,166.26747121673395,162.36089444421407,166.15313720703125,30107000,MSFT
737459,168.78295364444696,172.11783193162665,167.99210933453162,171.6223602294922,36433300,MSFT
737460,175.34784911686342,175.5098271284707,169.99299359122742,171.41268920898438,39186300,MSFT
737461,172.43224047240506,175.14778964892244,171.56516875202502,174.9667510986328,27751400,MSFT
737462,174.22353365441194,176.87237803350294,173.8709795770829,175.21446228027344,33529100,MSFT
737465,174.91910137097884,179.93094091327686,174.60466830003907,179.79754638671875,35844300,MSFT
737466,181.6555587654134,181.7032027863829,174.84288539527742,175.73854064941406,53159900,MSFT
737467,176.82476986701107,177.0820359671832,173.27074664457643,175.99581909179688,47062900,MSFT
737468,174.44270133175792,177.44408563908578,174.24260225977625,175.04298400878906,35295800,MSFT
737469,174.6046735812949,176.66277308665374,174.0329744279463,176.60560607910156,23149500,MSFT
737473,176.85334417815014,178.84473925632798,176.74853314567162,178.39691162109375,27792200,MSFT
737474,179.67717593860445,179.7918222433081,178.15805408678213,178.93194580078125,29997500,MSFT
737475,178.61664037983618,178.90327069854922,173.0274147687379,176.1994171142578,36862400,MSFT
737476,175.00511879235276,175.3204106535895,169.34900702097406,170.6292724609375,48572600,MSFT
737479,160.29163161505338,166.7694109498898,155.9539946198848,163.27255249023438,68311100,MSFT
737480,166.43500677501711,167.04647809888743,160.17697106093158,160.57826232910156,68073300,MSFT
737481,162.14516846559172,165.53691524521565,160.71203109551047,162.58465576171875,56206100,MSFT
737482,156.03995536210235,159.58457252523377,150.93797683031812,151.12905883789062,93174900,MSFT
737483,145.61627726402705,156.41257893669868,145.2245496509673,154.78834533691406,97012700,MSFT
737486,157.94128602180794,165.21207000811614,155.0750113556464,165.08786010742188,71030800,MSFT
737487,166.05283004915677,167.19933687198244,155.02721989939704,157.1769256591797,71677000,MSFT
737488,160.9795353071351,163.09101602333493,158.237456123868,162.9477081298828,49814400,MSFT
737489,158.64829536210627,163.2534354451266,158.3043418414081,158.85848999023438,47817300,MSFT
737490,155.3616009067744,155.83931322558516,149.04624346895147,154.3679656982422,72821100,MSFT
737493,144.26911765659355,150.71823384322937,143.31369303635122,143.9060516357422,70419300,MSFT
737494,151.10995119968203,153.8520150088613,145.77868043045396,153.74691772460938,65354400,MSFT
737495,150.1258458680789,150.6704302141721,144.41239726039598,146.7818603515625,56371600,MSFT
737496,138.82321411729578,146.62903229571248,132.40275886102268,132.86135864257812,93226400,MSFT
737497,140.92512904354783,154.6928010815191,134.4569003945856,151.75009155273438,92727400,MSFT
737500,133.7594526576964,142.6926790773562,128.98232934849295,129.38360595703125,87905900,MSFT
737501,133.75945853319914,140.92514381176338,128.98233501415632,140.03660583496094,81059800,MSFT
737502,131.8486034620933,139.49200076424364,129.00144204905686,134.14161682128906,81593200,MSFT
737503,136.4059864786484,143.45701074664507,132.80403133103658,136.34866333007812,85922700,MSFT
737504,139.49201865938184,140.54299175470402,129.8040119191972,131.22760009765625,84866200,MSFT
737507,130.90272636229017,134.30405037049496,126.61287900381572,129.91864013671875,78975200,MSFT
737508,137.34231071293746,142.9315514499227,134.97286136491363,141.7277069091797,82516700,MSFT
737509,142.27225629729148,147.45065499220237,138.0015079010714,140.37095642089844,75638200,MSFT
737510,141.78503551174546,149.67685374701728,141.75637393382866,149.1513671875,64568100,MSFT
737511,144.98570803381887,147.98574121163722,142.5493719682669,143.02708435058594,57042300,MSFT
737514,145.6449549415778,153.44122459952305,143.32326515890932,153.08770751953125,63420300,MSFT
737515,152.29469397697127,157.43488361684436,149.581291281011,150.68003845214844,77927200,MSFT
737516,146.1799629258876,150.7182297487501,144.097144308081,145.3296356201172,57969900,MSFT
737517,145.09082510519735,148.5494585591585,143.65768776301982,148.33926391601562,49630700,MSFT
737518,148.18638546531636,150.36475274238688,145.40609592689418,146.97299194335938,41243300,MSFT
737521,153.17368146121848,159.0781985913757,150.55581276462382,157.9030303955078,67111700,MSFT
737522,162.0304746176157,162.42220225132698,155.98263439611668,156.202392578125,62769000,MSFT
737523,158.28521003844824,159.24063474894433,156.2119401661067,157.769287109375,48318200,MSFT
737524,158.9444584466096,159.90943217427318,156.0495226849944,157.77883911132812,51385100,MSFT
737528,157.02404273502208,158.1896619422146,155.0654193407315,158.13232421875,41905300,MSFT
737529,161.46675231031864,166.00501901726545,160.5113277404351,165.95724487304688,52874300,MSFT
737530,163.56871788146768,165.8330845022303,161.6960934943149,164.21841430664062,40940800,MSFT
737531,166.53056727805694,169.37772947142707,165.19296363640393,169.14842224121094,50479600,MSFT
737532,171.49874670325588,171.9764590896159,168.03055011312193,170.6388702392578,52765600,MSFT
737535,168.7566458819154,170.7821412981668,167.1897501756673,167.25662231445312,36669600,MSFT
737536,165.7661599315964,165.92858035615816,158.70557306866343,160.33935546875,56203700,MSFT
737537,163.75021928604565,166.24387803978735,163.20563485266095,165.7852783203125,34620200,MSFT
737538,166.34899491926967,167.25664546755797,163.2916387983188,163.77890014648438,32790800,MSFT
737539,164.3903659912412,166.77892766048188,163.1005514370253,166.76937866210938,34277600,MSFT
737542,168.71847503638406,169.0146544148063,165.57513361485664,166.2917022705078,33194400,MSFT
737543,167.76299929445688,167.83943501065198,161.83936978624703,162.2406463623047,34392700,MSFT
737544,165.49869609816693,169.7598828273134,164.2184302793562,169.52102661132812,51286600,MSFT
737545,171.97645884226827,172.35862291935663,168.3745033722791,171.2216796875,53875900,MSFT
737546,167.96368159747485,170.67708451189353,166.25346305323797,166.78851318359375,39370500,MSFT
737549,166.7120899066013,171.02105079852683,166.05284441731166,170.86817932128906,30372900,MSFT
737550,172.5688167993208,175.4637526778618,171.8809098005957,172.70257568359375,36839200,MSFT
737551,173.96377197617133,175.98926815064524,173.53383367593662,174.40325927734375,32139300,MSFT
737552,175.9605543129002,176.32362034149384,174.44143263318955,175.4159698486328,28316000,MSFT
737553,176.73442996461893,176.75354253771818,175.18664685188003,176.4477996826172,30877800,MSFT
737556,174.98602983574403,179.15168215521967,174.69941408559305,178.416015625,30892700,MSFT
737557,178.4733376396917,178.70263023835386,174.1739264712878,174.3745574951172,32038200,MSFT
737558,174.41277125818974,175.84590822074082,168.67065983124968,171.73757934570312,44711500,MSFT
737559,169.62607851802582,172.63567478090147,167.84898816370443,172.48280334472656,41873900,MSFT
737560,171.07837297297462,178.7217718473432,169.1102000954049,174.99562072753906,46610400,MSFT
737563,177.47015586888614,177.90009411138985,175.7599518985268,176.6676025390625,35264500,MSFT
737564,176.78221447746273,178.2822381133721,175.31086699219514,175.4446258544922,26799100,MSFT
737565,177.06379523039917,178.06021242897378,176.23026544675045,177.878173828125,31261300,MSFT
737566,177.6290988690488,178.84587191060044,175.60753727590682,175.74166870117188,29119500,MSFT
737567,175.51170329124758,176.7284760958556,174.88893888010873,175.8182830810547,20826900,MSFT
737571,178.529667786644,178.68296499176597,173.50930858232218,173.95960998535156,36073600,MSFT
737572,172.64702624082813,174.3620076917723,169.19792677156028,174.18954467773438,39517100,MSFT
737573,173.1643818219209,176.4314423283632,172.81947045060082,173.7967071533203,33810200,MSFT
737574,175.0709899678041,176.54645008284925,172.84823882070816,175.56919860839844,42130400,MSFT
737577,174.88894080958718,175.3296666226282,173.85422121574976,175.1667938232422,22622400,MSFT
737578,176.52731255934225,177.24587692525546,173.74886952550298,177.15965270996094,30794600,MSFT
737579,177.07342987987812,178.14648132988268,175.88539818935195,177.59078979492188,27311000,MSFT
737580,176.57519945833528,178.05064502079156,174.65902803636578,175.25303649902344,28761800,MSFT
737581,174.96558860876283,179.86140663793083,174.3811558046037,179.35362243652344,39893600,MSFT
737584,178.1464762294627,180.6470807555781,176.70934752753965,180.4650421142578,33211600,MSFT
737585,180.12010837438186,182.706936794211,179.4111197061566,181.84466552734372,29783900,MSFT
737586,183.118952861215,190.19920669528548,183.00397261834428,188.5896148681641,43872300,MSFT
737587,185.0350682105646,187.5548232831621,178.27098652054713,178.4626007080078,52854700,MSFT
737588,182.55364576355285,183.6841945096224,177.41830574469836,179.8710174560547,43373600,MSFT
737591,176.84342231863823,182.8218810668848,176.29730656957784,181.0206756591797,32770200,MSFT
737592,184.80514392400625,187.3823967101177,183.43508843593403,185.45664978027344,42556700,MSFT
737593,186.85545304847912,188.09139178921905,185.57162171808363,186.09857177734372,25687800,MSFT
737594,185.8686191262758,188.25425769653995,185.8686191262758,188.0913848876953,23061600,MSFT
737595,190.2662302616709,190.93688730881692,186.2231075527269,186.9704132080078,44441100,MSFT
737598,187.58356094783133,192.34524723857083,187.0470353859269,192.1632232666016,32818900,MSFT
737599,193.6195309241335,195.4015708678264,192.98719086880405,193.44708251953125,30917400,MSFT
737600,193.1500799897967,194.73091552273308,188.3213199494767,189.54766845703125,36740600,MSFT
737601,189.50930990183528,192.201527747836,187.2769689905076,191.94284057617188,27803900,MSFT
737602,191.35843741947585,191.51173462779505,186.71173091870725,188.1009521484375,54675800,MSFT
737605,187.573986504707,190.20872174887992,185.4374598364517,190.12249755859372,26701600,MSFT
737606,189.5859985624905,195.8327066546269,189.45186715239495,194.98001098632807,34310300,MSFT
737607,194.6255211499115,197.70098256301688,193.31294846872325,196.12013244628903,32061200,MSFT
737608,197.0590394319736,199.3009708493296,196.4075482404047,197.6147308349609,29315800,MSFT
737612,200.07703677818944,202.2806367932332,199.3680481033168,201.86865234375,31897600,MSFT
737613,201.6291172422876,205.67223975704343,199.27223478705545,199.52133178710935,33600700,MSFT
737614,201.26505176370063,204.3213325893784,199.94288893945347,203.90936279296875,33600000,MSFT
737615,207.2626608673324,207.31056807147,202.6063642381437,205.3369140625,33121700,MSFT
737616,204.6662651538276,205.1069910138822,202.23273387739715,204.71417236328125,26177600,MSFT
737619,205.4902276645269,206.75490787235915,197.844707469268,198.3908233642578,38135600,MSFT
737620,197.49020560640847,200.09619982171807,193.56204847648868,199.61715698242188,37591800,MSFT
737621,200.7764390257388,202.47225482563013,196.43631192946955,199.3201446533203,32179400,MSFT
737622,196.79078061823037,197.07820922824783,193.8302995592707,195.3728179931641,29940700,MSFT
737623,195.899771724378,196.4458729364666,192.94886620272644,194.3764190673828,31635300,MSFT
737626,196.4075554656245,203.4015835353189,194.50095978623176,202.73092651367188,36884800,MSFT
737627,204.70460118533163,204.9728640209861,199.3105738313389,200.0003967285156,37990400,MSFT
737628,200.4315426390785,203.40161441050364,199.655495494857,202.87466430664065,49605700,MSFT
737629,198.5057505701029,202.079405634506,193.6769911352823,194.05064392089844,67457000,MSFT
737630,192.01953553978717,194.3572670026915,189.23150262529575,192.86265563964844,39827000,MSFT
737633,193.0255072066589,195.4207212092042,192.4410744052688,195.3057556152344,30160900,MSFT
737634,195.0758123335228,196.1201221435379,193.28419691457697,193.55245971679688,23251400,MSFT
737635,194.0123769972294,196.07225564605147,193.54290968626415,195.50698852539065,19632600,MSFT
737636,192.57524057476024,195.89022378527395,191.2051849351646,195.3536834716797,25079600,MSFT
737637,195.8327119115943,196.50338359930277,190.66863055545076,196.41714477539065,51044000,MSFT
737640,202.6542875887838,208.5177672855925,201.6195532977186,207.4638671875,78983000,MSFT
737641,205.1932177715921,205.7680750537304,201.4950062918798,204.35009765625,49280100,MSFT
737642,205.89257948730528,205.9883938902932,202.7021674608065,204.0147399902344,28806400,MSFT
737643,203.43986718769895,207.30095050015285,202.6829860914297,207.28179931640625,32656800,MSFT
737644,205.844724014304,206.65908810961207,202.08901510463997,203.5740509033203,27820400,MSFT
737647,202.7979828765569,202.9991872906506,197.70097494382517,199.52133178710935,36716500,MSFT
737648,198.4770314224895,198.9464840457062,194.62552292567963,194.85546875,36446500,MSFT
737649,196.6853932925188,201.46624586718303,196.168033482826,200.42193603515625,28013100,MSFT
737650,200.66145750408137,202.49140457345376,199.4255188495774,199.9524688720703,22588900,MSFT
737651,200.0099573373396,200.80517019031623,198.81235026103036,200.1440887451172,17958900,MSFT
737654,200.81472592060223,202.3380783514728,200.1632201809644,201.4662170410156,20184800,MSFT
737655,201.7057350462724,203.4590332299477,200.44106981397044,202.62550354003903,21336200,MSFT
737656,203.11532137379675,203.7011668832375,200.9640167078285,201.3961944580078,27627600,MSFT
737657,201.24257482025888,206.48637478609217,200.63753168715445,206.0830078125,26981500,MSFT
737658,205.39148111919295,207.68684029394691,204.42148080548665,204.58474731445312,36249300,MSFT
737661,206.2846433660355,206.98574705184535,204.0180951120791,205.22821044921875,25460100,MSFT
737662,204.6615836714994,208.0325879599665,204.6615836714994,207.89813232421875,23043700,MSFT
737663,209.25228930731743,213.29557152779088,208.75287641020205,212.39279174804688,39600800,MSFT
737664,214.06391898104908,221.99683117871209,210.71211201268855,217.60780334472656,57602200,MSFT
737665,219.1444315542329,221.5070259544178,217.6077977764513,219.8455352783203,26292900,MSFT
737668,218.01114135851057,219.64382098402717,215.4276589686068,216.59934997558597,28774200,MSFT
737669,216.5801610879219,218.44334254996568,215.5429255939625,218.27047729492188,25725500,MSFT
737670,218.94276449796857,223.6391279625917,218.3473201666732,222.4770355224609,34080800,MSFT
737671,220.19127483386663,220.22968444914244,206.4479305385887,208.6952667236328,58400300,MSFT
737672,206.58238418606985,209.7132880379812,197.06480108183683,205.7660369873047,59664100,MSFT
737676,198.32293318553903,201.71314970879104,194.193203316622,194.63499450683597,52924300,MSFT
737677,199.3793936773701,206.3326924284308,198.5150233767593,202.9232635498047,45679000,MSFT
737678,204.94971039022184,206.23665976470147,196.02758532941417,197.23768615722656,35461500,MSFT
737679,198.99518506487823,200.368566810898,193.27120041209557,195.95071411132807,33620100,MSFT
737682,196.1524244365995,200.9160080780568,195.95073365631603,197.27609252929688,30375800,MSFT
737683,200.1669043659141,201.47305115845532,198.7359006730098,200.5126495361328,21823900,MSFT
737684,202.27978839228365,202.30859926907064,196.53659069787517,196.93035888671875,26328100,MSFT
737685,192.1283423992957,196.23886006184517,192.04190977266651,194.8750915527344,34011300,MSFT
737686,194.7694666209118,195.5857992686869,188.4788325895572,192.45489501953125,55225300,MSFT
737689,189.38160480843675,194.6830260505137,188.603681812148,194.51974487304688,39839700,MSFT
737690,196.93994884068,199.8595778977372,194.0779561891913,199.2064971923828,33517100,MSFT
737691,199.6674750785702,199.8595671109668,192.10911961891628,192.64694213867188,30803800,MSFT
737692,191.9363044922236,197.4298039291168,191.3120345330589,195.14404296875,31202500,MSFT
737693,195.48973384039303,200.7623288470924,194.5197189187621,199.5906524658203,29437300,MSFT
737696,202.52951091493645,204.15259209844297,199.8211711438522,201.1465301513672,32004900,MSFT
737697,201.0600763647072,201.75156667374335,198.620648148228,199.0528259277344,24221900,MSFT
737698,199.50423157489385,203.58593860629148,198.36135126137188,202.00128173828125,33829100,MSFT
737699,205.03616387095076,205.51636472015983,202.95209394393123,204.0469512939453,27158400,MSFT
737700,199.7635166716644,202.63512249946268,197.40092247840468,198.0251922607422,33154800,MSFT
737703,199.0144134268596,202.0780967632502,198.7839117756681,202.04928588867188,21331600,MSFT
737704,200.55107412232323,201.8572062623485,196.70946762700416,197.7563018798828,28554300,MSFT
737705,198.86077087147345,201.78999894635191,198.5342378151438,201.5210876464844,25681100,MSFT
737706,202.1741588890125,202.8272396728094,200.07089145194567,202.24139404296875,19925800,MSFT
737707,202.8656557507978,207.31232050333935,202.8656557507978,207.2642974853516,26458000,MSFT
737710,210.12630057826965,214.99554467367747,208.2247091428494,212.6329498291016,40461400,MSFT
737711,213.90062433155887,216.29202935426724,211.7012966789068,214.0350799560547,28950800,MSFT
737712,214.1695624812037,215.34125363665,210.4528128800717,212.1143035888672,23421700,MSFT
737713,208.5032268791936,211.6341313249523,207.45637782873763,210.96185302734372,22733100,MSFT
737714,211.43244050838584,213.4876996779708,210.63531994772924,210.96185302734372,26057900,MSFT
737717,211.6917309808641,213.49729078125037,205.25704282497009,205.73724365234372,27625800,MSFT
737718,207.2546935460719,208.76251662201668,204.6519984439053,206.1502227783203,22753500,MSFT
737719,204.68079858489867,208.33032785047115,204.68079858489867,206.29428100585935,22724900,MSFT
737720,205.4586995787532,207.50435959979703,203.3170081940359,206.3806915283203,22351500,MSFT
737721,206.51515407203823,207.71565606736684,204.7192077764876,207.66763305664065,18879600,MSFT
737724,205.38190309336025,207.7732938739257,199.85959348811676,201.7611846923828,37111600,MSFT
737725,203.21137857142563,206.169417367795,202.0012777861424,204.8056488037109,36700300,MSFT
737726,199.44659934305423,200.57026746118032,194.0971700291772,194.65419006347656,51195600,MSFT
737727,195.98914818469703,199.14886278527575,195.31685538687805,196.6134033203125,31432600,MSFT
737728,195.44172713182547,196.20043795376327,191.71536420515815,194.4525146484375,36953700,MSFT
737731,196.20044850341992,197.15125142164013,192.19557534323732,194.3180694580078,30842200,MSFT
737732,195.81629302920803,199.8787879302608,195.07677965090937,198.25570678710935,27512000,MSFT
737733,205.5451571893595,209.6748870535973,204.0085087476915,207.82130432128903,42311800,MSFT
737734,213.2475874720644,215.2452247708473,212.39283054343505,214.44808959960935,36080100,MSFT
737735,213.4588454821876,215.475694620318,209.3963509860523,214.8610382080078,25231900,MSFT
737738,215.55251263038653,219.08678307726532,209.2522812045148,209.74208068847656,44395000,MSFT
737739,206.00618063771628,207.92698418678592,201.41546132780536,202.6543731689453,44045100,MSFT
737740,203.979746191204,209.4060107248387,203.79726749689104,207.9750213623047,29440800,MSFT
737741,208.6088659689868,210.4336233919527,205.96776121468136,206.9089508056641,21593900,MSFT
737742,207.79248432257955,208.8105076423,205.67960379897195,207.93653869628903,18621100,MSFT
737745,206.3614881256041,209.11785069637364,206.02535635667692,208.62803649902344,24953300,MSFT
737746,207.5427702781826,209.0601917541138,205.6027551424149,205.96771240234372,24154100,MSFT
737747,205.7269904720096,207.1906268558678,203.1078578663397,203.25230407714844,28372800,MSFT
737748,203.54119160883235,205.1299971537273,202.14495163509352,204.5426177978516,24792700,MSFT
737749,204.33079696240048,205.38037200297697,202.21238444489785,202.58792114257807,22843100,MSFT
737752,203.12714432147263,204.41744834353784,200.440614920729,202.31829833984372,25683500,MSFT
737753,201.8175291726053,206.3047205531807,201.1146047171796,205.9291839599609,33979700,MSFT
737754,207.13286391770785,207.30618174725083,204.58114236322032,205.9388427734375,21012900,MSFT
737756,206.88251498562036,208.2498539854845,206.10254065901964,207.2484130859375,14512200,MSFT
737759,206.16031025318807,206.79582361196043,203.0211948606144,206.1314239501953,33064800,MSFT
737760,206.5550783826392,209.26088432461933,205.43810713791171,208.19204711914065,30904500,MSFT
737761,206.9113898033444,207.4795067033715,204.90852280838251,207.3832092285156,23724500,MSFT
737762,206.65140972730725,208.35577521394413,205.7270038738795,206.29513549804688,25120900,MSFT
737763,206.27589789373448,207.3928841489773,205.27445687422903,206.41070556640625,24666000,MSFT
737766,206.42029676135812,207.54690671025477,205.0914826819307,206.34326171875,24620000,MSFT
737767,206.035154128181,208.9046399230216,204.99520300208576,207.9994964599609,23284100,MSFT
737768,207.18103161854123,207.248428105221,203.37751596182983,203.9456329345703,32440600,MSFT
737769,203.9167493894469,205.1781671467647,202.55903414364357,202.71310424804688,26733300,MSFT
737770,202.26051866363272,205.40925825216428,201.35537522834764,205.3514709472656,30979400,MSFT
737773,205.197393076644,208.19206224338683,204.98555039401157,206.256591796875,28798400,MSFT
737774,207.1906504982243,207.43137951744325,204.36931344558604,206.1892242431641,27000600,MSFT
737775,206.78618559079865,211.9474153043211,206.75729928978265,211.148193359375,35023300,MSFT
737776,211.71632926671745,212.69850766848936,209.83864606695616,211.28302001953125,32515800,MSFT
737777,210.4838409423828,211.5430546008621,208.00915403911335,210.4838409423828,63354900,MSFT
737780,209.4823893161669,215.69319489118817,209.22239786901787,214.33547973632807,37181900,MSFT
737781,214.4317918687069,217.2627675959401,213.62294585890717,215.63543701171875,22612200,MSFT
737782,214.8362062822929,215.26951557786228,212.61187249782776,212.8237152099609,18699600,MSFT
737783,213.208867634218,215.31765611091257,212.9970249301617,214.4895477294922,10550600,MSFT
737787,216.12650290192232,217.64791201293795,214.74954001310917,216.6175994873047,17933500,MSFT
737788,217.91753346320803,218.755265742417,215.28877670598004,215.83763122558597,17403200,MSFT
737789,216.87759902460292,217.2627742980088,213.25703961219352,213.4592437744141,20272300,MSFT
737790,213.4784827243465,214.73027651255785,211.53338821321609,214.1717834472656,20942100,MSFT
737794,214.27771303640043,214.730284767174,206.8439997605057,209.61720275878903,37130100,MSFT
737795,209.2031160874575,210.4163995999961,207.70096954139208,209.8193817138672,23823000,MSFT
737796,204.30190171848312,208.46170621201424,204.08043513541824,204.37893676757807,35930700,MSFT
737797,206.10255291692317,211.2060111195895,205.78480353780907,210.1949462890625,27694500,MSFT
737798,210.5704730246742,212.4000223203444,208.98166743245133,211.47561645507807,22956200,MSFT
737801,210.36827521763857,210.79196063976968,208.69279596455632,209.42462158203125,23031300,MSFT
737802,208.4713035292935,209.04905897744797,205.40923785569663,206.9595184326172,23249300,MSFT
737803,206.08330308204643,208.72168373170612,205.99662946841624,208.3172607421875,20087100,MSFT
737804,207.90318785686983,209.3957105291988,204.8507460355286,205.120361328125,29480800,MSFT
737805,205.601800140636,206.55507744597648,204.16705020862,204.76405334472656,31746500,MSFT
737809,205.8232972815894,208.93351188204568,204.74483605137272,208.41354370117188,30480900,MSFT
737810,209.6268517076035,217.4168401614905,209.2320525432424,216.02061462402344,37777300,MSFT
737811,216.3672515727501,217.90792325863816,214.1718039707667,216.6272430419922,30709400,MSFT
737812,218.6589922411138,221.5381167023557,217.42646079451316,217.5708923339844,30172700,MSFT
737815,220.62328262632084,221.25881063602372,215.90500067219287,221.01808166503903,33152100,MSFT
737816,223.2617227009555,225.49568036427337,221.5477332554915,223.71429443359372,49169600,MSFT
737817,229.17403104721416,231.5235486743659,221.60550993835776,224.26315307617188,69870600,MSFT
737818,226.8726304301621,233.6419284686505,226.37191001582264,230.0695037841797,49111200,MSFT
737819,227.2385364876457,229.19325465765945,222.77060714290988,223.3579864501953,42503100,MSFT
737822,226.34305136172495,233.50714934614192,223.8105773701704,230.7628326416016,33314200,MSFT
737823,232.351603104661,233.32414284698288,229.8383920882929,230.6279754638672,25916300,MSFT
737824,230.6858217074256,236.00110810599196,230.38730536843744,233.98861694335935,27158100,MSFT
737825,233.6612436880232,234.2197368353912,231.4561574085071,233.03533935546875,25296100,MSFT
737826,233.2471632851658,234.2582281309034,231.5042874913276,233.21827697753903,18054800,MSFT
737829,234.1330014849557,234.64334575020365,231.87978174485005,233.4782257080078,22211900,MSFT
737830,232.9004771165673,235.68330363620063,232.42865770253408,234.7300262451172,23565000,MSFT
737831,235.91444238497093,236.80032342587677,231.95685666173424,233.81529235839844,22186700,MSFT
737832,235.7025790208932,236.05885324174923,233.17010522071408,235.42333984375,15751100,MSFT
737833,234.88411228720133,236.20331730768945,233.72861593005655,235.90481567382807,16561100,MSFT
737837,235.94329288535255,237.0025063022829,233.91153965319072,234.66261291503903,26728500,MSFT
737838,232.906093639923,235.7918342514513,232.53933808657573,235.6856689453125,21653500,MSFT
737839,233.3693861989665,235.42511144667105,232.4621579524493,235.2899932861328,16925600,MSFT
737840,235.2513846225449,235.3575499390353,231.8058495819907,232.5683135986328,25262600,MSFT
737843,229.14206955928293,229.63428250537643,224.2970936639937,226.33352661132807,36446900,MSFT
737844,222.29925374576283,226.6423555297401,220.75503388741765,225.13674926757807,30228700,MSFT
737845,221.9904007701566,226.99944711371288,221.0156210183945,226.3721160888672,26339700,MSFT
737846,223.9882566459571,226.4107372101652,219.93469758471608,221.0059967041016,39542200,MSFT
737847,223.4574318770251,227.16354220659915,221.5368102760744,224.27780151367188,37819200,MSFT
737850,227.67503991012973,229.19030692771832,225.0209221655248,228.6787872314453,25324000,MSFT
737851,228.74635509378143,229.02625214088684,225.3104811452354,225.71583557128903,22812500,MSFT
737852,224.06546048406767,225.4359486757992,219.3362961558726,219.62583923339844,34029500,MSFT
737853,218.8344135694477,224.38393217022352,216.44087146531612,218.8247528076172,44727800,MSFT
737854,221.5175440694377,225.13679631236764,218.56423659549088,223.5250244140625,41872800,MSFT
737857,223.30302070423056,225.23328846078329,219.2108624854744,219.4617919921875,35267400,MSFT
737858,224.76035279937037,227.1731871785227,223.5925344800808,225.62896728515625,33080500,MSFT
737859,228.7366899036803,228.7366899036803,223.9496202090389,224.31637573242188,29746800,MSFT
737860,226.7678289200637,230.8310336985803,226.1404831560715,228.86216735839844,29907600,MSFT
737861,225.8509506169985,227.5978551297582,225.09814744653752,227.53028869628903,22653700,MSFT
737864,226.76785630641737,226.98983296884225,223.7276758370797,226.62307739257807,26034900,MSFT
737865,228.0418175338921,231.69002219090973,227.71367556991711,229.4219665527344,28092200,MSFT
737866,227.9163306183846,230.2326604691498,225.0981418177101,228.7752990722656,29562100,MSFT
737867,224.45151711937265,226.0246899466001,222.29927284060432,222.67567443847656,34833000,MSFT
737868,222.96521086600637,224.36465190721847,221.35343921420775,222.31857299804688,46430700,MSFT
737871,222.241350930954,228.64017762727764,222.11587883190597,227.7619171142578,30127000,MSFT
737872,229.2096350213508,232.64550904639756,228.8042805862718,229.29649353027344,31638400,MSFT
737873,229.55708118997325,229.7018453698753,227.1152938438051,227.2504119873047,25620100,MSFT
737874,227.09596856717204,228.6787872880025,223.49602389436825,224.2391662597656,34061900,MSFT
737875,223.47671534408207,228.4568088632944,223.47671534408207,228.2348175048828,25479900,MSFT
737878,228.3410077631364,228.54369234584783,223.79523570153015,227.0380859375,25227500,MSFT
737879,225.3876988699413,225.6965487599092,223.0424307659374,223.7662811279297,24792000,MSFT
737880,224.78933806497363,230.7635192059559,224.2874643182065,227.54962158203125,43623500,MSFT
737881,230.15545323053863,234.37308312806476,229.7500988109689,233.90017700195312,30338000,MSFT
737885,234.29587294711084,241.24484799838825,234.23796727614567,240.3858795166016,36910600,MSFT
737886,238.97681039219964,240.70439362829285,238.27226675447417,239.2180938720703,22931900,MSFT
737887,239.1698092779601,242.18102208001608,238.571431022878,241.1869354248047,22719800,MSFT
737888,243.95687539631507,245.2791039932534,243.21371824484825,244.42013549804688,23625200,MSFT
737889,244.05337980246676,247.0646072789531,243.63837933645223,246.9294891357422,24326800,MSFT
737892,245.8292082419784,248.6860104393037,245.74233501767975,246.98736572265625,27148700,MSFT
737893,248.29032131387373,250.15302240775816,247.8752914110572,249.4774169921875,23837500,MSFT
737894,248.50267547240887,249.80558261321104,246.263557861005,246.67855834960935,23070900,MSFT
737895,248.9369879075665,250.86725577075745,248.74397879337752,250.45225524902344,25627500,MSFT
737896,250.4232470797926,251.89990049073447,248.61845173903515,251.64895629882807,24878600,MSFT
737899,251.1181292941508,252.36315996225727,248.83076723304157,249.7186737060547,23209300,MSFT
737900,248.8308166543437,251.12783993340528,247.8849748766278,249.25547790527344,19722900,MSFT
737901,249.9118091473768,251.5911329415821,248.28073027345548,251.4946136474609,24030400,MSFT
737902,251.1374152232166,252.65268210086796,246.72676216379804,248.20343017578125,25606200,MSFT
737903,248.88871598261647,252.39215648667724,248.2999690323889,252.0446929931641,21462600,MSFT
737906,252.5369051279203,253.28970828839704,251.09886523953983,252.43072509765625,19763300,MSFT
737907,252.4596433149163,254.01352378329955,251.0505564546338,252.8360595703125,31014200,MSFT
737908,247.1514256081097,247.59540831786728,244.13056713310476,245.68443298339844,46903100,MSFT
737909,246.553073695862,247.17075870539085,240.31830320521595,243.70591735839844,40589000,MSFT
737910,241.0325369101685,244.2560804870284,240.89741875804785,243.387451171875,30945100,MSFT
737913,244.5649436421748,245.4818327008497,242.36443935490652,243.07864379882807,19626600,MSFT
737914,242.2196305734956,242.45126798676037,237.19127700382504,239.15049743652344,32756100,MSFT
737915,240.37623427424475,240.8008955244394,237.24921002603656,237.8765411376953,21901300,MSFT
737916,237.85725012429023,241.1483603049629,236.15861973754383,241.02288818359372,26491100,MSFT
737917,243.35848047928084,245.43352697425988,242.41265348382987,243.65768432617188,27032900,MSFT
737920,242.1231446588696,242.95316042894845,238.50389241610287,238.56179809570312,29299900,MSFT
737921,236.02346455009973,238.0019917084566,234.1125038239645,237.64488220214844,33641600,MSFT
737922,233.7264338294609,235.85938585438927,229.7693943690945,230.66696166992188,36684400,MSFT
737923,233.3693471131418,237.0368583622084,233.00259157020335,234.55645751953125,29624300,MSFT
737924,237.0175539228803,240.49202667228943,236.9306954176689,239.49794006347656,23901100,MSFT
737927,237.95369754464625,237.99229640976276,235.029343846958,236.63145446777344,24970200,MSFT
737928,237.68350018460333,237.81861832476685,234.43098933096988,234.60472106933597,20168000,MSFT
737929,231.4995016359877,235.29156060461747,230.8126825741299,235.1851501464844,25739800,MSFT
737930,235.99769785378356,239.85746373285232,235.9009557257646,238.43544006347656,21800700,MSFT
737931,239.48990667105087,240.2250967511412,236.752269419578,237.1682281494141,21863100,MSFT
737934,239.7027046181321,242.96272569888637,239.43184434731504,242.5951232910156,21411500,MSFT
737935,243.55281137496547,244.5008222997272,242.63382013845728,243.5044403076172,17704300,MSFT
737936,243.2239435322668,244.6846703376052,242.56614412489915,243.2819976806641,17771600,MSFT
737937,242.9724209395821,243.27230093259868,241.1150868363489,241.17312622070312,24426200,MSFT
737938,242.80797716657327,243.85273039340436,241.41497286413195,241.5310516357422,18270200,MSFT
737942,243.0304080343932,243.08844740625992,238.89978195493217,239.32540893554688,23213300,MSFT
737943,240.03165713737087,241.13444977529525,237.81638878981275,239.22874450683597,19406700,MSFT
737944,237.2165846926888,238.30002574663683,235.06903920305788,237.6905975341797,25307700,MSFT
737945,239.67367554798173,243.43671426394653,239.43183497559127,242.6047821044922,25281100,MSFT
737948,241.82127546023116,245.7971359559678,241.65682560527128,245.5262756347656,23079200,MSFT
737949,246.83218619035304,247.6544501102256,244.2686670500775,244.32672119140625,22455000,MSFT
737950,245.52626696989583,247.1901316047214,244.94585834242315,245.31344604492188,17937600,MSFT
737951,245.9905680475651,249.05710495769492,245.39080810777045,248.8442840576172,24563600,MSFT
737952,249.56981137579476,250.0534925665825,248.23484656577125,249.4730987548828,18999700,MSFT
737955,249.48275045554263,251.4658610360134,248.41864593938237,251.40782165527344,19150500,MSFT
737956,251.29171889548184,251.5045398033916,249.26993503111808,249.927734375,18038900,MSFT
737957,250.93378234700253,252.07526281054376,246.1163220795132,248.97972106933597,27220000,MSFT
737958,247.712479583384,253.20709054714192,247.6544402051549,252.38482666015625,27565500,MSFT
737959,251.15629861503976,253.7391396290548,250.30501499999647,250.9628143310547,37202200,MSFT
737962,251.34009426995223,254.9193172720661,249.50211169896875,254.05838012695312,26696100,MSFT
737963,254.14547180279524,257.11528170012457,253.83590872417147,256.84442138671875,24694100,MSFT
737964,257.30865404257685,258.12123472244707,255.79957141973912,256.6121520996094,19518700,MSFT
737965,257.47316949097063,259.1080142424336,256.8056871002997,257.9858703613281,21446900,MSFT
737966,257.54086037917466,258.5275592384999,256.1188367022205,256.3703308105469,25611100,MSFT
737969,257.50218987993065,260.1237336187573,257.2313295990359,259.9496154785156,19590000,MSFT
737970,260.0946586616981,262.7839242797006,259.2337216924044,262.5420837402344,19937800,MSFT
737971,261.8552728512254,262.50338898467066,260.8008516096172,262.05841064453125,21656500,MSFT
737972,260.8105853191446,262.96781428770066,260.80093176895895,262.73565673828125,16725300,MSFT
737973,263.9157878795973,268.92671747250915,263.6062248606429,268.588134765625,26458000,MSFT
737977,268.9557281508869,270.251990037587,265.34745629085984,268.5978088378906,31565600,MSFT
737978,270.28109175172204,271.5289977127355,268.10452600467096,270.7937927246094,23260000,MSFT
737979,267.862614332488,269.63290386937376,265.89887004899225,268.3656616210937,24618600,MSFT
737980,266.721137351801,268.9750785451048,266.3341983320282,268.8686828613281,23916700,MSFT
737983,270.04886399300807,270.6389408273715,267.5530527197064,268.2689208984375,18931700,MSFT
737984,268.46241397623965,273.6184723184139,268.33668165702954,271.8095092773437,26120100,MSFT
737985,273.1347692604908,274.4020115950531,271.3934992931169,273.28955078125,23113700,MSFT
737986,272.7961918128015,273.2895560746804,270.6970024536931,271.8578491210937,22604200,MSFT
737987,272.86390046289694,274.8276448188049,270.3390694215549,271.58697509765625,26186800,MSFT
737990,269.8264358219147,271.219440290929,265.492670381926,267.9691162109375,32935600,MSFT
737991,268.95576854668866,271.7998163819197,267.24354771590987,270.20367431640625,26259700,MSFT
737992,269.797413896217,272.3318990970316,268.23997433448085,272.2158203125,24364300,MSFT
737993,274.5761049598019,277.07191616470243,274.16982933582995,276.8010559082031,23384100,MSFT
737994,277.99089982397254,280.5253843301381,277.14929934522115,280.2158508300781,22768100,MSFT
737997,279.5678240928925,280.2353067266736,277.28486226027167,279.6161804199219,23176100,MSFT
737998,279.9836498416218,280.1287482752824,273.71516133505776,277.18798828125,33604100,MSFT
737999,279.5580931502503,280.68023724791817,274.56649886264984,276.8785095214844,33566900,MSFT
738000,276.8977378637223,279.2000645498565,276.7429563740649,277.1492614746094,18168300,MSFT
738001,275.8627907992205,277.3041515488227,274.64390454185576,275.6112670898437,20944800,MSFT
738004,277.0138254191884,277.41044746377105,274.4793411786592,275.52410888671875,16267400,MSFT
738005,276.10464679767625,277.8555707452246,274.7309789136201,277.7491455078125,17879000,MSFT
738006,276.878453234256,278.20373493143853,275.3596872582859,277.15899658203125,16191300,MSFT
738007,277.51691846775424,280.1771649568676,276.762377008068,280.0707397460937,13900200,MSFT
738008,279.09371880032603,280.05139807222434,278.23275214540485,280.0126953125,16589300,MSFT
738011,280.2932231032673,282.03446341401013,278.4165379017834,278.9195556640625,16117600,MSFT
738012,279.3742390862678,279.8095639589579,275.8917581909728,277.0912780761719,18616600,MSFT
738013,277.8360888235704,279.23877582031093,276.5301439510105,277.5845947265625,13955900,MSFT
738014,277.2750222056894,280.5060082956983,276.99447891167546,280.3512268066406,14561300,MSFT
738015,280.0320470208435,283.34040952865263,279.85789937183694,283.29205322265625,18249000,MSFT
738018,283.6209400034158,285.1977451919413,280.5543886861445,284.98492431640625,22507600,MSFT
738019,282.8471039940551,283.8531396263092,281.5798321005821,283.5145568847656,20075300,MSFT
738020,283.0493313580627,285.7437457281238,281.333803244955,281.7796630859375,21813000,MSFT
738021,279.8024298285088,288.3121287150756,279.7539809531887,287.6336669921875,29850500,MSFT
738022,290.49288222873395,296.42446842110303,288.8839831017073,294.9900207519531,40817600,MSFT
738025,293.91422411673074,295.99802885849795,292.5573300693989,295.2711181640625,22830200,MSFT
738026,295.6297584904746,296.2403682802,292.7027417213681,293.3036499023437,18175800,MSFT
738027,294.9319124080589,295.2129928490699,291.17138560708065,292.7124328613281,20006100,MSFT
738028,291.7237641949672,293.11943496903467,289.746588580096,289.8822631835937,17666100,MSFT
738029,289.7853523702263,291.6074798501345,287.691846089783,290.4928894042969,22605700,MSFT
738032,291.8498441090429,294.8544147543633,291.79169360955285,294.2438049316406,16348100,MSFT
738033,295.0483000025126,295.1258241504957,292.2181805628061,292.58648681640625,26285300,MSFT
738034,293.5459244834676,295.79450871358483,292.20840404351725,292.5379333496094,18983800,MSFT
738035,292.8965991015238,294.02086175989047,290.93876711303125,291.87890625,16285600,MSFT
738036,291.72382635847964,293.2842768886712,291.016318792049,291.8692321777344,14747900,MSFT
738040,291.7431850784096,291.8207092025225,289.0196954561044,290.938720703125,17180400,MSFT
738041,290.5510793969682,291.3555143006934,288.3121965936231,290.96783447265625,15046800,MSFT
738042,291.55907086974764,292.83844092366724,287.85666491586284,288.0989685058594,19927000,MSFT
738043,289.2329150244491,290.68673632669135,286.286495570045,286.6063232421875,19633400,MSFT
738046,288.3897120041516,289.34925430375523,285.02653709658307,287.8469543457031,23652900,MSFT
738047,290.3378000689103,292.1114785983669,288.9227556349355,290.56072998046875,21853400,MSFT
738048,293.92391076712056,295.9204896733223,292.5282399385816,295.4358825683594,28356300,MSFT
738049,294.40856371347337,295.910834141544,291.50092063095605,295.8236083984375,19550800,MSFT
738050,294.8058832523074,295.1257109098792,290.30871536477906,290.63824462890625,41372500,MSFT
738053,287.2072191386727,289.5236551795154,280.60687307255535,285.2397155761719,38278700,MSFT
738054,286.586949553442,288.380001741491,285.0168272798009,285.7243347167969,22364100,MSFT
738055,287.5949473188643,290.9774954954445,285.44329055858685,289.3879699707031,26626300,MSFT
738056,289.6496957275967,291.6365731856919,288.37032576939185,290.3378295898437,18604600,MSFT
738057,289.04876216977885,290.5704059878973,287.78876596007865,290.13427734375,14999000,MSFT
738060,287.023153512802,287.3429812358506,283.92165574313407,285.1138000488281,23571700,MSFT
738061,280.8782905595334,281.82813121572434,274.0453416183165,274.7916259765625,43186200,MSFT
738062,276.32300812104705,277.9415794692271,274.29735374474296,275.2568664550781,26353700,MSFT
738063,276.914175698253,278.9689050319053,272.95009324265595,273.2408752441406,32343600,MSFT
738064,273.43473316733105,281.05277293433414,272.6302983139076,280.1998596191406,30086300,MSFT
738067,278.5521943769814,278.8914253103499,271.6223177870567,274.3942565917969,31350700,MSFT
738068,275.3052501204694,281.4597655005899,275.3052501204694,279.8702697753906,24993000,MSFT
738069,276.9821268180862,284.590466783704,276.72044954345614,284.0864562988281,28002600,MSFT
738070,286.0926853878935,287.50775963834025,284.87149541719424,285.7728576660156,20430500,MSFT
738071,287.1006765960573,287.50775963834025,284.71641757147097,285.7728576660156,17685700,MSFT
738074,283.9022676599514,288.79678807629915,283.7374882135025,285.17193603515625,19298600,MSFT
738075,286.2477538192174,286.34468116686594,283.34981246639074,283.8634948730469,17974100,MSFT
738076,285.8309722041459,288.1280051974415,284.4546749827831,287.1878662109375,23416300,MSFT
738077,289.99856943368576,293.9335766778313,288.6610491193376,293.4295959472656,27262900,MSFT
738078,293.0323305603874,295.07738869078,291.26835293813207,294.8447570800781,25384800,MSFT
738081,294.2244163439284,298.72155568513193,293.3715029573013,297.82989501953125,22729300,MSFT
738082,298.8572372635613,299.7779731077033,297.7620203649493,298.7409362792969,17682100,MSFT
738083,299.6907101782224,300.16564524246087,296.68614028593805,297.9461364746094,16537100,MSFT
738084,297.71354814413246,301.4449992684376,296.92845740574165,301.1930236816406,16918100,MSFT
738085,300.8440891216271,301.5128493022275,298.3241262243866,299.64227294921875,17449300,MSFT
738088,299.8360964926019,299.8748733432088,297.02538117405123,298.6439819335937,17554500,MSFT
738089,301.4256336843381,302.7825277274314,299.0995253850251,300.5630187988281,28107300,MSFT
738090,306.2717285345529,316.0607991913037,306.2717285345529,313.22100830078125,52588700,MSFT
738091,314.3452208099456,314.8686047470485,311.4666535229836,314.3646240234375,26297900,MSFT
738092,314.15145213462347,321.779164339949,313.92852218591963,321.4108581542969,34766000,MSFT
738095,321.1588601924409,321.284862793326,316.32248993988014,319.2301330566406,27073200,MSFT
738096,320.1411677515006,323.18451480044746,319.8407136897348,322.8743591308594,26487100,MSFT
738097,323.6205714568636,324.589785525065,320.47062573520867,323.7174987792969,21500100,MSFT
738098,322.64172939801034,326.17935531417845,319.3657806678688,326.0824279785156,23992200,MSFT
738099,328.0887593539688,328.3601381890695,324.12467620856967,325.71417236328125,22570100,MSFT
738102,326.915963092176,327.2551940040051,324.14402446343985,326.6155090332031,20897000,MSFT
738103,326.7318064632748,328.2922568095031,324.2312466755597,325.6075439453125,21307400,MSFT
738104,324.2701075558201,324.3282580605049,319.76326597427425,320.6161499023437,25500900,MSFT
738105,321.0522265953406,323.4946359050316,320.335017501288,322.1958923339844,16849800,MSFT
738106,323.6400327539822,326.84812952926194,323.5140301700109,326.35382080078125,23831000,MSFT
738109,327.1485619428337,327.47809121400434,323.7466107128754,325.72381591796875,16723000,MSFT
738110,325.3458757618009,330.1822756278537,325.18112588103355,329.0579833984375,20886800,MSFT
738111,329.1064793756621,332.26218849900704,328.1937488278737,329.28125,19053400,MSFT
738112,328.3685486378301,332.51468426530346,327.33930424900313,331.368896484375,22463500,MSFT
738113,332.6991818854003,335.08780291493565,332.27194500113376,333.155517578125,21963400,MSFT
738116,334.6217110790579,339.5252157856874,329.6987972898086,329.9706726074219,31031100,MSFT
738117,327.2713297656087,329.60172350513506,323.88259282379204,327.883056640625,30427600,MSFT
738118,326.52363956689135,328.3491006081897,324.2224041849806,328.1063537597656,21661300,MSFT
738120,324.64969830687374,328.1258207516535,318.600435108913,320.1151733398437,24217200,MSFT
738123,325.22252378808867,329.1938587185156,325.02831445422294,326.8634948730469,28563500,MSFT
738124,325.5914992919811,327.9801199785181,319.4451325085839,320.99871826171875,42885600,MSFT
738125,325.4070756637348,329.4366682343838,319.8336163813901,320.5035705566406,33337600,MSFT
738126,320.7171615722592,323.8146140888413,318.2896928057958,319.9306640625,30766000,MSFT
738127,322.35808901688773,323.04751138803783,308.803113564242,313.6386413574219,41779300,MSFT
738130,314.5513771213082,317.949832989311,309.9683154511713,316.72637939453125,30032600,MSFT
738131,322.01828739621885,326.05756905237325,320.522958448242,325.203125,31021900,MSFT
738132,325.5817801067034,325.7662700817953,321.2026174856002,325.25164794921875,24761000,MSFT
738133,324.707904225957,326.72754500614406,322.4843347539372,323.4359130859375,22214200,MSFT
738134,325.26138799978173,333.0486967130661,325.07689801295186,332.60205078125,38095700,MSFT
738137,330.7959938410283,333.8157801871928,329.24240801109124,329.5531311035156,28899400,MSFT
738138,323.552449526195,324.931264787045,314.7067381676782,318.81402587890625,44438700,MSFT
738139,319.0762058810178,325.4653205800536,315.0854612577218,324.94097900390625,35381100,MSFT
738140,325.9702509258187,326.9898057227496,313.6484154566233,315.473876953125,35034800,MSFT
738141,311.5704946227537,315.4932926826738,308.04580502037743,314.40576171875,47750300,MSFT
738144,310.76455444045945,313.4347702108287,308.3565242739635,310.6286315917969,28326500,MSFT
738145,313.9104844929924,318.22167036540776,310.521718752699,317.79443359375,24740600,MSFT
738146,318.7751880271797,323.931129340318,316.2991817268589,323.5330505371094,24831500,MSFT
738147,323.09604896799726,326.6304572357532,323.07663988808696,324.9797668457031,19617800,MSFT
738151,325.7274263319234,332.54377687434004,325.6982978950834,332.5146484375,19947000,MSFT
738152,333.1943576445619,333.8352129560905,330.4464760334282,331.3494873046875,15661500,MSFT
738153,331.39800924802887,334.3109716368444,329.82501429921825,332.0291748046875,15042000,MSFT
738154,331.9903177703512,333.1749236274577,328.98997014922884,329.4754638671875,15994500,MSFT
738155,328.6889341287809,329.514249662495,326.1061042470804,326.5624694824219,18000800,MSFT
738158,325.620592683512,328.1937030681129,320.2121863821751,325.0379943847656,28865100,MSFT
738159,325.1156931532872,325.4749833768508,316.6584013250783,319.4645690917969,32674300,MSFT
738160,316.40599293377886,316.6099216571062,306.8126607060749,307.2010498046875,40054300,MSFT
738161,304.0647280316112,309.45372640637964,302.45288523458527,304.7735595703125,39646100,MSFT
738162,305.0356884344486,307.3175147707154,301.0934819267639,304.92889404296875,32720000,MSFT
738165,300.5108727026774,305.5891473330001,295.85014516336383,305.1521911621094,44289500,MSFT
738166,304.2879976819366,307.4242676228195,300.8992615666742,305.8415832519531,29386800,MSFT
738167,310.3955694582875,314.0270530188489,307.88068590041127,309.0361633300781,34372200,MSFT
738168,311.172356970201,311.5704653903933,295.1801920885378,295.9569702148437,45366000,MSFT
738169,295.4229900948721,301.8023860148915,294.9374962738452,301.20037841796875,39846400,MSFT
738173,295.2481695047707,300.8119087883123,292.9857520873315,293.8693542480469,42333200,MSFT
738174,297.40374615872065,304.8026655825984,293.91790486518016,294.52960205078125,45933900,MSFT
738175,300.1030692146905,302.608203554877,292.4031465937436,292.84979248046875,35380700,MSFT
738176,293.9082484649531,295.28703430726046,287.0336394418793,287.44146728515625,57984400,MSFT
738179,283.7226045197611,288.49012782739686,268.0411301926177,287.7716064453125,85731500,MSFT
738180,283.06230004069766,286.4316282641225,276.896552365421,280.1202087402344,72848600,MSFT
738181,299.05435871556904,299.5495717037626,284.5283975062964,288.10162353515625,90428900,MSFT
738182,293.8790300162024,298.3843958364904,289.28624925954864,291.1408386230469,53481300,MSFT
738183,291.51962106110744,299.53026885029084,285.9073138559126,299.316650390625,49743700,MSFT
738186,299.9866295204706,303.3171098617305,297.4814649297381,301.9577331542969,46444500,MSFT
738187,301.4042782276972,301.61789669473416,296.27746465100137,299.8021545410156,40950400,MSFT
738188,300.64682355662984,305.9775347257443,299.91858303048053,304.3656921386719,36636000,MSFT
738189,300.510875273196,302.20041346720024,291.2573667110929,292.50994873046875,43730000,MSFT
738190,291.5001649800668,299.84094450421514,291.2671374496543,297.0639343261719,35096500,MSFT
738193,297.2872136622015,298.9087459627219,291.1991039378543,292.2186584472656,28533300,MSFT
738194,292.50994168533265,296.6948948289947,291.24766997242665,295.7239074707031,32421200,MSFT
738195,300.8798801126251,302.8801119137957,298.47185017143323,302.1809997558594,31284700,MSFT
738196,295.2191124459433,300.15171698795376,291.9760170416124,293.6072692871094,45386200,MSFT
738197,294.3937058633088,295.4617980519647,285.6839467033855,286.48016357421875,39175600,MSFT
738200,285.2469893955168,288.15026219267463,282.89721622151654,286.4413146972656,36359500,MSFT
738201,291.30594807378594,292.0730068075683,288.40267551101897,291.7525939941406,27058300,MSFT
738202,290.3125590659392,292.7450469485756,285.7492094226368,291.4120483398437,29982100,MSFT
738203,288.35681319555755,288.78493341445846,282.1685786207332,282.8788757324219,32461600,MSFT
738204,285.13624134337505,285.92436510715385,278.5782629704892,280.1545104980469,34264000,MSFT
738208,277.30364703724825,283.667044304482,276.8171494108671,279.9501953125,41736100,MSFT
738209,282.34367781655953,283.82264919859284,272.5359014260801,272.7012939453125,37811200,MSFT
738210,265.1510079578494,287.18934965787435,264.1877222403621,286.6347351074219,56989700,MSFT
738211,287.169836388477,289.5925850932438,283.7740627265268,289.2812194824219,32546700,MSFT
738214,286.3622231310244,291.0618067098429,285.0876017580265,290.72125244140625,34627500,MSFT
738215,288.3957801007612,291.86938019669464,284.26055037516176,286.9849548339844,31217800,MSFT
738216,287.3838215298585,293.328837094481,285.76867577697493,292.0834045410156,31873000,MSFT
738217,294.7105813959136,294.9440907824283,286.1092762087664,287.9288024902344,27314500,MSFT
738218,286.3427705257272,287.67576922113585,279.41504933646394,282.0323791503906,32356500,MSFT
738221,280.7382593464393,281.866937162659,271.0083088894963,271.3780517578125,43157200,MSFT
738222,270.29807983642723,276.2917343894087,262.70872844754865,268.4007568359375,48159500,MSFT
738223,275.7857832446681,281.7794377045606,273.19761224879693,280.7091369628906,35204500,MSFT
738224,275.3771110899081,278.86045079071647,273.00300025162977,277.8777160644531,30628000,MSFT
738225,280.1836916492418,281.6918520370042,271.88404371665825,272.5067749023437,27209300,MSFT
738228,272.7694368315756,277.6927895548995,268.3715097649783,268.9747619628906,30660700,MSFT
738229,272.7792132914778,280.04748870402545,271.20296580090604,279.39556884765625,34245100,MSFT
738230,281.30262045302413,286.61519548142235,275.5522451059325,286.4400634765625,37826300,MSFT
738231,285.36977649759285,287.62710284183214,281.55562216860625,287.2476501464844,30816600,MSFT
738232,287.3935719777553,292.87153940935485,284.82488022884814,292.3169250488281,43390600,MSFT
738235,290.8185397874597,292.03478374650234,286.93626887864554,291.08123779296875,28351200,MSFT
738236,291.7039987462573,296.7635865250529,290.7018147073702,295.8489685058594,27599700,MSFT
738237,292.39475668563443,295.041304451988,289.6800921382554,291.4022827148437,25715400,MSFT
738238,291.0618300156062,295.985183887236,290.2639667384588,295.88787841796875,24484500,MSFT
738239,296.9873474480325,297.25004547288074,291.2077533537051,295.47918701171875,22566500,MSFT
738242,296.1116267591082,302.4069071163755,296.1116267591082,302.30963134765625,29578200,MSFT
738243,305.4329327088514,307.2913571400481,300.7041605046977,306.8924255371094,30393400,MSFT
738244,305.2870015727423,307.4178635626859,303.1658493438242,305.38427734375,28163600,MSFT
738245,305.42320122905414,306.62973552346665,299.57552000270795,299.9841613769531,33422100,MSFT
738246,301.01554140488423,301.7550273107037,297.2889825923941,301.064208984375,27110500,MSFT
738249,301.7160731825303,306.6004983188192,301.3463302614867,306.4642944335937,24289600,MSFT
738250,304.81018421134456,306.3669824117958,301.5020065937956,302.4847412109375,23156700,MSFT
738251,296.9483931362007,298.709511987753,288.697383548654,291.4120483398437,40110400,MSFT
738252,288.64873812822793,295.4499645685102,288.3471120141366,293.2315368652344,31411200,MSFT
738253,292.32667286424794,292.9883024570714,288.2790093714856,288.95037841796875,24361900,MSFT
738256,283.9102985595844,284.7081321151136,277.30365235252583,277.556640625,34569300,MSFT
738257,281.42912208981386,282.888614889522,272.9154140915164,274.4430236816406,30966700,MSFT
738258,275.0949136683169,280.7869112145309,273.7035081166088,279.85284423828125,21907200,MSFT
738259,280.31017343940124,280.5242335633767,271.7770165344988,272.2732238769531,28221600,MSFT
738263,271.37804184704527,274.8321622557341,270.8234275648255,272.9445495605469,20778000,MSFT
738264,271.8353751517887,278.44202017947026,270.89156871926275,277.5954895019531,22297700,MSFT
738265,281.58483666280904,281.87675307176863,277.66366675281404,278.6269226074219,22906700,MSFT
738266,280.78696939941466,285.3795083833712,272.4970601687683,273.226806640625,29454600,MSFT
738267,274.0732590451422,275.55223063550807,265.99741140383605,266.6298522949219,29405800,MSFT
738270,265.9098143646958,273.5186127692238,263.45784793782974,273.13916015625,35678900,MSFT
738271,270.00619510672965,270.84295680987526,262.7087303741153,262.9227905273437,46518400,MSFT
738272,274.4819055841102,283.1123668021578,271.6212978029002,275.5716552734375,63477700,MSFT
738273,277.4884928517332,283.1221431584585,273.85921020488007,281.80859375,33646600,MSFT
738274,280.81611693468443,282.051839783159,269.03315988134744,270.0256042480469,37073900,MSFT
738277,270.21044679757324,277.2452116928906,268.76069367617856,276.78790283203125,35151100,MSFT
738278,276.291715725394,276.45713797873464,272.5846062943108,274.17059326171875,25978600,MSFT
738279,274.9586613775118,283.02479847315897,269.2569247667406,282.14910888671875,33599300,MSFT
738280,277.82903127964823,278.61715494116163,266.931474199446,269.8601989746094,43260400,MSFT
738281,267.3888311961461,271.7089326257257,263.9444195820846,267.3110046386719,37780300,MSFT
738284,262.76711416308353,265.0049915252708,256.20913519772483,257.4350891113281,47726000,MSFT
738285,264.3529987543586,266.3573659638527,257.91177697497005,262.2221374511719,39336400,MSFT
738286,258.50537114514697,264.0319770440954,252.29765669315228,253.51390075683597,48975900,MSFT
738287,250.73115104944105,252.8620130453764,243.268279183141,248.454345703125,51033800,MSFT
738288,250.4003306028604,255.93667588620227,248.45434012557908,254.06851196289065,34925100,MSFT
738291,252.9398570793875,258.6416251404144,248.87274373595716,254.4382781982422,32550900,MSFT
738292,258.9237150792665,261.0837654162938,255.37228885809023,259.61456298828125,28828800,MSFT
738293,256.49373244403006,257.0788952006077,246.5168131016613,247.79440307617188,31356000,MSFT
738294,247.6188635950773,251.29561812245225,245.6488462809221,246.87767028808597,32692300,MSFT
738295,250.8762278335101,252.1440854849092,240.3434168359691,246.31201171875,39199300,MSFT
738298,249.16952139108813,255.03083659964503,247.1604705604069,254.2018585205078,33175400,MSFT
738299,251.5102043362122,254.8650765388149,247.22879203425603,253.1973876953125,29043900,MSFT
738300,251.7539244293805,258.03457877600243,250.76890115604417,256.0255432128906,28547900,MSFT
738301,255.7817874502951,260.5020488847592,254.96257147531688,259.3219909667969,25002100,MSFT
738302,261.8381838235103,266.57793980454977,260.9409302658759,266.4804077148437,26910800,MSFT
738306,265.7880549193193,267.9726314800631,262.2771070448213,265.1443786621094,37827700,MSFT
738307,268.3919506135823,270.8203419884705,263.35959819128334,265.68072509765625,25292200,MSFT
738308,257.9078889871532,267.8555374038793,255.12838804622388,267.7872619628906,44008200,MSFT
738309,263.6228914963181,266.6852264023087,261.76990089537674,263.3400573730469,28059000,MSFT
738312,265.3296143204805,267.3971637281567,260.60935271212526,262.1015014648437,22400300,MSFT
738313,260.0437404453891,266.3731780514668,259.3610454908683,265.7587585449219,22860700,MSFT
738314,264.9882563323359,266.24635182283305,262.94020151963724,263.7204284667969,17372300,MSFT
738315,261.1555243257694,265.9635563970034,258.08345654098554,258.239501953125,26439700,MSFT
738316,254.13359977054108,254.13359977054108,246.28275749041563,246.73138427734372,31422800,MSFT
738319,239.04633149317976,242.85960728455797,235.55489376186935,236.26683044433597,46135800,MSFT
738320,237.8272462038336,239.66074240251308,235.53537595548423,238.4416656494141,28651500,MSFT
738321,242.16716558622423,248.98424840348872,240.32392206139247,245.5318145751953,33111700,MSFT
738322,239.8948140327076,241.2991929411064,237.0080483932736,238.9098052978516,33169200,MSFT
738323,238.6464500036849,244.30296882499616,237.99302668320328,241.52346801757807,43084800,MSFT
738327,244.0688942004628,248.44782291350015,243.33744820562424,247.4628143310547,29928300,MSFT
738328,245.65860562744965,250.807999765496,244.1762040592044,246.8679351806641,25939900,MSFT
738329,249.2475426680791,252.95352377862707,247.35553332647763,252.4561309814453,25861400,MSFT
738330,255.33321014512765,261.35058667708904,255.2454401819131,261.0775146484375,33923200,MSFT
738333,261.57494353235825,261.6627135176378,256.76691028651845,258.33709716796875,24615100,MSFT
738334,257.4495160699315,260.3070248398186,249.97901014588223,250.1350555419922,27295500,MSFT
738335,251.21755715232027,255.4892064501138,249.43282717010936,253.82151794433597,20069800,MSFT
738336,250.6909533710016,253.10961257371625,246.643624151786,250.4763946533203,31730900,MSFT
738337,250.04726890657363,253.3436272306681,248.3112900329461,253.1583251953125,22837700,MSFT
738341,249.8229717887662,256.4742618926065,248.43810234221337,256.34747314453125,22941000,MSFT
738342,257.22516367045046,261.3602619908229,255.90855498444893,259.6242980957031,23824400,MSFT
738343,258.5612759029467,262.4038078774227,258.4637438186101,261.7601318359375,20859900,MSFT
738344,258.23948707310194,261.46760008401816,256.77659490153445,261.0384826660156,19658800,MSFT
738347,259.07818265604794,259.9364174424427,255.6940244376053,257.9664001464844,19455200,MSFT
738348,259.3025262054991,259.36103951309576,245.80489605721397,247.3945770263672,35868500,MSFT
738349,244.00066829745631,247.27754741494883,241.9721226645982,246.46807861328125,29497400,MSFT
738350,244.3712411297217,248.8281777156596,239.8557763630804,247.79440307617188,25102800,MSFT
738351,249.3938638977796,253.92882377346191,248.46736847903156,250.3691253662109,29774100,MSFT
738354,253.3241426511031,254.38717398041587,247.03370974632665,247.960205078125,20975000,MSFT
738355,251.20783214212213,253.29490593904364,247.4043184253121,253.10960388183597,25012600,MSFT
738356,253.4704194155481,258.3174695251727,252.50492020116843,255.7817840576172,22788300,MSFT
738357,253.36315017839348,258.3369889320587,250.6714193737388,258.2882080078125,22404700,MSFT
738358,258.678286039358,258.7660559808921,252.6609407563898,253.91900634765625,21881300,MSFT
738361,254.5431947023472,255.03082534353945,250.45684754814727,252.42686462402344,21056000,MSFT
738362,253.4314071898155,253.45093146543303,243.395989047642,245.6683349609375,39348000,MSFT
738363,254.69926761568703,263.3693258768842,252.44641619082236,262.0917358398437,45994000,MSFT
738364,263.07671707883594,270.96657686661007,261.24322120242266,269.57196044921875,33459300,MSFT
738365,270.83008777613486,275.02369966023457,269.78655099255263,273.7948608398437,32152800,MSFT
738368,270.9471442318351,274.3215405283766,269.0161158388109,271.1324462890625,21539600,MSFT
738369,269.1721636875698,271.01542213800866,265.64172195484593,268.0213623046875,22754200,MSFT
738370,269.9133818757628,276.486634852269,269.76706884087804,275.48211669921875,23518900,MSFT
738371,274.8286644195843,276.779187317559,273.2390132583336,276.6329040527344,18098700,MSFT
738372,272.24423173637746,276.6329083245919,271.78585765777035,275.9112243652344,16774600,MSFT
738375,277.0229904194802,278.8467542489701,272.41002301800336,273.3852844238281,18739200,MSFT
738376,272.7220847897705,276.07695628719955,270.74227577451177,275.3162536621094,23405200,MSFT
738377,281.0411229418407,282.64053634457866,279.8415405678226,282.0066223144531,24687800,MSFT
738378,283.65476216861083,284.00584195935807,279.4221315920144,279.91949462890625,20065900,MSFT
738379,281.3434285473414,284.6885681152344,279.8415176089053,284.6885681152344,22619700,MSFT
738382,283.80106411686256,286.9023881899572,282.93306719484826,286.2099609375,18085700,MSFT
738383,284.76653017389106,286.7658336452833,283.23539259166887,285.4687194824219,18102900,MSFT
738384,283.17204693526304,286.70022950442245,282.90817814176427,284.7162475585937,18253400,MSFT
738385,283.6118210483233,285.2928323660976,282.52696760957303,283.59228515625,17186200,MSFT
738386,282.3510526263538,282.6931246022663,279.0867691313895,279.66339111328125,20570000,MSFT
738389,275.685659219277,276.057049965206,270.9358423970251,271.4538269042969,25061100,MSFT
738390,270.1734924316406,272.53861769819963,269.15705943258564,270.1734924316406,17527400,MSFT
738391,269.1668782921524,270.94562882196186,268.87366093981734,269.53826904296875,18137000,MSFT
738392,271.0433371485085,272.6950298023374,268.29703796509165,272.5289001464844,16583400,MSFT
738393,272.75371357624687,273.98516104382645,261.9053557314031,262.0128479003906,27549300,MSFT
738396,259.82356155223977,261.3384133088157,257.86889873044487,259.2176208496094,20338500,MSFT
738397,260.6250193047335,260.99638024255165,254.7512471057002,257.0088806152344,22767100,MSFT
738398,259.3740454185862,261.05502712342525,255.406051716846,255.5428924560547,24791800,MSFT
738399,253.0018000901067,254.9760288043772,249.6202414585825,254.4971160888672,23263400,MSFT
738400,255.7676569567466,258.73872314316543,248.70153970994355,250.2554931640625,22855400,MSFT
738404,250.3923254531513,251.9853506377491,246.2288839978636,247.5091857910156,21328200,MSFT
738405,248.9263334606881,252.9627024699416,247.4798869965814,252.23948669433597,24126700,MSFT
738406,251.67264446903263,254.5264357506697,249.01428667930557,252.65972900390625,20319900,MSFT
738407,254.5948032645478,259.2175910438313,254.3895720430781,258.46502685546875,22084700,MSFT
738410,259.7551646004535,261.3873213270638,259.149223843225,260.6054382324219,18747700,MSFT
738411,252.97248284897583,254.49711760874703,245.8868294468606,246.27777099609372,33353300,MSFT
738412,247.782865414468,248.4669945133989,244.19606043381268,246.5025634765625,23913000,MSFT
738413,244.1080964445823,245.7011366717456,238.4884402386865,239.81761169433597,31530900,MSFT
738414,238.72299354259303,239.739426682432,236.57286716463537,239.19212341308597,39791800,MSFT
738417,236.97359431204936,239.5830678952397,235.39032189172852,238.9771270751953,26826900,MSFT
738418,236.58260372517805,237.98994832255383,234.2076808233768,236.9539794921875,26660300,MSFT
738419,238.7327663791777,242.04591952184435,233.4844861559874,233.53335571289065,28625600,MSFT
738420,232.4778475713209,238.3320688374588,232.1846600409949,235.5173492431641,31061200,MSFT
738421,234.10997509917544,235.66394347915048,229.86836007424543,232.52670288085935,34176000,MSFT
738424,231.6764713751655,235.9767246841148,231.529862679446,232.06739807128903,27694200,MSFT
738425,234.540014881578,236.3187654128993,229.1842423073205,231.0509490966797,27018700,MSFT
738426,231.44188934103624,236.836763844478,229.4090378627409,235.60533142089844,29029700,MSFT
738427,233.47474705138197,234.5107161689677,229.0963056266641,232.1162567138672,27484200,MSFT
738428,232.88831480572856,235.08731066403843,227.45435409303505,227.62049865722656,35694800,MSFT
738431,230.0736124429844,236.13306477222775,229.34061381655428,235.2827911376953,28880400,MSFT
738432,239.53420134592284,244.68474311978292,239.42669427202412,243.23829650878903,34888400,MSFT
738433,240.41378432536368,244.8997323923168,238.5666283617421,243.55101013183597,20347100,MSFT
738434,242.30980557091357,244.66517820045487,240.50175113967796,241.19564819335935,20239900,MSFT
738435,235.43917767792007,235.8496700753668,227.8844085469268,228.9301605224609,37769600,MSFT
738438,227.76710045738744,229.24286559802215,221.59035845242357,224.05323791503903,29743600,MSFT
738439,222.4601871930629,223.8675469134108,219.02975905938624,220.30029296875,30474000,MSFT
738440,220.29051163189263,222.69475365624945,218.8831668147149,220.6325836181641,21903900,MSFT
738441,214.8663593231117,230.74799790426584,214.1626793744842,228.9301605224609,42551800,MSFT
738442,230.2006765855883,231.8621522220716,223.1638921067585,223.37890625,30198600,MSFT
738445,230.474309900326,233.54313005951505,229.80971675903515,232.14553833007807,28142300,MSFT
738446,237.72613921758875,238.40048548189117,230.03452953155028,233.0935821533203,26329600,MSFT
738447,231.6666728094657,234.1784221461231,228.97901094534728,231.11936950683597,19985700,MSFT
738448,230.42546862628225,235.83987896691403,229.54586126481243,230.79684448242188,21811000,MSFT
738449,229.4188038467464,237.49155674439496,229.18423891588736,236.63150024414065,26299700,MSFT
738452,238.23432552805727,242.22183991219995,235.8300983443022,241.6452178955078,24911200,MSFT
738453,241.65499949339937,245.3493116481737,240.2574225014937,244.9779357910156,34775500,MSFT
738454,225.9297157935745,232.89809399809977,224.84487725737247,226.07632446289065,82543200,MSFT
738455,225.80265446885284,228.3925917914636,220.6618963462355,221.6099090576172,40424600,MSFT
738456,221.11147118020745,231.2366255329459,220.9257758198507,230.52316284179688,40647700,MSFT
738459,228.46102126722204,229.5947294617244,225.91018528603985,226.86798095703125,28357300,MSFT
738460,229.28194435902475,230.39610151941017,222.1767411547556,222.9976959228516,30592300,MSFT
738461,224.25847964845644,226.05676592589316,215.052004324824,215.11065673828125,38407000,MSFT
738462,215.100876903244,215.4136301278351,209.1293811013709,209.3932647705078,36633900,MSFT
738463,212.6184649078027,216.5668774965675,208.5918490987652,216.3714141845703,36789100,MSFT
738466,216.95781474366044,223.23228088594612,216.2639028499617,222.7045135498047,33498000,MSFT
738467,223.51572493107815,226.3988500523262,220.72055607119088,223.68186950683597,28192500,MSFT
738468,222.21585343877905,223.44730064563345,219.2447723065567,219.42068481445312,27852900,MSFT
738469,230.09317399481205,237.8141026686204,229.67292856031773,237.47203063964844,46268000,MSFT
738470,237.4818062509244,242.36846415623492,236.4458222481656,241.50840759277344,34620200,MSFT
738473,236.5044300560797,238.38090454819653,233.7874499662852,236.07440185546875,31123300,MSFT
738474,240.0912802435089,241.40090098554992,234.58889865944417,236.48492431640625,31390100,MSFT
738475,237.9550109311779,238.94490710262616,235.63221250615155,236.91612243652344,24093300,MSFT
738476,233.04481287972584,238.4058836908744,232.89780598377683,236.8671417236328,23123500,MSFT
738477,238.6606955166367,238.8861260254941,234.26991517757335,236.4163055419922,27613500,MSFT
738480,236.6221034906922,239.79758681244928,236.38689247384357,237.22976684570312,26394700,MSFT
738481,238.73908003593303,240.4248286925476,235.9164432951424,240.15040588378903,19665700,MSFT
738482,240.22882983405623,243.33570000991836,239.4055613553574,242.64964294433597,19508500,MSFT
738484,242.385023917818,243.7473426215973,241.8165723425465,242.5614471435547,9200800,MSFT
738487,241.17948822044693,241.73812928679584,236.0046369772741,236.9455108642578,24778200,MSFT
738488,236.59270563365,237.9550242945488,233.46624450045,235.5440216064453,17956300,MSFT
738489,235.7792257930801,250.2452854496429,235.0833583607036,250.0590667724609,47594200,MSFT
738490,248.81436449904436,251.01955743594272,245.92311452831743,249.6180419921875,26041500,MSFT
738491,244.8450244753859,250.9607498651417,244.71760854479217,249.94146728515625,21528500,MSFT
738494,246.9914058273644,248.76537360672083,243.12007008463183,245.2174530029297,23435300,MSFT
738495,245.82511774482512,246.84440035606812,238.925305612841,240.23861694335935,22463700,MSFT
738496,239.9544013330992,241.25791720433983,237.386581396251,239.5035552978516,20481500,MSFT
738497,239.9642186720476,243.78656250376164,238.21966703546897,242.4732360839844,22611800,MSFT
738498,239.8269451983328,243.36505484010712,239.2977055503722,240.53260803222656,20609700,MSFT
738501,242.52221385109104,247.51084668836435,242.24779103974268,247.4814453125,30665100,MSFT
738502,256.4786327288644,258.6642346372592,248.03029866504872,251.8036346435547,42196900,MSFT
738503,252.00945212222751,257.36071190932773,249.2456031459833,252.09765625,35410900,MSFT
738504,248.66734238068187,249.13777932434795,242.41439089498203,244.05113220214844,35560400,MSFT
738505,243.60033153916896,244.86463565635628,238.66069067242736,239.81719970703125,86102000,MSFT
738508,239.98378740260912,240.3268233828686,233.95626627174929,235.6616058349609,29696400,MSFT
738509,234.63252639957287,238.07263700939967,233.67204653626635,236.9847412109375,25150800,MSFT
738510,236.87693717521168,240.72866715475757,235.32839983113104,239.56236267089844,23690600,MSFT
738511,236.4554802004876,237.17095355808544,229.21264718155905,233.44662475585935,28651700,MSFT
738512,231.40804078557704,234.1130719988033,229.2812565600642,233.97586059570312,21207000,MSFT
738516,233.94644359993944,234.1718591139271,231.13360254673745,232.24110412597656,16688600,MSFT
738517,232.17251532324,234.94615982143847,229.5066808569475,229.8595123291016,17457100,MSFT
738518,230.9571892675408,237.1023307951029,230.9571892675408,236.21044921875,19770700,MSFT
738519,233.4662203658336,235.1813703348732,231.94708454512863,235.04415893554688,21938500,MSFT
737426,28.299999237060547,28.71333312988281,28.11400032043457,28.68400001525879,142981500,TSLA
737427,29.36666679382324,30.26666641235352,29.12800025939941,29.53400039672852,266677500,TSLA
737430,29.36466789245605,30.10400009155273,29.333332061767575,30.1026668548584,151995000,TSLA
737431,30.76000022888184,31.441999435424805,30.224000930786133,31.270666122436523,268231500,TSLA
737432,31.57999992370605,33.232666015625,31.215333938598636,32.80933380126953,467164500,TSLA
737433,33.13999938964844,33.25333404541016,31.524667739868164,32.089332580566406,426606000,TSLA
737434,32.11933135986328,32.3293342590332,31.57999992370605,31.87666702270508,194392500,TSLA
737437,32.900001525878906,35.04199981689453,32.79999923706055,34.990665435791016,397764000,TSLA
737438,36.28400039672852,36.49399948120117,34.99333190917969,35.861331939697266,434943000,TSLA
737439,35.31733322143555,35.85599899291992,34.452667236328125,34.56666564941406,260532000,TSLA
737440,32.91666793823242,34.297332763671875,32.81133270263672,34.232666015625,326050500,TSLA
737441,33.840667724609375,34.37799835205078,33.54399871826172,34.03333282470703,204436500,TSLA
737445,35.349998474121094,36.571998596191406,35.227333068847656,36.47999954223633,267052500,TSLA
737446,38.1259994506836,39.633331298828125,37.27333450317383,37.97066879272461,470535000,TSLA
737447,37.61666870117188,38.79999923706055,37.040000915527344,38.14666748046875,294765000,TSLA
737448,38.04199981689453,38.25733184814453,36.95066833496094,37.654666900634766,215304000,TSLA
737451,36.13266754150391,37.62933349609375,35.95199966430664,37.20133209228516,204121500,TSLA
737452,37.89933395385742,38.45399856567383,37.2053337097168,37.79333114624024,176827500,TSLA
737453,38.37933349609375,39.31999969482422,37.82866668701172,38.732666015625,267022500,TSLA
737454,42.16133117675781,43.391998291015625,41.20000076293945,42.72066879272461,435085500,TSLA
737455,42.66666793823242,43.53333282470703,42.167999267578125,43.37133407592773,235789500,TSLA
737458,44.91266632080078,52.40933227539063,44.90133285522461,52.0,705975000,TSLA
737459,58.86399841308594,64.59933471679688,55.59199905395508,59.137332916259766,914082000,TSLA
737460,54.88399887084961,56.39866638183594,46.94066619873047,48.97999954223633,726357000,TSLA
737461,46.66133117675781,53.05533218383789,45.79999923706055,49.93066787719727,598212000,TSLA
737462,48.70333480834961,51.31666564941406,48.66666793823242,49.87133407592773,255952500,TSLA
737465,53.33333206176758,54.66600036621094,50.15999984741211,51.41866683959961,370338000,TSLA
737466,51.25266647338867,52.23400115966797,50.53333282470703,51.62533187866211,175462500,TSLA
737467,51.858001708984375,52.650001525878906,50.891334533691406,51.15266799926758,180337500,TSLA
737468,49.45600128173828,54.53333282470703,49.0,53.59999847412109,394339500,TSLA
737469,52.4813346862793,54.198001861572266,52.36666870117188,53.33533477783203,235405500,TSLA
737473,56.106666564941406,57.33333206176758,55.490665435791016,57.22666549682617,245725500,TSLA
737474,61.56666564941406,62.98533248901367,60.06800079345703,61.16133117675781,381345000,TSLA
737475,60.79666519165039,60.79999923706055,57.3293342590332,59.96066665649414,264523500,TSLA
737476,60.46533203125,60.87066650390625,58.6966667175293,60.06666564941406,214722000,TSLA
737479,55.93333435058594,57.56666564941406,54.81333160400391,55.58599853515625,227883000,TSLA
737480,56.59999847412109,57.106666564941406,52.46666717529297,53.32733154296875,259357500,TSLA
737481,52.16666793823242,54.22066879272461,51.740665435791016,51.91999816894531,211282500,TSLA
737482,48.66666793823242,49.31800079345703,44.59999847412109,45.26666641235352,364158000,TSLA
737483,41.97999954223633,46.03466796875,40.76800155639648,44.53266525268555,363343500,TSLA
737486,47.41733169555664,49.5793342590332,45.77799987792969,49.574668884277344,302925000,TSLA
737487,53.66666793823242,53.79866790771485,47.740665435791016,49.70066833496094,386760000,TSLA
737488,50.93066787719727,51.10133361816406,48.31533432006836,49.96666717529297,225735000,TSLA
737489,48.2513313293457,49.71666717529297,47.87133407592773,48.30266571044922,162790500,TSLA
737490,46.0,47.133331298828125,45.61800003051758,46.89866638183594,189943500,TSLA
737493,40.35933303833008,44.20000076293945,40.33333206176758,40.53333282470703,256105500,TSLA
737494,43.96200180053711,44.53333282470703,40.53333282470703,43.02199935913086,233916000,TSLA
737495,42.68000030517578,43.571998596191406,40.86666870117188,42.28200149536133,199837500,TSLA
737496,38.72600173950195,39.633331298828125,36.41666793823242,37.369998931884766,283636500,TSLA
737497,39.66666793823242,40.50466537475586,33.46666717529297,36.44133377075195,339604500,TSLA
737500,31.299999237060547,32.9913330078125,29.47800064086914,29.67133331298828,307342500,TSLA
737501,29.333999633789062,31.456666946411133,26.399999618530277,28.68000030517578,359919000,TSLA
737502,25.933332443237305,26.99066734313965,23.367332458496094,24.08133316040039,356793000,TSLA
737503,24.979999542236328,30.13333320617676,23.8973331451416,28.50933265686035,452932500,TSLA
737504,29.21333312988281,31.799999237060547,28.38599967956543,28.50200080871582,424282500,TSLA
737507,28.906667709350582,29.46666717529297,27.36666679382324,28.952667236328125,246817500,TSLA
737508,31.81999969482422,34.24599838256836,31.600000381469727,33.66666793823242,343428000,TSLA
737509,36.34999847412109,37.133331298828125,34.07400131225586,35.95000076293945,318340500,TSLA
737510,36.49266815185547,37.33333206176758,34.150001525878906,35.21066665649414,260710500,TSLA
737511,33.66666793823242,35.0533332824707,32.935333251953125,34.29066848754883,215661000,TSLA
737514,34.017333984375,34.44333267211914,32.7486686706543,33.47533416748047,179971500,TSLA
737515,33.41666793823242,36.19733428955078,33.133331298828125,34.93333435058594,266572500,TSLA
737516,33.599998474121094,34.26333236694336,31.67333221435547,32.104000091552734,200298000,TSLA
737517,32.06866836547852,32.95066833496094,29.76000022888184,30.29800033569336,297876000,TSLA
737518,33.96666717529297,34.36600112915039,31.22599983215332,32.000667572021484,338431500,TSLA
737521,34.08000183105469,34.733333587646484,33.19733428955078,34.41600036621094,223527000,TSLA
737522,36.33333206176758,37.66666793823242,35.48933410644531,36.36333465576172,268797000,TSLA
737523,36.9466667175293,37.14733123779297,35.55533218383789,36.589332580566406,189840000,TSLA
737524,37.4726676940918,38.345333099365234,37.14066696166992,38.20000076293945,204750000,TSLA
737528,39.34400177001953,43.46666717529297,38.70199966430664,43.39666748046875,337131000,TSLA
737529,46.59799957275391,49.45866775512695,46.1619987487793,47.32600021362305,458647500,TSLA
737530,49.46666717529297,50.20866775512695,47.33333206176758,48.65533447265625,353655000,TSLA
737531,47.79600143432617,50.630001068115234,47.11466598510742,49.68066787719727,309868500,TSLA
737532,51.48533248901367,51.663333892822266,49.84400177001953,50.25933456420898,196923000,TSLA
737535,48.8466682434082,51.03799819946289,47.48066711425781,49.75733184814453,221199000,TSLA
737536,48.67466735839844,50.22200012207031,44.91933441162109,45.78133392333984,303136500,TSLA
737537,46.93199920654297,48.93333435058594,45.91400146484375,48.80733489990234,212482500,TSLA
737538,48.50666809082031,48.93333435058594,46.87533187866211,47.04199981689453,198550500,TSLA
737539,47.387332916259766,48.71533203125,46.54533386230469,48.34333419799805,198180000,TSLA
737542,49.17399978637695,53.29933166503906,49.0,53.25,310221000,TSLA
737543,53.042667388916016,53.66666793823242,50.44599914550781,51.27466583251953,228330000,TSLA
737544,52.678001403808594,53.54666519165039,52.21066665649414,53.367332458496094,243240000,TSLA
737545,57.01266860961914,57.98799896240234,50.900001525878906,52.12533187866211,427078500,TSLA
737546,50.33333206176758,51.51800155639648,45.5359992980957,46.75466537475586,487977000,TSLA
737549,46.73333358764648,50.79999923706055,46.53333282470703,50.74599838256836,288556500,TSLA
737550,52.65266799926758,53.26133346557617,50.8120002746582,51.2140007019043,254875500,TSLA
737551,51.76666641235352,52.6533317565918,50.740665435791016,52.172000885009766,166848000,TSLA
737552,51.81399917602539,53.09333419799805,51.4900016784668,52.00266647338867,172915500,TSLA
737553,52.917999267578125,54.93333435058594,52.46733474731445,54.62799835205078,241297500,TSLA
737556,52.70066833496094,54.93333435058594,52.33333206176758,54.08599853515625,247794000,TSLA
737557,55.133331298828125,56.21933364868164,53.86666870117188,53.96066665649414,238603500,TSLA
737558,54.72200012207031,55.06666564941406,50.88666534423828,52.73066711425781,285982500,TSLA
737559,52.0,53.55733489990234,50.93333435058594,53.55533218383789,205233000,TSLA
737560,52.68999862670898,53.66999816894531,52.436668395996094,53.27799987792969,157776000,TSLA
737563,55.185333251953125,55.64799880981445,53.59199905395508,54.242000579833984,174987000,TSLA
737564,54.34466552734375,54.80466842651367,53.73866653442383,53.867332458496094,144547500,TSLA
737565,54.70000076293945,55.06666564941406,54.119998931884766,54.37066650390625,109639500,TSLA
737566,54.400001525878906,55.5,53.06666564941406,55.17333221435547,183819000,TSLA
737567,54.81133270263672,55.45199966430664,54.133331298828125,54.45866775512695,149812500,TSLA
737571,55.633331298828125,55.63999938964844,54.38066864013672,54.5913314819336,121345500,TSLA
737572,54.7239990234375,55.18066787719727,52.33333206176758,54.68199920654297,173242500,TSLA
737573,54.23400115966797,54.98333358764648,53.44599914550781,53.72066879272461,108834000,TSLA
737574,53.91666793823242,55.66666793823242,53.61399841308594,55.66666793823242,176467500,TSLA
737577,57.20000076293945,59.93333435058594,56.93999862670898,59.87333297729492,224092500,TSLA
737578,59.64666748046875,60.57733154296875,58.06666564941406,58.77066802978516,203484000,TSLA
737579,59.20800018310547,59.86266708374024,58.67333221435547,58.86399841308594,119242500,TSLA
737580,59.32533264160156,59.71666717529297,57.22933197021485,57.62533187866211,133315500,TSLA
737581,58.52266693115234,59.10133361816406,57.74666595458984,59.04399871826172,117178500,TSLA
737584,61.26666641235352,63.33333206176758,60.61066818237305,63.32799911499024,212620500,TSLA
737585,62.66733169555664,63.62933349609375,61.595333099365234,62.711334228515625,170823000,TSLA
737586,66.12533569335938,68.49866485595703,65.5,68.336669921875,278451000,TSLA
737587,66.01333618164062,67.9306640625,64.80000305175781,64.85600280761719,238747500,TSLA
737588,65.33333587646484,65.8653335571289,60.84000015258789,62.35200119018555,251451000,TSLA
737591,61.18600082397461,66.5893325805664,60.56666564941406,66.05999755859375,235458000,TSLA
737592,67.4566650390625,67.52532958984375,64.15933227539062,65.47533416748047,210766500,TSLA
737593,65.84733581542969,67.0,65.50466918945312,66.11933135986328,148362000,TSLA
737594,66.86666870117188,67.94667053222656,66.2979965209961,66.9306640625,146278500,TSLA
737595,67.51866912841797,67.73133087158203,66.0893325805664,66.72666931152344,130195500,TSLA
737598,66.663330078125,67.2586669921875,66.00133514404297,66.28800201416016,95436000,TSLA
737599,66.59200286865234,67.46666717529297,66.267333984375,66.78533172607422,95479500,TSLA
737600,66.27400207519531,66.72533416748047,63.542667388916016,64.0566635131836,164394000,TSLA
737601,63.61800003051758,65.73200225830078,62.47666549682617,65.73200225830078,138817500,TSLA
737602,66.31866455078125,66.33333587646484,63.65800094604492,63.982666015625,132823500,TSLA
737605,64.60066986083984,67.33333587646484,63.23466873168945,67.29000091552734,135396000,TSLA
737606,67.0999984741211,72.51266479492188,66.91533660888672,71.98733520507812,253777500,TSLA
737607,72.19999694824219,75.68866729736328,72.03333282470703,74.64199829101562,199903500,TSLA
737608,81.43199920654297,81.86666870117188,79.04000091552734,80.57733154296875,258751500,TSLA
737612,85.11266326904297,91.85266876220705,84.40266418457031,91.43866729736328,308548500,TSLA
737613,93.6673355102539,95.3000030517578,89.11399841308594,92.65733337402344,322345500,TSLA
737614,93.66666412353516,94.48400115966795,87.42266845703125,91.05867004394533,244669500,TSLA
737615,93.1326675415039,93.90399932861328,90.08533477783205,92.9520034790039,175764000,TSLA
737616,93.06666564941406,103.2613296508789,91.73400115966795,102.97666931152344,350064000,TSLA
737619,110.5999984741211,119.66600036621094,98.0739974975586,99.8040008544922,584781000,TSLA
737620,103.73332977294922,106.0,95.4000015258789,101.12000274658205,351271500,TSLA
737621,102.86666870117188,103.33333587646484,97.13333129882812,103.06732940673828,245517000,TSLA
737622,98.47733306884766,102.11399841308594,97.73332977294922,100.04266357421876,214512000,TSLA
737623,100.89666748046876,102.50066375732422,99.33333587646484,100.05599975585938,139950000,TSLA
737626,101.267333984375,110.0,99.1999969482422,109.53333282470705,256821000,TSLA
737627,109.32866668701172,111.66666412353516,103.86666870117188,104.55733489990234,241608000,TSLA
737628,106.5999984741211,108.4280014038086,104.13333129882812,106.15533447265624,212416500,TSLA
737629,111.93000030517578,112.5999984741211,98.71800231933594,100.87133026123048,364927500,TSLA
737630,94.40066528320312,97.66666412353516,91.10266876220705,94.46666717529295,290949000,TSLA
737633,95.66666412353516,103.1959991455078,94.1999969482422,102.63999938964844,240730500,TSLA
737634,100.26667022705078,104.3133316040039,98.29467010498048,98.43267059326172,237130500,TSLA
737635,100.06666564941406,102.32066345214844,99.13333129882812,99.94066619873048,141403500,TSLA
737636,99.1999969482422,100.8826675415039,98.06666564941406,99.16600036621094,114315000,TSLA
737637,101.0,101.13666534423828,94.73200225830078,95.38400268554688,183123000,TSLA
737640,96.61333465576172,100.65399932861328,96.29199981689452,99.0,132139500,TSLA
737641,99.6673355102539,101.82733154296876,97.46666717529295,99.13333129882812,126225000,TSLA
737642,99.5326690673828,99.98933410644533,97.88733673095705,99.00133514404295,74217000,TSLA
737643,99.38866424560548,101.15399932861328,98.48400115966795,99.30533599853516,89884500,TSLA
737644,99.96932983398438,99.98332977294922,94.33399963378906,96.84733581542967,133446000,TSLA
737647,96.53333282470705,97.16666412353516,92.38933563232422,94.5713348388672,112834500,TSLA
737648,93.06666564941406,94.66666412353516,91.0,91.6259994506836,129387000,TSLA
737649,98.0,105.66666412353516,95.66666412353516,103.65066528320312,327441000,TSLA
737650,107.4000015258789,110.07866668701172,104.48400115966795,108.06666564941406,306379500,TSLA
737651,110.99933624267578,111.25333404541016,108.44266510009766,110.04733276367188,188664000,TSLA
737654,111.8000030517578,123.05733489990234,111.52200317382812,122.3759994506836,303634500,TSLA
737655,126.59933471679688,128.25999450683594,123.00733184814452,125.80599975585938,247117500,TSLA
737656,124.33333587646484,127.4000015258789,122.74732971191406,125.23533630371094,183079500,TSLA
737657,124.04533386230467,134.79933166503906,123.8040008544922,133.45533752441406,309177000,TSLA
737658,136.3173370361328,139.69932556152344,135.00332641601562,136.6653289794922,322344000,TSLA
737661,141.7519989013672,141.93333435058594,128.50132751464844,134.27999877929688,300954000,TSLA
737662,131.65933227539062,135.19667053222656,131.1999969482422,134.8893280029297,159883500,TSLA
737663,137.3333282470703,144.39999389648438,136.90866088867188,143.54466247558594,213591000,TSLA
737664,145.36399841308594,153.0399932861328,142.8333282470703,149.25,355395000,TSLA
737665,153.00799560546875,154.5659942626953,145.76800537109375,147.55999755859375,301218000,TSLA
737668,148.20333862304688,166.7133331298828,146.70333862304688,166.10667419433594,355123200,TSLA
737669,167.3800048828125,167.49667358398438,156.836669921875,158.35000610351562,269523300,TSLA
737670,159.663330078125,159.67999267578125,135.0399932861328,149.1233367919922,288528300,TSLA
737671,135.7433319091797,143.93333435058594,134.0,135.6666717529297,262788300,TSLA
737672,134.27000427246094,142.6666717529297,124.00666809082033,139.44000244140625,330965700,TSLA
737676,118.66666412353516,122.913330078125,109.95999908447266,110.06999969482422,346397100,TSLA
737677,118.86666870117188,123.0,113.836669921875,122.09333038330078,238397400,TSLA
737678,128.73666381835938,132.99667358398438,120.1866683959961,123.77999877929688,254791800,TSLA
737679,127.3133316040039,127.5,120.16666412353516,124.23999786376952,182152500,TSLA
737682,126.98332977294922,140.0,124.43333435058594,139.8733367919922,249061800,TSLA
737683,145.52000427246094,153.97999572753906,143.56666564941406,149.9199981689453,291894600,TSLA
737684,146.6233367919922,152.59666442871094,145.10333251953125,147.25332641601562,216837900,TSLA
737685,138.53334045410156,145.92999267578125,136.0,141.14332580566406,230337600,TSLA
737686,149.31333923339844,150.3333282470703,142.93333435058594,147.38333129882812,259220400,TSLA
737689,151.0433349609375,151.89332580566406,135.69000244140625,149.79666137695312,328430400,TSLA
737690,143.1999969482422,145.9199981689453,139.1999969482422,141.41000366210938,238742400,TSLA
737691,135.05332946777344,137.38333129882812,125.2933349609375,126.7866668701172,285222600,TSLA
737692,121.26667022705078,133.1666717529297,117.0999984741211,129.26333618164062,289683300,TSLA
737693,131.1566619873047,136.2433319091797,130.43333435058594,135.77999877929688,201625500,TSLA
737696,141.5399932861328,142.69332885742188,138.51666259765625,140.39999389648438,149158800,TSLA
737697,138.6666717529297,142.8333282470703,137.1999969482422,139.69000244140625,150657900,TSLA
737698,140.44000244140625,144.64332580566406,140.1566619873047,143.00332641601562,144436800,TSLA
737699,146.9199981689453,149.6266632080078,144.80667114257812,149.3866729736328,152224500,TSLA
737700,140.4633331298828,146.3766632080078,138.3333282470703,138.3633270263672,214290000,TSLA
737703,141.11666870117188,144.54666137695312,139.77667236328125,141.89332580566406,134168400,TSLA
737704,141.26333618164062,142.92666625976562,135.35000610351562,137.9933319091797,147438900,TSLA
737705,139.9566650390625,143.3000030517578,137.9499969482422,141.76666259765625,129383100,TSLA
737706,146.14666748046875,146.3333282470703,141.76666259765625,141.97332763671875,121263300,TSLA
737707,143.3766632080078,144.8633270263672,142.15333557128906,144.6666717529297,86777100,TSLA
737710,147.3333282470703,149.5800018310547,146.19332885742188,147.43333435058594,116373300,TSLA
737711,147.78334045410156,149.6300048828125,145.53334045410156,148.88333129882812,103391100,TSLA
737712,149.92666625976562,155.3000030517578,149.11666870117188,153.76666259765625,143639100,TSLA
737713,150.10333251953125,152.19000244140625,147.5,149.6266632080078,107017200,TSLA
737714,151.47999572753906,151.98333740234375,146.28334045410156,146.55667114257812,98327700,TSLA
737717,148.74667358398438,149.0,142.9566650390625,143.61000061035156,108863400,TSLA
737718,143.9166717529297,143.9166717529297,139.68333435058594,140.64666748046875,94968900,TSLA
737719,140.89999389648438,144.31666564941406,140.4166717529297,140.8800048828125,97111500,TSLA
737720,147.30667114257812,148.41000366210938,141.50332641601562,141.92999267578125,119979600,TSLA
737721,140.6133270263672,140.9633331298828,135.7933349609375,140.2100067138672,101151000,TSLA
737724,137.2100067138672,141.9199981689453,136.6666717529297,140.0933380126953,84717600,TSLA
737725,141.25332641601562,143.5,140.03334045410156,141.55999755859375,68059500,TSLA
737726,138.82666015625,139.53334045410156,135.3333282470703,135.33999633789062,76354200,TSLA
737727,136.65333557128906,139.35333251953125,135.48666381835938,136.94332885742188,67965900,TSLA
737728,135.63333129882812,135.8633270263672,126.37000274658205,129.34666442871094,127533900,TSLA
737731,131.3333282470703,135.66000366210938,130.76666259765625,133.50332641601562,87063300,TSLA
737732,136.57666015625,142.58999633789062,135.56333923339844,141.3000030517578,103055100,TSLA
737733,143.5399932861328,145.13333129882812,139.03334045410156,140.32666015625,96429300,TSLA
737734,142.76666259765625,146.6666717529297,141.3333282470703,146.02999877929688,85243500,TSLA
737735,145.36666870117188,145.52333068847656,141.42666625976562,143.31666564941406,65118000,TSLA
737738,146.5,150.8333282470703,140.3333282470703,140.4199981689453,104499000,TSLA
737739,140.02999877929688,140.02999877929688,132.00999450683594,136.7866668701172,90852600,TSLA
737740,138.81666564941406,139.56666564941406,136.86000061035156,139.0433349609375,52073100,TSLA
737741,138.35000610351562,141.0,136.5066680908203,137.25332641601562,59565300,TSLA
737742,136.9499969482422,137.50999450683594,133.8866729736328,136.1666717529297,59313300,TSLA
737745,136.30999755859375,137.48333740234375,134.69667053222656,136.02999877929688,80515800,TSLA
737746,153.38999938964844,154.0,144.336669921875,147.20333862304688,183564900,TSLA
737747,149.4499969482422,165.3333282470703,147.8333282470703,162.2133331298828,234132000,TSLA
737748,164.0,169.5366668701172,162.52333068847656,166.42333984375,187425900,TSLA
737749,165.99667358398438,167.5,163.02000427246094,163.20333862304688,98735700,TSLA
737752,167.8333282470703,175.3333282470703,167.26333618164062,173.9499969482422,150780900,TSLA
737753,180.13333129882812,186.663330078125,175.39999389648438,185.1266632080078,160945500,TSLA
737754,183.35333251953125,191.3333282470703,181.7899932861328,191.3333282470703,146790600,TSLA
737756,193.72000122070312,199.5933380126953,192.8166656494141,195.2533264160156,112683300,TSLA
737759,200.73666381835935,202.6000061035156,184.836669921875,189.1999969482422,189009300,TSLA
737760,199.19667053222656,199.2833404541016,190.68333435058597,194.9199981689453,120310500,TSLA
737761,185.47999572753903,190.51333618164065,180.40333557128903,189.60667419433597,143327100,TSLA
737762,196.67333984375,199.6566619873047,194.1433258056641,197.7933349609375,127656000,TSLA
737763,197.0033264160156,199.67999267578125,195.1666717529297,199.67999267578125,88203900,TSLA
737766,201.63999938964844,216.26333618164065,201.01666259765625,213.9199981689453,168929100,TSLA
737767,208.5033264160156,217.0933380126953,206.1666717529297,216.6266632080078,192795000,TSLA
737768,217.89666748046875,218.10667419433597,196.0,201.4933319091797,213873600,TSLA
737769,191.4566650390625,209.25,188.77999877929688,209.02333068847656,201249600,TSLA
737770,205.0033264160156,208.0,198.93333435058597,203.3300018310547,139425000,TSLA
737773,206.3333282470703,214.25,203.3999938964844,213.27667236328125,156121800,TSLA
737774,214.4266662597656,215.63333129882807,207.93333435058597,211.0833282470703,135214500,TSLA
737775,209.41000366210935,210.8333282470703,201.6666717529297,207.58999633789065,126287400,TSLA
737776,209.39666748046875,219.60667419433597,206.5,218.63333129882807,168810300,TSLA
737777,222.96665954589844,231.6666717529297,209.51333618164065,231.6666717529297,666378600,TSLA
737780,222.0800018310547,222.8333282470703,215.35667419433597,216.6199951171875,174135900,TSLA
737781,216.0,216.6266632080078,204.7433319091797,213.44667053222656,155148000,TSLA
737782,210.73333740234372,217.1666717529297,207.52333068847656,215.32666015625,99519000,TSLA
737783,214.3300018310547,222.02999877929688,213.6666717529297,220.58999633789065,68596800,TSLA
737787,224.836669921875,227.13333129882807,220.26666259765625,221.22999572753903,96835800,TSLA
737788,220.3333282470703,223.3000030517578,218.3333282470703,221.9966735839844,68732400,TSLA
737789,224.0,232.1999969482422,222.7866668701172,231.5933380126953,128538000,TSLA
737790,233.3300018310547,239.5733337402344,230.3733367919922,235.22332763671875,148949700,TSLA
737794,239.82000732421875,248.163330078125,239.06333923339844,243.2566680908203,145914600,TSLA
737795,241.22000122070312,246.94667053222656,239.73333740234372,245.0366668701172,96735600,TSLA
737796,252.8300018310547,258.0,249.6999969482422,251.9933319091797,134100000,TSLA
737797,259.2099914550781,272.3299865722656,258.3999938964844,272.0133361816406,154496700,TSLA
737798,285.3333435058594,294.8299865722656,279.4633178710937,293.3399963378906,225166500,TSLA
737801,283.1333312988281,284.8099975585937,267.8733215332031,270.39666748046875,177904800,TSLA
737802,277.0,289.3333435058594,275.7799987792969,283.14666748046875,138812100,TSLA
737803,284.2533264160156,286.8233337402344,277.3333435058594,284.8033447265625,99937500,TSLA
737804,281.1300048828125,287.6666564941406,279.5833435058594,281.6666564941406,93798900,TSLA
737805,284.0,286.6333312988281,273.0333251953125,275.3866577148437,116332800,TSLA
737809,279.26666259765625,283.3333435058594,277.6666564941406,281.51666259765625,76101000,TSLA
737810,286.2466735839844,286.5,279.09332275390625,283.4833374023437,76997700,TSLA
737811,285.0,285.239990234375,280.47332763671875,281.663330078125,61563300,TSLA
737812,278.10333251953125,282.6666564941406,276.2066650390625,282.2133178710937,60199500,TSLA
737815,285.0,300.1333312988281,279.6066589355469,293.6000061035156,123520200,TSLA
737816,297.1266784667969,298.6333312988281,290.5333251953125,294.36334228515625,69394800,TSLA
737817,290.1166687011719,297.1666564941406,286.2200012207031,288.0533447265625,82002000,TSLA
737818,273.3333435058594,282.6666564941406,267.0,278.4766540527344,79134000,TSLA
737819,276.6666564941406,280.8033447265625,260.0333251953125,264.510009765625,104972400,TSLA
737822,271.42999267578125,280.6666564941406,265.1866760253906,279.9366760253906,76174200,TSLA
737823,281.5599975585937,293.5,280.7333374023437,290.92999267578125,73038600,TSLA
737824,292.3399963378906,292.6933288574219,284.35333251953125,284.89666748046875,55030500,TSLA
737825,285.0,285.5,277.8066711425781,283.3299865722656,47438100,TSLA
737826,281.6666564941406,288.25665283203125,279.6566772460937,284.07666015625,55699800,TSLA
737829,289.8900146484375,292.5899963378906,284.9166564941406,287.8066711425781,60485100,TSLA
737830,285.0400085449219,286.6000061035156,280.5833435058594,283.1533203125,45473100,TSLA
737831,281.2133178710937,281.6066589355469,266.67333984375,268.2733459472656,108648300,TSLA
737832,270.8133239746094,276.6266784667969,267.24334716796875,270.5533447265625,64868400,TSLA
737833,267.086669921875,272.4433288574219,261.77667236328125,272.0400085449219,71304900,TSLA
737837,272.6666564941406,273.6666564941406,264.14666748046875,265.4066772460937,59406900,TSLA
737838,259.6966552734375,266.61334228515625,254.0033264160156,266.04998779296875,77989500,TSLA
737839,260.29998779296875,264.89666748046875,258.75665283203125,262.4599914550781,53871300,TSLA
737840,265.0,265.5966796875,259.1233215332031,260.4333190917969,56874900,TSLA
737843,254.2133331298828,256.1666564941406,236.73333740234372,238.1666717529297,111809100,TSLA
737844,220.7100067138672,237.8699951171875,206.3333282470703,232.94667053222656,199820700,TSLA
737845,237.2833404541016,248.3333282470703,231.38999938964844,247.33999633789065,110301000,TSLA
737846,242.0500030517578,245.73666381835935,223.52667236328125,227.4066619873047,117071700,TSLA
737847,233.3333282470703,235.5666656494141,219.836669921875,225.1666717529297,123267600,TSLA
737850,230.0366668701172,239.6666717529297,228.3500061035156,239.47666931152344,81408600,TSLA
737851,239.4266662597656,240.3699951171875,228.3333282470703,228.81333923339844,71196600,TSLA
737852,229.3300018310547,233.5666656494141,217.23666381835935,217.73333740234372,90624000,TSLA
737853,218.6000061035156,222.8166656494141,200.0,207.14666748046875,197758500,TSLA
737854,208.6866607666016,209.27999877929688,179.8300018310547,199.3166656494141,268189500,TSLA
737857,200.18333435058597,206.7100067138672,186.26333618164065,187.6666717529297,155361000,TSLA
737858,202.72666931152344,226.02999877929688,198.40333557128903,224.52667236328125,202569900,TSLA
737859,233.43333435058597,239.2833404541016,218.35333251953125,222.6866607666016,181817100,TSLA
737860,233.13333129882807,234.1666717529297,225.72666931152344,233.1999969482422,108761700,TSLA
737861,223.3333282470703,231.6266632080078,222.04666137695312,231.2433319091797,100751400,TSLA
737864,231.3633270263672,237.72666931152344,228.01333618164065,235.97999572753903,88006800,TSLA
737865,234.4499969482422,235.97332763671875,223.6666717529297,225.6266632080078,96587100,TSLA
737866,218.9566650390625,234.57666015625,217.0033264160156,233.9366607666016,121117500,TSLA
737867,228.0966644287109,229.7433319091797,217.3333282470703,217.72000122070312,99674400,TSLA
737868,215.5333404541016,219.07666015625,208.2066650390625,218.2899932861328,128682000,TSLA
737871,228.19667053222656,233.2066650390625,222.9166717529297,223.3333282470703,118536600,TSLA
737872,225.2566680908203,225.93333435058597,219.1699981689453,220.72000122070312,91475700,TSLA
737873,222.6366729736328,222.67333984375,210.0366668701172,210.08999633789065,101385600,TSLA
737874,204.3333282470703,215.1666717529297,203.1666717529297,213.4633331298828,117674700,TSLA
737875,213.9566650390625,214.60667419433597,199.9633331298828,206.23666381835935,101558400,TSLA
737878,205.2133331298828,205.4933319091797,198.67333984375,203.76333618164065,85911000,TSLA
737879,200.5833282470703,212.55332946777344,197.0033264160156,211.8733367919922,118297200,TSLA
737880,215.5399932861328,224.0,213.70333862304688,222.6433258056641,100011900,TSLA
737881,229.4566650390625,230.80667114257807,219.80667114257807,220.5833282470703,105895200,TSLA
737885,235.90333557128903,236.05332946777344,228.23333740234372,230.3500061035156,125528400,TSLA
737886,230.1000061035156,232.18333435058597,227.1233367919922,230.5399932861328,84815400,TSLA
737887,229.0,230.4600067138672,222.6133270263672,223.6566619873047,78928200,TSLA
737888,225.7933349609375,229.8500061035156,223.88333129882807,227.93333435058597,71772900,TSLA
737889,225.92333984375,226.9900054931641,223.1433258056641,225.67333984375,64311300,TSLA
737892,228.5666656494141,234.93333435058597,227.3633270263672,233.9933319091797,87407100,TSLA
737893,237.5666656494141,254.3333282470703,236.8866729736328,254.10667419433597,133958400,TSLA
737894,256.8999938964844,260.2633361816406,242.6766662597656,244.07666015625,147052200,TSLA
737895,247.6999969482422,247.89666748046875,240.4366607666016,246.2833404541016,83546700,TSLA
737896,242.88333129882807,249.80332946777344,241.5333404541016,246.5933380126953,83938500,TSLA
737899,239.86666870117188,241.8000030517578,230.6000061035156,238.2100067138672,119058600,TSLA
737900,239.13999938964844,245.75,236.89666748046875,239.663330078125,106827000,TSLA
737901,234.92333984375,248.27999877929688,232.6666717529297,248.0399932861328,93646500,TSLA
737902,247.1666717529297,251.2566680908203,239.3466644287109,239.89666748046875,106770900,TSLA
737903,239.93333435058597,245.7866668701172,238.48666381835935,243.13333129882807,85110000,TSLA
737906,247.0,249.76666259765625,244.20333862304688,246.0666656494141,93115500,TSLA
737907,239.32000732421875,241.3333282470703,234.4499969482422,234.913330078125,88311000,TSLA
737908,232.1366729736328,236.1666717529297,231.1999969482422,231.46665954589844,66813000,TSLA
737909,233.1699981689453,234.0833282470703,222.8333282470703,225.6666717529297,86536200,TSLA
737910,222.52999877929688,238.4900054931641,222.04666137695312,236.47999572753903,122276100,TSLA
737913,234.6000061035156,235.3333282470703,226.8333282470703,228.3000030517578,81129300,TSLA
737914,226.31333923339844,227.8166656494141,219.23333740234372,224.5333404541016,89217900,TSLA
737915,227.0200042724609,228.43333435058597,222.44667053222656,223.64666748046875,65705700,TSLA
737916,226.9199981689453,227.0066680908203,216.6666717529297,221.17999267578125,83353800,TSLA
737917,221.93333435058597,230.0,220.0733337402344,224.1233367919922,70407600,TSLA
737920,221.63333129882807,221.68333435058597,209.20333862304688,209.67999267578125,94177200,TSLA
737921,199.7466735839844,209.0333404541016,198.5333404541016,205.73333740234372,139511700,TSLA
737922,200.8300018310547,206.80332946777344,195.58999633789065,196.6300048828125,101470800,TSLA
737923,200.51333618164065,202.15333557128903,186.5500030517578,190.56333923339844,132554700,TSLA
737924,194.47000122070312,197.6233367919922,190.15333557128903,196.5800018310547,100112700,TSLA
737927,191.8500061035156,196.57666015625,187.0666656494141,192.27667236328125,97171200,TSLA
737928,189.3333282470703,198.75,187.7933349609375,192.6233367919922,110491800,TSLA
737929,184.18333435058597,188.73666381835935,182.32666015625,187.82000732421875,118735200,TSLA
737930,191.6666717529297,196.2833404541016,190.35667419433597,195.5933380126953,92463300,TSLA
737931,198.70333862304688,198.8933258056641,193.3333282470703,193.6266632080078,78091800,TSLA
737934,193.86666870117188,204.82666015625,191.21665954589844,202.14666748046875,103674300,TSLA
737935,202.4366607666016,204.663330078125,198.57000732421875,201.56333923339844,84017700,TSLA
737936,202.5200042724609,208.72332763671875,200.5,206.3766632080078,85917900,TSLA
737937,206.7466735839844,210.3766632080078,205.40333557128903,210.2833404541016,79111800,TSLA
737938,209.5,211.8633270263672,207.4600067138672,208.4066619873047,68211000,TSLA
737942,209.26666259765625,211.26666259765625,206.8500061035156,207.96665954589844,54254700,TSLA
737943,206.7100067138672,207.7866668701172,199.7133331298828,201.7066650390625,69908400,TSLA
737944,200.6000061035156,201.51666259765625,190.4066619873047,190.94667053222656,90335700,TSLA
737945,193.23666381835935,200.20333862304688,192.3999938964844,199.68333435058597,72110700,TSLA
737948,197.27667236328125,203.3333282470703,194.2933349609375,201.7100067138672,67631100,TSLA
737949,207.6699981689453,207.69667053222656,198.5,201.19667053222656,78160200,TSLA
737950,200.72332763671875,203.92999267578125,199.2100067138672,199.5933380126953,49753800,TSLA
737951,201.2933349609375,205.52999877929688,200.1666717529297,203.3733367919922,71758800,TSLA
737952,203.41000366210935,204.1866607666016,200.5066680908203,203.29666137695312,48615900,TSLA
737955,204.07666015625,208.4966735839844,203.05999755859372,205.89666748046875,61272000,TSLA
737956,205.56333923339844,205.5966644287109,199.41000366210935,199.7866668701172,53292300,TSLA
737957,199.17999267578125,202.8333282470703,197.8333282470703,201.6233367919922,66432300,TSLA
737958,200.6300048828125,207.1566619873047,200.44667053222656,205.5333404541016,68104200,TSLA
737959,204.4566650390625,209.4499969482422,203.93333435058597,207.7700042724609,73682700,TSLA
737962,208.16000366210935,210.4633331298828,202.9600067138672,206.94332885742188,74438100,TSLA
737963,206.0833282470703,209.52333068847656,205.1666717529297,207.90333557128903,57476700,TSLA
737964,210.6666717529297,219.0666656494141,210.01333618164065,218.85667419433597,93297600,TSLA
737965,224.9966735839844,232.5399932861328,222.5366668701172,226.60667419433597,137947200,TSLA
737966,229.8600006103516,231.2700042724609,222.8999938964844,223.9566650390625,97490100,TSLA
737969,223.8800048828125,231.5666656494141,223.44000244140625,229.5733337402344,64884600,TSLA
737970,228.21665954589844,229.1699981689453,225.29666137695312,226.9199981689453,52143900,TSLA
737971,226.58999633789065,230.9366607666016,226.04666137695312,226.5666656494141,56774700,TSLA
737972,227.97332763671875,229.3300018310547,224.26666259765625,225.97332763671875,55903500,TSLA
737973,226.32666015625,233.3333282470703,224.4199981689453,226.3000030517578,81163500,TSLA
737977,227.23666381835935,228.0,217.13333129882807,219.8600006103516,69853500,TSLA
737978,221.42333984375,221.8999938964844,212.77333068847656,214.88333129882807,56376000,TSLA
737979,209.4566650390625,218.1433258056641,206.82000732421875,217.60333251953125,68319900,TSLA
737980,217.72666931152344,219.6366729736328,214.89666748046875,218.98333740234372,54421500,TSLA
737983,220.73333740234372,229.0800018310547,220.72000122070312,228.5666656494141,77781000,TSLA
737984,228.77333068847656,231.0933380126953,222.1000061035156,222.8466644287109,62898300,TSLA
737985,223.5833282470703,226.20333862304688,217.6133270263672,217.7933349609375,64923600,TSLA
737986,219.4633331298828,222.04666137695312,212.6266632080078,216.86666870117188,60628800,TSLA
737987,218.22666931152344,218.8999938964844,214.0666656494141,214.7400054931641,49113000,TSLA
737990,209.9633331298828,215.73333740234372,207.0966644287109,215.4066619873047,63891300,TSLA
737991,217.3300018310547,220.79666137695312,213.5,220.1666717529297,46461300,TSLA
737992,219.8699951171875,221.6199951171875,216.76333618164065,218.42999267578125,41859900,TSLA
737993,218.81333923339844,220.72332763671875,214.86666870117188,216.4199981689453,45317100,TSLA
737994,215.45333862304688,216.26666259765625,212.43333435058597,214.4600067138672,43814700,TSLA
737997,216.9900054931641,222.73333740234372,215.70333862304688,219.2066650390625,76009800,TSLA
737998,221.13333129882807,222.1666717529297,209.0800018310547,214.9266662597656,98439900,TSLA
737999,215.6666717529297,218.3233337402344,213.13333129882807,215.66000366210935,48019800,TSLA
738000,216.5966644287109,227.89666748046875,216.26666259765625,225.7833404541016,91183800,TSLA
738001,223.9199981689453,232.50999450683597,223.0,229.0666656494141,88969200,TSLA
738004,233.3333282470703,242.31333923339844,232.8000030517578,236.55667114257807,100847400,TSLA
738005,239.6666717529297,240.88333129882807,233.6699981689453,236.5800018310547,64860900,TSLA
738006,237.0,241.63333129882807,236.30999755859372,236.97332763671875,51007800,TSLA
738007,238.6666717529297,240.3166656494141,237.1366729736328,238.2100067138672,38758800,TSLA
738008,237.3000030517578,238.77667236328125,232.5433349609375,233.0333404541016,46869000,TSLA
738011,236.72332763671875,239.6766662597656,235.0433349609375,237.9199981689453,44145900,TSLA
738012,237.9966735839844,238.8633270263672,233.9600067138672,236.663330078125,40296900,TSLA
738013,237.57000732421875,238.3933258056641,234.73666381835935,235.94000244140625,29401800,TSLA
738014,235.44667053222656,240.93333435058597,233.13333129882807,240.75,52377300,TSLA
738015,241.23666381835935,243.3000030517578,238.1133270263672,239.05667114257807,50194500,TSLA
738018,235.02333068847656,236.5,225.46665954589844,228.72332763671875,68032200,TSLA
738019,224.22000122070312,224.8600006103516,216.27999877929688,221.90333557128903,71163900,TSLA
738020,223.25,231.92333984375,223.11666870117188,229.663330078125,61048200,TSLA
738021,226.07000732421875,228.8500061035156,222.52999877929688,224.4900054931641,42940500,TSLA
738022,227.61666870117188,230.7100067138672,224.5666656494141,226.7533264160156,44525700,TSLA
738025,228.47999572753903,237.3766632080078,226.9166717529297,235.43333435058597,60794700,TSLA
738026,236.8933258056641,238.4066619873047,234.2133331298828,236.163330078125,39249300,TSLA
738027,235.6766662597656,238.9900054931641,234.6666717529297,237.0666656494141,37936800,TSLA
738028,236.10333251953125,238.46665954589844,232.5399932861328,233.72000122070312,39642900,TSLA
738029,235.0,238.3333282470703,234.0333404541016,237.30667114257807,41501400,TSLA
738032,238.2400054931641,243.6666717529297,237.57666015625,243.6366729736328,55812600,TSLA
738033,244.3333282470703,246.79666137695312,242.14666748046875,245.2400054931641,62566200,TSLA
738034,244.69332885742188,247.3300018310547,243.7566680908203,244.69667053222656,39612900,TSLA
738035,244.8333282470703,246.9900054931641,243.51333618164065,244.1300048828125,38331900,TSLA
738036,244.0833282470703,244.6666717529297,241.3999938964844,244.52333068847656,45738300,TSLA
738040,246.6666717529297,253.3999938964844,246.4199981689453,250.97332763671875,60119400,TSLA
738041,253.8600006103516,254.8166656494141,246.92333984375,251.2899932861328,56379000,TSLA
738042,251.1366729736328,254.0333404541016,250.5433349609375,251.6199951171875,42233100,TSLA
738043,253.1999969482422,254.20333862304688,244.83999633789065,245.42333984375,45552600,TSLA
738046,246.73666381835935,248.25999450683597,236.2833404541016,247.6666717529297,68857500,TSLA
738047,247.52333068847656,251.4900054931641,245.46665954589844,248.163330078125,55574700,TSLA
738048,248.3333282470703,252.2866668701172,246.1199951171875,251.94332885742188,46073100,TSLA
738049,250.94332885742188,252.97000122070312,249.20333862304688,252.3300018310547,41770200,TSLA
738050,252.38333129882807,253.67999267578125,250.0,253.163330078125,84612600,TSLA
738053,244.85333251953125,247.3333282470703,239.5399932861328,243.38999938964844,74273100,TSLA
738054,244.92999267578125,248.2466735839844,243.47999572753903,246.4600067138672,48992100,TSLA
738055,247.8433380126953,251.22332763671875,246.3733367919922,250.64666748046875,45378900,TSLA
738056,251.6666717529297,252.73333740234372,249.30667114257807,251.2133331298828,35842500,TSLA
738057,248.6300048828125,258.26666259765625,248.1866607666016,258.1300048828125,64119000,TSLA
738060,257.7066650390625,266.3333435058594,256.4366760253906,263.78668212890625,84212100,TSLA
738061,262.3999938964844,265.2133178710937,255.3933258056641,259.1866760253906,76144200,TSLA
738062,259.9333190917969,264.5,256.8933410644531,260.4366760253906,62828700,TSLA
738063,260.3333435058594,263.0433349609375,258.3333435058594,258.49334716796875,53868000,TSLA
738064,259.4666748046875,260.260009765625,254.52999877929688,258.4066772460937,51094200,TSLA
738067,265.5,268.989990234375,258.7066650390625,260.510009765625,91449900,TSLA
738068,261.6000061035156,265.7699890136719,258.0666809082031,260.1966552734375,55297800,TSLA
738069,258.7333374023437,262.2200012207031,257.739990234375,260.9166564941406,43898400,TSLA
738070,261.82000732421875,268.3333435058594,261.1266784667969,264.53668212890625,57587400,TSLA
738071,265.4033203125,265.4599914550781,260.3033447265625,261.8299865722656,50215800,TSLA
738074,262.54998779296875,267.0799865722656,261.8333435058594,263.9800109863281,42600900,TSLA
738075,266.9766540527344,270.7733459472656,265.5233459472656,268.5733337402344,66060000,TSLA
738076,270.1566772460937,271.8033447265625,268.59332275390625,270.3599853515625,42360300,TSLA
738077,271.8299865722656,273.4166564941406,271.1166687011719,272.7733459472656,36741600,TSLA
738078,274.5799865722656,281.07000732421875,274.1166687011719,281.010009765625,56773800,TSLA
738081,283.92999267578125,291.7533264160156,283.8233337402344,290.03668212890625,72621600,TSLA
738082,292.510009765625,292.6499938964844,287.5033264160156,288.0899963378906,52143300,TSLA
738083,288.45001220703125,289.8299865722656,285.7933349609375,288.6000061035156,42096300,TSLA
738084,285.3333435058594,300.0,285.1666564941406,298.0,94444500,TSLA
738085,298.5,303.3333435058594,296.9866638183594,303.2266540527344,68642400,TSLA
738088,316.84332275390625,348.3399963378906,314.7333374023437,341.6199951171875,188556300,TSLA
738089,341.5633239746094,364.9800109863281,333.8133239746094,339.4766540527344,187245000,TSLA
738090,346.5533447265625,356.9599914550781,343.59332275390625,345.9533386230469,115579500,TSLA
738091,356.10333251953125,360.3333435058594,351.3999938964844,359.0133361816406,81639600,TSLA
738092,360.6199951171875,371.7366638183594,357.7366638183594,371.3333435058594,89755200,TSLA
738095,381.6666564941406,403.25,372.88665771484375,402.86334228515625,168146100,TSLA
738096,386.4533386230469,402.86334228515625,382.0,390.6666564941406,128213400,TSLA
738097,392.4433288574219,405.1300048828125,384.2066650390625,404.6199951171875,103885500,TSLA
738098,411.4700012207031,414.4966735839844,405.6666564941406,409.9700012207031,76192200,TSLA
738099,409.3333435058594,413.2900085449219,402.6666564941406,407.36334228515625,64886400,TSLA
738102,383.2633361816406,399.0,377.6666564941406,387.6466674804688,100337100,TSLA
738103,391.2000122070313,391.5,337.17333984375,341.1666564941406,177317400,TSLA
738104,336.8033447265625,359.3666687011719,329.10333251953125,355.9833374023437,128408100,TSLA
738105,367.5899963378906,368.3233337402344,351.5599975585937,354.5033264160156,67189800,TSLA
738106,349.1666564941406,351.5,339.7333374023437,344.47332763671875,76719300,TSLA
738109,339.2099914550781,343.99334716796875,326.20001220703125,337.7966613769531,104326800,TSLA
738110,334.4366760253906,352.3999938964844,334.0599975585937,351.57666015625,79627200,TSLA
738111,354.5033264160156,373.21331787109375,351.8333435058594,363.0033264160156,94336200,TSLA
738112,368.8500061035156,370.6666564941406,358.3399963378906,365.4599914550781,62696700,TSLA
738113,366.2900085449219,379.5733337402344,364.23333740234375,379.0199890136719,64926900,TSLA
738116,387.4433288574219,400.6499938964844,377.4766540527344,385.6233215332031,99217500,TSLA
738117,389.1700134277344,393.5,354.2333374023437,369.6766662597656,108515100,TSLA
738118,360.1300048828125,377.5899963378906,354.0,372.0,67680600,TSLA
738120,366.489990234375,369.5933227539063,360.3333435058594,360.6400146484375,35042700,TSLA
738123,366.9966735839844,380.8900146484375,366.7300109863281,378.9966735839844,58393500,TSLA
738124,381.4566650390625,389.3333435058594,372.6666564941406,381.586669921875,81276000,TSLA
738125,386.8999938964844,390.9466552734375,363.586669921875,365.0,68450400,TSLA
738126,366.3533325195313,371.0,352.2166748046875,361.5333251953125,73114800,TSLA
738127,361.5966796875,363.5266723632813,333.4033203125,338.3233337402344,92322000,TSLA
738130,333.836669921875,340.5466613769531,316.8333435058594,336.336669921875,81663000,TSLA
738131,348.0666809082031,352.5566711425781,342.2699890136719,350.5833435058594,56084700,TSLA
738132,350.9033203125,357.4599914550781,344.3333435058594,356.32000732421875,41906400,TSLA
738133,353.5466613769531,354.163330078125,334.1199951171875,334.6000061035156,59438400,TSLA
738134,336.25,340.32666015625,327.510009765625,339.010009765625,59664300,TSLA
738137,333.6966552734375,335.0,317.1400146484375,322.1366577148437,78595500,TSLA
738138,315.0,322.1366577148437,310.0,319.5033264160156,70806300,TSLA
738139,317.7366638183594,326.25,309.4166564941406,325.3299865722656,75169200,TSLA
738140,331.5,331.6600036621094,307.2833251953125,308.97332763671875,82771500,TSLA
738141,304.92333984375,320.2200012207031,303.0133361816406,310.8566589355469,100437300,TSLA
738144,303.5666809082031,307.2300109863281,297.7966613769531,299.9800109863281,56480100,TSLA
738145,305.6233215332031,313.1666564941406,295.3733215332031,312.84332275390625,71517900,TSLA
738146,321.8866577148437,338.5533447265625,319.01666259765625,336.2900085449219,93634200,TSLA
738147,335.6000061035156,357.6600036621094,332.5199890136719,355.6666564941406,92713200,TSLA
738151,357.8900146484375,372.3333435058594,356.9066772460937,364.6466674804688,71145900,TSLA
738152,369.8299865722656,373.0,359.47332763671875,362.8233337402344,60324000,TSLA
738153,366.21331787109375,368.0,354.7133178710937,362.0633239746094,56154000,TSLA
738154,353.77667236328125,365.1833190917969,351.04998779296875,356.7799987792969,47040900,TSLA
738155,357.8133239746094,360.6666564941406,351.5299987792969,352.260009765625,40733700,TSLA
738158,382.5833435058594,400.3566589355469,378.6799926757813,399.9266662597656,103931400,TSLA
738159,396.51666259765625,402.6666564941406,374.3500061035156,383.1966552734375,100248300,TSLA
738160,382.2166748046875,390.11334228515625,360.336669921875,362.7066650390625,80119800,TSLA
738161,359.0,362.6666564941406,340.1666564941406,354.8999938964844,90336600,TSLA
738162,360.1233215332031,360.30999755859375,336.6666564941406,342.32000732421875,84164700,TSLA
738165,333.3333435058594,353.0333251953125,326.6666564941406,352.7066650390625,91815000,TSLA
738166,351.22332763671875,358.6166687011719,346.2733459472656,354.79998779296875,66063300,TSLA
738167,359.6166687011719,371.61334228515625,357.5299987792969,368.739990234375,83739000,TSLA
738168,369.6900024414063,371.8666687011719,342.17999267578125,343.85333251953125,97209900,TSLA
738169,339.9599914550781,350.6666564941406,337.7933349609375,349.8699951171875,72924300,TSLA
738173,342.2033386230469,356.92999267578125,338.6866760253906,343.5033264160156,66743400,TSLA
738174,347.2366638183594,351.5566711425781,331.6666564941406,331.8833312988281,75442500,TSLA
738175,336.57666015625,347.2200012207031,331.3333435058594,332.0899963378906,70488600,TSLA
738176,332.11334228515625,334.8500061035156,313.5,314.6333312988281,103416000,TSLA
738179,301.586669921875,311.1700134277344,283.8233337402344,310.0,151565700,TSLA
738180,304.7333374023437,317.086669921875,301.07000732421875,306.1333312988281,86595900,TSLA
738181,317.4766540527344,329.2300109863281,302.0,312.4700012207031,104867400,TSLA
738182,311.1199951171875,311.7966613769531,276.3333435058594,276.3666687011719,147109500,TSLA
738183,277.1866760253906,285.8333435058594,264.0033264160156,282.1166687011719,134789100,TSLA
738186,290.9033203125,312.663330078125,287.3500061035156,312.239990234375,104436000,TSLA
738187,311.7366638183594,314.5666809082031,301.6666564941406,310.4166564941406,73138200,TSLA
738188,309.3933410644531,310.5,296.4700012207031,301.8866577148437,66792900,TSLA
738189,294.0,312.3333435058594,293.50665283203125,297.0466613769531,78855600,TSLA
738190,299.0733337402344,312.1666564941406,293.72332763671875,307.7733459472656,73625400,TSLA
738193,307.92999267578125,315.92333984375,300.9033203125,302.4466552734375,60994500,TSLA
738194,301.84332275390625,308.7633361816406,298.26666259765625,307.3333435058594,50729100,TSLA
738195,311.6666564941406,315.42333984375,306.6666564941406,310.6666564941406,52259400,TSLA
738196,302.7900085449219,314.60333251953125,298.8999938964844,301.51666259765625,66126900,TSLA
738197,303.2099914550781,305.32000732421875,283.5666809082031,286.6666564941406,79645800,TSLA
738200,287.19000244140625,299.6266784667969,284.3833312988281,291.9200134277344,67756500,TSLA
738201,300.0,307.6666564941406,297.7933349609375,307.4766540527344,57286200,TSLA
738202,304.6833190917969,308.8099975585937,300.4033203125,307.7966613769531,51294300,TSLA
738203,304.4200134277344,306.1666564941406,291.3666687011719,292.1166687011719,55178400,TSLA
738204,295.3333435058594,295.6233215332031,279.2033386230469,285.6600036621094,68501700,TSLA
738208,278.0433349609375,285.57666015625,267.0333251953125,273.84332275390625,83288100,TSLA
738209,276.8099975585937,278.4333190917969,253.5200042724609,254.67999267578125,95256900,TSLA
738210,233.4633331298828,267.49334716796875,233.3333282470703,266.92333984375,135322200,TSLA
738211,269.74334716796875,273.1666564941406,260.79998779296875,269.9566650390625,76067700,TSLA
738214,271.6700134277344,292.28668212890625,271.57000732421875,290.1433410644531,99006900,TSLA
738215,289.8933410644531,296.6266784667969,284.59332275390625,288.1233215332031,74766900,TSLA
738216,290.7099914550781,295.49334716796875,281.42333984375,293.2966613769531,74643300,TSLA
738217,292.92333984375,295.4800109863281,277.5333251953125,279.7633361816406,61623600,TSLA
738218,283.0333251953125,285.2166748046875,275.0533447265625,279.42999267578125,66999600,TSLA
738221,285.4333190917969,288.7133178710937,268.19000244140625,268.1933288574219,72494100,TSLA
738222,265.1766662597656,283.3299865722656,260.72332763671875,274.79998779296875,80399100,TSLA
738223,279.82666015625,286.85333251953125,277.336669921875,286.3233337402344,59184000,TSLA
738224,283.8166809082031,284.8166809082031,270.1199951171875,279.4333190917969,58648500,TSLA
738225,280.0666809082031,281.26666259765625,264.5899963378906,265.1166687011719,67037100,TSLA
738228,260.2033386230469,266.8999938964844,252.01333618164065,255.4566650390625,71152200,TSLA
738229,258.42333984375,268.5233459472656,252.19000244140625,267.2966613769531,66841200,TSLA
738230,269.6666564941406,280.6666564941406,267.4200134277344,280.07666015625,84028800,TSLA
738231,276.9966735839844,291.6666564941406,275.239990234375,290.5333251953125,66582900,TSLA
738232,291.4966735839844,302.6166687011719,289.1300048828125,301.7966613769531,100414200,TSLA
738235,304.99334716796875,314.2833251953125,302.36334228515625,307.0533447265625,81981600,TSLA
738236,310.0,332.6199951171875,307.25,331.32666015625,105868500,TSLA
738237,326.64666748046875,346.8999938964844,325.4666748046875,333.03668212890625,120676200,TSLA
738238,336.57666015625,341.4966735839844,329.6000061035156,337.97332763671875,68920800,TSLA
738239,336.0,340.6000061035156,332.44000244140625,336.8800048828125,62031600,TSLA
738242,355.0333251953125,365.9599914550781,351.20001220703125,363.9466552734375,102506100,TSLA
738243,369.3299865722656,371.5899963378906,357.7033386230469,366.5233459472656,73614900,TSLA
738244,363.7233276367188,371.3166809082031,361.3333435058594,364.663330078125,59865000,TSLA
738245,364.8566589355469,367.71331787109375,358.8800048828125,359.20001220703125,48992700,TSLA
738246,360.3833312988281,364.9166564941406,355.5466613769531,361.5299987792969,54263100,TSLA
738249,363.1266784667969,383.3033447265625,357.510009765625,381.8166809082031,82035900,TSLA
738250,378.76666259765625,384.2900085449219,362.4333190917969,363.7533264160156,80075100,TSLA
738251,357.8233337402344,359.6666564941406,342.5666809082031,348.586669921875,89348400,TSLA
738252,350.7966613769531,358.86334228515625,340.5133361816406,352.4200134277344,79447200,TSLA
738253,347.7366638183594,349.4800109863281,340.8133239746094,341.8299865722656,55013700,TSLA
738256,326.79998779296875,336.1566772460937,324.8800048828125,325.3099975585937,59357100,TSLA
738257,332.5466613769531,340.39666748046875,325.5333251953125,328.9833374023437,65976000,TSLA
738258,327.02667236328125,342.0799865722656,324.3666687011719,340.7900085449219,55121100,TSLA
738259,333.0966796875,337.57000732421875,327.39666748046875,328.3333435058594,58422300,TSLA
738263,329.6766662597656,338.3066711425781,324.4700012207031,334.7633361816406,51715200,TSLA
738264,335.0199890136719,344.9800109863281,331.77667236328125,342.7166748046875,49847700,TSLA
738265,343.3333435058594,344.6666564941406,325.0833435058594,325.7333374023437,70711200,TSLA
738266,358.24334716796875,364.0733337402344,332.1400146484375,336.260009765625,105416400,TSLA
738267,338.3033447265625,344.95001220703125,331.3333435058594,335.01666259765625,69696600,TSLA
738270,326.3233337402344,336.2066650390625,325.1000061035156,332.67333984375,68341200,TSLA
738271,331.8099975585937,333.3333435058594,291.6666564941406,292.1400146484375,136133700,TSLA
738272,299.52667236328125,306.0,292.4533386230469,293.836669921875,76956300,TSLA
738273,299.99334716796875,300.0,273.8999938964844,292.5033264160156,124948500,TSLA
738274,300.75,311.4666748046875,290.0,290.2533264160156,88133100,TSLA
738277,286.92333984375,302.1199951171875,282.6766662597656,300.9800109863281,75781500,TSLA
738278,301.0599975585937,308.02667236328125,296.1966552734375,303.0833435058594,63709500,TSLA
738279,301.3133239746094,318.5,295.09332275390625,317.5400085449219,81643800,TSLA
738280,313.00665283203125,315.20001220703125,285.8999938964844,291.09332275390625,92519100,TSLA
738281,295.6666564941406,296.0,281.03668212890625,288.54998779296875,72903000,TSLA
738284,278.8166809082031,281.8766784667969,260.3833312988281,262.3699951171875,90810300,TSLA
738285,273.10333251953125,275.1199951171875,258.0833435058594,266.67999267578125,84401700,TSLA
738286,265.0,269.92333984375,242.3999938964844,244.6666717529297,97224600,TSLA
738287,233.6666717529297,253.22000122070312,226.6666717529297,242.6666717529297,140313000,TSLA
738288,257.82666015625,262.45001220703125,250.52333068847656,256.5299987792969,92150700,TSLA
738291,255.72000122070312,256.586669921875,239.69667053222656,241.4566650390625,86098500,TSLA
738292,249.1199951171875,254.82666015625,242.9499969482422,253.8699951171875,80236200,TSLA
738293,248.17333984375,253.5,233.60333251953125,236.60333251953125,87811800,TSLA
738294,235.6666717529297,244.6666717529297,231.3699951171875,236.47332763671875,90296700,TSLA
738295,237.9966735839844,240.52667236328125,211.0,221.3000030517578,144973200,TSLA
738298,218.33999633789065,226.65333557128903,212.6866607666016,224.96665954589844,88903500,TSLA
738299,217.8433380126953,217.97332763671875,206.85667419433597,209.3866729736328,89092500,TSLA
738300,207.9499969482422,223.10667419433597,207.6699981689453,219.6000061035156,92139300,TSLA
738301,220.47332763671875,239.55667114257807,217.8866729736328,235.91000366210935,106003200,TSLA
738302,241.0833282470703,253.26666259765625,240.1766662597656,253.2100067138672,89295000,TSLA
738306,257.9466552734375,259.6000061035156,244.7433319091797,252.7533264160156,101914500,TSLA
738307,251.72000122070312,257.32666015625,243.63999938964844,246.7899932861328,77247900,TSLA
738308,244.1566619873047,264.2099914550781,242.0666656494141,258.3333435058594,93473100,TSLA
738309,243.22666931152344,247.79666137695312,233.4166717529297,234.51666259765625,112393800,TSLA
738312,244.35333251953125,244.86666870117188,234.3500061035156,238.27999877929688,84204600,TSLA
738313,234.0,239.9966735839844,230.0933380126953,238.8866729736328,72808500,TSLA
738314,240.086669921875,249.9633331298828,239.1766662597656,241.86666870117188,76210500,TSLA
738315,249.33999633789065,255.54666137695312,239.32666015625,239.7066650390625,96491400,TSLA
738316,235.1566619873047,239.5,227.913330078125,232.22999572753903,97536600,TSLA
738319,223.1666717529297,226.63333129882807,214.68333435058597,215.73666381835935,102767400,TSLA
738320,218.2866668701172,226.3300018310547,211.73666381835935,220.88999938964844,97988700,TSLA
738321,220.9166717529297,235.663330078125,218.1499938964844,233.0,119131800,TSLA
738322,222.73666381835935,225.1666717529297,208.69332885742188,213.1000061035156,107390700,TSLA
738323,213.43333435058597,220.97000122070312,213.19667053222656,216.75999450683597,92641800,TSLA
738327,224.60333251953125,243.57666015625,224.3333282470703,237.0366668701172,122793000,TSLA
738328,234.5033264160156,246.8333282470703,233.82666015625,236.086669921875,101107500,TSLA
738329,237.9066619873047,239.3166656494141,228.6366729736328,235.07000732421875,104202600,TSLA
738330,237.47000122070312,246.0666656494141,236.086669921875,245.7066650390625,95770800,TSLA
738333,249.36666870117188,252.07000732421875,242.5666656494141,244.9199981689453,89178300,TSLA
738334,244.48333740234372,249.97000122070312,232.3433380126953,232.663330078125,90391200,TSLA
738335,230.5,231.17333984375,222.27333068847656,228.4900054931641,82897200,TSLA
738336,224.50999450683597,229.4566650390625,218.8633270263672,224.47332763671875,94600500,TSLA
738337,227.0,230.22999572753903,222.1199951171875,227.26333618164065,74460300,TSLA
738341,223.0,233.14666748046875,216.1666717529297,233.0666656494141,84581100,TSLA
738342,230.77999877929688,234.56333923339844,227.1866607666016,231.73333740234372,71853600,TSLA
738343,233.9199981689453,245.3633270263672,232.2100067138672,244.5433349609375,81930600,TSLA
738344,242.3333282470703,254.97999572753903,241.16000366210935,250.76333618164065,101854200,TSLA
738347,252.10333251953125,253.06333923339844,233.6266632080078,234.3433380126953,99241200,TSLA
738348,236.8466644287109,239.77333068847656,228.3699951171875,233.07000732421875,87930900,TSLA
738349,225.5,242.05999755859372,225.0333404541016,237.0399932861328,97954500,TSLA
738350,234.89666748046875,238.65333557128903,229.3333282470703,238.31333923339844,78557400,TSLA
738351,240.0,243.6233367919922,236.88999938964844,240.0666656494141,69683100,TSLA
738354,244.9366607666016,250.51666259765625,239.60333251953125,240.54666137695312,82537500,TSLA
738355,245.0,247.13999938964844,236.97666931152344,245.52999877929688,80890200,TSLA
738356,246.7833404541016,250.663330078125,243.48333740234372,247.5,88864200,TSLA
738357,255.10667419433597,273.26666259765625,254.86666870117188,271.7066650390625,142032300,TSLA
738358,276.2200012207031,280.78668212890625,270.7133178710937,272.24334716796875,103472700,TSLA
738361,272.2166748046875,274.14666748046875,267.3999938964844,268.4333190917969,64073400,TSLA
738362,266.5133361816406,267.3099975585937,256.2633361816406,258.8599853515625,66820800,TSLA
738363,263.8099975585937,275.9266662597656,261.7900085449219,274.82000732421875,88110000,TSLA
738364,280.0666809082031,283.29998779296875,272.79998779296875,280.8999938964844,84723000,TSLA
738365,280.70001220703125,298.32000732421875,279.1000061035156,297.1499938964844,95313000,TSLA
738368,301.27667236328125,311.8766784667969,295.0,297.27667236328125,117042900,TSLA
738369,294.0033264160156,307.8333435058594,292.6666564941406,300.586669921875,95577600,TSLA
738370,305.0,309.54998779296875,301.1499938964844,307.39666748046875,80091000,TSLA
738371,311.0,313.6066589355469,305.0,308.6333312988281,72256200,TSLA
738372,302.6700134277344,304.6066589355469,285.5433349609375,288.1700134277344,113172900,TSLA
738375,295.0,305.20001220703125,289.086669921875,290.42333984375,98994000,TSLA
738376,290.2933349609375,292.39666748046875,279.35333251953125,283.3333435058594,86244600,TSLA
738377,297.0666809082031,297.510009765625,283.3699951171875,294.3566589355469,94918800,TSLA
738378,296.5133361816406,298.2366638183594,285.8333435058594,286.6300048828125,70155000,TSLA
738379,289.4166564941406,300.1600036621094,285.0333251953125,300.0299987792969,79657200,TSLA
738382,301.78668212890625,313.1333312988281,301.2300109863281,309.32000732421875,89359200,TSLA
738383,311.6666564941406,314.6666564941406,302.8833312988281,306.5633239746094,88136400,TSLA
738384,303.39666748046875,309.6566772460937,300.0333251953125,303.9966735839844,68766000,TSLA
738385,306.0,306.5,301.85333251953125,302.8699951171875,47500500,TSLA
738386,299.0,300.3599853515625,292.5,296.6666564941406,61395300,TSLA
738389,291.913330078125,292.3999938964844,286.2966613769531,289.913330078125,55843200,TSLA
738390,291.4533386230469,298.82666015625,287.92333984375,296.4533386230469,63984900,TSLA
738391,297.5633239746094,303.64666748046875,296.5,297.0966796875,57259800,TSLA
738392,302.3599853515625,302.9599914550781,291.6000061035156,296.07000732421875,53230000,TSLA
738393,297.42999267578125,302.0,287.4700012207031,288.0899963378906,57163900,TSLA
738396,282.8299865722656,287.739990234375,280.70001220703125,284.82000732421875,41864700,TSLA
738397,287.8699951171875,288.4800109863281,272.6499938964844,277.70001220703125,50541800,TSLA
738398,280.6199951171875,281.25,271.8099975585937,275.6099853515625,52107300,TSLA
738399,272.5799865722656,277.5799865722656,266.1499938964844,277.1600036621094,54287000,TSLA
738400,281.07000732421875,282.3500061035156,269.0799865722656,270.2099914550781,50890100,TSLA
738404,272.67999267578125,275.989990234375,265.739990234375,274.4200134277344,55860000,TSLA
738405,273.1000061035156,283.8399963378906,272.2699890136719,283.70001220703125,50028900,TSLA
738406,281.29998779296875,289.5,279.760009765625,289.260009765625,53713100,TSLA
738407,291.6700134277344,299.8500061035156,291.25,299.67999267578125,54338100,TSLA
738410,300.7200012207031,305.489990234375,300.3999938964844,304.4200134277344,48674600,TSLA
738411,292.8999938964844,297.3999938964844,290.3999938964844,292.1300048828125,68229600,TSLA
738412,292.239990234375,306.0,291.6400146484375,302.6099853515625,72628700,TSLA
738413,301.8299865722656,309.1199951171875,300.7200012207031,303.75,64795500,TSLA
738414,299.6099853515625,303.7099914550781,295.6000061035156,303.3500061035156,87087800,TSLA
738417,300.0899963378906,309.8399963378906,297.79998779296875,309.07000732421875,60231200,TSLA
738418,306.9100036621094,313.3299865722656,305.5799865722656,308.7300109863281,61642800,TSLA
738419,308.2900085449219,313.79998779296875,300.6300048828125,300.79998779296875,62555700,TSLA
738420,299.8599853515625,301.2900085449219,285.82000732421875,288.5899963378906,70545400,TSLA
738421,283.0899963378906,284.5,272.82000732421875,275.3299865722656,63748400,TSLA
738424,271.8299865722656,284.0899963378906,270.3099975585937,276.010009765625,58076900,TSLA
738425,283.8399963378906,288.6700134277344,277.510009765625,282.94000244140625,61925200,TSLA
738426,283.0799865722656,289.0,277.57000732421875,287.8099975585937,54664800,TSLA
738427,282.760009765625,283.6499938964844,265.7799987792969,268.2099914550781,77620600,TSLA
738428,266.1499938964844,275.57000732421875,262.4700012207031,265.25,67726600,TSLA
738431,254.5,255.16000366210935,241.00999450683597,242.3999938964844,98363500,TSLA
738432,250.5200042724609,257.5,242.00999450683597,249.44000244140625,109578500,TSLA
738433,245.00999450683597,246.6699981689453,233.2700042724609,240.80999755859372,86982700,TSLA
738434,239.44000244140625,244.5800018310547,235.3500061035156,238.1300048828125,69298400,TSLA
738435,233.94000244140625,234.57000732421875,222.0200042724609,223.07000732421875,83916800,TSLA
738438,223.92999267578125,226.9900054931641,218.3600006103516,222.9600067138672,67925000,TSLA
738439,220.9499969482422,225.75,215.0,216.5,77013200,TSLA
738440,215.3300018310547,219.3000030517578,211.50999450683597,217.2400054931641,66860700,TSLA
738441,208.3000030517578,222.9900054931641,206.22000122070312,221.72000122070312,91483000,TSLA
738442,224.00999450683597,226.25999450683597,204.16000366210935,204.9900054931641,94124500,TSLA
738445,210.0399932861328,221.8600006103516,209.4499969482422,219.3500061035156,79428800,TSLA
738446,229.5,229.82000732421875,217.25,220.19000244140625,75891900,TSLA
738447,219.8000030517578,222.92999267578125,217.77999877929688,222.0399932861328,66571500,TSLA
738448,208.27999877929688,215.5500030517578,202.0,207.27999877929688,117798100,TSLA
738449,206.4199981689453,214.66000366210935,203.8000030517578,214.44000244140625,75713800,TSLA
738452,205.82000732421875,213.5,198.58999633789065,211.25,100446800,TSLA
738453,210.1000061035156,224.3500061035156,210.0,222.4199981689453,96507900,TSLA
738454,219.3999938964844,230.6000061035156,218.1999969482422,224.63999938964844,85012500,TSLA
738455,229.7700042724609,233.80999755859372,222.8500061035156,225.08999633789065,61638800,TSLA
738456,225.3999938964844,228.8600006103516,216.3500061035156,228.5200042724609,69152400,TSLA
738459,226.19000244140625,229.8500061035156,221.94000244140625,227.5399932861328,61554300,TSLA
738460,234.0500030517578,237.3999938964844,227.27999877929688,227.82000732421875,62688800,TSLA
738461,226.0399932861328,227.8699951171875,214.82000732421875,214.97999572753903,63070300,TSLA
738462,211.3600006103516,221.1999969482422,210.13999938964844,215.30999755859372,56538800,TSLA
738463,222.6000061035156,223.8000030517578,203.0800018310547,207.47000122070312,98622200,TSLA
738466,208.6499938964844,208.8999938964844,196.66000366210935,197.0800018310547,93916500,TSLA
738467,194.0200042724609,195.1999969482422,186.75,191.3000030517578,128803400,TSLA
738468,190.77999877929688,195.88999938964844,177.1199951171875,177.58999633789062,127062700,TSLA
738469,189.8999938964844,191.0,180.02999877929688,190.72000122070312,132703000,TSLA
738470,186.0,196.5200042724609,182.58999633789065,195.97000122070312,114403600,TSLA
738473,192.7700042724609,195.72999572753903,186.33999633789065,190.9499969482422,92226600,TSLA
738474,195.8800048828125,200.82000732421875,192.05999755859372,194.4199981689453,91293800,TSLA
738475,191.50999450683597,192.57000732421875,185.66000366210935,186.9199981689453,66567600,TSLA
738476,183.9600067138672,186.16000366210935,180.8999938964844,183.1699981689453,64336000,TSLA
738477,185.0500030517578,185.19000244140625,176.5500030517578,180.19000244140625,76048900,TSLA
738480,175.85000610351562,176.77000427246094,167.5399932861328,167.8699951171875,92882700,TSLA
738481,168.6300048828125,170.9199981689453,166.19000244140625,169.91000366210938,78452300,TSLA
738482,173.57000732421875,183.6199951171875,172.5,183.1999969482422,109536700,TSLA
738484,185.05999755859372,185.1999969482422,180.6300048828125,182.8600006103516,50672700,TSLA
738487,179.9600067138672,188.5,179.0,182.9199981689453,92905200,TSLA
738488,184.9900054931641,186.3800048828125,178.75,180.8300018310547,83357100,TSLA
738489,182.42999267578125,194.75999450683597,180.6300048828125,194.6999969482422,109186400,TSLA
738490,197.0800018310547,198.9199981689453,191.8000030517578,194.6999969482422,80046200,TSLA
738491,191.77999877929688,196.25,191.1100006103516,194.8600006103516,73645900,TSLA
738494,189.44000244140625,191.2700042724609,180.5500030517578,182.4499969482422,93122700,TSLA
738495,181.22000122070312,183.6499938964844,175.3300018310547,179.82000732421875,92150800,TSLA
738496,175.02999877929688,179.3800048828125,172.22000122070312,174.0399932861328,84213300,TSLA
738497,172.1999969482422,175.1999969482422,169.05999755859375,173.44000244140625,97624500,TSLA
738498,173.83999633789062,182.5,173.36000061035156,179.0500030517578,104872300,TSLA
738501,176.10000610351562,177.3699951171875,167.52000427246094,167.82000732421875,109794500,TSLA
738502,174.8699951171875,175.0500030517578,156.91000366210938,160.9499969482422,175862700,TSLA
738503,159.25,161.6199951171875,155.30999755859375,156.8000030517578,140682300,TSLA
738504,153.44000244140625,160.92999267578125,153.27999877929688,157.6699981689453,122334500,TSLA
738505,159.63999938964844,160.99000549316406,150.0399932861328,150.22999572753906,139032200,TSLA
738508,154.0,155.25,145.82000732421875,149.8699951171875,139390600,TSLA
738509,146.0500030517578,148.47000122070312,137.66000366210938,137.8000030517578,159563300,TSLA
738510,139.33999633789062,141.25999450683594,135.88999938964844,137.57000732421875,145417400,TSLA
738511,136.0,136.6300048828125,122.26000213623048,125.3499984741211,210090300,TSLA
738512,126.37000274658205,128.6199951171875,121.0199966430664,123.1500015258789,166989700,TSLA
738516,117.5,119.66999816894533,108.76000213623048,109.0999984741211,208643400,TSLA
738517,110.3499984741211,116.2699966430664,108.23999786376952,112.70999908447266,221070500,TSLA
738518,120.38999938964844,123.56999969482422,117.5,121.81999969482422,221923300,TSLA
738519,119.9499969482422,124.4800033569336,119.75,123.18000030517578,157777300,TSLA
