Date,Open,High,Low,Close,Volume,Ticker
2020-01-02 00:00:00-05:00,71.62708447362316,72.68128119000231,71.37321069958021,72.62083435058594,135480400,AAPL
2020-01-03 00:00:00-05:00,71.84710239518715,72.6764311518872,71.68994210914916,71.91480255126953,146322800,AAPL
2020-01-06 00:00:00-05:00,71.0347019061165,72.52652560345562,70.7832410162985,72.48783874511719,118387200,AAPL
2020-01-07 00:00:00-05:00,72.49752942348555,72.75382346407903,71.92691473047077,72.14694213867188,108872000,AAPL
2020-01-08 00:00:00-05:00,71.84954784350802,73.60975989811726,71.84954784350802,73.30752563476562,132079200,AAPL
2020-01-09 00:00:00-05:00,74.28676381243083,75.05806626477451,74.03531021087177,74.86463928222656,170108400,AAPL
2020-01-10 00:00:00-05:00,75.09916182683553,75.59966347515947,74.53096000715122,75.03387451171875,140644800,AAPL
2020-01-13 00:00:00-05:00,75.35062901064134,76.66353282405201,75.23214816687168,76.63693237304688,121532000,AAPL
2020-01-14 00:00:00-05:00,76.5740713542954,76.78442520845898,75.47877474428456,75.60208129882812,161954400,AAPL
2020-01-15 00:00:00-05:00,75.40139772921896,76.28392021153914,74.84528231468065,75.27808380126953,121923600,AAPL
2020-01-16 00:00:00-05:00,75.82210636141797,76.33228158869747,75.45942527825108,76.22105407714844,108829200,AAPL
2020-01-17 00:00:00-05:00,76.47007064045414,77.06728559726437,76.16300341004458,77.06487274169922,137816400,AAPL
2020-01-21 00:00:00-05:00,76.69254005241989,77.13500771347044,76.4048124784183,76.54263305664062,110843200,AAPL
2020-01-22 00:00:00-05:00,77.0286006875468,77.36952169211204,76.72153344938081,76.81583404541016,101832400,AAPL
2020-01-23 00:00:00-05:00,76.86905772372998,77.26558524479366,76.32019557283769,77.18579864501953,104472000,AAPL
2020-01-24 00:00:00-05:00,77.4324242211359,78.1771262566053,76.77234188289478,76.9633560180664,146537600,AAPL
2020-01-27 00:00:00-05:00,74.96857569534384,75.38202994564323,73.71611915121242,74.7001953125,161940000,AAPL
2020-01-28 00:00:00-05:00,75.58274145549967,76.98510540061056,75.48360773770071,76.81343841552734,162234000,AAPL
2020-01-29 00:00:00-05:00,78.44791850299463,79.2699941203994,77.70562947444549,78.42131805419922,216229200,AAPL
2020-01-30 00:00:00-05:00,77.50252948730524,78.36087174184341,77.06972800749904,78.30767822265625,126743200,AAPL
2020-01-31 00:00:00-05:00,77.59680909150437,78.01993693561123,74.54062095731271,74.83560180664062,199588400,AAPL
2020-02-03 00:00:00-05:00,73.57589206005755,75.79791852993898,73.07297758859362,74.63008880615234,173788400,AAPL
2020-02-04 00:00:00-05:00,76.2379657074683,77.28490902345662,75.83176474651968,77.0938949584961,136616400,AAPL
2020-02-05 00:00:00-05:00,78.22303598481203,78.52285729785567,77.11807347141229,77.72254180908203,118826800,AAPL
2020-02-06 00:00:00-05:00,77.99336084201738,78.63409595534088,77.43483255655748,78.63167572021484,105425600,AAPL
2020-02-07 00:00:00-05:00,78.12999061671879,78.3796223944295,77.070873196759,77.5628662109375,117684000,AAPL
2020-02-10 00:00:00-05:00,76.14504296724274,77.93124389648438,76.06506702253098,77.93124389648438,109348800,AAPL
2020-02-11 00:00:00-05:00,78.42808578763751,78.500791189116,77.24293596960018,77.4610595703125,94323200,AAPL
2020-02-12 00:00:00-05:00,77.91185812540034,79.30543507665523,77.91185812540034,79.30059051513672,113730400,AAPL
2020-02-13 00:00:00-05:00,78.5710817713545,79.06307473499535,78.36749924118695,78.73588562011719,94747600,AAPL
2020-02-14 00:00:00-05:00,78.70437836069574,79.00491129587996,78.24631951175783,78.75527954101562,80113600,AAPL
2020-02-18 00:00:00-05:00,76.43100382451867,77.49497275516904,76.2492329736465,77.31320190429688,152531200,AAPL
2020-02-19 00:00:00-05:00,77.5555836361956,78.66317609010646,77.5555836361956,78.43292999267578,93984000,AAPL
2020-02-20 00:00:00-05:00,78.19297094403673,78.68253775388968,77.12173151715012,77.62826538085938,100566000,AAPL
2020-02-21 00:00:00-05:00,77.22113922163652,77.66466444490703,75.25316708230885,75.87118530273438,129554000,AAPL
2020-02-24 00:00:00-05:00,72.04428953806494,73.72142482703582,70.09812948275813,72.26725769042969,222195200,AAPL
2020-02-25 00:00:00-05:00,72.93861510277681,73.32154259168735,69.34681990026353,69.81941986083984,230673600,AAPL
2020-02-26 00:00:00-05:00,69.4437526290761,72.19455366055257,69.43648208910632,70.927001953125,198054800,AAPL
2020-02-27 00:00:00-05:00,68.12774407264509,69.31531263503878,66.154920085896,66.29064178466797,320605600,AAPL
2020-02-28 00:00:00-05:00,62.34983736802518,67.47577466773187,62.13413237510461,66.25184631347656,426510000,AAPL
2020-03-02 00:00:00-05:00,68.41370027483313,73.05734046709884,67.30853410090411,72.41992950439453,341397200,AAPL
2020-03-03 00:00:00-05:00,73.59784230488941,73.67781826113942,69.26684065673096,70.11995697021484,319475600,AAPL
2020-03-04 00:00:00-05:00,71.84557120107807,73.53240346907992,71.04335603675204,73.37244415283203,219178400,AAPL
2020-03-05 00:00:00-05:00,71.62258011074542,72.59929546384136,70.62647911575432,70.99244689941406,187572800,AAPL
2020-03-06 00:00:00-05:00,68.34585328692468,70.4834806861114,68.15923783954538,70.04965209960938,226176800,AAPL
2020-03-09 00:00:00-04:00,63.92277516467533,67.39823435621751,63.741004240036446,64.50929260253906,286744800,AAPL
2020-03-10 00:00:00-04:00,67.16796993178485,69.42192557668332,65.28481913919207,69.15532684326172,285290000,AAPL
2020-03-11 00:00:00-04:00,67.22858097514904,68.15682117418298,65.88831635585085,66.75354766845703,255598800,AAPL
2020-03-12 00:00:00-04:00,62.02991834834593,65.43751580172635,60.10557006973383,60.161312103271484,418474000,AAPL
2020-03-13 00:00:00-04:00,64.19905222754427,67.84174022351363,61.30525564200672,67.36913299560547,370732000,AAPL
2020-03-16 00:00:00-04:00,58.63929618574619,62.7909413516552,58.166692548418034,58.70231246948242,322423600,AAPL
2020-03-17 00:00:00-04:00,59.98682095947624,62.43466692909921,57.77891021775957,61.28345489501953,324056000,AAPL
2020-03-18 00:00:00-04:00,58.110942929042054,60.59029684026707,57.46868356365228,59.783233642578125,300233600,AAPL
2020-03-19 00:00:00-04:00,59.95773914025238,61.27860698512917,58.79925286107015,59.32517623901367,271857200,AAPL
2020-03-20 00:00:00-04:00,59.90684466812261,61.033826561579104,55.25835823713997,55.55888748168945,401693200,AAPL
2020-03-23 00:00:00-04:00,55.277747569925765,55.37953883867535,51.52841919602518,54.37858581542969,336752800,AAPL
2020-03-24 00:00:00-04:00,57.28450329165139,60.03045660655015,56.78523972496781,59.834144592285156,287531200,AAPL
2020-03-25 00:00:00-04:00,60.77206450877943,62.5897733176163,59.208835672807325,59.5045166015625,303602000,AAPL
2020-03-26 00:00:00-04:00,59.74688846689872,62.69399806571646,59.70810978448486,62.635833740234375,252087200,AAPL
2020-03-27 00:00:00-04:00,61.256784876393276,62.01295053300634,59.87532696598944,60.04255676269531,204216800,AAPL
2020-03-30 00:00:00-04:00,60.76964580920623,61.92813199578418,60.44487900563897,61.75605392456055,167976400,AAPL
2020-03-31 00:00:00-04:00,61.94752404866054,63.61738886653712,61.07502225152622,61.630027770996094,197002000,AAPL
2020-04-01 00:00:00-04:00,59.74203967177421,60.28008186649483,57.95583869541803,58.38724136352539,176218400,AAPL
2020-04-02 00:00:00-04:00,58.2490894772747,59.41484624870322,57.41536636391571,59.36152648925781,165934000,AAPL
2020-04-03 00:00:00-04:00,58.845293288552625,59.548139207946036,57.917049556216,58.5084114074707,129880000,AAPL
2020-04-06 00:00:00-04:00,60.808416836837694,63.767644688716175,60.4400305164741,63.6125373840332,201820400,AAPL
2020-04-07 00:00:00-04:00,65.63142048427824,65.84955151614007,62.77156082600616,62.87577438354492,202887200,AAPL
2020-04-08 00:00:00-04:00,63.677964379389906,64.80009765548974,63.312004082729416,64.48503112792969,168895200,AAPL
2020-04-09 00:00:00-04:00,65.12246020269797,65.45449387759112,64.15301536095346,64.95037841796875,161834800,AAPL
2020-04-13 00:00:00-04:00,65.02795441226466,66.33428526101915,64.42689577550759,66.2252197265625,131022800,AAPL
2020-04-14 00:00:00-04:00,67.86113496690535,69.86061483646596,67.38852767558943,69.56977844238281,194994800,AAPL
2020-04-15 00:00:00-04:00,68.44281379449058,69.39529170786052,68.01383705547038,68.93480682373047,131154400,AAPL
2020-04-16 00:00:00-04:00,69.64975084803966,69.84848877293005,68.43067451777503,69.4825210571289,157125200,AAPL
2020-04-17 00:00:00-04:00,68.99780003465911,69.54553862943841,67.1001079878715,68.53973388671875,215250000,AAPL
2020-04-20 00:00:00-04:00,67.36431680144536,68.26831958944639,67.09771792975488,67.11710357666016,130015200,AAPL
2020-04-21 00:00:00-04:00,66.95955863717874,67.19464932019156,64.3299378788463,65.04248046875,180991600,AAPL
2020-04-22 00:00:00-04:00,66.31243969742793,67.35217124293807,65.97071693829112,66.91592407226562,116862400,AAPL
2020-04-23 00:00:00-04:00,66.8601681684611,68.2852528904484,66.61780702244354,66.65658569335938,124814400,AAPL
2020-04-24 00:00:00-04:00,67.18251149112648,68.59062913382022,67.13403630423794,68.5809326171875,126161200,AAPL
2020-04-27 00:00:00-04:00,68.29739158061335,68.9614663795542,67.84902922262711,68.62943267822266,117087600,AAPL
2020-04-28 00:00:00-04:00,69.0923152918548,69.27408615936449,67.4248767467707,67.5169677734375,112004800,AAPL
2020-04-29 00:00:00-04:00,69.00751259495229,70.2047776093199,68.80393005840862,69.7345962524414,137280800,AAPL
2020-04-30 00:00:00-04:00,70.2750603851693,71.3826529846121,69.88486235394257,71.20572662353516,183064000,AAPL
2020-05-01 00:00:00-04:00,69.37588119280264,72.46598594462179,69.27893820925557,70.05934143066406,240616800,AAPL
2020-05-04 00:00:00-04:00,70.0836095907262,71.17907983549179,69.3928785127616,71.05062866210938,133568000,AAPL
2020-05-05 00:00:00-04:00,71.51110134148117,72.95072758723038,71.36568312949365,72.11700439453125,147751200,AAPL
2020-05-06 00:00:00-04:00,72.81984118068168,73.49360499399509,72.43448777558325,72.86104583740234,142333600,AAPL
2020-05-07 00:00:00-04:00,73.488774319377,73.96138168836862,73.18582277419723,73.61479949951172,115215200,AAPL
2020-05-08 00:00:00-04:00,74.27580576384341,75.42041508755761,73.9477309492938,75.36695098876953,133838400,AAPL
2020-05-11 00:00:00-04:00,74.8736289600459,77.04862926819315,74.66463023297625,76.5528793334961,145946400,AAPL
2020-05-12 00:00:00-04:00,77.23817575538389,77.6901917346119,75.55650039805452,75.67800903320312,162301200,AAPL
2020-05-13 00:00:00-04:00,75.85783701982658,76.78130706727246,73.68526209938001,74.7642593383789,200622400,AAPL
2020-05-14 00:00:00-04:00,74.0011951417901,75.28432609802991,73.27700096934342,75.22357177734375,158929200,AAPL
2020-05-15 00:00:00-04:00,72.99024308175176,74.8250206182074,72.95621710200552,74.77884674072266,166348400,AAPL
2020-05-18 00:00:00-04:00,76.10572250052454,76.91496675486883,75.4131217905622,76.54071807861328,135178400,AAPL
2020-05-19 00:00:00-04:00,76.55772557449362,77.40585342154391,76.0668333890782,76.09842681884766,101729600,AAPL
2020-05-20 00:00:00-04:00,76.95870878721165,77.64887695753947,76.91982513329616,77.57840728759766,111504800,AAPL
2020-05-21 00:00:00-04:00,77.43989889613772,77.98183018131287,76.76187850714905,77.00003814697266,102688800,AAPL
2020-05-22 00:00:00-04:00,76.73756083121987,77.57840592683334,76.6354977307433,77.49578094482422,81803200,AAPL
2020-05-26 00:00:00-04:00,78.61607202130844,78.79590239398446,76.91495145206838,76.9708480834961,125522000,AAPL
2020-05-27 00:00:00-04:00,76.82751442963188,77.45206343022444,76.08630700600105,77.3062515258789,112945200,AAPL
2020-05-28 00:00:00-04:00,76.98058746337966,78.60151611780931,76.7035515978113,77.34025573730469,133560800,AAPL
2020-05-29 00:00:00-04:00,77.58325985255884,78.0449911609041,76.90767216991519,77.26490783691406,153532400,AAPL
2020-06-01 00:00:00-04:00,77.21873094429264,78.33661177403135,77.08749955314255,78.21510314941406,80791200,AAPL
2020-06-02 00:00:00-04:00,77.9477804464378,78.60149742135009,77.50548728566115,78.57719421386719,87642800,AAPL
2020-06-03 00:00:00-04:00,78.89798738729773,79.27223605785474,78.32446277639103,79.00977325439453,104491200,AAPL
2020-06-04 00:00:00-04:00,78.83237798726375,79.13128449132041,77.95508176147044,78.32933044433594,87560400,AAPL
2020-06-05 00:00:00-04:00,78.57962969607472,80.62097312386399,78.55046881252456,80.56021881103516,137250400,AAPL
2020-06-08 00:00:00-04:00,80.25643869458965,81.07054788300238,79.54440000402361,81.0365219116211,95654400,AAPL
2020-06-09 00:00:00-04:00,80.71576353395018,83.98919920003063,80.68417010070951,83.59551239013672,147712400,AAPL
2020-06-10 00:00:00-04:00,84.5457098689179,86.21523738880465,84.10584918729383,85.7462158203125,166651600,AAPL
2020-06-11 00:00:00-04:00,84.88835596262886,85.3136361549305,81.5274306203534,81.6294937133789,201662400,AAPL
2020-06-12 00:00:00-04:00,83.77290920023673,84.52139908925585,81.22122799958797,82.33424377441406,200146000,AAPL
2020-06-15 00:00:00-04:00,80.98549997370785,84.00620266393342,80.82267515019947,83.35248565673828,138808800,AAPL
2020-06-16 00:00:00-04:00,85.41083105777197,85.83368606857078,83.77289734914154,85.5615005493164,165428800,AAPL
2020-06-17 00:00:00-04:00,86.3075693503932,86.36832365901888,85.32091997161581,85.44242858886719,114406400,AAPL
2020-06-18 00:00:00-04:00,85.39870363740545,85.89446096739049,84.86649519851686,85.47647094726562,96820400,AAPL
2020-06-19 00:00:00-04:00,86.18366265338062,86.65025173694244,83.87742333103371,84.9880142211914,264476000,AAPL
2020-06-22 00:00:00-04:00,85.38169655946604,87.35499583192716,85.33552267955825,87.21161651611328,135445200,AAPL
2020-06-23 00:00:00-04:00,88.45829429442931,90.4947803881452,88.03787170937105,89.07312774658203,212155600,AAPL
2020-06-24 00:00:00-04:00,88.7013070407747,89.62234460688504,87.12655239933392,87.50080108642578,192623200,AAPL
2020-06-25 00:00:00-04:00,87.65634205576191,88.70131346707345,86.89569672901172,88.66242980957031,137522400,AAPL
2020-06-26 00:00:00-04:00,88.55792788577938,88.77907450051282,85.78995750703652,85.93820190429688,205256800,AAPL
2020-06-29 00:00:00-04:00,85.84583323984103,88.0135501123518,85.36708901825641,87.91876983642578,130646000,AAPL
2020-06-30 00:00:00-04:00,87.50564539182193,88.93945305521017,87.48620727559833,88.6526870727539,140223200,AAPL
2020-07-01 00:00:00-04:00,88.73047333907931,89.27482970528494,88.43642448943781,88.48502349853516,110737200,AAPL
2020-07-02 00:00:00-04:00,89.39391322261687,90.03061734729651,88.37081248982172,88.48502349853516,114041600,AAPL
2020-07-06 00:00:00-04:00,89.91640216330728,91.32104187882805,89.88480872729063,90.85202026367188,118655600,AAPL
2020-07-07 00:00:00-04:00,91.23109071893629,92.01117387811823,90.4582977793244,90.57008361816406,112424400,AAPL
2020-07-08 00:00:00-04:00,91.54946038589766,92.71108256542591,91.46197031782751,92.67948913574219,117092000,AAPL
2020-07-09 00:00:00-04:00,93.57379093641129,93.62725502908617,92.02820475666121,93.07804107666016,125642800,AAPL
2020-07-10 00:00:00-04:00,92.67221565599948,93.2992044388239,92.05981473407041,93.24087524414062,90257200,AAPL
2020-07-13 00:00:00-04:00,94.54829427109546,97.16316235330419,92.59686597637041,92.81072235107422,191649200,AAPL
2020-07-14 00:00:00-04:00,92.19103384207206,94.53858170931154,91.25542322619387,94.34660339355469,170989200,AAPL
2020-07-15 00:00:00-04:00,96.22511971933456,96.47542722006055,93.79494692925732,94.99545288085938,153198000,AAPL
2020-07-16 00:00:00-04:00,93.86541410703498,94.68438106422201,93.22627754411272,93.82653045654297,110577600,AAPL
2020-07-17 00:00:00-04:00,94.27855494560396,94.43408214536427,93.16309912532118,93.6369857788086,92186800,AAPL
2020-07-20 00:00:00-04:00,93.72447392303613,95.74880452196625,93.37938613595313,95.61028289794922,90318000,AAPL
2020-07-21 00:00:00-04:00,96.40250793502297,96.47784268487361,94.04038010462556,94.29068756103516,103433200,AAPL
2020-07-22 00:00:00-04:00,93.99180867947258,95.23848875074623,93.9043260017763,94.55561065673828,89001600,AAPL
2020-07-23 00:00:00-04:00,94.2882680485315,94.36603535470661,89.44007797032316,90.25175476074219,197004400,AAPL
2020-07-24 00:00:00-04:00,88.44612298600447,90.3732478217121,86.65507978820487,90.02816009521484,185438800,AAPL
2020-07-27 00:00:00-04:00,91.09259075129832,92.25421298171179,90.86901902055509,92.161865234375,121214000,AAPL
2020-07-28 00:00:00-04:00,91.73174329776009,91.90914860198515,90.6430230910152,90.64788818359375,103625600,AAPL
2020-07-29 00:00:00-04:00,91.13148971151593,92.57015542560022,91.09503859889124,92.38545989990234,90329200,AAPL
2020-07-30 00:00:00-04:00,91.55677066710048,93.60783733719364,91.14850337011598,93.50334167480469,158130000,AAPL
2020-07-31 00:00:00-04:00,100.01133514701584,103.4427380109372,98.00886768351042,103.29206848144531,374336800,AAPL
2020-08-03 00:00:00-04:00,105.17787147768598,108.51935893981127,104.87896498205056,105.894775390625,308151200,AAPL
2020-08-04 00:00:00-04:00,106.08432365144441,107.69552926335136,105.36012955059792,106.6019515991211,173071600,AAPL
2020-08-05 00:00:00-04:00,106.32250015172326,107.30914978579867,105.85590367757412,106.98836517333984,121776800,AAPL
2020-08-06 00:00:00-04:00,107.32128306989559,111.21684951983971,106.73075289757836,110.7210922241211,202428800,AAPL
2020-08-07 00:00:00-04:00,110.2415021197791,110.69919956892333,107.40524752399855,108.20378112792969,198045600,AAPL
2020-08-10 00:00:00-04:00,109.65231698977226,110.79656040754556,107.12038216987283,109.77648162841797,212403600,AAPL
2020-08-11 00:00:00-04:00,109.03883340833443,109.53791413310383,106.25126539914736,106.51176452636719,187902400,AAPL
2020-08-12 00:00:00-04:00,107.6048585408266,110.30965211624508,107.41009717699765,110.05158996582031,165598000,AAPL
2020-08-13 00:00:00-04:00,111.43442627597457,113.00471686377213,110.94507845537643,111.9992446899414,210082000,AAPL
2020-08-14 00:00:00-04:00,111.82395872639943,111.98950664875923,110.08568325260936,111.89942932128906,165565200,AAPL
2020-08-17 00:00:00-04:00,113.02418165118854,113.04852867975069,110.97915755635789,111.60726928710938,119561600,AAPL
2020-08-18 00:00:00-04:00,111.35893113425243,112.96330126715455,111.02296150639188,112.5372543334961,105633600,AAPL
2020-08-19 00:00:00-04:00,112.94626924012053,114.09537909958976,112.58352304816549,112.678466796875,145538000,AAPL
2020-08-20 00:00:00-04:00,112.71986303729176,115.2931886914799,112.7028193742301,115.17876434326172,126907200,AAPL
2020-08-21 00:00:00-04:00,116.14041187069935,121.59868597251888,116.1282420708619,121.11421203613281,338054800,AAPL
2020-08-24 00:00:00-04:00,125.32840158232875,125.4136198889964,120.69301605778207,122.56275177001953,345937600,AAPL
2020-08-25 00:00:00-04:00,121.43314715380612,121.90301439370454,119.83120611678233,121.55730438232422,211495600,AAPL
2020-08-26 00:00:00-04:00,122.87682491569296,123.66805506312153,121.8080520118478,123.21035766601562,163022400,AAPL
2020-08-27 00:00:00-04:00,123.81414734892694,124.14768014650426,120.59079194716,121.73747253417969,155552400,AAPL
2020-08-28 00:00:00-04:00,122.71372527916922,123.13246897997037,121.31629327483492,121.54027557373047,187630000,AAPL
2020-08-31 00:00:00-04:00,124.2401853001041,127.5706540266875,122.7015450943712,125.66195678710938,225702700,AAPL
2020-09-01 00:00:00-04:00,129.28454878420325,131.27115314665346,127.11293080171876,130.66737365722656,151948100,AAPL
2020-09-02 00:00:00-04:00,133.98812570206806,134.36791557513135,123.67535734483123,127.96016693115234,200119000,AAPL
2020-09-03 00:00:00-04:00,123.58773585994635,125.46720491788712,117.34553416902808,117.71558380126953,257599600,AAPL
2020-09-04 00:00:00-04:00,116.92677156884038,120.46174167565064,107.98708803912147,117.79347229003906,332607200,AAPL
2020-09-08 00:00:00-04:00,110.96697771586362,115.87503988575807,109.73022744851274,109.86656188964844,231366600,AAPL
2020-09-09 00:00:00-04:00,114.19032948681344,116.02111152579629,112.24268617440501,114.2487564086914,176940500,AAPL
2020-09-10 00:00:00-04:00,117.20918576977877,117.34552021964375,109.55494626315287,110.51902770996094,182274400,AAPL
2020-09-11 00:00:00-04:00,111.57075280375336,112.21347869736357,107.12038789476668,109.06803131103516,180860300,AAPL
2020-09-14 00:00:00-04:00,111.71682733418477,112.89515070723368,109.84709144123131,112.34007263183594,140150100,AAPL
2020-09-15 00:00:00-04:00,115.23232135411556,115.71923219486175,110.6358818287243,112.5153579711914,184642000,AAPL
2020-09-16 00:00:00-04:00,112.21348694471548,112.96332644603498,109.10699308995494,109.19463348388672,154679000,AAPL
2020-09-17 00:00:00-04:00,106.84770479761534,109.2627781520389,105.86414292287712,107.45146942138672,178011000,AAPL
2020-09-18 00:00:00-04:00,107.50992424081115,107.97735452695603,103.31274738543307,104.0431137084961,287104900,AAPL
2020-09-21 00:00:00-04:00,101.80332242964299,107.30541657570868,100.40101679009732,107.19829559326172,195713800,AAPL
2020-09-22 00:00:00-04:00,109.73022311017552,109.90551130322969,106.30237419337884,108.88299560546875,183055400,AAPL
2020-09-23 00:00:00-04:00,108.69797818298632,109.17514872406446,103.97493710920857,104.31578063964844,150718700,AAPL
2020-09-24 00:00:00-04:00,102.41683403022385,107.36385041762158,102.25128611202055,105.38699340820312,167743300,AAPL
2020-09-25 00:00:00-04:00,105.59149358674422,109.49652091920656,104.85138696986856,109.34070587158203,149981400,AAPL
2020-09-28 00:00:00-04:00,111.9992479561973,112.30113033847593,109.82762206038593,111.95055389404297,137672400,AAPL
2020-09-29 00:00:00-04:00,111.55129711355788,112.2913963783167,110.59694842102935,111.10333251953125,99382200,AAPL
2020-09-30 00:00:00-04:00,110.81118070719012,114.19034345635778,110.6456327885037,112.7782974243164,142675200,AAPL
2020-10-01 00:00:00-04:00,114.56039781431716,114.63830534270079,112.79778270524493,113.73265075683594,116120400,AAPL
2020-10-02 00:00:00-04:00,109.93473854776296,112.34981979602337,109.28227974779207,110.06133270263672,144712000,AAPL
2020-10-05 00:00:00-04:00,110.92805362201211,113.59632348580747,110.57747715177082,113.45024871826172,106243800,AAPL
2020-10-06 00:00:00-04:00,112.67117062665213,113.08018139775959,109.31148864679248,110.19766998291016,161498200,AAPL
2020-10-07 00:00:00-04:00,111.61944859952521,112.52510309938262,111.14227060574487,112.0674057006836,96849000,AAPL
2020-10-08 00:00:00-04:00,113.20678738058209,113.35286214055573,111.59023958163668,111.96029663085938,83477200,AAPL
2020-10-09 00:00:00-04:00,112.26217489170202,113.93714956117775,111.91159845252474,113.9079360961914,100506900,AAPL
2020-10-12 00:00:00-04:00,116.91704216927612,121.90301242749467,116.15746235896894,121.1434326171875,240226800,AAPL
2020-10-13 00:00:00-04:00,121.99066017012335,122.10752146708244,116.51778611511698,117.92982482910156,262330500,AAPL
2020-10-14 00:00:00-04:00,117.83243516871921,119.8092921898273,116.48856378941026,118.01746368408203,150712000,AAPL
2020-10-15 00:00:00-04:00,115.61211517826072,118.02718887052616,115.05703709797092,117.55001831054688,112559200,AAPL
2020-10-16 00:00:00-04:00,118.1050823637663,118.36801835616846,115.69974182496392,115.90424346923828,115393800,AAPL
2020-10-19 00:00:00-04:00,116.81965398590057,117.26761109070254,112.63222499944558,112.94384765625,120639300,AAPL
2020-10-20 00:00:00-04:00,113.15808061203983,115.8653112278617,112.60300253020057,114.43379211425781,124423700,AAPL
2020-10-21 00:00:00-04:00,113.61578568990575,115.60238301966777,113.40154370880339,113.81055450439453,89946000,AAPL
2020-10-22 00:00:00-04:00,114.3753655822656,114.94992429837153,111.59023468508376,112.7198715209961,101988000,AAPL
2020-10-23 00:00:00-04:00,113.34311554903111,113.49893059893087,111.28835101391871,112.02845764160156,82572600,AAPL
2020-10-26 00:00:00-04:00,111.02541726060738,113.49892534064216,109.92499395326571,112.03819274902344,111850700,AAPL
2020-10-27 00:00:00-04:00,112.46667230975785,114.20981414129767,111.54154461515651,113.54761505126953,92276800,AAPL
2020-10-28 00:00:00-04:00,112.03819046643926,112.4082400407623,108.19159026240904,108.28897094726562,143937800,AAPL
2020-10-29 00:00:00-04:00,109.42834593101287,113.86897045793137,109.26279059723784,112.30111694335938,146129200,AAPL
2020-10-30 00:00:00-04:00,108.15264357304628,109.058298117793,104.90008242224502,106.01023864746094,190272600,AAPL
2020-11-02 00:00:00-05:00,106.25368777978908,107.7825875731632,104.51054602064647,105.9225845336914,122866900,AAPL
2020-11-03 00:00:00-05:00,106.78931686962926,108.5714053626483,105.88366217364475,107.54889678955078,107624400,AAPL
2020-11-04 00:00:00-05:00,111.1520027380027,112.56404116119307,109.40886108978425,111.9407958984375,138235500,AAPL
2020-11-05 00:00:00-05:00,114.8622797541516,116.4885678267502,113.81055784373574,115.91400909423828,126387100,AAPL
2020-11-06 00:00:00-05:00,115.42136453660977,116.27980338076077,113.28501336370934,115.78230285644531,114457900,AAPL
2020-11-09 00:00:00-05:00,117.54797309772637,119.00146877246537,113.20699283584307,113.47037506103516,154515300,AAPL
2020-11-10 00:00:00-05:00,112.71923542912484,114.7092525422394,111.33401722344382,113.12894439697266,138023400,AAPL
2020-11-11 00:00:00-05:00,114.31905635772775,116.6992756479048,113.58743002030904,116.56270599365234,112295000,AAPL
2020-11-12 00:00:00-05:00,116.68953299697138,117.57723580292728,115.66525308607233,116.2895736694336,103162300,AAPL
2020-11-13 00:00:00-05:00,116.51394665375146,116.73830791782815,114.98240900346639,116.3383560180664,81581900,AAPL
2020-11-16 00:00:00-05:00,116.00667744857009,118.0259659670156,115.25554430373279,117.35287475585938,91183000,AAPL
2020-11-17 00:00:00-05:00,116.62124041188267,117.71379763887923,116.0456904933859,116.46515655517578,74271000,AAPL
2020-11-18 00:00:00-05:00,115.70427399429921,116.88463032919714,115.10921727569527,115.13848114013672,76322100,AAPL
2020-11-19 00:00:00-05:00,114.70924831286501,116.14323708994871,113.94835813134821,115.73352813720703,74113000,AAPL
2020-11-20 00:00:00-05:00,115.73354855431413,115.86036112610928,114.41662243532618,114.46539306640625,73604300,AAPL
2020-11-23 00:00:00-05:00,114.3093211743569,114.73854442287387,110.96334911861896,111.06089782714844,127959300,AAPL
2020-11-24 00:00:00-05:00,111.11942943411495,113.01189813471593,109.83175972995858,112.34855651855469,113874200,AAPL
2020-11-25 00:00:00-05:00,112.71924799503968,113.88984730295674,112.34855250829112,113.18748474121094,76499200,AAPL
2020-11-27 00:00:00-05:00,113.71425025675507,114.61171017176824,113.37282609805314,113.73375701904297,46691300,AAPL
2020-11-30 00:00:00-05:00,114.10444599903529,118.00645317380616,113.9483621396502,116.13349151611328,169410200,AAPL
2020-12-01 00:00:00-05:00,118.04549272197347,120.4452266191373,117.06999077471228,119.7136001586914,127728200,AAPL
2020-12-02 00:00:00-05:00,119.03072893889201,120.34766235140043,117.92841456031734,120.06476593017578,89004200,AAPL
2020-12-03 00:00:00-05:00,120.49399284991507,120.74762543083594,119.21608772727546,119.92820739746094,78967600,AAPL
2020-12-04 00:00:00-05:00,119.59653588349062,119.85016847078657,118.54299200625123,119.25511169433594,78260400,AAPL
2020-12-07 00:00:00-05:00,119.31363577425405,121.51827216632053,119.25510804147432,120.7183609008789,86712000,AAPL
2020-12-08 00:00:00-05:00,121.3231818575138,121.91823865053868,120.07453309277203,121.33293151855469,82225500,AAPL
2020-12-09 00:00:00-05:00,121.47923792024274,122.86444868955574,118.03571775825858,118.7966079711914,115089200,AAPL
2020-12-10 00:00:00-05:00,117.54796013053175,120.83540368650691,117.20653600869163,120.22083282470703,81312200,AAPL
2020-12-11 00:00:00-05:00,119.43067771947905,119.75259507824151,117.5967371368866,119.41117095947266,86939800,AAPL
2020-12-14 00:00:00-05:00,119.596519149209,120.32814549895028,118.56248962317086,118.7966079711914,79184500,AAPL
2020-12-15 00:00:00-05:00,121.29386991985673,124.76666080696954,121.08901546927353,124.74714660644531,157243700,AAPL
2020-12-16 00:00:00-05:00,124.28869163586886,125.22516505635238,123.45950912702416,124.67888641357422,98208600,AAPL
2020-12-17 00:00:00-05:00,125.74217073899736,126.40551967508249,124.9032386311393,125.54707336425781,94359800,AAPL
2020-12-18 00:00:00-05:00,125.80073287061994,125.93730254262911,123.03030357595766,123.55707550048828,192541500,AAPL
2020-12-21 00:00:00-05:00,121.95721774547523,125.16661919173606,120.42568039318539,125.08857727050781,121251600,AAPL
2020-12-22 00:00:00-05:00,128.38581074820917,131.11721915357555,126.47382039895922,128.64920043945312,168904800,AAPL
2020-12-23 00:00:00-05:00,128.92233114348466,129.18570593208332,127.57613379518217,127.7517318725586,88223700,AAPL
2020-12-24 00:00:00-05:00,128.1029139851249,130.19048741225336,127.88830238079585,128.7369842529297,54930100,AAPL
2020-12-28 00:00:00-05:00,130.70748731350233,133.97540930683178,130.23923574746274,133.34133911132812,124486200,AAPL
2020-12-29 00:00:00-05:00,134.66803693280866,135.38989879452387,131.04891842415702,131.56593322753906,121047300,AAPL
2020-12-30 00:00:00-05:00,132.25855654199404,132.6585159150223,130.13195454477884,130.44412231445312,96452100,AAPL
2020-12-31 00:00:00-05:00,130.79527790714135,131.43911264182535,128.49309315567558,129.4393310546875,99116600,AAPL
2021-01-04 00:00:00-05:00,130.24897423198516,130.3367658011868,123.65458151272391,126.23966217041016,143301900,AAPL
2021-01-05 00:00:00-05:00,125.73243969109018,128.51262606882628,125.28370226628847,127.80049896240234,97664900,AAPL
2021-01-06 00:00:00-05:00,124.59109992908554,127.83952293982475,123.28392355422082,123.49853515625,155088000,AAPL
2021-01-07 00:00:00-05:00,125.21540258559175,128.40529740863508,124.72765172087456,127.71268463134766,109578200,AAPL
2021-01-08 00:00:00-05:00,129.1857135709603,129.38082586513295,127.03961229986527,128.81503295898438,105158200,AAPL
2021-01-11 00:00:00-05:00,126.0250752376433,126.98106279830377,125.35197663907473,125.8202133178711,100384500,AAPL
2021-01-12 00:00:00-05:00,125.35196931372295,126.51281872631759,123.75214711009855,125.64462280273438,91951100,AAPL
2021-01-13 00:00:00-05:00,125.60562488862021,128.22972749827673,125.34225008105514,127.6834487915039,88636800,AAPL
2021-01-14 00:00:00-05:00,127.59562789132632,127.79072525823703,125.60559604790214,125.7519302368164,90221800,AAPL
2021-01-15 00:00:00-05:00,125.62512143938797,127.02984642222248,123.88872941476652,124.02529907226562,111598500,AAPL
2021-01-19 00:00:00-05:00,124.64961670921872,125.55684110809314,123.8301987834441,124.69839477539062,90757300,AAPL
2021-01-20 00:00:00-05:00,125.50806539990329,129.24423908723023,125.40075960629947,128.79550170898438,104319500,AAPL
2021-01-21 00:00:00-05:00,130.52213931456455,136.24832991984417,130.31727739424184,133.5169219970703,120150900,AAPL
2021-01-22 00:00:00-05:00,132.941396802551,136.4239457057513,131.7122697758214,135.66305541992188,114459400,AAPL
2021-01-25 00:00:00-05:00,139.5650506326583,141.53555356505598,133.19501014057846,139.41871643066406,157611700,AAPL
2021-01-26 00:00:00-05:00,140.0820551764804,140.76490341435823,137.90667558906043,139.65283203125,98390600,AAPL
2021-01-27 00:00:00-05:00,139.91619014600965,140.76488667679246,136.97018597217604,138.5797576904297,140843800,AAPL
2021-01-28 00:00:00-05:00,136.1020139559467,138.51150456888308,133.35109176240107,133.73153686523438,142621100,AAPL
2021-01-29 00:00:00-05:00,132.50242137720485,133.39013165524483,127.0201056066314,128.72723388671875,177523800,AAPL
2021-02-01 00:00:00-05:00,130.47336045084296,132.06343308345475,127.72243834178269,130.8538055419922,106239800,AAPL
2021-02-02 00:00:00-05:00,132.40484514955168,132.97063793703109,131.31228797923288,131.6829833984375,83305400,AAPL
2021-02-03 00:00:00-05:00,132.43412757446322,132.4438921194795,130.33680452281126,130.65872192382812,89880900,AAPL
2021-02-04 00:00:00-05:00,132.96089184283247,134.0339348395979,131.29277729666717,134.02418518066406,84183100,AAPL
2021-02-05 00:00:00-05:00,134.18541104102158,134.25379046331454,132.72973582683255,133.60899353027344,75693800,AAPL
2021-02-08 00:00:00-05:00,132.89579458373277,133.80437463624327,131.81136898331476,133.75552368164062,71297200,AAPL
2021-02-09 00:00:00-05:00,133.4721970895325,134.70317555376081,132.71994903608007,132.87625122070312,76774200,AAPL
2021-02-10 00:00:00-05:00,133.3354359263558,133.83369484015344,131.3033582625716,132.2705535888672,73046600,AAPL
2021-02-11 00:00:00-05:00,132.76877325498876,133.24748871589713,130.6878599207111,132.0165252685547,64280000,AAPL
2021-02-12 00:00:00-05:00,131.2545039467926,132.40730890611044,130.60970715231767,132.25099182128906,60145100,AAPL
2021-02-16 00:00:00-05:00,132.36822526546072,132.87623338492867,129.73042314316442,130.1212158203125,80576300,AAPL
2021-02-17 00:00:00-05:00,128.22592008727972,129.17357188926405,126.4869335636258,127.82536315917969,97918500,AAPL
2021-02-18 00:00:00-05:00,126.22316901372119,127.00473962361812,124.4744180042341,126.72142791748047,96856700,AAPL
2021-02-19 00:00:00-05:00,127.23923944515101,127.69841170665477,125.83241506158394,126.87775421142578,87668800,AAPL
2021-02-22 00:00:00-05:00,125.06058423119387,126.73119158884104,122.70611563671171,123.0969009399414,103916400,AAPL
2021-02-23 00:00:00-05:00,120.9085077307379,123.79053522480318,115.6622326225289,122.96012115478516,158273000,AAPL
2021-02-24 00:00:00-05:00,122.06131877861505,122.66702888075545,119.41375950475715,122.46186828613281,111039900,AAPL
2021-02-25 00:00:00-05:00,121.80731459672973,123.54630136895392,117.76270273555825,118.20233154296875,148199500,AAPL
2021-02-26 00:00:00-05:00,119.76546840374732,121.97339908752899,118.4074952170664,118.46611785888672,164560400,AAPL
2021-03-01 00:00:00-05:00,120.89874740077293,124.98243872223235,119.96086710324863,124.84566497802734,116307900,AAPL
2021-03-02 00:00:00-05:00,125.45136479839638,125.7542198385075,122.12970122411211,122.23716735839844,102260900,AAPL
2021-03-03 00:00:00-05:00,121.93430383247053,122.81356880845682,119.03273313852024,119.24766540527344,112966300,AAPL
2021-03-04 00:00:00-05:00,118.94482157612892,120.75219519765207,115.88694096141373,117.36214447021484,178155000,AAPL
2021-03-05 00:00:00-05:00,118.19255654931327,119.13043671901423,114.86112127502149,118.6224136352539,153766600,AAPL
2021-03-08 00:00:00-05:00,118.14372897717995,118.21211585349621,113.53247830668076,113.67902374267578,154376600,AAPL
2021-03-09 00:00:00-05:00,116.28748419318423,119.24767018634864,116.05301600805683,118.30001831054688,129525800,AAPL
2021-03-10 00:00:00-05:00,118.88621431520569,119.35515074210788,116.6978194776284,117.21561431884766,111943300,AAPL
2021-03-11 00:00:00-05:00,119.71660160003316,120.37116258636505,118.46609480417271,119.14996337890625,103026500,AAPL
2021-03-12 00:00:00-05:00,117.62592748855697,118.37818303802467,116.41449977293215,118.24140930175781,88105100,AAPL
2021-03-15 00:00:00-04:00,118.6126518520549,121.14297328075108,117.64545661813416,121.1332015991211,92403800,AAPL
2021-03-16 00:00:00-04:00,122.80381327731409,124.28879597729674,121.84639708591334,122.67681121826172,115227900,AAPL
2021-03-17 00:00:00-04:00,121.19183477482309,122.96012916956329,119.52122739044147,121.8854751586914,111932600,AAPL
2021-03-18 00:00:00-04:00,120.04878306750058,120.34187390478134,117.54776908284731,117.7529296875,121229700,AAPL
2021-03-19 00:00:00-04:00,117.13744953418819,118.63219642756981,116.92251724428318,117.22537231445312,185549500,AAPL
2021-03-22 00:00:00-04:00,117.55754889553958,121.01598672803996,117.48916202259225,120.54704284667969,111912300,AAPL
2021-03-23 00:00:00-04:00,120.4884049629532,121.37743414382213,119.32582088820817,119.71660614013672,95467100,AAPL
2021-03-24 00:00:00-04:00,119.99016951544908,120.06832806693622,117.30353080035886,117.32306671142578,88530500,AAPL
2021-03-25 00:00:00-04:00,116.78575085274012,118.85690787694334,116.25819177713335,117.81155395507812,98844700,AAPL
2021-03-26 00:00:00-04:00,117.57706588103078,118.68103480697057,116.18001359832799,118.41725158691406,94071200,AAPL
2021-03-29 00:00:00-04:00,118.84712067934997,119.755693282019,117.94831975836384,118.59310913085938,80819200,AAPL
2021-03-30 00:00:00-04:00,117.34261178230456,117.6259309453577,116.12141234859779,117.137451171875,85671900,AAPL
2021-03-31 00:00:00-04:00,118.84712966548537,120.67403923703132,118.35864989493558,119.33560943603516,118323800,AAPL
2021-04-01 00:00:00-04:00,120.81081245730563,121.31882810556307,119.66776420491013,120.166015625,75089100,AAPL
2021-04-05 00:00:00-04:00,121.01595736687759,123.25319517279355,120.23438690544022,122.99918365478516,88651200,AAPL
2021-04-06 00:00:00-04:00,123.58538215009409,124.20086397868832,122.75496802953083,123.30206298828125,80171300,AAPL
2021-04-07 00:00:00-04:00,122.93081907715764,124.97266091095268,122.2567146183403,124.953125,83466700,AAPL
2021-04-08 00:00:00-04:00,125.9789363401719,127.38576053706136,125.55885087130035,127.35645294189453,88844600,AAPL
2021-04-09 00:00:00-04:00,126.80937040941369,129.97471025605384,126.48697192369632,129.93563842773438,106686700,AAPL
2021-04-12 00:00:00-04:00,129.4666782429754,129.78907666965299,127.62022536816302,128.21617126464844,91420000,AAPL
2021-04-13 00:00:00-04:00,129.38851701920058,131.5573682758643,128.89025813953373,131.33265686035156,91266500,AAPL
2021-04-14 00:00:00-04:00,131.83091652103695,131.88953170552884,128.62649057291716,128.9879608154297,87222800,AAPL
2021-04-15 00:00:00-04:00,130.73669111542404,131.88949584960938,130.56083070253953,131.40101623535156,89347100,AAPL
2021-04-16 00:00:00-04:00,131.20568244452048,131.56715274048923,130.20917943913344,131.06890869140625,84922400,AAPL
2021-04-19 00:00:00-04:00,130.43385740885776,132.34870458701315,130.2677760828126,131.73321533203125,94264200,AAPL
2021-04-20 00:00:00-04:00,131.90908720345354,132.40733122468578,128.77304037969012,130.0430908203125,94812300,AAPL
2021-04-21 00:00:00-04:00,129.31035433959545,130.668327388692,128.27477970021195,130.42408752441406,68847100,AAPL
2021-04-22 00:00:00-04:00,129.97470157167325,131.0591273485487,128.38226752447872,128.90005493164062,84566500,AAPL
2021-04-23 00:00:00-04:00,129.11498342731704,132.0067754754205,129.11498342731704,131.2252197265625,78657500,AAPL
2021-04-26 00:00:00-04:00,131.72347873701827,131.94817529501475,130.48273573837136,131.6160125732422,66905100,AAPL
2021-04-27 00:00:00-04:00,131.89925852825095,132.29005115940248,131.02000119578562,131.29354858398438,66015800,AAPL
2021-04-28 00:00:00-04:00,131.21540391293965,131.9090515894675,130.01374812309555,130.50222778320312,107760100,AAPL
2021-04-29 00:00:00-04:00,133.3256706891164,133.91185238072063,129.3982891326952,130.40455627441406,151101000,AAPL
2021-04-30 00:00:00-04:00,128.74371056977085,130.4826971366181,128.0500777328737,128.43109130859375,109839500,AAPL
2021-05-03 00:00:00-04:00,128.99774150408825,130.9809832448479,128.79258833218879,129.48622131347656,75135100,AAPL
2021-05-04 00:00:00-04:00,128.1673226815826,128.4604135210105,123.78076904048892,124.9042739868164,137564700,AAPL
2021-05-05 00:00:00-04:00,126.22315256933682,127.44435182969653,125.02149667116376,125.14850616455078,84000900,AAPL
2021-05-06 00:00:00-04:00,124.94333632102912,126.76048139042916,124.20084509446781,126.75071716308594,78128300,AAPL
2021-05-07 00:00:00-04:00,128.05229514281538,128.45351756221345,126.71157703177086,127.42597961425781,78973300,AAPL
2021-05-10 00:00:00-04:00,126.64307150743456,126.77028180636482,124.09865647328441,124.13780212402344,88071200,AAPL
2021-05-11 00:00:00-04:00,120.85943560539131,123.5702067058758,120.1450405146299,123.21791076660156,126142800,AAPL
2021-05-12 00:00:00-04:00,120.7615847905906,121.97507024694492,119.63617145947643,120.14505004882812,112172300,AAPL
2021-05-13 00:00:00-04:00,121.91635859091211,123.45279014468096,121.60320080499332,122.29801940917969,105861300,AAPL
2021-05-14 00:00:00-04:00,123.55065100975592,125.15558560180872,123.15920190934219,124.72499084472656,81918000,AAPL
2021-05-17 00:00:00-04:00,124.10844907203442,124.21609774874598,122.49372638763057,123.57020568847656,74244600,AAPL
2021-05-18 00:00:00-04:00,123.85400225833865,124.27480867265349,122.11206185786726,122.1805648803711,63342900,AAPL
2021-05-19 00:00:00-04:00,120.52673131336995,122.24909554470266,120.23314259838739,122.02401733398438,92612000,AAPL
2021-05-20 00:00:00-04:00,122.55246033737806,124.98921955050378,122.42523508929487,124.58798217773438,76857100,AAPL
2021-05-21 00:00:00-04:00,125.087075294154,125.26322700578169,122.53287920868762,122.74817657470703,79295400,AAPL
2021-05-24 00:00:00-04:00,123.31579321525894,125.20452835138838,123.24729017783544,124.38248443603516,63092900,AAPL
2021-05-25 00:00:00-04:00,125.08706463603312,125.57638154110205,123.61913631963486,124.18673706054688,72009500,AAPL
2021-05-26 00:00:00-04:00,124.24545079698838,124.66625720959603,123.71699571141578,124.13780212402344,56575900,AAPL
2021-05-27 00:00:00-04:00,123.73658094675875,124.91092068620033,122.40565859338099,122.60137939453125,94625600,AAPL
2021-05-28 00:00:00-04:00,122.88517484618893,123.11026047811285,121.88698685438862,121.9457015991211,71311100,AAPL
2021-06-01 00:00:00-04:00,122.40564739412464,122.66987119812988,121.29002250384599,121.62274932861328,67637100,AAPL
2021-06-02 00:00:00-04:00,121.62277149311544,122.56224486317687,121.3976932979945,122.38609313964844,59278900,AAPL
2021-06-03 00:00:00-04:00,122.01421513150538,122.1805785667547,120.49735272094428,120.89859008789062,76229200,AAPL
2021-06-04 00:00:00-04:00,121.41727018347672,123.46258796379897,121.20197278909846,123.19835662841797,75169300,AAPL
2021-06-07 00:00:00-04:00,123.4723307824283,123.61912509399188,122.16098518933629,123.2081069946289,71057600,AAPL
2021-06-08 00:00:00-04:00,123.89316056697146,125.71339992147556,123.51149976456149,124.03016662597656,74403800,AAPL
2021-06-09 00:00:00-04:00,124.49011839698218,125.01857353724075,123.81486891782897,124.41182708740234,56877900,AAPL
2021-06-10 00:00:00-04:00,124.30416692335963,125.44915668797772,123.2472642067215,123.41362762451172,71186400,AAPL
2021-06-11 00:00:00-04:00,123.82464615632547,124.71519292427574,123.40383973769605,124.62711334228516,53522400,AAPL
2021-06-14 00:00:00-04:00,125.08705577003344,127.74889265676853,124.35309166385667,127.69017791748047,96906500,AAPL
2021-06-15 00:00:00-04:00,127.16173744912263,127.80762948252055,126.62349408795768,126.86814880371094,62746300,AAPL
2021-06-16 00:00:00-04:00,127.5825688225318,128.0914549417621,125.71341766779094,127.36727142333984,91815000,AAPL
2021-06-17 00:00:00-04:00,127.02474109836618,129.71594317700723,126.87793929818906,128.97218322753906,96721700,AAPL
2021-06-18 00:00:00-04:00,127.91527085168754,128.6981539513698,127.45531881772834,127.67061614990234,108953300,AAPL
2021-06-21 00:00:00-04:00,127.51406019462506,129.57894690634825,126.44736905581905,129.47129821777344,79663300,AAPL
2021-06-22 00:00:00-04:00,129.3049053861556,131.2132090384515,128.8058002468752,131.11534118652344,74783600,AAPL
2021-06-23 00:00:00-04:00,130.90986486619562,131.4481082905956,130.38140225586088,130.8413543701172,60214200,AAPL
2021-06-24 00:00:00-04:00,131.5753440334125,131.76128406437314,130.08783871827072,130.55758666992188,68711000,AAPL
2021-06-25 00:00:00-04:00,130.6064996773828,131.0272986841677,129.97038836120007,130.26397705078125,70783700,AAPL
2021-06-28 00:00:00-04:00,130.5575512774318,132.35820647299622,130.4988365325281,131.89825439453125,62111300,AAPL
2021-06-29 00:00:00-04:00,131.91784473362776,133.57171323969362,131.4774691683095,133.41513061523438,64556100,AAPL
2021-06-30 00:00:00-04:00,133.25854463136542,134.4720375415212,132.96495595104088,134.0316619873047,63261400,AAPL
2021-07-01 00:00:00-04:00,133.6793794634092,134.3937672489735,132.85732804343257,134.33505249023438,52485800,AAPL
2021-07-02 00:00:00-04:00,134.95154646914781,137.00665222554704,134.8047596004936,136.96751403808594,78852600,AAPL
2021-07-06 00:00:00-04:00,137.07514056705634,140.08927328827994,137.07514056705634,138.9834442138672,108181800,AAPL
2021-07-07 00:00:00-04:00,140.47096680675352,141.7921084496811,139.60979222790235,141.4789581298828,104911600,AAPL
2021-07-08 00:00:00-04:00,138.5528573041526,140.97982784878258,137.66231057501108,140.1773681640625,105575500,AAPL
2021-07-09 00:00:00-04:00,139.69785912702397,142.53584819056374,139.59999125619547,142.0074005126953,99890800,AAPL
2021-07-12 00:00:00-04:00,143.08390667456425,143.1915553739894,140.92115187067475,141.41046142578125,76299700,AAPL
2021-07-13 00:00:00-04:00,140.95046982883696,144.30714020300775,140.5590282672458,142.5260467529297,100827100,AAPL
2021-07-14 00:00:00-04:00,144.93349097009192,146.3720622048418,144.5224578179845,145.96102905273438,127050800,AAPL
2021-07-15 00:00:00-04:00,146.0491036180456,146.79284867562072,143.9450638275039,145.3053436279297,106820300,AAPL
2021-07-16 00:00:00-04:00,145.28577338362382,146.55796605066817,142.76093474422927,143.26002502441406,93251400,AAPL
2021-07-19 00:00:00-04:00,140.67647397816722,140.98963920959875,138.64094477148268,139.40426635742188,121434600,AAPL
2021-07-20 00:00:00-04:00,140.39267418261483,143.9548463868521,139.903364731854,143.025146484375,96350000,AAPL
2021-07-21 00:00:00-04:00,142.4184239807626,143.00560136245917,141.53767284075886,142.29119873046875,74993500,AAPL
2021-07-22 00:00:00-04:00,142.81964204688137,145.03131534477524,142.69241681379228,143.6612548828125,77338200,AAPL
2021-07-23 00:00:00-04:00,144.39522150375126,145.540203823437,143.77868681909763,145.3836212158203,71447400,AAPL
2021-07-26 00:00:00-04:00,145.09983651776034,146.6264796970787,144.54201654625697,145.804443359375,72434100,AAPL
2021-07-27 00:00:00-04:00,145.93165788061674,146.01974493776575,142.43799587828508,143.6319122314453,104818600,AAPL
2021-07-28 00:00:00-04:00,141.7138245389889,143.8276453050716,139.49235507835914,141.88018798828125,118931200,AAPL
2021-07-29 00:00:00-04:00,141.5963618447469,143.41659347796872,141.4887131754286,142.5260467529297,56699500,AAPL
2021-07-30 00:00:00-04:00,141.29302673523125,143.2013309437346,141.02879540404095,142.7413787841797,70440600,AAPL
2021-08-02 00:00:00-04:00,143.23066668557712,143.8080482684257,142.14439907981702,142.40863037109375,62880000,AAPL
2021-08-03 00:00:00-04:00,142.6924422849986,144.87475860058453,142.07590750079174,144.2093048095703,64786600,AAPL
2021-08-04 00:00:00-04:00,144.12120964935443,144.63008072615645,143.15237156220167,143.80804443359375,56368300,AAPL
2021-08-05 00:00:00-04:00,143.8374191358459,144.67903208892778,143.04474012018966,143.91571044921875,46397700,AAPL
2021-08-06 00:00:00-04:00,143.43545395856697,144.18031321751994,142.72979152170154,143.22962951660156,54126800,AAPL
2021-08-09 00:00:00-04:00,143.28844350778914,143.7784860744744,142.62199279545507,143.18063354492188,48908700,AAPL
2021-08-10 00:00:00-04:00,143.52364620822885,144.76835831451658,142.40634993433017,142.70037841796875,69023100,AAPL
2021-08-11 00:00:00-04:00,143.14146457604545,143.7981199486038,142.63181602013628,142.9552459716797,48493500,AAPL
2021-08-12 00:00:00-04:00,143.27865400221475,146.08169819848888,142.93561820929602,145.9248809814453,72282600,AAPL
2021-08-13 00:00:00-04:00,146.00327568224543,146.46391686661144,145.31721911667208,146.1306915283203,59375000,AAPL
2021-08-16 00:00:00-04:00,145.58183697281834,148.17907151070028,143.55306855336707,148.11045837402344,103296000,AAPL
2021-08-17 00:00:00-04:00,147.23821721938666,148.65933797891813,146.12092052407525,147.1990203857422,92229700,AAPL
2021-08-18 00:00:00-04:00,146.81676211636082,147.71843868222086,143.23944225684676,143.4452667236328,86326000,AAPL
2021-08-19 00:00:00-04:00,142.1417779274818,145.05263263003178,141.62233388540264,143.7785186767578,86960300,AAPL
2021-08-20 00:00:00-04:00,144.50376665433245,145.54265459061057,143.85690682252826,145.23883056640625,60549600,AAPL
2021-08-23 00:00:00-04:00,145.3564180367249,147.19898280077066,144.94478409144247,146.72854614257812,60131800,AAPL
2021-08-24 00:00:00-04:00,146.47373764386114,147.85566143575133,146.17970907783348,146.64035034179688,48606400,AAPL
2021-08-25 00:00:00-04:00,146.8265464293222,147.32639940143548,144.85658076220975,145.40542602539062,58991300,AAPL
2021-08-26 00:00:00-04:00,145.3956577646763,146.15031266530553,144.57237476094,144.60177612304688,48597200,AAPL
2021-08-27 00:00:00-04:00,144.54296515231704,145.7876775785145,143.90591573646046,145.6406707763672,55802400,AAPL
2021-08-30 00:00:00-04:00,146.03267206597155,150.4332593126671,145.65043949567317,150.07061767578125,90956700,AAPL
2021-08-31 00:00:00-04:00,149.61980794744622,149.7570192751645,148.27708107451022,148.80633544921875,86453100,AAPL
2021-09-01 00:00:00-04:00,149.78639745057166,151.8935742904379,149.3061504004331,149.47276306152344,80313700,AAPL
2021-09-02 00:00:00-04:00,150.80572311579687,151.63880161817733,149.36499650174582,150.59010314941406,71115500,AAPL
2021-09-03 00:00:00-04:00,150.6979183865653,151.55060281241285,150.0412629951112,151.2271728515625,57808700,AAPL
2021-09-07 00:00:00-04:00,151.8838169424037,154.12820565202878,151.31536568577172,153.56956481933594,82278300,AAPL
2021-09-08 00:00:00-04:00,153.85378127804458,153.9125840013745,150.91352547223326,152.02102661132812,74420200,AAPL
2021-09-09 00:00:00-04:00,152.3934279437582,153.0010758817522,150.88408861047455,151.001708984375,57305700,AAPL
2021-09-10 00:00:00-04:00,151.91317680467418,152.38361342288792,145.73863824034083,146.00326538085938,140893200,AAPL
2021-09-13 00:00:00-04:00,147.6302713904362,148.40453229097287,145.7877060178806,146.57177734375,102404300,AAPL
2021-09-14 00:00:00-04:00,147.35578152961975,148.06144390588824,143.98428683298357,145.17018127441406,109296300,AAPL
2021-09-15 00:00:00-04:00,145.6014620086623,146.4639418122294,143.45507292336683,146.06210327148438,83281300,AAPL
2021-09-16 00:00:00-04:00,145.48383770122956,146.0032816187781,144.28813265765052,145.8268585205078,68034100,AAPL
2021-09-17 00:00:00-04:00,145.85627435363685,145.85627435363685,142.85720133218834,143.15122985839844,129868800,AAPL
2021-09-20 00:00:00-04:00,140.93625767675672,141.9555397257547,138.4566432656741,140.0933837890625,123478900,AAPL
2021-09-21 00:00:00-04:00,141.06366629417695,141.7203365880152,139.93657421115685,140.57362365722656,75834000,AAPL
2021-09-22 00:00:00-04:00,141.5733214088711,143.5138861540785,140.83825741925605,142.94544982910156,76404300,AAPL
2021-09-23 00:00:00-04:00,143.72947595082067,144.15092032629136,142.7395953696922,143.90589904785156,64838200,AAPL
2021-09-24 00:00:00-04:00,142.75920818791974,144.5331599371337,142.66119368982206,143.99411010742188,53477900,AAPL
2021-09-27 00:00:00-04:00,142.572974815072,143.05322187803952,140.95584044871157,142.47496032714844,74150700,AAPL
2021-09-28 00:00:00-04:00,140.39720338693283,141.86733117108918,138.8682728841963,139.08389282226562,108972300,AAPL
2021-09-29 00:00:00-04:00,139.63274915010976,141.57331379089658,139.20150923995394,139.98558044433594,74602000,AAPL
2021-09-30 00:00:00-04:00,140.79904018482358,141.50470270899655,138.46643267686778,138.6820526123047,89056700,AAPL
2021-10-01 00:00:00-04:00,139.07409436984747,140.0737855364966,136.3396630361158,139.8091583251953,94639600,AAPL
2021-10-04 00:00:00-04:00,138.93688296157117,139.37793329849515,135.516394928842,136.3690643310547,98322000,AAPL
2021-10-05 00:00:00-04:00,136.712116912098,139.4073517440064,136.58470102538,138.2998504638672,80861100,AAPL
2021-10-06 00:00:00-04:00,136.6924894245597,139.31911068566103,135.61438968012922,139.17210388183594,83221100,AAPL
2021-10-07 00:00:00-04:00,140.2109859591421,141.3478883774017,139.87776058117706,140.4364013671875,61732700,AAPL
2021-10-08 00:00:00-04:00,141.1616697596059,141.308676557224,139.72094332329533,140.05416870117188,58773200,AAPL
2021-10-11 00:00:00-04:00,139.43670304056715,141.92611246579827,138.98585734131962,139.9659423828125,64452200,AAPL
2021-10-12 00:00:00-04:00,140.37759646472705,140.3972023557475,138.2312075228374,138.6918487548828,73035900,AAPL
2021-10-13 00:00:00-04:00,138.4272507387237,138.58405301825053,136.42786838688212,138.10382080078125,78762700,AAPL
2021-10-14 00:00:00-04:00,139.27986903253054,141.01462353394894,138.69181209665373,140.89700317382812,69907100,AAPL
2021-10-15 00:00:00-04:00,140.90685250780268,142.014338607517,140.65202078625612,141.95553588867188,67940300,AAPL
2021-10-18 00:00:00-04:00,140.59322990540383,143.9157183941278,140.30901175541666,143.63150024414062,85589200,AAPL
2021-10-19 00:00:00-04:00,144.08232097954442,146.19930861705203,143.6314901588186,145.79747009277344,76378900,AAPL
2021-10-20 00:00:00-04:00,145.73864560326368,146.76773790846218,145.17019447320249,146.28749084472656,58418800,AAPL
2021-10-21 00:00:00-04:00,145.84648796823797,146.65996054435885,144.92520541323566,146.50314331054688,61421000,AAPL
2021-10-22 00:00:00-04:00,146.7089517488773,147.18918391188018,145.6798593275794,145.72886657714844,58883400,AAPL
2021-10-25 00:00:00-04:00,145.7190826981053,146.3953439825703,144.68019461961757,145.6798858642578,50720600,AAPL
2021-10-26 00:00:00-04:00,146.35612420354883,147.83604746665293,146.042489762277,146.34632873535156,60893400,AAPL
2021-10-27 00:00:00-04:00,146.38551919710656,146.74814591850827,145.53284989871335,145.88568115234375,56094900,AAPL
2021-10-28 00:00:00-04:00,146.83638172945626,150.1196583975848,146.7383672208912,149.5316162109375,100077900,AAPL
2021-10-29 00:00:00-04:00,144.2881207462525,146.9539532507259,143.49425425685249,146.81674194335938,124953200,AAPL
2021-11-01 00:00:00-04:00,146.02288585396352,146.71873790698544,144.85658218082636,145.9934844970703,74588300,AAPL
2021-11-02 00:00:00-04:00,145.69947786176533,148.5515295481681,145.68966743805245,147.0323944091797,69122000,AAPL
2021-11-03 00:00:00-04:00,147.3949991515026,148.94353542048876,146.83635841514152,148.4730987548828,54511500,AAPL
2021-11-04 00:00:00-04:00,148.5612917363328,149.39435504502293,147.64000940856064,147.95364379882812,60394600,AAPL
2021-11-05 00:00:00-04:00,149.08236754726002,149.3866349128189,147.28619263985496,148.483642578125,65463900,AAPL
2021-11-08 00:00:00-05:00,148.61126618413505,148.76831225932858,147.3843718030694,147.65919494628906,55020900,AAPL
2021-11-09 00:00:00-05:00,147.42364425293005,148.63090428124968,147.28623266415173,148.02236938476562,56787900,AAPL
2021-11-10 00:00:00-05:00,147.24697984100837,147.35494715999016,145.11709270904024,145.185791015625,65187100,AAPL
2021-11-11 00:00:00-05:00,146.20656685181973,146.6678653941325,144.95021313541474,145.13670349121094,41000000,AAPL
2021-11-12 00:00:00-05:00,145.686322190006,147.6199087069909,144.75388556458995,147.21749877929688,63804000,AAPL
2021-11-15 00:00:00-05:00,147.59049667940786,149.07259482755015,146.66786961475387,147.2273406982422,59222800,AAPL
2021-11-16 00:00:00-05:00,147.16845811789992,148.6898103620709,146.5795427405627,148.2088623046875,59256200,AAPL
2021-11-17 00:00:00-05:00,148.20883782986604,152.13489975913402,148.19902806666846,150.65281677246094,88807000,AAPL
2021-11-18 00:00:00-05:00,150.86876512432602,155.73707397326015,150.2209612525499,154.9518585205078,137827700,AAPL
2021-11-19 00:00:00-05:00,154.7359171470172,158.04363466373403,153.63662454715842,157.5823211669922,117305600,AAPL
2021-11-22 00:00:00-05:00,158.69142902593197,162.63712578240353,158.0240056319732,158.04364013671875,117467900,AAPL
2021-11-23 00:00:00-05:00,158.14178946554063,158.8092278647629,156.11986971576832,158.4264373779297,96041900,AAPL
2021-11-24 00:00:00-05:00,157.7786188977565,159.14292486333943,156.68913607799328,158.94662475585938,69463600,AAPL
2021-11-26 00:00:00-05:00,156.62044578974744,157.48416930217962,153.4697742384674,153.9114532470703,76959800,AAPL
2021-11-29 00:00:00-05:00,156.4241473557717,158.21051306195648,155.85486647061634,157.278076171875,88748200,AAPL
2021-11-30 00:00:00-05:00,157.0326917313919,162.460471991212,156.96397844815215,162.24453735351562,174048100,AAPL
2021-12-01 00:00:00-05:00,164.38423368988907,167.15211495820313,161.4887655737255,161.72433471679688,152052500,AAPL
2021-12-02 00:00:00-05:00,155.80578900771513,161.1648557029123,154.88316196359054,160.7329864501953,136739200,AAPL
2021-12-03 00:00:00-05:00,160.98817654426608,161.91080351077787,156.76765689784938,158.8484649658203,118023100,AAPL
2021-12-06 00:00:00-05:00,161.25320051090569,164.77685309775336,161.24339074597364,162.26417541503906,107497000,AAPL
2021-12-07 00:00:00-05:00,165.95464971119893,168.4084385672728,165.22832281817514,168.0158233642578,120405400,AAPL
2021-12-08 00:00:00-05:00,168.9482820266579,172.7074885052505,167.54470695562583,171.84375,116998900,AAPL
2021-12-09 00:00:00-05:00,171.67689521138408,173.4828803001478,170.70518938695935,171.33335876464844,108923700,AAPL
2021-12-10 00:00:00-05:00,171.97137847524502,176.3096762256293,171.46098609968757,176.13299560546875,115402700,AAPL
2021-12-13 00:00:00-05:00,177.77212151103643,178.76346196831642,172.28545225851812,172.4915771484375,153237000,AAPL
2021-12-14 00:00:00-05:00,172.01061281459928,174.45459210584534,169.02681191245964,171.1076202392578,139380400,AAPL
2021-12-15 00:00:00-05:00,171.87321047464624,176.18206368948663,169.12496358887716,175.9857635498047,131063300,AAPL
2021-12-16 00:00:00-05:00,175.96614195545544,177.79176184427124,167.59381383018913,169.07589721679688,150185800,AAPL
2021-12-17 00:00:00-05:00,166.78895245401213,170.26352635111277,166.55339827572786,167.97659301757812,195432700,AAPL
2021-12-20 00:00:00-05:00,165.16941477721542,167.4269032535666,164.36457991536943,166.61224365234375,107499100,AAPL
2021-12-21 00:00:00-05:00,168.38884408640686,169.99852935951952,165.993943197369,169.79241943359375,91185900,AAPL
2021-12-22 00:00:00-05:00,169.84145550872807,172.60933673314887,168.9679072100419,172.39340209960938,92135300,AAPL
2021-12-23 00:00:00-05:00,172.5995009479716,173.58101641545682,172.03022017962167,173.02154541015625,68356600,AAPL
2021-12-27 00:00:00-05:00,173.8165882709296,177.08503690822866,173.7969687428298,176.9967041015625,74919600,AAPL
2021-12-28 00:00:00-05:00,176.8298657019043,177.97823723210308,175.22999037629228,175.97593688964844,79144300,AAPL
2021-12-29 00:00:00-05:00,176.0152370086546,177.2912105932793,174.84723076526913,176.06431579589844,62348900,AAPL
2021-12-30 00:00:00-05:00,176.15258046099905,177.23225345558959,174.79808433628313,174.9060516357422,59773000,AAPL
2021-12-31 00:00:00-05:00,174.79811232201894,175.91703952431234,173.9834525641687,174.28773498535156,64062300,AAPL
2022-01-03 00:00:00-05:00,174.5429172102293,179.49957387951153,174.4251401333062,178.64564514160156,104487900,AAPL
2022-01-04 00:00:00-05:00,179.25419002967348,179.55845745447346,175.8090608575143,176.3783416748047,99310400,AAPL
2022-01-05 00:00:00-05:00,176.28998575638147,176.83963199708424,171.41185290503924,171.68667602539062,94537600,AAPL
2022-01-06 00:00:00-05:00,169.50775193820877,172.05969865170314,168.46734773211566,168.82069396972656,96904000,AAPL
2022-01-07 00:00:00-05:00,169.69422597653536,170.9211204367095,167.86860642072668,168.98753356933594,86709100,AAPL
2022-01-10 00:00:00-05:00,165.95467253383114,169.31145435336728,165.06148967296951,169.00718688964844,106765600,AAPL
2022-01-11 00:00:00-05:00,169.13477238363146,171.9418925722171,167.66249900972133,171.84375,76138300,AAPL
2022-01-12 00:00:00-05:00,172.8645062038037,173.90491024436494,171.58854802680634,172.28541564941406,74805200,AAPL
2022-01-13 00:00:00-05:00,172.53082457713552,173.35529415174287,168.6145716326397,169.00718688964844,84505800,AAPL
2022-01-14 00:00:00-05:00,168.17289299389805,170.56779364905069,167.92751407393143,169.8709259033203,80440800,AAPL
2022-01-18 00:00:00-05:00,168.33976049469968,169.35072051668112,166.27858641059555,166.661376953125,90956700,AAPL
2022-01-19 00:00:00-05:00,166.85765136543813,167.91769000661554,162.87270044087128,163.15733337402344,94815000,AAPL
2022-01-20 00:00:00-05:00,163.8934762825247,166.54356549753263,161.14522951347425,161.46913146972656,91420500,AAPL
2022-01-21 00:00:00-05:00,161.38080003283116,163.25549850314817,159.29999166470387,159.407958984375,122848900,AAPL
2022-01-24 00:00:00-05:00,157.06210684561927,159.29996087836932,151.84043745137762,158.6325225830078,162294600,AAPL
2022-01-25 00:00:00-05:00,156.04132272716996,159.7514499461909,154.11756082376363,156.8265380859375,115798400,AAPL
2022-01-26 00:00:00-05:00,160.47777643261003,161.35132458598716,154.9027758530205,156.7382049560547,108275300,AAPL
2022-01-27 00:00:00-05:00,159.44722329665106,160.81152952765763,155.3543046036314,156.2769317626953,121954600,AAPL
2022-01-28 00:00:00-05:00,162.64695192499494,167.2011835771804,159.79073801782928,167.18154907226562,179935700,AAPL
2022-01-31 00:00:00-05:00,167.0147037152971,171.76523578487254,166.37670956776643,171.54930114746094,115541600,AAPL
2022-02-01 00:00:00-05:00,170.79348529602197,171.60814485583444,169.12491215109566,171.3824005126953,86213900,AAPL
2022-02-02 00:00:00-05:00,171.51984280427115,172.62896017118422,170.12609251689003,172.58969116210938,84914300,AAPL
2022-02-03 00:00:00-05:00,171.25483696595504,172.98231399971922,168.93845956073986,169.70404052734375,89418100,AAPL
2022-02-04 00:00:00-05:00,168.72126637937606,171.09957339010344,167.73850034036528,169.41903686523438,82465400,AAPL
2022-02-07 00:00:00-05:00,169.88096130618518,170.9521728360201,168.00387431629863,168.70164489746094,77251200,AAPL
2022-02-08 00:00:00-05:00,168.77040540578523,172.3280286162116,168.47557259889186,171.81698608398438,74829200,AAPL
2022-02-09 00:00:00-05:00,173.01595715476017,173.60560775677658,171.885767258212,173.2419891357422,71285000,AAPL
2022-02-10 00:00:00-05:00,171.13889356700463,172.4557965844286,168.59353288500876,169.15370178222656,90865900,AAPL
2022-02-11 00:00:00-05:00,169.3600979658817,170.09717260247885,165.14402264688573,165.7336883544922,98670700,AAPL
2022-02-14 00:00:00-05:00,164.48557217382995,166.6574920486195,163.68953396046075,165.9695587158203,86185500,AAPL
2022-02-15 00:00:00-05:00,168.02352253075418,169.96939522398472,167.31592973397568,169.81214904785156,62527400,AAPL
2022-02-16 00:00:00-05:00,168.8883606728898,170.35267256794222,167.11937868964532,169.5762939453125,61177400,AAPL
2022-02-17 00:00:00-05:00,168.08250002280826,168.94733906736835,165.5666209795301,165.9695587158203,69589300,AAPL
2022-02-18 00:00:00-05:00,166.89332246399607,167.6009001587836,163.32587723184227,164.416748046875,82772700,AAPL
2022-02-22 00:00:00-05:00,162.1367428748668,163.81727946148703,159.35551308277192,161.48812866210938,91162800,AAPL
2022-02-23 00:00:00-05:00,162.68710319648025,163.2865911526906,156.99689373984543,157.31138610839844,90009200,AAPL
2022-02-24 00:00:00-05:00,149.95045639119465,160.04346864256559,149.38045024208816,159.93536376953125,141147500,AAPL
2022-02-25 00:00:00-05:00,161.01636896535942,162.274308176353,158.09755290658669,162.00897216796875,91974200,AAPL
2022-02-28 00:00:00-05:00,160.249841950296,162.569170605232,159.63069449285575,162.2743377685547,95056600,AAPL
2022-03-01 00:00:00-05:00,161.86158516779412,163.72884988791748,159.1786377230553,160.38743591308594,83474400,AAPL
2022-03-02 00:00:00-05:00,161.5569135885326,164.47573001503346,160.14172804891763,163.68951416015625,79724800,AAPL
2022-03-03 00:00:00-05:00,165.56660530985462,165.9990247912093,162.69693011047048,163.36520385742188,76678400,AAPL
2022-03-04 00:00:00-05:00,161.65518372489828,162.69691327903544,159.30637359945834,160.35792541503906,83737200,AAPL
2022-03-07 00:00:00-05:00,160.54465401699207,162.17604917250483,156.2990977080652,156.55462646484375,96418800,AAPL
2022-03-08 00:00:00-05:00,156.08290647641851,160.0729341178279,153.1149488975309,154.7266845703125,131148300,AAPL
2022-03-09 00:00:00-05:00,158.69705635061237,160.59380261054181,156.66273844037977,160.1417236328125,91454900,AAPL
2022-03-10 00:00:00-05:00,157.43911036241218,157.6258383019349,153.29183663849042,155.78807067871094,105342000,AAPL
2022-03-11 00:00:00-05:00,156.19101504721644,156.5349891936971,151.83736825574178,152.0634002685547,96970100,AAPL
2022-03-14 00:00:00-04:00,148.83992865134607,151.46391244119621,147.51320336208943,148.02423095703125,108732100,AAPL
2022-03-15 00:00:00-04:00,148.29941304803273,152.88894438184133,147.78838542286357,152.41720581054688,92964300,AAPL
2022-03-16 00:00:00-04:00,154.34339594526026,157.24255250796213,151.79803572553402,156.83961486816406,102300200,AAPL
2022-03-17 00:00:00-04:00,155.8765285127207,158.22533884354678,154.9134219533723,157.8518829345703,75615400,AAPL
2022-03-18 00:00:00-04:00,157.74377696769278,161.6453594768953,157.00670241299437,161.1539764404297,123511700,AAPL
2022-03-21 00:00:00-04:00,160.69206357071295,163.48313041290612,160.20068056976743,162.52984619140625,95811400,AAPL
2022-03-22 00:00:00-04:00,162.65763000359232,166.500249483335,162.0679792751401,165.9105987548828,81532000,AAPL
2022-03-23 00:00:00-04:00,165.09488461775757,169.66474104201137,164.76073274272346,167.27662658691406,98062700,AAPL
2022-03-24 00:00:00-04:00,168.11196337652208,171.1388847047802,167.27662120536306,171.07009887695312,90131400,AAPL
2022-03-25 00:00:00-04:00,170.8833729038462,172.25923943454524,169.77284242104022,171.70889282226562,80546200,AAPL
2022-03-28 00:00:00-04:00,169.202835000459,172.701479862601,169.03576656556126,172.57373046875,90371900,AAPL
2022-03-29 00:00:00-04:00,173.64494077798946,175.92495028186923,173.30096665224875,175.87582397460938,100589400,AAPL
2022-03-30 00:00:00-04:00,175.4728703587719,176.51459990792134,173.6547472805492,174.70631408691406,92633200,AAPL
2022-03-31 00:00:00-04:00,174.7750834309807,174.96181135064268,171.39436634775922,171.6007537841797,103049300,AAPL
2022-04-01 00:00:00-04:00,171.03079590947166,171.86615315495757,168.9768182066353,171.30596923828125,78751300,AAPL
2022-04-04 00:00:00-04:00,171.56147679106857,175.41391791306214,171.43371240572407,175.36477661132812,76468400,AAPL
2022-04-05 00:00:00-04:00,174.4409814506257,175.22719732393347,171.41406008567415,172.04302978515625,73401800,AAPL
2022-04-06 00:00:00-04:00,169.38954763944744,170.63766465296877,167.19798366759716,168.86868286132812,89058800,AAPL
2022-04-07 00:00:00-04:00,168.21024852764788,170.37233093887772,166.9228273416991,169.17335510253906,77594700,AAPL
2022-04-08 00:00:00-04:00,168.81956860456353,168.81956860456353,166.28403012969582,167.15869140625,76575500,AAPL
2022-04-11 00:00:00-04:00,165.80245706854532,166.1169343880837,162.64777163682479,162.89346313476562,72246700,AAPL
2022-04-12 00:00:00-04:00,165.12436524547022,166.94247354315863,163.76814322121325,164.77056884765625,79265200,AAPL
2022-04-13 00:00:00-04:00,164.50522763279633,168.0923181339545,163.89591740962862,167.46334838867188,70618900,AAPL
2022-04-14 00:00:00-04:00,167.67953574643167,168.318342665353,162.1956994829688,162.44139099121094,75329400,AAPL
2022-04-18 00:00:00-04:00,161.09499932270256,163.7288199744053,160.75104022360551,162.22518920898438,69023900,AAPL
2022-04-19 00:00:00-04:00,162.17608700137228,164.9278354365271,161.08521588941466,164.5150604248047,67723800,AAPL
2022-04-20 00:00:00-04:00,165.85160767261976,165.96954980606952,163.23746114831818,164.3479766845703,67929800,AAPL
2022-04-21 00:00:00-04:00,165.99900305629262,168.5738450907259,163.0507051558019,163.55191040039062,87227800,AAPL
2022-04-22 00:00:00-04:00,163.5912552281569,164.97694406303006,158.7167286660117,159.00172424316406,84882400,AAPL
2022-04-25 00:00:00-04:00,158.343289375942,160.35796313638966,155.72914261422412,160.07296752929688,96046400,AAPL
2022-04-26 00:00:00-04:00,159.453804965821,159.54225031873102,154.0191094538627,154.0977325439453,95623200,AAPL
2022-04-27 00:00:00-04:00,153.2230748402012,157.03619732481974,152.7022099776654,153.8717041015625,88063200,AAPL
2022-04-28 00:00:00-04:00,156.50551186924736,161.68469376070493,156.19101949826612,160.81985473632812,130216800,AAPL
2022-04-29 00:00:00-04:00,159.05083612128337,163.335696219265,154.53994405594406,154.93304443359375,131747600,AAPL
2022-05-02 00:00:00-04:00,154.00930464656145,155.5030985399753,150.6285863689419,155.23776245117188,123055300,AAPL
2022-05-03 00:00:00-04:00,155.42444099254382,157.9403346152518,153.6259923615283,156.7315216064453,88966500,AAPL
2022-05-04 00:00:00-04:00,156.91822878118418,163.61086213217874,156.51529116491437,163.15879821777344,108256500,AAPL
2022-05-05 00:00:00-04:00,161.02620676532553,161.25223873479916,152.2795808204663,154.06822204589844,130525300,AAPL
2022-05-06 00:00:00-04:00,153.5465733330201,156.9224209287026,151.74546750489773,154.79652404785156,116124600,AAPL
2022-05-09 00:00:00-04:00,152.48365942752434,153.36945750408893,149.0979893908198,149.6589813232422,131577900,AAPL
2022-05-10 00:00:00-04:00,153.06434369573583,154.26508109944479,150.5152283773258,152.07028198242188,115366700,AAPL
2022-05-11 00:00:00-04:00,151.07623770131187,152.9954442320576,143.5076602631258,144.186767578125,142689800,AAPL
2022-05-12 00:00:00-04:00,140.5156506463481,143.89148337119573,136.60833616921673,140.3089599609375,182602000,AAPL
2022-05-13 00:00:00-04:00,142.3069263815123,145.7615132406745,140.85029972421802,144.78713989257812,113990900,AAPL
2022-05-16 00:00:00-04:00,143.25174929311245,145.1906439345295,141.90337156179376,143.2418975830078,86643800,AAPL
2022-05-17 00:00:00-04:00,146.5094945567554,147.40512922042456,144.36390904477065,146.8834991455078,78336300,AAPL
2022-05-18 00:00:00-04:00,144.5312514480339,145.0331931657119,137.69097960525806,138.59646606445312,109742900,AAPL
2022-05-19 00:00:00-04:00,137.67130943156462,139.4232021551722,134.4431016025898,135.18125915527344,136095600,AAPL
2022-05-20 00:00:00-04:00,136.89374952227598,138.47832804040868,130.5160736621358,135.4174346923828,137426100,AAPL
2022-05-23 00:00:00-04:00,135.61429152570187,140.99792151579808,135.47650272414663,140.8502960205078,117726300,AAPL
2022-05-24 00:00:00-04:00,138.58659874320531,139.72828587372672,135.16155236949282,138.14370727539062,104132700,AAPL
2022-05-25 00:00:00-04:00,136.24418292623076,139.5511291229351,136.15560763062282,138.3011932373047,92482700,AAPL
2022-05-26 00:00:00-04:00,135.22061822713323,142.06087507401406,134.97456571452705,141.5097198486328,90601500,AAPL
2022-05-27 00:00:00-04:00,143.09429845299417,147.31655295622195,142.96634634088457,147.27719116210938,90978500,AAPL
2022-05-31 00:00:00-04:00,146.71620151537235,148.28109191355486,144.5214022588055,146.4898223876953,103718400,AAPL
2022-06-01 00:00:00-04:00,147.53305935939102,149.3440170056093,145.34811215987284,146.3618621826172,74286600,AAPL
2022-06-02 00:00:00-04:00,145.49575338046964,148.88143788729292,144.54106856251593,148.8223876953125,72348100,AAPL
2022-06-03 00:00:00-04:00,144.58046123211946,145.63357327354205,142.17900114416437,143.08447265625,88570300,AAPL
2022-06-06 00:00:00-04:00,144.70838950271786,146.22408125410382,142.61201747807138,143.8324432373047,71598400,AAPL
2022-06-07 00:00:00-04:00,142.07070637844697,146.64727644838695,141.82465390118458,146.3618621826172,67808200,AAPL
2022-06-08 00:00:00-04:00,146.23393897895934,147.5035634046079,145.1316284687619,145.6237335205078,53950200,AAPL
2022-06-09 00:00:00-04:00,144.75762100742102,145.61387897508678,140.27946212008615,140.38772583007812,69473000,AAPL
2022-06-10 00:00:00-04:00,138.06499277205677,138.53740941897706,134.89583502233484,134.96473693847656,91437900,AAPL
2022-06-13 00:00:00-04:00,130.77198099232118,133.0651921487905,129.3645678675484,129.79762268066406,122207100,AAPL
2022-06-14 00:00:00-04:00,131.0278641513014,131.7758582423787,129.40390886311616,130.6636962890625,84784300,AAPL
2022-06-15 00:00:00-04:00,132.16955091202541,135.1713943388265,130.07319387777778,133.2915496826172,91533000,AAPL
2022-06-16 00:00:00-04:00,129.99447151756362,130.29957424502024,127.00246441029934,128.00636291503906,108123900,AAPL
2022-06-17 00:00:00-04:00,128.0162178037558,130.97868486516475,127.76031356055556,129.48268127441406,134520300,AAPL
2022-06-21 00:00:00-04:00,131.31328286822668,134.8958062983936,131.21487088907804,133.72459411621094,81000500,AAPL
2022-06-22 00:00:00-04:00,132.66162898319408,135.58473321678622,131.7955345932089,133.21279907226562,73409200,AAPL
2022-06-23 00:00:00-04:00,134.65961425641447,136.40165507690898,133.48840199836928,136.0867156982422,72433800,AAPL
2022-06-24 00:00:00-04:00,137.69096810591373,139.66923974712645,137.56303102259437,139.42318725585938,89116800,AAPL
2022-06-27 00:00:00-04:00,140.44675901167543,141.22429329407663,138.74407997710588,139.42318725585938,70207900,AAPL
2022-06-28 00:00:00-04:00,139.88578412525837,141.15540852649434,135.1517360213465,135.26983642578125,67083400,AAPL
2022-06-29 00:00:00-04:00,135.28949921008694,138.44880457321094,134.51196498053721,137.0315399169922,66242400,AAPL
2022-06-30 00:00:00-04:00,135.08283314259847,136.1851436237319,131.65778627775248,134.5612030029297,98964500,AAPL
2022-07-01 00:00:00-04:00,133.89193111018585,136.84456131567046,133.51794149629842,136.73629760742188,71051600,AAPL
2022-07-05 00:00:00-04:00,135.59461869744254,139.3739815709903,134.76787086684834,139.32476806640625,73353800,AAPL
2022-07-06 00:00:00-04:00,139.11809758016227,141.84434862551257,138.85235665974255,140.66329956054688,74064300,AAPL
2022-07-07 00:00:00-04:00,141.02745853360616,144.23599306904134,141.0176218390398,144.03915405273438,66253700,AAPL
2022-07-08 00:00:00-04:00,142.966323535681,145.22017259883353,142.71043437013336,144.7182159423828,64547800,AAPL
2022-07-11 00:00:00-04:00,143.36985996820178,144.32454481016836,141.50970378477396,142.58248901367188,63141600,AAPL
2022-07-12 00:00:00-04:00,143.4584425008562,146.10596977247354,142.7596618190989,143.55686950683594,77588800,AAPL
2022-07-13 00:00:00-04:00,140.73219350243247,144.13755169717774,139.8759205891,143.19271850585938,71185600,AAPL
2022-07-14 00:00:00-04:00,141.80497494021958,146.59807271073137,140.98807885917248,146.1256561279297,78140700,AAPL
2022-07-15 00:00:00-04:00,147.4149715696043,148.47792016432717,145.85991797831633,147.79881286621094,76259900,AAPL
2022-07-18 00:00:00-04:00,148.35983676190435,149.17673295190042,144.3836195242813,144.74778747558594,81420900,AAPL
2022-07-19 00:00:00-04:00,145.58435379595355,148.8420867705286,144.59030701772662,148.61572265625,82982400,AAPL
2022-07-20 00:00:00-04:00,148.73382307964516,151.29277530503674,147.99566551668846,150.62350463867188,64823400,AAPL
2022-07-21 00:00:00-04:00,152.06044916137068,153.11356109876007,149.54087389527504,152.89703369140625,65086600,AAPL
2022-07-22 00:00:00-04:00,152.93641282919904,153.81235925179797,150.98768095986142,151.6569366455078,66675400,AAPL
2022-07-25 00:00:00-04:00,151.5781722761147,152.5919073451431,149.87549323073483,150.534912109375,53623900,AAPL
2022-07-26 00:00:00-04:00,149.85582028627226,150.67271644888328,148.4188819899041,149.2062530517578,55138700,AAPL
2022-07-27 00:00:00-04:00,150.17075457850913,154.84575179759253,149.75738820549032,154.31427001953125,78620700,AAPL
2022-07-28 00:00:00-04:00,154.50128008945563,155.1508622874104,151.97186822338708,154.86544799804688,81378700,AAPL
2022-07-29 00:00:00-04:00,158.6940186370959,161.0462798301135,156.981487908036,159.94395446777344,101786900,AAPL
2022-08-01 00:00:00-04:00,158.46764232800993,161.00690586019908,158.34954193697632,158.95974731445312,67829400,AAPL
2022-08-02 00:00:00-04:00,157.57200399692036,159.84552636206172,157.1094241630426,157.48341369628906,59907000,AAPL
2022-08-03 00:00:00-04:00,158.30034109572696,163.95954889245084,158.21176579536746,163.50682067871094,82507500,AAPL
2022-08-04 00:00:00-04:00,163.38871829491413,164.55009405774106,161.8336644871808,163.19187927246094,55474100,AAPL
2022-08-05 00:00:00-04:00,160.85602999034109,163.45795268825668,160.64905220175967,162.9651641845703,56697000,AAPL
2022-08-08 00:00:00-04:00,163.97047703384425,165.3897106347166,161.8317762742878,162.4921112060547,60276900,AAPL
2022-08-09 00:00:00-04:00,161.65435324056202,163.4283949524473,160.89545469517256,162.54136657714844,63135500,AAPL
2022-08-10 00:00:00-04:00,165.26158960768942,166.8976514870886,164.49284053929043,166.79910278320312,70170500,AAPL
2022-08-11 00:00:00-04:00,167.6072389716485,168.52383349342222,165.76421460976547,166.0598907470703,57149200,AAPL
2022-08-12 00:00:00-04:00,167.37071373861576,169.68681094741032,166.95675811414395,169.61782836914062,68039400,AAPL
2022-08-15 00:00:00-04:00,169.046181015084,170.8892052991509,168.87863472005176,170.6920928955078,54091700,AAPL
2022-08-16 00:00:00-04:00,170.28802952506885,171.2046241525694,169.18418785976604,170.534423828125,56377100,AAPL
2022-08-17 00:00:00-04:00,170.27815992548992,173.60940030005358,170.0810475130616,172.03248596191406,79542000,AAPL
2022-08-18 00:00:00-04:00,171.24403503116682,172.37744277272193,170.6231165953559,171.6382598876953,62290100,AAPL
2022-08-19 00:00:00-04:00,170.53438896800841,171.2341552626783,168.83919530641123,169.04617309570312,70346300,AAPL
2022-08-22 00:00:00-04:00,167.24258643834608,167.41013274664442,164.72936173644348,165.15316772460938,69026800,AAPL
2022-08-23 00:00:00-04:00,164.67023889482752,166.2767345287208,164.24643288251994,164.8180694580078,54147100,AAPL
2022-08-24 00:00:00-04:00,164.90677623350408,165.68537556627746,163.85220146265053,165.11373901367188,53841500,AAPL
2022-08-25 00:00:00-04:00,166.34572619773232,167.68611185239817,165.9219352009918,167.57769775390625,51218200,AAPL
2022-08-26 00:00:00-04:00,168.10990520235598,168.58297803338863,161.20099961189769,161.2601318359375,78961000,AAPL
2022-08-29 00:00:00-04:00,158.82573564976346,160.55049548789057,157.5149314068537,159.05242919921875,73314000,AAPL
2022-08-30 00:00:00-04:00,159.79161664881417,160.2154075742502,155.44521812063925,156.61805725097656,77906200,AAPL
2022-08-31 00:00:00-04:00,157.99786809208942,158.2639781293564,154.87359037905333,154.9524383544922,87991100,AAPL
2022-09-01 00:00:00-04:00,154.3808088580502,156.13513503517575,152.43922061054926,155.68177795410156,74229900,AAPL
2022-09-02 00:00:00-04:00,157.44595106884975,158.04715373707748,152.7348934543625,153.56277465820312,76957800,AAPL
2022-09-06 00:00:00-04:00,154.2132611313819,154.8243141649417,151.47335779942037,152.30123901367188,73714800,AAPL
2022-09-07 00:00:00-04:00,152.587044582361,154.41035308350388,151.39448974668554,153.71060180664062,87449600,AAPL
2022-09-08 00:00:00-04:00,152.40966597426606,154.1048600544352,150.47792793917256,152.23226928710938,84923800,AAPL
2022-09-09 00:00:00-04:00,153.2276750032018,155.54378723487187,152.51805827855026,155.1002655029297,68028800,AAPL
2022-09-12 00:00:00-04:00,157.28823330445064,161.89087619174813,157.00242258515337,161.07284545898438,104956000,AAPL
2022-09-13 00:00:00-04:00,157.59378043168627,158.2245492067868,151.15796283866058,151.62118530273438,122656600,AAPL
2022-09-14 00:00:00-04:00,152.557487712131,154.83418366980385,151.3945138382118,153.0699920654297,87965400,AAPL
2022-09-15 00:00:00-04:00,152.41950862141564,153.00101060134492,149.19668199140034,150.17239379882812,90481100,AAPL
2022-09-16 00:00:00-04:00,149.02914328242736,149.16712349652025,146.23009244998983,148.5264892578125,162278800,AAPL
2022-09-19 00:00:00-04:00,147.15652109079085,152.33080110123336,146.94955831205283,152.251953125,81474200,AAPL
2022-09-20 00:00:00-04:00,151.18753429290712,155.80004334278618,150.8721574135687,154.63705444335938,107689800,AAPL
2022-09-21 00:00:00-04:00,155.0706831334898,156.45049997062233,151.3846347411177,151.50289916992188,101696800,AAPL
2022-09-22 00:00:00-04:00,150.18223999013938,152.24209247430875,148.73344048207258,150.53704833984375,86652500,AAPL
2022-09-23 00:00:00-04:00,149.00940896271652,149.28536935652284,146.41733629369975,148.26036071777344,96029900,AAPL
2022-09-26 00:00:00-04:00,147.50148298209515,151.55220575538115,147.48176722784044,148.59547424316406,93339400,AAPL
2022-09-27 00:00:00-04:00,150.5370586818527,152.48849721993565,147.78729002305445,149.57118225097656,84442700,AAPL
2022-09-28 00:00:00-04:00,145.5106120290712,148.46734352386844,142.75099295951767,147.6788787841797,146691400,AAPL
2022-09-29 00:00:00-04:00,143.99281757061257,144.60387054853373,138.65097655674526,140.42501831054688,128138200,AAPL
2022-09-30 00:00:00-04:00,139.2423359620473,141.03609356030535,136.0096441732016,136.20675659179688,124925300,AAPL
2022-10-03 00:00:00-04:00,136.2166245441246,141.00653009557303,135.70412021518845,140.3954620361328,114311700,AAPL
2022-10-04 00:00:00-04:00,142.93825359464822,144.11109281535886,142.17935497441533,143.99282836914062,87830100,AAPL
2022-10-05 00:00:00-04:00,141.99208622138215,145.25434369926734,140.94736196435568,144.28846740722656,79471000,AAPL
2022-10-06 00:00:00-04:00,143.70698257528738,145.41202660543266,143.12549574401123,143.33245849609375,68402200,AAPL
2022-10-07 00:00:00-04:00,140.4841493461153,141.03608513942643,137.43871980031912,138.06948852539062,85925600,AAPL
2022-10-10 00:00:00-04:00,138.39471435546875,139.8435136838709,136.5714060101138,138.39471435546875,74899000,AAPL
2022-10-11 00:00:00-04:00,137.88223882715224,139.31133774176766,136.22647641502994,136.9755096435547,77033700,AAPL
2022-10-12 00:00:00-04:00,137.12337155166935,138.33562739322105,136.16736038855555,136.34475708007812,70433700,AAPL
2022-10-13 00:00:00-04:00,133.04307103462438,141.51902589270472,132.43200294708785,140.9276885986328,113224000,AAPL
2022-10-14 00:00:00-04:00,142.22863580040965,142.43561361849277,136.19690846794037,136.38417053222656,88598000,AAPL
2022-10-17 00:00:00-04:00,139.035378783641,140.83897177317823,138.24691403880277,140.35604858398438,85250900,AAPL
2022-10-18 00:00:00-04:00,143.39162165141138,144.58416155365336,138.58200045824861,141.6767120361328,99136600,AAPL
2022-10-19 00:00:00-04:00,139.6464251768979,142.85940118883795,139.45916311704835,141.78512573242188,61758300,AAPL
2022-10-20 00:00:00-04:00,140.95722548094636,143.7858266330756,140.59255176790788,141.32188415527344,64522000,AAPL
2022-10-21 00:00:00-04:00,140.80941666017796,145.71760218486398,140.5925884624425,145.14596557617188,86548600,AAPL
2022-10-24 00:00:00-04:00,145.0671108242576,148.0632589024532,143.89427154723307,147.2945098876953,75981900,AAPL
2022-10-25 00:00:00-04:00,147.92527363612152,150.2906678641537,147.20580651383366,150.142822265625,74732300,AAPL
2022-10-26 00:00:00-04:00,148.78271775892205,149.79786091510002,145.90481954516318,147.19593811035156,88194300,AAPL
2022-10-27 00:00:00-04:00,145.93438874499338,146.90024996196468,142.051213088215,142.7115478515625,109180200,AAPL
2022-10-28 00:00:00-04:00,146.06254411260886,155.22841546191245,145.68803498734457,153.49380493164062,164762400,AAPL
2022-10-31 00:00:00-04:00,150.95099079346033,152.01541585586838,149.72886978727786,151.12838745117188,97943200,AAPL
2022-11-01 00:00:00-04:00,152.84330260142488,153.20796132588728,146.97912170575748,148.47718811035156,80379300,AAPL
2022-11-02 00:00:00-04:00,146.80170816398885,149.97526767506156,142.9086815703328,142.93824768066406,93604600,AAPL
2022-11-03 00:00:00-04:00,140.0111123159873,140.74044495007456,136.74885377800044,136.87698364257812,97918500,AAPL
2022-11-04 00:00:00-04:00,140.27294531486436,140.84553006556408,132.66154945569053,136.6103973388672,140814800,AAPL
2022-11-07 00:00:00-05:00,135.35665734492238,137.37056348588825,133.93506945075268,137.1435089111328,83374600,AAPL
2022-11-08 00:00:00-05:00,138.61446164278013,139.6214071902777,135.7318039714629,137.71609497070312,89908500,AAPL
2022-11-09 00:00:00-05:00,136.72887901579847,136.77824263467366,132.8688760001459,133.14529418945312,74917800,AAPL
2022-11-10 00:00:00-05:00,139.43382798502273,144.9918212890625,137.71607368602153,144.9918212890625,118854000,AAPL
2022-11-11 00:00:00-05:00,143.955271925704,148.09167786414133,142.5238023668343,147.78564453125,93979700,AAPL
2022-11-14 00:00:00-05:00,147.06496772898868,148.35821299381362,145.54465286622803,146.3837890625,73374100,AAPL
2022-11-15 00:00:00-05:00,150.2734222564666,151.6258979697989,146.66022247085542,148.1212921142578,89868300,AAPL
2022-11-16 00:00:00-05:00,147.22294689122086,147.9534742124063,145.4064651591236,146.8872833251953,64218300,AAPL
2022-11-17 00:00:00-05:00,144.55745437595286,149.5428782799837,144.2810362048945,148.7926025390625,80389400,AAPL
2022-11-18 00:00:00-05:00,150.36224602679474,150.74725807535745,148.05217373541836,149.35528564453125,74829600,AAPL
2022-11-21 00:00:00-05:00,148.2397789385964,148.4470850528785,145.83097890062086,146.1172637939453,58724100,AAPL
2022-11-22 00:00:00-05:00,146.23574851822164,148.4964578361229,145.05108182314493,148.259521484375,51804100,AAPL
2022-11-23 00:00:00-05:00,147.53885908183943,149.8884289191742,147.4302651381728,149.13815307617188,58301400,AAPL
2022-11-25 00:00:00-05:00,146.41342757107319,146.97614571181424,145.23864273436385,146.2159881591797,35195900,AAPL
2022-11-28 00:00:00-05:00,143.28398111610815,144.76479944722283,141.54649303051897,142.37574768066406,69246000,AAPL
2022-11-29 00:00:00-05:00,142.44479658527513,142.9581509844765,138.5551944029287,139.3647003173828,83763800,AAPL
2022-11-30 00:00:00-05:00,139.59177292691083,146.81817210889182,138.75265175216816,146.13699340820312,111380900,AAPL
2022-12-01 00:00:00-05:00,146.31472470924987,147.22295811269422,144.7351791862477,146.41343688964844,71250400,AAPL
2022-12-02 00:00:00-05:00,144.0934666867535,146.1073724903674,143.78741832063093,145.9197998046875,65447400,AAPL
2022-12-05 00:00:00-05:00,145.8803345082114,148.99004656094093,143.90591033158032,144.75491333007812,68826400,AAPL
2022-12-06 00:00:00-05:00,145.18929508684244,145.4163496587564,140.10514358274577,141.08248901367188,64727200,AAPL
2022-12-07 00:00:00-05:00,140.37171061069705,141.53661382163668,138.20971339806968,139.1376953125,69721100,AAPL
2022-12-08 00:00:00-05:00,140.5395207716393,141.68469046865562,139.2956388988772,140.8258056640625,62128300,AAPL
2022-12-09 00:00:00-05:00,140.51977775341376,143.70848393310538,139.09818980739163,140.3420867919922,76097000,AAPL
2022-12-12 00:00:00-05:00,140.87515496362036,142.65213964669184,139.25612782207975,142.64227294921875,70462700,AAPL
2022-12-13 00:00:00-05:00,147.58818897150496,148.05217980078905,142.39545945134458,143.60972595214844,93886200,AAPL
2022-12-14 00:00:00-05:00,143.49128007302596,144.78452547159364,139.35485909896488,141.37864685058594,82291200,AAPL
2022-12-15 00:00:00-05:00,139.3054883080985,139.98666700994897,134.29044945457875,134.7544403076172,98931900,AAPL
2022-12-16 00:00:00-05:00,134.94201656134896,135.8897316869335,132.01986228619933,132.78988647460938,160156900,AAPL
2022-12-19 00:00:00-05:00,133.38224351436207,133.47108899879476,129.64071583228736,130.67727661132812,79592600,AAPL
2022-12-20 00:00:00-05:00,129.70980289008992,131.54601807895426,128.22898467531743,130.60816955566406,77432800,AAPL
2022-12-21 00:00:00-05:00,131.27946507821224,135.06048935091275,131.05241050570748,133.71788024902344,85928000,AAPL
2022-12-22 00:00:00-05:00,132.63196256739838,132.83926868979583,128.63375022087482,130.5390625,77852100,AAPL
2022-12-23 00:00:00-05:00,129.2457854554959,130.72660336639342,127.98215537662273,130.17376708984375,63814900,AAPL
2022-12-27 00:00:00-05:00,129.6999298536339,129.72954501138923,127.07394206581392,128.3671875,69007800,AAPL
2022-12-28 00:00:00-05:00,128.01179226832107,129.35440133807893,124.2603907760934,124.42821502685547,85438400,AAPL
2022-12-29 00:00:00-05:00,126.35329671918241,128.81145317017226,126.09662695110752,127.95258331298828,75703700,AAPL
2022-12-30 00:00:00-05:00,126.76789648243701,128.28819633379305,125.80042540883515,128.26844787597656,77034200,AAPL
2020-01-02 00:00:00-05:00,67.09970156760528,68.1083755493164,67.00415768648521,68.1083755493164,27278000,GOOGL
2020-01-03 00:00:00-05:00,67.07929686090621,68.36066912200879,67.04545444931702,67.7520751953125,23408000,GOOGL
2020-01-06 00:00:00-05:00,67.25992638011208,69.58332136437583,67.22858209701914,69.55794525146484,46768000,GOOGL
2020-01-07 00:00:00-05:00,69.68981296449783,69.84109012983315,69.24693070667955,69.423583984375,34330000,GOOGL
2020-01-08 00:00:00-05:00,69.40915447916457,70.25660431481994,69.30017841973043,69.917724609375,35314000,GOOGL
2020-01-09 00:00:00-05:00,70.75821130524572,71.09410696019447,70.1750010182619,70.65172576904297,33200000,GOOGL
2020-01-10 00:00:00-05:00,71.13341593357758,71.40561310051638,70.64226436176689,71.1080322265625,26258000,GOOGL
2020-01-13 00:00:00-05:00,71.42104383079743,71.73106222943385,70.92939864494157,71.6589126586914,30730000,GOOGL
2020-01-14 00:00:00-05:00,71.65741401938986,71.78828856714036,71.04882003721593,71.18915557861328,26076000,GOOGL
2020-01-15 00:00:00-05:00,71.31007165217136,71.69622595906601,71.24239441964515,71.61759948730469,21550000,GOOGL
2020-01-16 00:00:00-05:00,71.92861081434542,72.18986633810621,71.65740833978604,72.16299438476562,26080000,GOOGL
2020-01-17 00:00:00-05:00,72.77904882974998,73.67526155402983,72.48097438508057,73.62400817871094,52424000,GOOGL
2020-01-21 00:00:00-05:00,73.59812431900943,74.13954214804811,73.160716663624,73.75985717773438,48930000,GOOGL
2020-01-22 00:00:00-05:00,74.13207441298364,74.67198878267989,73.78025610784053,73.84046173095703,28458000,GOOGL
2020-01-23 00:00:00-05:00,74.02359627922354,74.31968130965106,73.66381279979728,73.88127136230469,26650000,GOOGL
2020-01-24 00:00:00-05:00,74.28583487962034,74.35450680018036,72.8108844266279,72.95967864990234,29786000,GOOGL
2020-01-27 00:00:00-05:00,71.2364267268566,71.48722657038118,70.63728617423324,71.24588012695312,34132000,GOOGL
2020-01-28 00:00:00-05:00,71.74399693020122,72.39388973398827,71.17770407698895,72.17991638183594,29724000,GOOGL
2020-01-29 00:00:00-05:00,72.57601256289253,72.8586654186404,71.92562625371633,72.48843383789062,21566000,GOOGL
2020-01-30 00:00:00-05:00,71.56285567943894,72.41627364413384,71.40859442553979,72.36651611328125,27110000,GOOGL
2020-01-31 00:00:00-05:00,73.04377030971332,73.1338395601862,71.01347637309269,71.2981185913086,43822000,GOOGL
2020-02-03 00:00:00-05:00,72.73475864749643,73.96139998970068,72.48395879647471,73.77727508544922,71636000,GOOGL
2020-02-04 00:00:00-05:00,72.37847029310913,73.017907427076,70.76319163650305,71.92662811279297,95880000,GOOGL
2020-02-05 00:00:00-05:00,72.83229392763356,72.8805632190907,71.14387101489368,71.9584732055664,36376000,GOOGL
2020-02-06 00:00:00-05:00,72.25357102782307,73.72553779359298,72.17893091708356,73.4473648071289,37822000,GOOGL
2020-02-07 00:00:00-05:00,73.02038933632561,73.90913797820706,72.9218613742501,73.60359954833984,28360000,GOOGL
2020-02-10 00:00:00-05:00,73.51006368465248,75.08503066123686,73.40904517323618,75.07408142089844,38302000,GOOGL
2020-02-11 00:00:00-05:00,75.30348131760789,76.1300350378507,74.91434289980158,75.14374542236328,34852000,GOOGL
2020-02-12 00:00:00-05:00,75.4323606906229,75.65330449075212,75.07457418082535,75.57020568847656,31042000,GOOGL
2020-02-13 00:00:00-05:00,75.14075251712693,75.93445842434129,74.842176953332,75.3094482421875,22914000,GOOGL
2020-02-14 00:00:00-05:00,75.36618018532974,75.64086789608571,74.91931151125273,75.57518005371094,23198000,GOOGL
2020-02-18 00:00:00-05:00,75.35672784883174,76.16386598952577,75.19101619789893,75.61051177978516,25642000,GOOGL
2020-02-19 00:00:00-05:00,75.99666093125346,76.17282066551604,75.6871437222989,75.8807144165039,22746000,GOOGL
2020-02-20 00:00:00-05:00,75.58911140978356,75.99019372622803,74.85511755870975,75.48859405517578,25962000,GOOGL
2020-02-21 00:00:00-05:00,74.8710357446722,75.18802454577569,73.57274613873459,73.82006072998047,42520000,GOOGL
2020-02-24 00:00:00-05:00,70.81393833170006,71.47727087720753,70.00481082046124,70.65519714355469,49560000,GOOGL
2020-02-25 00:00:00-05:00,71.20955452359632,71.50065850081133,68.692588654975,68.9861831665039,51580000,GOOGL
2020-02-26 00:00:00-05:00,69.41712466045571,70.3471798136507,68.50000813732794,69.19269561767578,49776000,GOOGL
2020-02-27 00:00:00-05:00,67.63365191714865,68.14421147810332,65.39933120436106,65.43466186523438,62290000,GOOGL
2020-02-28 00:00:00-05:00,63.41232362061609,66.80310984869047,63.10877459262059,66.64387512207031,80198000,GOOGL
2020-03-02 00:00:00-05:00,67.24799522889303,69.04340471098438,65.94472443894038,68.9861831665039,55430000,GOOGL
2020-03-03 00:00:00-05:00,69.5514852308777,70.07448228014064,66.14576288834665,66.5677490234375,56602000,GOOGL
2020-03-04 00:00:00-05:00,67.6246871548153,68.81002200894605,66.53191209538853,68.75130462646484,47598000,GOOGL
2020-03-05 00:00:00-05:00,66.95738129290719,67.35946593346003,64.77233214000819,65.42520904541016,54380000,GOOGL
2020-03-06 00:00:00-05:00,63.195363838055194,64.827555889874,62.56139381615548,64.47872924804688,64640000,GOOGL
2020-03-09 00:00:00-04:00,59.96132825146764,62.338463471328105,59.61697392511775,60.50025177001953,69252000,GOOGL
2020-03-10 00:00:00-04:00,62.421070002563646,63.48896251764609,60.436554559183975,63.45512390136719,54872000,GOOGL
2020-03-11 00:00:00-04:00,62.11652899829391,62.54746738339037,59.27361813002025,60.25691604614258,54732000,GOOGL
2020-03-12 00:00:00-04:00,55.863916764377194,59.15468318742386,55.1597827507668,55.31304931640625,94326000,GOOGL
2020-03-13 00:00:00-04:00,58.46995466898505,60.431079452205324,55.34986969914513,60.42461013793945,79400000,GOOGL
2020-03-16 00:00:00-04:00,54.22126801964199,57.0009775285844,53.100128996168905,53.39472198486328,96520000,GOOGL
2020-03-17 00:00:00-04:00,54.27252988977044,56.03211522774084,52.20541290761247,55.63700485229492,83194000,GOOGL
2020-03-18 00:00:00-04:00,52.744834644266916,54.986615573524475,51.60328906887955,54.29990005493164,93044000,GOOGL
2020-03-19 00:00:00-04:00,54.15210150102109,57.35628400103994,52.526374852540556,55.31902313232422,74064000,GOOGL
2020-03-20 00:00:00-04:00,56.275940547627755,56.65313876463559,52.8523104394051,53.15635681152344,82878000,GOOGL
2020-03-23 00:00:00-04:00,52.5671779570536,53.09167079517627,50.20347875276499,52.455711364746094,83672000,GOOGL
2020-03-24 00:00:00-04:00,54.936357041615146,56.39687326439122,54.06302987481948,56.23166275024414,72468000,GOOGL
2020-03-25 00:00:00-04:00,55.9614527530944,57.035814603942825,53.89284377087498,54.81891632080078,90324000,GOOGL
2020-03-26 00:00:00-04:00,55.47079504467959,58.29529241748378,54.34169466002882,57.869327545166016,76562000,GOOGL
2020-03-27 00:00:00-04:00,56.10526532209489,57.27865627332936,54.93734899052884,55.24885940551758,62794000,GOOGL
2020-03-30 00:00:00-04:00,56.36253564444081,57.276166921251175,54.663159753328635,57.042781829833984,58736000,GOOGL
2020-03-31 00:00:00-04:00,57.163206051055234,58.39083443927487,56.56556134705665,57.82106018066406,65228000,GOOGL
2020-04-01 00:00:00-04:00,55.932587259759686,56.20229768361806,54.41434472078375,54.842796325683594,51970000,GOOGL
2020-04-02 00:00:00-04:00,54.73829694635717,55.87137990575334,54.396433162480456,55.58574676513672,56410000,GOOGL
2020-04-03 00:00:00-04:00,55.47029994298398,55.6733278436525,53.49822958250269,54.37503433227539,51374000,GOOGL
2020-04-06 00:00:00-04:00,56.38044814116423,59.25420573274645,55.98234991206004,58.87800598144531,63320000,GOOGL
2020-04-07 00:00:00-04:00,60.56095675968012,60.74856308077166,58.58241717885874,58.84665298461914,61620000,GOOGL
2020-04-08 00:00:00-04:00,59.86876766596092,60.45596046414816,58.91582321231339,60.06283950805664,40334000,GOOGL
2020-04-09 00:00:00-04:00,60.6191822762662,60.80877419619722,59.33730885263395,60.04144287109375,54028000,GOOGL
2020-04-13 00:00:00-04:00,59.7891490626969,60.43705241572804,58.83520993369254,60.23252868652344,38702000,GOOGL
2020-04-14 00:00:00-04:00,61.703500286214066,63.48398554877324,61.13471691802692,62.96049118041992,63358000,GOOGL
2020-04-15 00:00:00-04:00,62.028938101687494,63.45213406032759,61.40641468122745,62.56587219238281,42236000,GOOGL
2020-04-16 00:00:00-04:00,63.05552829485858,63.365049290764205,61.61541491881244,62.57233810424805,57896000,GOOGL
2020-04-17 00:00:00-04:00,63.7800697785387,64.19309603629993,62.99880511817582,63.645713806152344,51050000,GOOGL
2020-04-20 00:00:00-04:00,63.192382507258586,63.53723420122594,62.52308175937078,62.75746154785156,35292000,GOOGL
2020-04-21 00:00:00-04:00,61.839850264512044,62.20261405697776,59.96331995092656,60.319618225097656,49648000,GOOGL
2020-04-22 00:00:00-04:00,61.760230765880394,63.68950654892741,61.56566156092497,62.621116638183594,46296000,GOOGL
2020-04-23 00:00:00-04:00,62.9858614211265,64.10103222735762,62.72660289717478,63.25606918334961,34202000,GOOGL
2020-04-24 00:00:00-04:00,62.45142034269284,63.581519212126466,61.904038134854936,63.526283264160156,37402000,GOOGL
2020-04-27 00:00:00-04:00,64.29261999002367,64.39712372198137,62.95202913831528,63.24065017700195,44186000,GOOGL
2020-04-28 00:00:00-04:00,63.85471970338385,63.93234388907775,61.22628337783574,61.33625793457031,80700000,GOOGL
2020-04-29 00:00:00-04:00,66.93000841508254,67.6839037451793,66.02085713189535,66.78968048095703,108358000,GOOGL
2020-04-30 00:00:00-04:00,66.2512539359075,67.17881846187733,65.76059592377868,67.01460266113281,55842000,GOOGL
2020-05-01 00:00:00-04:00,65.88948738417584,67.24998736729863,65.17142379081537,65.55259704589844,48872000,GOOGL
2020-05-04 00:00:00-04:00,65.09528785583291,65.90840178406958,64.49216850017636,65.83026885986328,30806000,GOOGL
2020-05-05 00:00:00-04:00,66.55679496980919,68.2243215628969,66.43388558474965,67.13005065917969,39666000,GOOGL
2020-05-06 00:00:00-04:00,67.57691974063604,68.1088766042414,66.93648036667742,66.95140838623047,31732000,GOOGL
2020-05-07 00:00:00-04:00,67.74162698307182,68.47263673969645,67.30521401409817,68.13822937011719,30652000,GOOGL
2020-05-08 00:00:00-04:00,68.76224962511807,69.49972107273517,68.2740821604466,68.88764953613281,33326000,GOOGL
2020-05-11 00:00:00-04:00,68.51194548372064,70.43972524742269,68.44775348367992,69.84556579589844,32718000,GOOGL
2020-05-12 00:00:00-04:00,70.07597118487982,70.38001377865767,68.39849009246208,68.43183135986328,33918000,GOOGL
2020-05-13 00:00:00-04:00,68.48059199835623,68.93691403950152,66.08454630529928,67.09571075439453,40368000,GOOGL
2020-05-14 00:00:00-04:00,66.358740454696,67.54556349090912,65.85017034843136,67.52018737792969,36660000,GOOGL
2020-05-15 00:00:00-04:00,67.09223444201076,68.40196688173432,66.63143246758034,68.32633209228516,41544000,GOOGL
2020-05-18 00:00:00-04:00,67.75506542085085,69.30664542495049,67.38781793513687,68.92945098876953,47094000,GOOGL
2020-05-19 00:00:00-04:00,68.9443854610412,69.29321213831301,68.36117519922374,68.39302062988281,31586000,GOOGL
2020-05-20 00:00:00-04:00,69.12749997341068,70.26556016251162,69.04091594784161,70.12274169921875,38262000,GOOGL
2020-05-21 00:00:00-04:00,70.21380448437766,70.4860016339979,69.38775204331579,70.00281524658203,30894000,GOOGL
2020-05-22 00:00:00-04:00,69.86100197282914,70.51288417543044,69.46539424513811,70.3257827758789,28544000,GOOGL
2020-05-26 00:00:00-04:00,71.75494334516371,71.9116951445939,70.63231222745613,70.73033905029297,44590000,GOOGL
2020-05-27 00:00:00-04:00,70.66216836000463,70.92839736595668,69.39821460494831,70.67610168457031,31684000,GOOGL
2020-05-28 00:00:00-04:00,69.66692194094234,71.87934390822512,69.6211431898544,70.5745849609375,35170000,GOOGL
2020-05-29 00:00:00-04:00,70.68357225874094,71.49469683728731,70.4621348843293,71.3349609375,37044000,GOOGL
2020-06-01 00:00:00-04:00,70.94580806681581,71.73602869916792,70.77561651245831,71.4021224975586,25162000,GOOGL
2020-06-02 00:00:00-04:00,71.40859947866784,71.8066977191186,70.74228284294568,71.7723617553711,23442000,GOOGL
2020-06-03 00:00:00-04:00,71.79176648096278,72.10576361612307,71.24040169551722,71.62008666992188,27732000,GOOGL
2020-06-04 00:00:00-04:00,71.497177182306,71.72310206654205,69.96599963959787,70.37852478027344,26982000,GOOGL
2020-06-05 00:00:00-04:00,70.44520752119047,71.97091804138051,70.04611456061043,71.65840911865234,42642000,GOOGL
2020-06-08 00:00:00-04:00,70.9746746217983,72.10526325973755,70.88509891401527,72.0574951171875,33878000,GOOGL
2020-06-09 00:00:00-04:00,71.918169309766,73.04080050318835,71.7748496811189,72.25853729248047,33624000,GOOGL
2020-06-10 00:00:00-04:00,72.72779445199085,73.28811152943916,72.37199732197752,72.88653564453125,31762000,GOOGL
2020-06-11 00:00:00-04:00,71.70867022307195,72.2346589692547,69.5878130130695,69.76148223876953,47144000,GOOGL
2020-06-12 00:00:00-04:00,70.95376958003494,71.38421437179544,68.96030198853704,70.30985260009766,36676000,GOOGL
2020-06-15 00:00:00-04:00,69.14393211467979,70.91098145927349,69.0299749795907,70.6989974975586,30468000,GOOGL
2020-06-16 00:00:00-04:00,72.10527122790478,72.51182820441042,71.10953579604588,71.97937774658203,30648000,GOOGL
2020-06-17 00:00:00-04:00,72.30132693280937,72.76212128859353,71.4150612832835,72.28141784667969,30610000,GOOGL
2020-06-18 00:00:00-04:00,72.14756380354159,72.30281975696262,70.97267707547431,71.36480712890625,34862000,GOOGL
2020-06-19 00:00:00-04:00,71.65740986390969,71.88133775111594,70.61240293282405,70.89306640625,52784000,GOOGL
2020-06-22 00:00:00-04:00,70.91147505867174,72.20230067860511,70.62185934811,72.1878662109375,29442000,GOOGL
2020-06-23 00:00:00-04:00,72.25455152562985,73.40903563217812,71.90621842213413,72.85070037841797,37752000,GOOGL
2020-06-24 00:00:00-04:00,72.81587541071586,73.43839511149096,71.15979153173976,71.29415130615234,31592000,GOOGL
2020-06-25 00:00:00-04:00,71.22049025097112,71.77284971319233,70.63926944685834,71.71214294433594,23958000,GOOGL
2020-06-26 00:00:00-04:00,71.29066762558381,71.5091209058233,67.42763609824557,67.80284118652344,97640000,GOOGL
2020-06-29 00:00:00-04:00,67.69336296671155,69.56740658298106,67.2609287443365,69.5261001586914,45074000,GOOGL
2020-06-30 00:00:00-04:00,69.51167404146442,70.86121720110151,69.0165360541645,70.56513214111328,40286000,GOOGL
2020-07-01 00:00:00-04:00,70.62087178372437,72.07939857823143,70.37255487483583,71.7569351196289,42182000,GOOGL
2020-07-02 00:00:00-04:00,72.24659805024832,74.07187120886894,72.20827571187772,73.14678955078125,57218000,GOOGL
2020-07-06 00:00:00-04:00,74.05345615982517,75.14075662187608,73.49761142237459,74.62571716308594,44712000,GOOGL
2020-07-07 00:00:00-04:00,74.45055656016098,75.70406216918913,74.13058365914364,74.14153289794922,42364000,GOOGL
2020-07-08 00:00:00-04:00,74.68294002022051,75.19897413072191,74.25995924949038,74.82227325439453,31766000,GOOGL
2020-07-09 00:00:00-04:00,75.13727741838821,76.0932098651604,74.42369372179377,75.57170104980469,41836000,GOOGL
2020-07-10 00:00:00-04:00,75.30247721043091,76.70029709996115,74.67896287214894,76.5843505859375,35918000,GOOGL
2020-07-13 00:00:00-04:00,77.12825841563946,78.44297203416643,74.96958014308842,75.2517318725586,42954000,GOOGL
2020-07-14 00:00:00-04:00,74.28434999897787,75.77770617369718,73.94297977071558,75.68116760253906,38108000,GOOGL
2020-07-15 00:00:00-04:00,75.79911032958475,76.45099251906724,74.53515653534063,75.48312377929688,31026000,GOOGL
2020-07-16 00:00:00-04:00,74.71778467158745,75.43486121845835,74.05943310844663,75.3855972290039,26484000,GOOGL
2020-07-17 00:00:00-04:00,75.48460487369971,75.80905769154303,74.5485816531521,75.48162078857422,34264000,GOOGL
2020-07-20 00:00:00-04:00,75.38956453557115,78.07721543774436,74.77749296936797,77.8199462890625,30166000,GOOGL
2020-07-21 00:00:00-04:00,78.87440678042151,78.97492413472274,77.26161122175375,77.42582702636719,27486000,GOOGL
2020-07-22 00:00:00-04:00,77.41536732793473,77.97618543932268,76.79433600457118,77.87019348144531,24482000,GOOGL
2020-07-23 00:00:00-04:00,77.92395335639043,78.14390246974544,75.0705906466516,75.47665405273438,33910000,GOOGL
2020-07-24 00:00:00-04:00,74.6028386333552,75.41097153590187,74.02559650691151,75.05168914794922,29902000,GOOGL
2020-07-27 00:00:00-04:00,75.30298784991724,76.51220308106483,75.25670794866738,76.10763549804688,27124000,GOOGL
2020-07-28 00:00:00-04:00,75.88718593599701,75.93744461336621,74.6690109658058,74.82476806640625,30910000,GOOGL
2020-07-29 00:00:00-04:00,74.89193888511915,76.30169506581362,74.79290978342082,75.81303405761719,22676000,GOOGL
2020-07-30 00:00:00-04:00,74.5421203310874,76.67791304910183,74.40278707937269,76.5525131225586,36042000,GOOGL
2020-07-31 00:00:00-04:00,74.49633966059952,74.89294207022046,72.35407768262465,74.04350280761719,91468000,GOOGL
2020-08-03 00:00:00-04:00,74.1952823635518,74.53017571563687,73.23586473268551,73.78524017333984,45482000,GOOGL
2020-08-04 00:00:00-04:00,73.98181032735997,74.30028744652176,72.85320328724046,73.31449890136719,37212000,GOOGL
2020-08-05 00:00:00-04:00,73.4896528857235,74.14551382781045,73.21097880454894,73.60260772705078,29134000,GOOGL
2020-08-06 00:00:00-04:00,73.45630713721422,74.9551379108816,73.24481674977106,74.88945007324219,33306000,GOOGL
2020-08-07 00:00:00-04:00,75.09299683965341,75.64286587460231,73.9599099041371,74.5620346069336,27718000,GOOGL
2020-08-10 00:00:00-04:00,74.18531593243594,74.99892327445139,73.5229781582979,74.4848861694336,20546000,GOOGL
2020-08-11 00:00:00-04:00,74.34455312332905,75.1626480095728,73.55781770581788,73.67475891113281,31098000,GOOGL
2020-08-12 00:00:00-04:00,74.00220039154834,75.22386058442733,73.8967019688904,75.00341033935547,22512000,GOOGL
2020-08-13 00:00:00-04:00,75.05169051228404,76.48285191890565,75.05169051228404,75.4716796875,22388000,GOOGL
2020-08-14 00:00:00-04:00,75.32040392648128,75.62793939616182,74.59338041774163,74.87354278564453,21942000,GOOGL
2020-08-17 00:00:00-04:00,75.43783887619192,75.82648373152185,74.891948664715,75.4512710571289,19990000,GOOGL
2020-08-18 00:00:00-04:00,75.9429161837234,77.4979814068608,75.72147884435643,77.41886138916016,28378000,GOOGL
2020-08-19 00:00:00-04:00,77.25514432932671,78.06975406339483,76.63361934240044,76.86302185058594,30472000,GOOGL
2020-08-20 00:00:00-04:00,76.6321282685512,78.63256655639358,76.35794168422376,78.4375,26382000,GOOGL
2020-08-21 00:00:00-04:00,78.21605349977197,79.21528172540805,77.74381628283706,78.4036636352539,34838000,GOOGL
2020-08-24 00:00:00-04:00,79.24462689407855,80.05625247769231,78.37727560966826,78.88037109375,25638000,GOOGL
2020-08-25 00:00:00-04:00,78.62907393281236,80.06122982776336,78.51860203471604,79.91045379638672,25150000,GOOGL
2020-08-26 00:00:00-04:00,79.93284358851191,82.2462840692637,79.66811043713714,81.81533813476562,52188000,GOOGL
2020-08-27 00:00:00-04:00,81.93874268986407,82.0074146085972,80.55535736545121,81.0385513305664,31350000,GOOGL
2020-08-28 00:00:00-04:00,81.08583513332398,81.67700292551035,80.89375267803553,81.58145904541016,22418000,GOOGL
2020-08-31 00:00:00-04:00,81.78748473158811,81.8337646346118,80.87982915033425,81.08882904052734,26422000,GOOGL
2020-09-01 00:00:00-04:00,81.21968639113527,82.56624525311734,81.08881186454722,82.3602294921875,22652000,GOOGL
2020-09-02 00:00:00-04:00,83.00365344587165,85.89433583929082,82.61451509252599,85.46090698242188,49522000,GOOGL
2020-09-03 00:00:00-04:00,84.57166962599298,84.59555749578361,80.0030120217837,81.08782958984375,63726000,GOOGL
2020-09-04 00:00:00-04:00,80.06720294777561,81.36051923220332,76.53260313427657,78.68431854248047,55850000,GOOGL
2020-09-08 00:00:00-04:00,75.88718676343119,77.40741495849956,75.4642059639063,75.81752014160156,54032000,GOOGL
2020-09-09 00:00:00-04:00,77.07649937472567,77.56516041610428,75.89564445564935,76.99340057373047,39242000,GOOGL
2020-09-10 00:00:00-04:00,77.14019418699958,78.30860397286067,75.63837173852811,75.9394302368164,33024000,GOOGL
2020-09-11 00:00:00-04:00,76.04393489459162,76.56892127073058,74.29579252540272,75.42738342285156,30706000,GOOGL
2020-09-14 00:00:00-04:00,76.21809682607592,77.47956754747086,74.89741517443528,75.08252716064453,42660000,GOOGL
2020-09-15 00:00:00-04:00,76.03100168037477,77.18050476355,75.7428817865187,76.39077758789062,23042000,GOOGL
2020-09-16 00:00:00-04:00,76.75702925240749,77.34869819515173,75.21987604229885,75.24475860595703,22128000,GOOGL
2020-09-17 00:00:00-04:00,73.93701442817141,74.57645916447423,72.77507377439086,73.99822235107422,40008000,GOOGL
2020-09-18 00:00:00-04:00,74.06091812890595,74.40427775863802,71.24040328279774,72.20926666259766,63056000,GOOGL
2020-09-21 00:00:00-04:00,71.24040107533145,71.66039017863206,69.80028765833156,71.16675567626953,56908000,GOOGL
2020-09-22 00:00:00-04:00,72.17095367719028,72.85020894355684,71.13490659228187,72.64369201660156,33950000,GOOGL
2020-09-23 00:00:00-04:00,72.25903690168364,72.30830088742725,69.80029475994638,70.13419342041016,37726000,GOOGL
2020-09-24 00:00:00-04:00,69.80028750186223,71.5573821324961,69.7739091004015,70.80448150634766,34552000,GOOGL
2020-09-25 00:00:00-04:00,70.91346650564168,71.95299118680184,70.04909927309517,71.61063385009766,30326000,GOOGL
2020-09-28 00:00:00-04:00,73.24929285809895,73.29905038643408,71.9699100987875,72.5859603881836,30784000,GOOGL
2020-09-29 00:00:00-04:00,72.84722744607932,73.24979803297072,72.35407885679199,72.95222473144531,31816000,GOOGL
2020-09-30 00:00:00-04:00,72.69941953772366,73.95641032525084,72.4416568506786,72.93131256103516,40924000,GOOGL
2020-10-01 00:00:00-04:00,73.8300187453481,74.39780739351073,73.48864851059548,74.04100799560547,32884000,GOOGL
2020-10-02 00:00:00-04:00,72.63423408285196,73.59961978967594,72.02315723124129,72.4336929321289,31222000,GOOGL
2020-10-05 00:00:00-04:00,72.78451757055439,73.88177252003113,72.65712826562542,73.7887191772461,21602000,GOOGL
2020-10-06 00:00:00-04:00,73.4239703631467,73.87282086187555,71.90672613927885,72.20579528808594,26096000,GOOGL
2020-10-07 00:00:00-04:00,72.61831435660335,73.09901783970815,71.32051821827476,72.60985565185547,36108000,GOOGL
2020-10-08 00:00:00-04:00,72.9238561559873,74.04748199645591,72.9238561559873,73.8185806274414,26076000,GOOGL
2020-10-09 00:00:00-04:00,74.28783048431298,75.23281359404584,73.99622536956137,75.16314697265625,32966000,GOOGL
2020-10-12 00:00:00-04:00,76.53408949683731,79.04308997579452,76.10115418697416,77.85726165771484,55344000,GOOGL
2020-10-13 00:00:00-04:00,78.47531921079461,78.88088147808016,77.56069322963157,77.98068237304688,39072000,GOOGL
2020-10-14 00:00:00-04:00,78.35539239500633,78.81568566560401,76.92721520969711,77.80004119873047,33174000,GOOGL
2020-10-15 00:00:00-04:00,76.8575521545092,78.19615368912379,76.68985869767641,77.4034423828125,31210000,GOOGL
2020-10-16 00:00:00-04:00,77.71992528911265,78.51014601215543,77.51242125898598,78.01203155517578,34194000,GOOGL
2020-10-19 00:00:00-04:00,78.42157124529685,78.8196694818718,75.78368541921667,76.13350677490234,29734000,GOOGL
2020-10-20 00:00:00-04:00,75.79314561217218,78.31757567925243,75.66326575661667,77.18498992919922,41670000,GOOGL
2020-10-21 00:00:00-04:00,78.11901324505759,80.37274164690493,77.98415993197221,78.92217254638672,60322000,GOOGL
2020-10-22 00:00:00-04:00,78.87291283355273,80.28714906559912,78.49870246258452,79.95075988769531,30512000,GOOGL
2020-10-23 00:00:00-04:00,80.36827170244585,81.31723367329468,80.21201344374147,81.26050567626953,30548000,GOOGL
2020-10-26 00:00:00-04:00,80.36577887493387,81.09130647352727,78.01601282132575,78.83758544921875,35826000,GOOGL
2020-10-27 00:00:00-04:00,79.06847592412686,79.71886221274569,78.4743164811939,79.56360626220703,25902000,GOOGL
2020-10-28 00:00:00-04:00,77.13173899969712,77.32082977436303,75.06511950680083,75.1805648803711,45174000,GOOGL
2020-10-29 00:00:00-04:00,75.49008161554319,79.05901715361654,75.46669489176469,77.47360229492188,55406000,GOOGL
2020-10-30 00:00:00-04:00,82.9752986633924,83.66599669620678,79.6974670927325,80.42100524902344,99878000,GOOGL
2020-11-02 00:00:00-05:00,80.79075106483944,82.51749631331757,80.32795964779757,80.8295669555664,44228000,GOOGL
2020-11-03 00:00:00-05:00,81.15002919883526,82.55530560123552,80.22196347188766,81.8914794921875,31432000,GOOGL
2020-11-04 00:00:00-05:00,84.87322803918391,88.08039850699622,84.74484402888567,86.87715148925781,71342000,GOOGL
2020-11-05 00:00:00-05:00,88.10128853896713,89.16470868146271,86.63728722934314,87.70568084716797,39758000,GOOGL
2020-11-06 00:00:00-05:00,87.15034201344257,88.00426119806104,86.42082805664543,87.5678482055664,28622000,GOOGL
2020-11-09 00:00:00-05:00,89.37172165047352,90.4122410562724,87.4593633847204,87.65193939208984,53440000,GOOGL
2020-11-10 00:00:00-05:00,86.07697225473657,87.55042699948584,85.39771699789287,86.47257995605469,43022000,GOOGL
2020-11-11 00:00:00-05:00,87.00403991084542,87.72558872689356,86.73831204017266,86.9458236694336,31838000,GOOGL
2020-11-12 00:00:00-05:00,86.68555885766379,87.82909374585917,86.4850176966425,86.72636413574219,26474000,GOOGL
2020-11-13 00:00:00-05:00,86.98413472311488,88.43370160863206,86.38599646743025,88.19136047363281,29744000,GOOGL
2020-11-16 00:00:00-05:00,87.78728795856988,89.29010509610572,87.64745357983485,88.27943420410156,25468000,GOOGL
2020-11-17 00:00:00-05:00,87.97240956400461,88.43420627207988,87.55590565351672,87.66388702392578,21314000,GOOGL
2020-11-18 00:00:00-05:00,87.41407824980085,87.83008859204216,86.51487388443644,86.61788177490234,20108000,GOOGL
2020-11-19 00:00:00-05:00,86.24914690819902,87.75494824854572,86.0894110233465,87.51011657714844,20106000,GOOGL
2020-11-20 00:00:00-05:00,87.68080204637623,87.99728973201321,86.33722711990116,86.40589904785156,27694000,GOOGL
2020-11-23 00:00:00-05:00,86.59698652310462,86.88411171935121,85.10213442110361,85.96699523925781,22530000,GOOGL
2020-11-24 00:00:00-05:00,85.96401265971706,87.90373648667953,85.6271223299394,87.77535247802734,27984000,GOOGL
2020-11-25 00:00:00-05:00,87.96992677839849,88.09780964483882,87.00205044426856,87.78679656982422,19600000,GOOGL
2020-11-27 00:00:00-05:00,87.80719756064533,89.42297727421509,87.80719756064533,88.92584991455078,14790000,GOOGL
2020-11-30 00:00:00-05:00,88.36005672195728,88.59343800936252,86.97617007706756,87.3026123046875,32418000,GOOGL
2020-12-01 00:00:00-05:00,87.91269649674737,90.65259560668585,87.73205682491009,89.34086608886719,37350000,GOOGL
2020-12-02 00:00:00-05:00,89.34086108236198,91.20097123321783,88.83378679699169,90.81431579589844,29424000,GOOGL
2020-12-03 00:00:00-05:00,90.5938761888373,91.75283265847874,90.41771644555975,90.6585693359375,24728000,GOOGL
2020-12-04 00:00:00-05:00,90.57796011685025,91.0397492501524,90.24803263553564,90.75411987304688,20544000,GOOGL
2020-12-07 00:00:00-05:00,90.3455593451508,91.02929453535916,89.72303966576968,90.4192123413086,22288000,GOOGL
2020-12-08 00:00:00-05:00,89.99573229455972,90.36645741383805,89.13783439851386,90.13555908203125,19936000,GOOGL
2020-12-09 00:00:00-05:00,90.08729974843936,90.98352007834363,87.680805678261,88.47003173828125,31728000,GOOGL
2020-12-10 00:00:00-05:00,87.71065884956633,88.32721036727966,86.26407601856937,87.96195983886719,28688000,GOOGL
2020-12-11 00:00:00-05:00,87.58127983483229,88.44266302397321,87.22000808817418,88.31775665283203,18628000,GOOGL
2020-12-14 00:00:00-05:00,88.11473355341082,89.06418903296934,87.040364108191,87.19612121582031,33050000,GOOGL
2020-12-15 00:00:00-05:00,87.5743106561317,87.78032644405529,86.6691456825734,87.63502502441406,21352000,GOOGL
2020-12-16 00:00:00-05:00,88.03460918058066,88.03460918058066,87.03688443498345,87.44144439697266,24676000,GOOGL
2020-12-17 00:00:00-05:00,87.77684541122197,87.91518395961303,86.14564417431515,86.61141204833984,34880000,GOOGL
2020-12-18 00:00:00-05:00,86.89307321652835,87.00204928080858,85.34198664274719,85.90031433105469,85256000,GOOGL
2020-12-21 00:00:00-05:00,85.04988087959532,86.43675164906524,84.29698019019894,86.3153305053711,33974000,GOOGL
2020-12-22 00:00:00-05:00,86.05507600610828,86.21829712216855,84.88318089123128,85.60174560546875,20370000,GOOGL
2020-12-23 00:00:00-05:00,85.78636235138065,86.7905564056755,85.65050674333652,86.00033569335938,22974000,GOOGL
2020-12-24 00:00:00-05:00,86.03864981343406,86.70596113529743,85.80725791931836,86.29542541503906,9312000,GOOGL
2020-12-28 00:00:00-05:00,86.83036709367283,88.92485327877053,86.67660697371885,88.27595520019531,27650000,GOOGL
2020-12-29 00:00:00-05:00,88.93630235401565,88.99800382149073,87.33794125305134,87.46981048583984,19726000,GOOGL
2020-12-30 00:00:00-05:00,87.83008941804188,87.96743327328805,85.9888935947524,86.39942932128906,21026000,GOOGL
2020-12-31 00:00:00-05:00,86.45018987451368,87.45687447969729,86.39146489743216,87.21503448486328,21070000,GOOGL
2021-01-04 00:00:00-05:00,87.58128228878026,87.705186375187,84.9508603421397,85.89584350585938,37324000,GOOGL
2021-01-05 00:00:00-05:00,85.84408949685165,86.92591538334669,85.4365378377414,86.58853149414062,20360000,GOOGL
2021-01-06 00:00:00-05:00,84.60849276055802,86.78359483694405,84.40148228115612,85.7341079711914,46588000,GOOGL
2021-01-07 00:00:00-05:00,85.92718285176521,88.4680365310176,85.92718285176521,88.29486846923828,41936000,GOOGL
2021-01-08 00:00:00-05:00,88.43520016542561,89.53991920335396,87.64198775015869,89.46378326416016,35484000,GOOGL
2021-01-11 00:00:00-05:00,88.42821928421255,88.79447206113275,87.19014290740792,87.39665222167969,34796000,GOOGL
2021-01-12 00:00:00-05:00,86.85275814625061,87.97439454842011,85.4106552853316,86.45814514160156,29528000,GOOGL
2021-01-13 00:00:00-05:00,85.95505131902136,87.40164172592644,85.95505131902136,86.94681549072266,23432000,GOOGL
2021-01-14 00:00:00-05:00,87.02742201402309,87.95698355407666,85.89284698308188,86.13419342041016,29212000,GOOGL
2021-01-15 00:00:00-05:00,86.03964495454214,86.9652201288953,85.17826937574225,85.96997833251953,31444000,GOOGL
2021-01-19 00:00:00-05:00,86.73532987197649,89.76285543674072,86.22925023510878,88.79896545410156,41660000,GOOGL
2021-01-20 00:00:00-05:00,90.88398401260814,94.53403661408476,90.54262136383335,93.55621337890625,64152000,GOOGL
2021-01-21 00:00:00-05:00,94.23198512960039,96.14433582290614,93.52336737446421,93.75923919677734,58634000,GOOGL
2021-01-22 00:00:00-05:00,94.12300340016309,94.76642687711758,93.37856141985232,94.17774200439453,32744000,GOOGL
2021-01-25 00:00:00-05:00,95.18194086238829,95.63378300769853,92.51568723527677,94.2633285522461,50586000,GOOGL
2021-01-26 00:00:00-05:00,93.85080553412007,95.33172432985599,93.36015508295559,94.9435806274414,31462000,GOOGL
2021-01-27 00:00:00-05:00,93.29943585845615,93.57611294856794,89.43640469162729,90.51425170898438,82512000,GOOGL
2021-01-28 00:00:00-05:00,91.11439711710392,93.95033381128779,91.11439711710392,92.2191162109375,55278000,GOOGL
2021-01-29 00:00:00-05:00,91.26465847682226,91.9374443781488,89.64938764556791,90.93324279785156,44530000,GOOGL
2021-02-01 00:00:00-05:00,91.79065524466398,95.32127620814629,91.79065524466398,94.203125,40252000,GOOGL
2021-02-02 00:00:00-05:00,95.20135334866278,97.00472804938106,94.86495656309498,95.49942779541016,66332000,GOOGL
2021-02-03 00:00:00-05:00,102.78907115194251,104.82981339283204,100.19845235959038,102.45417022705078,97882000,GOOGL
2021-02-04 00:00:00-05:00,102.540764123293,102.97269721505859,101.27083451563523,102.19293212890625,48596000,GOOGL
2021-02-05 00:00:00-05:00,102.48800461768037,104.29834965416165,102.01228220670131,103.94454193115234,29866000,GOOGL
2021-02-08 00:00:00-05:00,104.5003912566402,105.24682262275905,102.67661395971716,103.73007202148438,28828000,GOOGL
2021-02-09 00:00:00-05:00,103.2463943443827,104.42625473040155,103.00753841036679,103.2757568359375,21892000,GOOGL
2021-02-10 00:00:00-05:00,103.66140099776602,104.44465886939685,102.12375419248004,103.82760620117188,25102000,GOOGL
2021-02-11 00:00:00-05:00,104.05253475798568,104.20181495570792,102.9507998216224,103.94056701660156,20480000,GOOGL
2021-02-12 00:00:00-05:00,103.49369709094493,104.4754990480609,103.18516699146085,104.25306701660156,18990000,GOOGL
2021-02-16 00:00:00-05:00,104.08985083401521,106.74665100433805,104.08985083401521,105.03284454345703,31004000,GOOGL
2021-02-17 00:00:00-05:00,104.20083114428411,105.61706452508535,103.92067637569566,105.42697143554688,20294000,GOOGL
2021-02-18 00:00:00-05:00,104.7492008701628,105.59466134200437,104.16847356656038,104.78950500488281,22546000,GOOGL
2021-02-19 00:00:00-05:00,104.88803968550147,105.42497002735199,103.67583285853799,103.94355010986328,37938000,GOOGL
2021-02-22 00:00:00-05:00,102.19143355556334,103.521576354631,101.91276705220227,102.22427368164062,29466000,GOOGL
2021-02-23 00:00:00-05:00,100.22035579955467,103.13193474366207,99.03800498105964,102.51587677001953,34658000,GOOGL
2021-02-24 00:00:00-05:00,101.01903323255493,103.91916932842446,100.89413445514002,103.69474029541016,22608000,GOOGL
2021-02-25 00:00:00-05:00,102.30737526556467,103.65443541183306,99.8471374044302,100.31788635253906,41548000,GOOGL
2021-02-26 00:00:00-05:00,101.01455143205975,102.33672899960698,99.57443795504803,100.61446380615234,40042000,GOOGL
2021-03-01 00:00:00-05:00,101.91276872031038,103.31755164395297,101.23699864205244,102.99061584472656,26060000,GOOGL
2021-03-02 00:00:00-05:00,102.75074596632483,104.23863512234783,102.34419663463926,102.73283386230469,25564000,GOOGL
2021-03-03 00:00:00-05:00,102.10932019598754,103.30559666179923,99.22560051221559,100.09196472167969,33892000,GOOGL
2021-03-04 00:00:00-05:00,100.26414000545678,103.2359320208371,99.79438576387756,101.21260833740234,49216000,GOOGL
2021-03-05 00:00:00-05:00,102.56713188273565,104.80890881591917,100.90656818815047,104.35458374023438,53100000,GOOGL
2021-03-08 00:00:00-05:00,103.70717274899575,105.18410497815911,99.78243283121957,99.89738464355469,36868000,GOOGL
2021-03-09 00:00:00-05:00,101.99984883286976,102.70497377307522,101.29571099468689,101.53257751464844,33920000,GOOGL
2021-03-10 00:00:00-05:00,102.57956588277813,102.57956588277813,100.48607451730743,101.32506561279297,27100000,GOOGL
2021-03-11 00:00:00-05:00,102.42133087333761,105.06120607468662,102.3332510030716,104.52725982666016,27702000,GOOGL
2021-03-12 00:00:00-05:00,103.3265033264315,103.3862154039543,101.13746797988055,102.01228332519531,33818000,GOOGL
2021-03-15 00:00:00-04:00,101.76248163409007,102.2605960962489,100.90707420357886,102.23323059082031,26168000,GOOGL
2021-03-16 00:00:00-04:00,102.80797719904601,105.18112981321325,102.47457211575943,103.69872283935547,31900000,GOOGL
2021-03-17 00:00:00-04:00,102.93138712872644,104.45062059070729,101.71968149019554,103.61561584472656,26382000,GOOGL
2021-03-18 00:00:00-04:00,101.92171511759707,102.94532472087755,100.47861753034802,100.58610534667969,31700000,GOOGL
2021-03-19 00:00:00-04:00,101.00362107486976,101.36737579482003,99.66999297509295,100.86577606201172,46072000,GOOGL
2021-03-22 00:00:00-04:00,100.89911970815606,101.92969229879081,100.22085905440002,101.0513916015625,33536000,GOOGL
2021-03-23 00:00:00-04:00,101.51216913992992,102.71442137006943,100.91751613583496,101.58084106445312,28510000,GOOGL
2021-03-24 00:00:00-04:00,102.09987150585228,102.88810289313152,100.96728575965906,101.14295196533203,25218000,GOOGL
2021-03-25 00:00:00-04:00,100.96975965968619,101.79531096286595,99.32959869848213,101.13945007324219,35616000,GOOGL
2021-03-26 00:00:00-04:00,101.10610842572048,101.48429754313884,99.71575259396505,100.75479125976562,27978000,GOOGL
2021-03-29 00:00:00-04:00,100.62690631609587,101.97297171763482,99.79537920743458,101.80278015136719,26492000,GOOGL
2021-03-30 00:00:00-04:00,102.16057583177923,102.64276755981645,101.32308053971381,101.83662414550781,27312000,GOOGL
2021-03-31 00:00:00-04:00,102.23124089496714,103.81666342143662,101.86299868830717,102.63530731201172,42570000,GOOGL
2021-04-01 00:00:00-04:00,104.11473323039297,106.27937953528678,104.0739279531472,105.9822998046875,39880000,GOOGL
2021-04-05 00:00:00-04:00,106.8466666341186,110.91919881705677,106.75012806081834,110.42008209228516,48510000,GOOGL
2021-04-06 00:00:00-04:00,110.0199908055745,110.86993113753334,109.56566574641188,109.93738555908203,35240000,GOOGL
2021-04-07 00:00:00-04:00,110.12847588567706,111.69100514725001,110.12847588567706,111.41880798339844,24134000,GOOGL
2021-04-08 00:00:00-04:00,112.66137580353075,113.04902597144466,111.61686995474146,111.9861068725586,28664000,GOOGL
2021-04-09 00:00:00-04:00,111.7377910863765,113.15750194180373,111.33073299675657,112.9932861328125,26146000,GOOGL
2021-04-12 00:00:00-04:00,112.1697216656889,112.30755906868903,110.86097629130978,111.69698333740234,25024000,GOOGL
2021-04-13 00:00:00-04:00,112.01397146501857,112.6350029225419,111.61885729411927,112.18515014648438,25682000,GOOGL
2021-04-14 00:00:00-04:00,112.83204797289153,112.83204797289153,111.26902518096547,111.56211853027344,21002000,GOOGL
2021-04-15 00:00:00-04:00,112.5593610414897,114.25375956725094,112.02292426332264,113.71881103515625,29174000,GOOGL
2021-04-16 00:00:00-04:00,113.91736311962295,114.16617356571902,113.00572128065846,113.59440612792969,26282000,GOOGL
2021-04-19 00:00:00-04:00,112.96889932948382,114.6563273557735,112.96889932948382,113.9432373046875,30290000,GOOGL
2021-04-20 00:00:00-04:00,114.3278940387575,114.40303527628278,112.31900489874292,113.40829467773438,22288000,GOOGL
2021-04-21 00:00:00-04:00,113.06195417608703,113.45756186880061,111.706928921232,113.37545776367188,23204000,GOOGL
2021-04-22 00:00:00-04:00,113.2286569817641,113.89945354326824,111.48300504001658,112.09010314941406,24146000,GOOGL
2021-04-23 00:00:00-04:00,112.81066024801429,114.75735454893425,112.52452973965524,114.44932556152344,29066000,GOOGL
2021-04-26 00:00:00-04:00,114.67773209539389,115.67347506131698,114.31944443209228,114.94694519042969,32038000,GOOGL
2021-04-27 00:00:00-04:00,115.33011604963677,115.37092132902323,113.76410145506594,114.00395965576172,44386000,GOOGL
2021-04-28 00:00:00-04:00,119.05579837072018,120.99054864114056,117.10114660558713,117.39076232910156,81106000,GOOGL
2021-04-29 00:00:00-04:00,118.89308224360096,119.63602837600928,118.12773648841575,119.06874084472656,41234000,GOOGL
2021-04-30 00:00:00-04:00,117.83763294465066,118.52584050699024,116.76974036810891,117.1150894165039,44856000,GOOGL
2021-05-03 00:00:00-04:00,117.68286337787097,118.51090528759072,116.21936316034822,116.5965576171875,28242000,GOOGL
2021-05-04 00:00:00-04:00,115.12708626405683,115.69636320160089,112.29711784271197,114.79268646240234,44818000,GOOGL
2021-05-05 00:00:00-04:00,115.87750091536309,116.19448215391392,114.86484054405638,115.18779754638672,26636000,GOOGL
2021-05-06 00:00:00-04:00,114.76780169468033,116.3114242553711,114.10646611417098,116.3114242553711,25190000,GOOGL
2021-05-07 00:00:00-04:00,117.63211092314187,117.9983561400744,116.74982396318221,117.03694915771484,28898000,GOOGL
2021-05-10 00:00:00-04:00,115.85310540353551,115.99543032094336,113.68347806009943,114.04226684570312,30914000,GOOGL
2021-05-11 00:00:00-04:00,111.61985500008853,113.47149891287674,111.1645276228982,112.96292877197266,34186000,GOOGL
2021-05-12 00:00:00-04:00,110.7798698646749,111.86418624163223,109.15911669437793,109.4890365600586,46376000,GOOGL
2021-05-13 00:00:00-04:00,110.77638288716878,111.43921428648419,109.8109971320314,110.92169189453125,33204000,GOOGL
2021-05-14 00:00:00-04:00,112.38966888294074,113.69243847189597,111.96469870491363,113.37694549560547,31996000,GOOGL
2021-05-17 00:00:00-04:00,112.63997266332655,113.94423815039278,112.2388903348768,113.90144348144531,21598000,GOOGL
2021-05-18 00:00:00-04:00,114.56975107464842,114.83498539001295,112.5713022709001,112.58523559570312,22204000,GOOGL
2021-05-19 00:00:00-04:00,110.89133502717809,113.20825325301088,110.74254838311828,113.03458404541016,23684000,GOOGL
2021-05-20 00:00:00-04:00,114.0049543138836,115.04995367632121,113.63273332390318,114.79866027832031,32352000,GOOGL
2021-05-21 00:00:00-04:00,115.31916082166767,115.39281381561896,113.92034619778136,114.16069793701172,40632000,GOOGL
2021-05-24 00:00:00-04:00,115.19375709660679,117.71470157582718,115.04795454577173,117.49028015136719,31832000,GOOGL
2021-05-25 00:00:00-04:00,118.03567732658347,118.63282089487157,117.18972330541762,117.58135223388672,22440000,GOOGL
2021-05-26 00:00:00-04:00,117.76298535487912,118.88114420700485,117.76000126939165,118.44921112060547,21572000,GOOGL
2021-05-27 00:00:00-04:00,118.88412246880004,118.88412246880004,117.25242764141713,117.5718994140625,35224000,GOOGL
2021-05-28 00:00:00-04:00,118.15610588776825,118.23820999772704,117.08273872898874,117.28178405761719,21482000,GOOGL
2021-06-01 00:00:00-04:00,118.1570905828654,118.71790875952479,117.15388368433689,118.49248504638672,23354000,GOOGL
2021-06-02 00:00:00-04:00,118.88909332605556,119.11252766020083,117.05834561985145,117.96551513671875,21158000,GOOGL
2021-06-03 00:00:00-04:00,116.7284216987851,117.29023457883467,115.92177715899341,116.82048034667969,18696000,GOOGL
2021-06-04 00:00:00-04:00,117.89983175465898,119.3807505682356,117.55846149793184,119.10904693603516,24458000,GOOGL
2021-06-07 00:00:00-04:00,118.90352644161484,119.65344300832813,118.48353732486014,119.54346466064453,24120000,GOOGL
2021-06-08 00:00:00-04:00,120.02666352139211,120.40037275616211,119.16925910663717,119.35138702392578,24240000,GOOGL
2021-06-09 00:00:00-04:00,119.9977964011233,120.06994596281687,119.27475179338707,119.82412719726562,17942000,GOOGL
2021-06-10 00:00:00-04:00,119.77336645278285,121.22045035217171,119.61711580354225,121.17715454101562,25904000,GOOGL
2021-06-11 00:00:00-04:00,121.41950536835986,121.50509470935228,120.37250900118785,120.93183898925781,21958000,GOOGL
2021-06-14 00:00:00-04:00,121.03434903831184,121.8633857019183,120.32474413314641,121.8628921508789,22098000,GOOGL
2021-06-15 00:00:00-04:00,121.86735776768438,122.19130946590856,120.47999346547807,120.84176635742188,21562000,GOOGL
2021-06-16 00:00:00-04:00,120.99353315247284,121.30604205013579,118.9015375278692,120.19783782958984,26472000,GOOGL
2021-06-17 00:00:00-04:00,120.12319457492448,121.93950775152115,119.92663220106029,121.16421508789062,25842000,GOOGL
2021-06-18 00:00:00-04:00,120.78951018597671,121.02438731514766,119.44394586362654,119.53948974609375,46116000,GOOGL
2021-06-21 00:00:00-04:00,119.9271335980691,121.41949509864834,119.3279930756123,121.2328872680664,27414000,GOOGL
2021-06-22 00:00:00-04:00,121.17069271040606,121.81760141803291,120.48795979203726,121.74842834472656,22390000,GOOGL
2021-06-23 00:00:00-04:00,121.51255716784965,122.50978839268653,121.25479445301924,121.5458984375,19148000,GOOGL
2021-06-24 00:00:00-04:00,122.1161595703844,122.46996728323248,121.71806894524062,121.9171142578125,21362000,GOOGL
2021-06-25 00:00:00-04:00,121.41949566786325,122.0494869263323,120.98656792867304,121.92557525634766,34594000,GOOGL
2021-06-28 00:00:00-04:00,122.09476570644414,122.20076527318163,120.82782790498153,121.95294952392578,28526000,GOOGL
2021-06-29 00:00:00-04:00,122.08681320150404,122.43564746347714,121.1119740224828,121.69070434570312,23108000,GOOGL
2021-06-30 00:00:00-04:00,121.41402625256768,121.67528178366047,120.7770721013412,121.50857543945312,24474000,GOOGL
2021-07-01 00:00:00-04:00,121.14581091471862,122.00370889101198,120.95323489975411,121.86189270019531,18110000,GOOGL
2021-07-02 00:00:00-04:00,122.56402875962121,124.80730158215873,122.47395949852594,124.6614990234375,25982000,GOOGL
2021-07-06 00:00:00-04:00,125.0506341559567,125.82642797114575,123.9897045454052,125.58956146240234,26404000,GOOGL
2021-07-07 00:00:00-04:00,126.556945178864,126.67835873013823,125.55274349136431,125.8722152709961,24060000,GOOGL
2021-07-08 00:00:00-04:00,123.4358588645875,124.99788702259595,123.43188008424947,124.44901275634766,23790000,GOOGL
2021-07-09 00:00:00-04:00,124.43010544209602,125.1362250527908,123.95885535984911,124.92125701904297,18632000,GOOGL
2021-07-12 00:00:00-04:00,125.57762429893366,126.46488475430863,125.01332084819249,126.37133026123047,17668000,GOOGL
2021-07-13 00:00:00-04:00,126.43402078790348,127.44816936734279,126.07175435939051,126.73558044433594,19240000,GOOGL
2021-07-14 00:00:00-04:00,127.34915162866419,128.71114739493328,127.30585581569756,127.62682342529297,23742000,GOOGL
2021-07-15 00:00:00-04:00,128.03686284017635,128.0876150688026,125.92794221134592,126.40068054199219,24218000,GOOGL
2021-07-16 00:00:00-04:00,127.05555571192009,127.20334766110668,125.5532396143855,126.36585235595703,20424000,GOOGL
2021-07-19 00:00:00-04:00,125.48954262685852,125.60449445304222,122.91733701019425,123.98523712158203,27968000,GOOGL
2021-07-20 00:00:00-04:00,124.9302089444466,126.43850077838984,123.75881501817668,125.60897064208984,26312000,GOOGL
2021-07-21 00:00:00-04:00,125.5333313160581,126.9888739739733,125.4238541100995,126.94210052490234,20746000,GOOGL
2021-07-22 00:00:00-04:00,127.23568092677225,127.87164030868064,126.89232132734656,127.8104248046875,14302000,GOOGL
2021-07-23 00:00:00-04:00,129.80988959225203,132.7642708837393,129.18289754735918,132.38209533691406,41506000,GOOGL
2021-07-26 00:00:00-04:00,132.6940965511764,133.5982667591998,131.67197525217534,133.39723205566406,30572000,GOOGL
2021-07-27 00:00:00-04:00,133.61171004397323,133.7595019903575,129.4849403696827,131.2723846435547,54710000,GOOGL
2021-07-28 00:00:00-04:00,135.66340668703342,137.6389624126458,134.63382884778994,135.44644165039062,95130000,GOOGL
2021-07-29 00:00:00-04:00,135.50217964857367,136.01074984273308,134.89807315618333,135.13145446777344,31716000,GOOGL
2021-07-30 00:00:00-04:00,134.39248350863042,134.66070190945484,133.61619609988043,134.08544921875,25576000,GOOGL
2021-08-02 00:00:00-04:00,134.47407749953126,134.69253074494515,133.15737467086495,134.21282958984375,21634000,GOOGL
2021-08-03 00:00:00-04:00,134.4919946425515,135.08615411628443,132.68514239501812,134.98464965820312,20762000,GOOGL
2021-08-04 00:00:00-04:00,134.70547712760563,135.0040526928008,133.84707807248856,134.4825439453125,19676000,GOOGL
2021-08-05 00:00:00-04:00,135.03491292404775,135.7012372072588,134.20438041159676,135.6031951904297,17870000,GOOGL
2021-08-06 00:00:00-04:00,135.3947045352635,135.82315240249707,134.56666255430508,135.09263610839844,20488000,GOOGL
2021-08-09 00:00:00-04:00,135.29564877035045,136.53124218318524,134.6955060017478,136.2615203857422,17760000,GOOGL
2021-08-10 00:00:00-04:00,136.68847913839065,137.11694210496884,135.71563707055319,136.15603637695312,19414000,GOOGL
2021-08-11 00:00:00-04:00,136.52877157272962,137.02737959411166,135.6230978548488,135.6305694580078,15352000,GOOGL
2021-08-12 00:00:00-04:00,135.3284908102748,136.64669715164672,134.78111998935373,136.54119873046875,16506000,GOOGL
2021-08-13 00:00:00-04:00,136.59693753421325,137.2005580055058,136.3809748009373,137.07215881347656,15948000,GOOGL
2021-08-16 00:00:00-04:00,136.8706151743202,137.70413924909806,134.65520911093867,137.65138244628906,22384000,GOOGL
2021-08-17 00:00:00-04:00,137.09455209368923,137.60760213542056,135.4344895711395,136.01123046875,21716000,GOOGL
2021-08-18 00:00:00-04:00,135.8504983673145,136.4521294137989,134.67760864209106,134.80450439453125,19258000,GOOGL
2021-08-19 00:00:00-04:00,133.79583845464464,135.70370932909012,133.61121999580743,135.03440856933594,21782000,GOOGL
2021-08-20 00:00:00-04:00,135.35288644524337,136.89949307166904,134.60645508617034,136.7755889892578,31194000,GOOGL
2021-08-23 00:00:00-04:00,137.31302050167736,140.20419691127913,136.95274343167395,139.3751678466797,28454000,GOOGL
2021-08-24 00:00:00-04:00,139.94243918319472,141.4039576066751,139.67074315124864,140.58935546875,19268000,GOOGL
2021-08-25 00:00:00-04:00,140.9511195496134,141.51293245081183,140.70331138846305,141.4029541015625,15848000,GOOGL
2021-08-26 00:00:00-04:00,141.07552321093658,141.73984285117388,140.68438784337567,140.7675018310547,20610000,GOOGL
2021-08-27 00:00:00-04:00,140.97848926563262,143.82488149852614,140.8237268532217,143.3188018798828,28780000,GOOGL
2021-08-30 00:00:00-04:00,143.7129120778502,145.2759501615927,143.47704025354426,143.9025115966797,24434000,GOOGL
2021-08-31 00:00:00-04:00,144.4563725246217,144.48074635237265,143.59449575192565,144.00900268554688,22448000,GOOGL
2021-09-01 00:00:00-04:00,144.31006164544272,145.55809268141408,144.19411512479778,144.5245361328125,21936000,GOOGL
2021-09-02 00:00:00-04:00,144.5250470301467,144.82710026541315,142.50370495740134,142.605224609375,32342000,GOOGL
2021-09-03 00:00:00-04:00,142.3996963220879,143.4690770503106,141.72292401737542,143.05555725097656,19850000,GOOGL
2021-09-07 00:00:00-04:00,143.15011712566266,143.87714056862364,142.93564262833766,143.593994140625,20124000,GOOGL
2021-09-08 00:00:00-04:00,143.41434410788645,143.71290448780815,142.31957209422643,143.0072784423828,18344000,GOOGL
2021-09-09 00:00:00-04:00,143.15607613822618,143.6238409930003,142.49623642197608,142.85800170898438,15314000,GOOGL
2021-09-10 00:00:00-04:00,143.5262839446984,144.0298881380867,140.0683293807008,140.20567321777344,36840000,GOOGL
2021-09-13 00:00:00-04:00,141.2740545378672,142.26979737771194,140.57788953208455,141.65524291992188,22094000,GOOGL
2021-09-14 00:00:00-04:00,142.31508421541983,142.68084343965654,141.07551200540024,141.86622619628906,19674000,GOOGL
2021-09-15 00:00:00-04:00,142.09216342027784,143.76317524274404,140.67494311484762,143.74227905273438,27408000,GOOGL
2021-09-16 00:00:00-04:00,143.2655459492546,143.6133854871325,141.72392050993247,142.92666625976562,26190000,GOOGL
2021-09-17 00:00:00-04:00,142.34993679970833,142.7674353957721,139.80161903772358,140.1300506591797,53384000,GOOGL
2021-09-20 00:00:00-04:00,137.50410463134253,138.33861588686366,135.6733644328631,138.0594482421875,46518000,GOOGL
2021-09-21 00:00:00-04:00,139.08454245988372,139.3453044410875,137.62004753126166,138.3714599609375,25332000,GOOGL
2021-09-22 00:00:00-04:00,138.64118089062606,140.21664143476931,137.89225891810773,139.6160125732422,25056000,GOOGL
2021-09-23 00:00:00-04:00,140.31666950445637,141.02229564251655,139.73345921270854,140.54408264160156,20952000,GOOGL
2021-09-24 00:00:00-04:00,139.86977837280685,141.6532589710482,139.57369334948527,141.53829956054688,22984000,GOOGL
2021-09-27 00:00:00-04:00,140.13451260332025,141.26311935005253,139.4010199653702,140.40074157714844,21882000,GOOGL
2021-09-28 00:00:00-04:00,137.99525571421634,138.43465279850446,134.71593568317124,135.18370056152344,45772000,GOOGL
2021-09-29 00:00:00-04:00,136.3282160833576,136.4984076534218,133.2280476280008,133.71421813964844,30848000,GOOGL
2021-09-30 00:00:00-04:00,133.622656505888,134.89755184426153,132.92050809949572,133.03993225097656,37996000,GOOGL
2021-10-01 00:00:00-04:00,133.80776143606408,136.25905453272804,133.43504691909288,135.89329528808594,35360000,GOOGL
2021-10-04 00:00:00-04:00,135.31355994072126,135.31355994072126,130.4264333828189,133.0235137939453,51202000,GOOGL
2021-10-05 00:00:00-04:00,133.40319914581136,136.57155342877454,133.40319914581136,135.37576293945312,32404000,GOOGL
2021-10-06 00:00:00-04:00,134.10883795724234,137.09456347762622,133.90979262645382,136.9104461669922,24364000,GOOGL
2021-10-07 00:00:00-04:00,138.23112248140887,139.37565966392003,137.99127188020964,138.5625457763672,25110000,GOOGL
2021-10-08 00:00:00-04:00,138.91285737788812,139.66326749093665,138.55507087480348,139.12037658691406,26526000,GOOGL
2021-10-11 00:00:00-04:00,138.62921329433456,140.04245467587032,138.1982597915222,138.2530059814453,17954000,GOOGL
2021-10-12 00:00:00-04:00,138.81631197535404,138.84319152031614,135.1140115321381,135.79974365234375,36332000,GOOGL
2021-10-13 00:00:00-04:00,136.74870263527313,137.34336323308608,135.86940738847895,136.92735290527344,19654000,GOOGL
2021-10-14 00:00:00-04:00,138.81037790302142,140.66500621624925,138.16446379753594,140.47940063476562,31894000,GOOGL
2021-10-15 00:00:00-04:00,140.9406758382608,141.04368373195877,140.08526840258062,140.69534301757812,30274000,GOOGL
2021-10-18 00:00:00-04:00,140.40525162995812,142.11656777105117,140.39828117047438,142.09864807128906,20396000,GOOGL
2021-10-19 00:00:00-04:00,142.7052165055334,142.97891708528803,141.92147277693343,142.55543518066406,20164000,GOOGL
2021-10-20 00:00:00-04:00,142.65595589699134,142.8629739512192,140.70378718712195,141.09442138671875,23288000,GOOGL
2021-10-21 00:00:00-04:00,141.0944288032196,141.47959599698243,139.8314697814444,141.21087646484375,26292000,GOOGL
2021-10-22 00:00:00-04:00,138.48788774197112,139.91406787765993,135.4086155032677,136.91192626953125,50588000,GOOGL
2021-10-25 00:00:00-04:00,136.89550600929624,137.34336176040858,134.77961499839506,136.79299926757812,34412000,GOOGL
2021-10-26 00:00:00-04:00,138.60086108273072,139.4164503216993,137.6464245564592,138.64564514160156,49236000,GOOGL
2021-10-27 00:00:00-04:00,138.7416891746795,147.94269523760374,138.7416891746795,145.5217742919922,85782000,GOOGL
2021-10-28 00:00:00-04:00,146.43440448452932,146.4577912079441,143.93882848959854,145.15501403808594,36206000,GOOGL
2021-10-29 00:00:00-04:00,144.3877030706484,147.53664980823456,143.96124460171143,147.34158325195312,43320000,GOOGL
2021-11-01 00:00:00-04:00,147.34157518450897,147.34157518450897,142.54400119567305,142.814208984375,46924000,GOOGL
2021-11-02 00:00:00-04:00,143.89157087310116,145.9114095190237,143.6487285755413,144.74050903320312,33482000,GOOGL
2021-11-03 00:00:00-04:00,145.20627603308367,145.97112823745937,143.90301282793487,145.9004669189453,27494000,GOOGL
2021-11-04 00:00:00-04:00,146.42444502422165,149.0210395628188,145.61183230162575,147.56201171875,38412000,GOOGL
2021-11-05 00:00:00-04:00,148.4597167387127,149.61221148430093,147.49185562711088,148.14373779296875,38354000,GOOGL
2021-11-08 00:00:00-05:00,149.112081923021,149.89833135582407,147.72421666895772,148.32186889648438,23052000,GOOGL
2021-11-09 00:00:00-05:00,148.5229176061689,149.12155699209504,146.54437039574856,148.2099151611328,19530000,GOOGL
2021-11-10 00:00:00-05:00,146.79815722294808,147.3654523063304,143.8497596311641,145.1992950439453,29970000,GOOGL
2021-11-11 00:00:00-05:00,145.79248880737023,146.8335170484895,144.9077112347004,145.0729217529297,16518000,GOOGL
2021-11-12 00:00:00-05:00,145.91786437465117,148.14174439297312,144.71909735662823,147.97055053710938,22360000,GOOGL
2021-11-15 00:00:00-05:00,148.19200352635517,148.83791753921437,146.8728099950018,147.74563598632812,23508000,GOOGL
2021-11-16 00:00:00-05:00,147.44459099237028,148.05466563286177,146.6115679587527,147.17239379882812,18904000,GOOGL
2021-11-17 00:00:00-05:00,147.32316712719995,147.85263351120778,146.53942324042927,147.3425750732422,19594000,GOOGL
2021-11-18 00:00:00-05:00,147.53616303101114,149.8640384889797,147.18086699401806,149.1255645751953,35608000,GOOGL
2021-11-19 00:00:00-05:00,149.261884915546,150.24818207871883,148.19051474348757,148.21788024902344,33682000,GOOGL
2021-11-22 00:00:00-05:00,148.62196358916296,149.11659285483776,145.4521206035981,145.6058807373047,30594000,GOOGL
2021-11-23 00:00:00-05:00,145.45758531028238,145.96217670595368,143.4292879620821,145.08834838867188,27218000,GOOGL
2021-11-24 00:00:00-05:00,144.7812897366872,145.55359827200022,143.68603182840016,145.42471313476562,18040000,GOOGL
2021-11-26 00:00:00-05:00,143.66164728918483,143.86965244762047,141.16757477802446,141.50645446777344,30470000,GOOGL
2021-11-29 00:00:00-05:00,143.31480818794302,145.6013766551945,143.208808626935,144.83802795410156,32596000,GOOGL
2021-11-30 00:00:00-05:00,144.31852565043738,145.30530878621673,140.9277390064455,141.2223358154297,42068000,GOOGL
2021-12-01 00:00:00-05:00,143.31481246492976,145.2560319905602,140.24150848223852,140.38034057617188,34020000,GOOGL
2021-12-02 00:00:00-05:00,140.57791290709565,143.17997469726794,139.5473327918511,142.28575134277344,29194000,GOOGL
2021-12-03 00:00:00-05:00,142.9973338649984,143.71290687290224,139.6334117910002,141.32582092285156,41230000,GOOGL
2021-12-06 00:00:00-05:00,142.3598740528149,143.1680068287507,139.4831248653476,142.4738311767578,30618000,GOOGL
2021-12-07 00:00:00-05:00,144.90371251975077,146.82901692453825,144.53646503259998,146.56875610351562,32240000,GOOGL
2021-12-08 00:00:00-05:00,146.8941952905736,147.68691409027883,145.70936922250843,147.48138427734375,24270000,GOOGL
2021-12-09 00:00:00-05:00,146.88873004760978,148.3905525366859,146.4149970350233,146.93600463867188,23270000,GOOGL
2021-12-10 00:00:00-05:00,147.99244969140912,148.26862564075446,146.00594491114614,147.29727172851562,24458000,GOOGL
2021-12-13 00:00:00-05:00,147.07831366274226,147.26592378004827,144.82509398206858,145.13262939453125,27070000,GOOGL
2021-12-14 00:00:00-05:00,143.2829738879342,143.79253112951932,140.543067257308,143.22225952148438,38446000,GOOGL
2021-12-15 00:00:00-05:00,142.7266307700602,146.02286815487585,141.00386438529304,145.74420166015625,36370000,GOOGL
2021-12-16 00:00:00-05:00,146.4702315616712,146.97432176442135,142.92368044490732,143.75770568847656,33650000,GOOGL
2021-12-17 00:00:00-05:00,141.82196554942942,143.15011897500315,140.62767835046085,141.0506591796875,50416000,GOOGL
2021-12-20 00:00:00-05:00,139.33384883079916,141.09991095324537,138.65807881354345,140.93319702148438,27192000,GOOGL
2021-12-21 00:00:00-05:00,141.37760129629754,143.18446903027274,139.8339861166668,142.78985595703125,28756000,GOOGL
2021-12-22 00:00:00-05:00,142.38676234044013,145.80292498957579,142.38676234044013,145.71832275390625,26322000,GOOGL
2021-12-23 00:00:00-05:00,145.80293088513884,147.53813480597037,145.75515514574224,146.2174530029297,26384000,GOOGL
2021-12-27 00:00:00-05:00,146.5553108278189,147.6381312633762,146.4692203540776,147.2027130126953,15976000,GOOGL
2021-12-28 00:00:00-05:00,147.53065445426495,147.59335821023151,145.35954639528723,145.98902893066406,18200000,GOOGL
2021-12-29 00:00:00-05:00,145.9467357429029,146.7155667093918,144.95448562894353,145.95718383789062,17788000,GOOGL
2021-12-30 00:00:00-05:00,145.99598858016904,146.59910785453053,145.2998235600185,145.5048370361328,15688000,GOOGL
2021-12-31 00:00:00-05:00,145.35506319669503,146.0004760251165,144.1627655029297,144.1627655029297,18136000,GOOGL
2022-01-03 00:00:00-05:00,144.36479494039722,145.15701265332763,143.02918515577247,144.30160522460938,28646000,GOOGL
2022-01-04 00:00:00-05:00,144.70416653668696,145.78798930459803,143.03266881925126,143.71241760253906,28400000,GOOGL
2022-01-05 00:00:00-05:00,143.73283243513856,143.81195246481798,137.03286935371747,137.11944580078125,54618000,GOOGL
2022-01-06 00:00:00-05:00,136.34664244900424,139.2741441048197,135.9087336140623,137.09207153320312,37348000,GOOGL
2022-01-07 00:00:00-05:00,137.48816060615565,137.78972784408742,135.1204826896513,136.3650360107422,29760000,GOOGL
2022-01-10 00:00:00-05:00,134.43528635965367,138.1589847256294,132.5308930765843,138.0096893310547,44408000,GOOGL
2022-01-11 00:00:00-05:00,137.35034411747029,139.54883297337483,136.0420998146872,139.07110595703125,28730000,GOOGL
2022-01-12 00:00:00-05:00,140.4783702161075,141.9294404967946,140.02504742905134,140.75753784179688,26108000,GOOGL
2022-01-13 00:00:00-05:00,140.86651857043935,142.1702980929826,137.75041975538085,137.92758178710938,31436000,GOOGL
2022-01-14 00:00:00-05:00,136.426740644181,140.07232082607686,136.3466335227671,138.8168182373047,29662000,GOOGL
2022-01-18 00:00:00-05:00,135.52705085012096,136.47899680734477,134.79405929684148,135.35089111328125,34872000,GOOGL
2022-01-19 00:00:00-05:00,135.87388991456638,137.30306172956688,134.37306968151069,134.4735870361328,28648000,GOOGL
2022-01-20 00:00:00-05:00,135.60169102059876,136.97115074107518,132.3318170208066,132.67318725585938,29908000,GOOGL
2022-01-21 00:00:00-05:00,131.96259868346377,134.22377601264574,129.46752373899022,129.73126220703125,55652000,GOOGL
2022-01-24 00:00:00-05:00,125.37856914011597,130.5787136535352,123.90760490884027,130.18161010742188,76622000,GOOGL
2022-01-25 00:00:00-05:00,128.12744363968903,128.7833046294374,125.89859753096928,126.33102416992188,46960000,GOOGL
2022-01-26 00:00:00-05:00,130.49511541961544,132.3671620019992,126.53703372214112,128.6180877685547,49130000,GOOGL
2022-01-27 00:00:00-05:00,130.6792312241268,132.02131030726912,128.31900956615908,128.39117431640625,31950000,GOOGL
2022-01-28 00:00:00-05:00,129.04205751284695,132.72197391207828,127.87364760924652,132.71649169921875,34362000,GOOGL
2022-01-31 00:00:00-05:00,133.5236351765011,134.82840181492318,131.58042613665086,134.65969848632812,39986000,GOOGL
2022-02-01 00:00:00-05:00,136.93979546512767,137.13735254168026,133.72914748544642,136.9890594482422,68644000,GOOGL
2022-02-02 00:00:00-05:00,150.53031199687234,150.82539473153096,144.83007165755623,147.2957763671875,123200000,GOOGL
2022-02-03 00:00:00-05:00,145.0121976171074,148.96280731193713,141.98665428742234,142.4091339111328,71518000,GOOGL
2022-02-04 00:00:00-05:00,142.76195915753863,144.18564871656986,139.84639407354533,142.61117553710938,57998000,GOOGL
2022-02-07 00:00:00-05:00,143.56363789927013,143.56363789927013,138.23908788884378,138.53866577148438,54974000,GOOGL
2022-02-08 00:00:00-05:00,138.36499262195844,139.33385604729077,136.36207147851567,138.7357177734375,54284000,GOOGL
2022-02-09 00:00:00-05:00,140.2927701568597,141.8463472422032,139.51996039462585,140.91827392578125,40144000,GOOGL
2022-02-10 00:00:00-05:00,139.03877453098843,140.81129088948327,137.30057895120314,137.96041870117188,39330000,GOOGL
2022-02-11 00:00:00-05:00,137.94051590489158,138.49435604596948,132.76524653286933,133.6435546875,39958000,GOOGL
2022-02-14 00:00:00-05:00,132.62243215848918,135.65145321102975,132.62243215848918,134.88113403320312,34302000,GOOGL
2022-02-15 00:00:00-05:00,136.91590911778226,137.45135880950014,135.17523823760737,135.95849609375,26680000,GOOGL
2022-02-16 00:00:00-05:00,135.99631295565902,137.42896248282813,134.28200525127366,137.08262634277344,25022000,GOOGL
2022-02-17 00:00:00-05:00,135.59472615306703,136.461082812284,131.84814248998057,131.90835571289062,38950000,GOOGL
2022-02-18 00:00:00-05:00,132.83193274174764,133.43207557532537,129.5770018418038,129.7825164794922,45620000,GOOGL
2022-02-22 00:00:00-05:00,129.22020512579672,131.5515578787969,127.61338526044253,129.19583129882812,44990000,GOOGL
2022-02-23 00:00:00-05:00,131.02209177354695,131.42267296291416,126.92069803114178,126.98091125488281,32786000,GOOGL
2022-02-24 00:00:00-05:00,124.35895204602602,132.36716679103367,124.35895204602602,132.05963134765625,54456000,GOOGL
2022-02-25 00:00:00-05:00,132.9165342626019,134.62785022225833,131.12459484875018,133.81971740722656,36406000,GOOGL
2022-02-28 00:00:00-05:00,132.4169288111751,135.10556696702054,131.96160142081268,134.4143829345703,38864000,GOOGL
2022-03-01 00:00:00-05:00,134.23671311624648,135.6071599580106,132.58462329799266,133.42359924316406,26496000,GOOGL
2022-03-02 00:00:00-05:00,133.98743256772605,134.61890456353234,132.43833526898584,133.9311981201172,23520000,GOOGL
2022-03-03 00:00:00-05:00,135.362821481941,135.79028217623375,132.3925254709241,133.2623748779297,24604000,GOOGL
2022-03-04 00:00:00-05:00,132.29500752871238,133.2146069267177,129.71731977017836,131.2788543701172,30430000,GOOGL
2022-03-07 00:00:00-05:00,130.86235301354495,131.10817177136278,125.69405425346693,125.77716064453125,45112000,GOOGL
2022-03-08 00:00:00-05:00,125.6492685764528,130.62547723294597,125.07650647413256,126.49970245361328,40428000,GOOGL
2022-03-09 00:00:00-05:00,130.62548341324316,133.09916098406526,129.28240208203147,132.78515625,37026000,GOOGL
2022-03-10 00:00:00-05:00,130.64141568020557,132.6378674373792,130.28959734180035,131.79937744140625,27102000,GOOGL
2022-03-11 00:00:00-05:00,132.85332926637238,133.15887530088736,129.01468700810108,129.25254821777344,31526000,GOOGL
2022-03-14 00:00:00-04:00,129.63024013957775,129.78848017881063,124.67891386783609,125.35169219970703,38812000,GOOGL
2022-03-15 00:00:00-04:00,126.37182448632802,129.23663756892861,125.12229757961958,128.583251953125,30920000,GOOGL
2022-03-16 00:00:00-04:00,130.1109526032966,132.69857226432342,128.12195717811286,132.64633178710938,35576000,GOOGL
2022-03-17 00:00:00-04:00,132.51544446609907,133.44251542685555,131.55602693390728,133.20216369628906,28264000,GOOGL
2022-03-18 00:00:00-04:00,132.78961629420914,135.5957038344394,131.62916418987535,135.47776794433594,44566000,GOOGL
2022-03-21 00:00:00-04:00,135.51560466660072,136.39789162419223,133.4544597507842,135.4539031982422,26832000,GOOGL
2022-03-22 00:00:00-04:00,135.45391090476724,140.37886680791058,135.45391090476724,139.20248413085938,35496000,GOOGL
2022-03-23 00:00:00-04:00,138.0425085935887,138.92429430194807,137.1791437250509,137.61753845214844,25154000,GOOGL
2022-03-24 00:00:00-04:00,138.53765371288432,140.94514991308523,137.09505730306245,140.89837646484375,26396000,GOOGL
2022-03-25 00:00:00-04:00,141.24072608323831,141.35916312962928,139.07259464161262,140.99888610839844,24126000,GOOGL
2022-03-28 00:00:00-04:00,140.23007305677257,141.32683456688196,139.1462501767931,140.78244018554688,35050000,GOOGL
2022-03-29 00:00:00-04:00,141.96874564221065,143.10928873117544,141.36263470581895,141.82740783691406,34318000,GOOGL
2022-03-30 00:00:00-04:00,141.78215606095287,142.041414610686,140.92624749010545,141.2631378173828,19884000,GOOGL
2022-03-31 00:00:00-04:00,141.3770911257397,141.43183732694075,138.36301282244463,138.4058074951172,37524000,GOOGL
2022-04-01 00:00:00-04:00,138.83624029562424,139.80261322253037,137.64940951093706,139.483642578125,25942000,GOOGL
2022-04-04 00:00:00-04:00,139.69064073160442,143.02818421725604,139.6428649982141,142.29119873046875,25942000,GOOGL
2022-04-05 00:00:00-04:00,142.1892190441835,142.31013145949348,139.71455405588372,139.92205810546875,21418000,GOOGL
2022-04-06 00:00:00-04:00,138.08980328110664,138.69740254618586,134.87218475857597,135.89828491210938,32468000,GOOGL
2022-04-07 00:00:00-04:00,135.36282523850036,136.5118422894148,133.58880560045588,135.24191284179688,26234000,GOOGL
2022-04-08 00:00:00-04:00,134.93835487299648,135.0244453490223,132.33281575795365,132.65328979492188,25142000,GOOGL
2022-04-11 00:00:00-04:00,131.19625072432203,131.46396795737343,128.0562642583226,128.2105255126953,36884000,GOOGL
2022-04-12 00:00:00-04:00,130.97382925450697,130.97382925450697,126.1857162540227,127.1068115234375,32710000,GOOGL
2022-04-13 00:00:00-04:00,127.39095470279639,129.71384877798675,127.13318439512136,129.27593994140625,27928000,GOOGL
2022-04-14 00:00:00-04:00,129.8586543117061,129.8586543117061,125.99859967897054,126.12699127197266,31598000,GOOGL
2022-04-18 00:00:00-04:00,126.39571309247896,127.60243774339565,125.58160448146151,127.0689926147461,20808000,GOOGL
2022-04-19 00:00:00-04:00,127.0839183466349,129.7128443833924,126.39520967257236,129.39039611816406,26490000,GOOGL
2022-04-20 00:00:00-04:00,130.2691902594668,130.77378162705162,126.89333171577131,127.43075561523438,31696000,GOOGL
2022-04-21 00:00:00-04:00,128.63500784795013,129.47946605426276,123.93397991770688,124.22061157226562,36446000,GOOGL
2022-04-22 00:00:00-04:00,124.40522250559663,124.8053101263878,118.35913172906152,119.06624603271484,56884000,GOOGL
2022-04-25 00:00:00-04:00,118.53429277469893,122.69091861575488,117.94710375134851,122.48838806152344,46128000,GOOGL
2022-04-26 00:00:00-04:00,121.71260107377317,121.92707556109316,117.94710303931359,118.08544158935547,73054000,GOOGL
2022-04-27 00:00:00-04:00,113.92483415386953,116.68414126004245,112.20008592742334,113.75067138671875,91820000,GOOGL
2022-04-28 00:00:00-04:00,115.86107915420212,119.08018595435958,113.57201989604017,117.95854949951172,48884000,GOOGL
2022-04-29 00:00:00-04:00,116.17904555251677,117.35890574463856,113.27294145478096,113.56653594970703,42676000,GOOGL
2022-05-02 00:00:00-04:00,112.86539470993021,116.18999980943521,112.06422476007553,116.02827453613281,35534000,GOOGL
2022-05-03 00:00:00-04:00,115.87649904343223,117.87843306840782,115.48238717008276,116.77570343017578,24968000,GOOGL
2022-05-04 00:00:00-04:00,116.4746360987147,122.2699268388617,114.56824610086612,121.67925262451172,49916000,GOOGL
2022-05-05 00:00:00-04:00,119.63204464005044,120.46307061064945,114.45827869555946,115.95114135742188,45840000,GOOGL
2022-05-06 00:00:00-04:00,114.63643262732876,117.01207587544798,113.47299621973782,115.19575500488281,39710000,GOOGL
2022-05-09 00:00:00-04:00,112.71112905218551,114.52943920583498,111.46757799921504,111.97564697265625,40802000,GOOGL
2022-05-10 00:00:00-04:00,114.95788698251471,115.6968542910652,112.36328947356759,113.85067749023438,39900000,GOOGL
2022-05-11 00:00:00-04:00,112.6977024843236,115.81081721712015,112.6977024843236,113.06195831298828,37534000,GOOGL
2022-05-12 00:00:00-04:00,110.84754643399383,113.7511601444871,109.30193451554294,112.30706787109375,53836000,GOOGL
2022-05-13 00:00:00-04:00,113.98803256594428,117.31413370158947,113.06445432012579,115.4983139038086,35038000,GOOGL
2022-05-16 00:00:00-04:00,114.40852067379373,115.61724230928375,113.34759858622417,113.90045166015625,25990000,GOOGL
2022-05-17 00:00:00-04:00,116.28455202745589,116.34377055599607,114.32343087143941,115.9188003540039,23054000,GOOGL
2022-05-18 00:00:00-04:00,114.4528070059292,114.8509052445683,111.02469285947781,111.36705780029297,35126000,GOOGL
2022-05-19 00:00:00-04:00,110.90128865895407,112.4722766682842,109.47659675819857,109.85877227783203,34144000,GOOGL
2022-05-20 00:00:00-04:00,111.418305686061,111.6497051639263,105.29309506741203,108.38978576660156,48962000,GOOGL
2022-05-23 00:00:00-04:00,109.06606499448633,111.61388163619868,108.22358859840143,110.95751953125,37184000,GOOGL
2022-05-24 00:00:00-04:00,105.26872621912392,105.95196030949565,101.3997188941299,105.46578216552734,76780000,GOOGL
2022-05-25 00:00:00-04:00,104.48595502313039,105.99325219877339,103.36232921245352,105.30155944824219,40258000,GOOGL
2022-05-26 00:00:00-04:00,105.17416668495665,108.1325189038604,104.7243139415563,107.27960205078125,37948000,GOOGL
2022-05-27 00:00:00-04:00,108.96206020855854,111.7835698138087,108.61919412203534,111.78207397460938,37914000,GOOGL
2022-05-31 00:00:00-04:00,112.21003212171203,115.18431484820356,111.54521130217331,113.220703125,50012000,GOOGL
2022-06-01 00:00:00-04:00,114.30849764115457,116.54430641015415,112.71113124806907,113.3500747680664,36606000,GOOGL
2022-06-02 00:00:00-04:00,113.45756701556255,117.33851047218953,112.40908243525307,117.06282806396484,37992000,GOOGL
2022-06-03 00:00:00-04:00,115.51024691373239,115.76801720266153,112.97835314878134,113.99598693847656,26136000,GOOGL
2022-06-06 00:00:00-04:00,116.14920308967707,118.77913155288562,115.61127801779323,116.26465606689453,33542000,GOOGL
2022-06-07 00:00:00-04:00,114.93102184671086,117.13100649382692,114.50456340116364,116.59207916259766,31590000,GOOGL
2022-06-08 00:00:00-04:00,116.20592298566977,118.00632111258021,116.04519240682265,116.63636779785156,26108000,GOOGL
2022-06-09 00:00:00-04:00,115.77399057256335,117.73611398435301,114.22987449001698,114.28909301757812,25798000,GOOGL
2022-06-10 00:00:00-04:00,111.90996185455049,112.73999313613125,109.84085182107376,110.632568359375,41452000,GOOGL
2022-06-13 00:00:00-04:00,106.27839110394777,108.27384824703032,105.61407143207575,105.88626861572266,47252000,GOOGL
2022-06-14 00:00:00-04:00,106.02808814729501,107.41097248913957,105.29658482140374,106.20772552490234,33706000,GOOGL
2022-06-15 00:00:00-04:00,108.0285229467679,110.89332844630779,107.15719279182463,109.24222564697266,39698000,GOOGL
2022-06-16 00:00:00-04:00,106.71081841205395,108.1315239116339,104.63772962441162,105.52896881103516,51684000,GOOGL
2022-06-17 00:00:00-04:00,105.52897843764345,108.18229360105146,104.54617406358982,106.63369750976562,51376000,GOOGL
2022-06-21 00:00:00-04:00,108.41118312635855,111.95424892421053,108.08325267016507,111.01324462890625,47416000,GOOGL
2022-06-22 00:00:00-04:00,110.0304613100788,112.80717945124134,109.85728564039822,110.95703125,30774000,GOOGL
2022-06-23 00:00:00-04:00,111.69747579437303,112.20604591984649,109.97471708378085,111.70792388916016,28362000,GOOGL
2022-06-24 00:00:00-04:00,112.45735787961853,117.51716718427524,112.41505675916555,117.41365814208984,41164000,GOOGL
2022-06-27 00:00:00-04:00,117.71023220229814,118.01526949121953,114.6314459624472,115.28234100341797,36420000,GOOGL
2022-06-28 00:00:00-04:00,115.25148924100075,116.75132243650623,111.31580714736661,111.47454833984375,35792000,GOOGL
2022-06-29 00:00:00-04:00,111.02121914854789,112.62206327148687,110.34494794788081,111.17000579833984,24716000,GOOGL
2022-06-30 00:00:00-04:00,109.47659494140807,110.36037012107478,106.24205918177555,108.44452667236328,43170000,GOOGL
2022-07-01 00:00:00-04:00,107.41943163222562,108.73016641639377,106.22265397774427,108.22010803222656,35476000,GOOGL
2022-07-05 00:00:00-04:00,106.59089187479918,112.8375236690026,105.22840262829631,112.72406768798828,39342000,GOOGL
2022-07-06 00:00:00-04:00,112.76289403083528,115.03950824405749,110.94557840360967,114.02684783935547,37432000,GOOGL
2022-07-07 00:00:00-04:00,114.53242824450783,118.62237150865167,114.28710302372731,118.21780395507812,40936000,GOOGL
2022-07-08 00:00:00-04:00,116.69209965966292,119.11551098399944,116.34525479851375,118.78559112548828,38238000,GOOGL
2022-07-11 00:00:00-04:00,117.4365476052986,117.4365476052986,114.78173665895066,115.12609100341797,31196000,GOOGL
2022-07-12 00:00:00-04:00,115.66202058231765,116.41741177109778,113.14904114568549,113.47796630859375,29960000,GOOGL
2022-07-13 00:00:00-04:00,111.16950439272351,113.65263549932013,110.67238462038537,110.82366180419922,43722000,GOOGL
2022-07-14 00:00:00-04:00,109.68610316058955,110.56440377859388,107.85734476528513,109.84235382080078,37004000,GOOGL
2022-07-15 00:00:00-04:00,111.4675820742736,112.60215711200841,110.3723164753788,111.24563598632812,46770000,GOOGL
2022-07-18 00:00:00-04:00,112.10403093176883,113.13908327050366,107.85435196917416,108.5112075805664,43164600,GOOGL
2022-07-19 00:00:00-04:00,110.32255584496407,113.47747063825159,109.03869296718022,113.26847076416016,36530900,GOOGL
2022-07-20 00:00:00-04:00,112.63151001819001,114.85090252062787,111.9447983557441,113.35803985595703,35600400,GOOGL
2022-07-21 00:00:00-04:00,113.73623213542243,114.00495167460863,110.58131743938425,113.79594421386719,32676200,GOOGL
2022-07-22 00:00:00-04:00,110.47184488302739,111.80546531170556,105.99325657695871,107.3865966796875,48901200,GOOGL
2022-07-25 00:00:00-04:00,107.89417039822348,109.3472225583573,105.79420953019157,106.99845123291016,34690900,GOOGL
2022-07-26 00:00:00-04:00,106.09277036719988,106.68991390610014,103.57480992289085,104.5202865600586,47991000,GOOGL
2022-07-27 00:00:00-04:00,108.7401268402842,113.36800296920033,107.49607452568807,112.52204132080078,59858500,GOOGL
2022-07-28 00:00:00-04:00,111.83532546250933,113.79594545946627,110.92965176635761,113.67652130126953,32816600,GOOGL
2022-07-29 00:00:00-04:00,112.54194397943671,116.15466896108313,112.52203489140882,115.76652526855469,37223400,GOOGL
2022-08-01 00:00:00-04:00,114.75137773642173,116.16461921046162,113.79593896680589,114.31346893310547,26034300,GOOGL
2022-08-02 00:00:00-04:00,113.4575633556852,115.79638002904798,113.17889687110984,114.58218383789062,20236000,GOOGL
2022-08-03 00:00:00-04:00,115.1594320713057,118.05558946224379,114.93053070088145,117.51815795898438,28499000,GOOGL
2022-08-04 00:00:00-04:00,116.92101136605847,118.21482116526452,116.33381474881479,117.62763214111328,21602900,GOOGL
2022-08-05 00:00:00-04:00,115.67695880145602,117.54801066886964,115.44804984442452,116.91105651855469,19159500,GOOGL
2022-08-08 00:00:00-04:00,117.82667699099878,119.57830469839134,116.32385973549923,116.74186706542969,19138300,GOOGL
2022-08-09 00:00:00-04:00,116.58262580661216,116.7617696373508,115.15942970493639,116.0750503540039,19086500,GOOGL
2022-08-10 00:00:00-04:00,118.21481155899389,120.34462825526873,117.84657697820947,119.13043212890625,30930400,GOOGL
2022-08-11 00:00:00-04:00,120.70292085614055,120.91192071702521,117.99586202223843,118.27452850341797,24293700,GOOGL
2022-08-12 00:00:00-04:00,119.6877792993413,121.10102081298828,118.89158283337814,121.10102081298828,19096300,GOOGL
2022-08-15 00:00:00-04:00,120.55363833935155,121.71807703386351,120.03611593641816,121.4991226196289,19494800,GOOGL
2022-08-16 00:00:00-04:00,120.94178207281517,121.84745576956125,120.06597200873036,121.12092590332031,19041200,GOOGL
2022-08-17 00:00:00-04:00,119.54845056051758,120.71288167155528,118.81196614417375,118.98116302490234,22847000,GOOGL
2022-08-18 00:00:00-04:00,118.86173634114425,120.24512192721616,118.1551155275681,119.59821319580078,17987700,GOOGL
2022-08-19 00:00:00-04:00,118.49348615368488,118.58306186399878,116.20443457194587,116.65229034423828,21809500,GOOGL
2022-08-22 00:00:00-04:00,114.65184995934078,115.07980422824266,113.30827507565557,113.69641876220703,21456600,GOOGL
2022-08-23 00:00:00-04:00,112.94004053241602,114.46275924088157,112.89027540618044,113.31822967529297,15870400,GOOGL
2022-08-24 00:00:00-04:00,112.9599418544723,114.23385011599804,112.33294226755979,113.14904022216797,17734600,GOOGL
2022-08-25 00:00:00-04:00,113.69641910388675,116.1646220653855,113.56704040567818,116.09495544433594,16956800,GOOGL
2022-08-26 00:00:00-04:00,114.17414361532893,114.57224186477183,109.66569935363755,109.81497955322266,37245700,GOOGL
2022-08-29 00:00:00-04:00,109.46665587275665,110.42208719796032,108.28232315972038,108.89936828613281,21191200,GOOGL
2022-08-30 00:00:00-04:00,109.64578930257257,109.97422092496217,107.28707105272045,108.42164611816406,27513300,GOOGL
2022-08-31 00:00:00-04:00,110.12350061045113,110.32254592222807,107.61548716074697,107.70506286621094,28627000,GOOGL
2022-09-01 00:00:00-04:00,107.76478233631381,109.92445524897461,106.84916169035981,109.21783447265625,28360900,GOOGL
2022-09-02 00:00:00-04:00,110.06378281149561,110.2130705944094,106.74963351488796,107.33682250976562,24160700,GOOGL
2022-09-06 00:00:00-04:00,106.78944701500801,107.51596926896929,105.27667524334035,106.30177307128906,25068300,GOOGL
2022-09-07 00:00:00-04:00,106.55057966549539,109.45669135552637,106.39134493339468,108.92920684814453,23167000,GOOGL
2022-09-08 00:00:00-04:00,107.5259250214311,109.078499800194,106.65011497063273,107.86430358886719,24238300,GOOGL
2022-09-09 00:00:00-04:00,108.55102080160147,110.46188319968864,108.5012556752909,110.12350463867188,23197700,GOOGL
2022-09-12 00:00:00-04:00,110.46188297027061,111.08889015087576,109.40692911388913,110.33250427246094,22966800,GOOGL
2022-09-13 00:00:00-04:00,107.2870684416698,107.7846893387219,103.59471470362199,103.82362365722656,38172900,GOOGL
2022-09-14 00:00:00-04:00,104.07243482099148,104.77905558849064,103.16676873054044,104.5003890991211,26395100,GOOGL
2022-09-15 00:00:00-04:00,103.53499206907362,104.76908964186525,101.86298572173689,102.42032623291016,34188300,GOOGL
2022-09-16 00:00:00-04:00,101.58433740325144,102.63929135603635,100.4597168232655,102.31086730957031,42797200,GOOGL
2022-09-19 00:00:00-04:00,101.26584814817858,102.83833193685109,101.06680283524696,102.5795669555664,23036800,GOOGL
2022-09-20 00:00:00-04:00,101.59428983930465,101.8829108868876,100.04170739047592,100.65876007080078,26517100,GOOGL
2022-09-21 00:00:00-04:00,101.18622915681169,102.39047078999764,98.79764738492318,98.80760192871094,31487300,GOOGL
2022-09-22 00:00:00-04:00,98.34980184094832,100.7582853575061,98.31994579957582,99.66352081298828,34298600,GOOGL
2022-09-23 00:00:00-04:00,99.15593670389735,99.18580033576465,97.00621838807963,98.27017211914062,31625400,GOOGL
2022-09-26 00:00:00-04:00,97.63322186449305,99.40475110446,97.33465387177638,97.70288848876953,27072700,GOOGL
2022-09-27 00:00:00-04:00,98.95688868137792,99.52417618189102,96.40907220091097,97.03607177734375,30072800,GOOGL
2022-09-28 00:00:00-04:00,97.18536227801656,100.22084518059606,96.64793080043407,99.57394409179688,32466300,GOOGL
2022-09-29 00:00:00-04:00,98.17064759037245,98.17064759037245,95.50339934291237,96.95645141601562,31047200,GOOGL
2022-09-30 00:00:00-04:00,96.58822537398223,98.42942129300384,95.10530953826145,95.19488525390625,32941500,GOOGL
2022-10-03 00:00:00-04:00,96.29960237487207,98.8175630102199,96.06073886671564,98.170654296875,27982000,GOOGL
2022-10-04 00:00:00-04:00,99.96209253260932,101.3554250298591,99.9023728590896,101.15637969970703,28850800,GOOGL
2022-10-05 00:00:00-04:00,99.3549871325797,101.4449933185741,98.32988933045003,100.94737243652344,22176900,GOOGL
2022-10-06 00:00:00-04:00,100.20094688426994,102.4402409824645,100.11137117193405,100.93742370605469,22324000,GOOGL
2022-10-07 00:00:00-04:00,99.37489560091394,100.0516603517211,97.83227531415282,98.21046447753906,27502800,GOOGL
2022-10-10 00:00:00-04:00,98.52893845076046,98.62846111239529,96.54840938978579,97.39436340332031,18225100,GOOGL
2022-10-11 00:00:00-04:00,96.96640076120471,98.77774038186384,95.8517273049946,96.71759033203125,26507100,GOOGL
2022-10-12 00:00:00-04:00,96.83702964877843,98.28012721366622,96.27968908051714,97.09578704833984,21876400,GOOGL
2022-10-13 00:00:00-04:00,94.69726194514989,99.30522889923341,93.93092148147386,98.58865356445312,34574500,GOOGL
2022-10-14 00:00:00-04:00,99.51422753973247,100.21090137017602,95.91145700787062,96.10054779052734,25410700,GOOGL
2022-10-17 00:00:00-04:00,98.38959718289706,100.4497472424263,98.3597411461504,99.49431610107422,28419200,GOOGL
2022-10-18 00:00:00-04:00,102.63928332260754,102.977669480451,99.49432320685048,100.29051208496094,24060700,GOOGL
2022-10-19 00:00:00-04:00,99.53413393609323,100.53932268092686,98.44931643231148,99.15593719482422,23811100,GOOGL
2022-10-20 00:00:00-04:00,99.52417213782088,101.83313262769467,98.91707408033284,99.49431610107422,25323200,GOOGL
2022-10-21 00:00:00-04:00,97.38440433575951,100.82793990140142,97.25502564095308,100.64879608154297,32458700,GOOGL
2022-10-24 00:00:00-04:00,101.31562068072593,102.26109737591833,99.50428086547959,102.03218841552734,27176400,GOOGL
2022-10-25 00:00:00-04:00,102.41038054718946,104.3212429399577,102.23123672329918,103.98286437988281,40611400,GOOGL
2022-10-26 00:00:00-04:00,95.9711646644133,97.8422164678502,94.2394461020253,94.47830200195312,88114100,GOOGL
2022-10-27 00:00:00-04:00,94.07025591284439,94.97592963709896,91.36320447078887,91.78120422363281,60710900,GOOGL
2022-10-28 00:00:00-04:00,91.8309566371646,96.09059787724979,91.6916233939895,95.83183288574219,43697300,GOOGL
2022-10-31 00:00:00-04:00,94.9659688055794,95.57306689870097,93.53282580597906,94.060302734375,31675000,GOOGL
2022-11-01 00:00:00-04:00,94.99582786175144,95.57306993471083,89.940005230544,90.0395278930664,47161400,GOOGL
2022-11-02 00:00:00-04:00,90.50729412723294,90.74615003951523,86.46660714853941,86.55618286132812,57038300,GOOGL
2022-11-03 00:00:00-04:00,85.90926808736477,86.10831340135847,82.94344431306968,83.03302001953125,61288000,GOOGL
2022-11-04 00:00:00-04:00,84.99365177935555,86.22774949314112,83.3116906968652,86.16803741455078,51124900,GOOGL
2022-11-07 00:00:00-05:00,86.86470514307494,88.47699963071189,86.436750855232,88.0689468383789,34078900,GOOGL
2022-11-08 00:00:00-05:00,88.47700500488281,89.89024665779915,87.17323297355927,88.47700500488281,30429000,GOOGL
2022-11-09 00:00:00-05:00,88.0291386855819,89.01443358511959,86.86470754222943,86.9045181274414,31769100,GOOGL
2022-11-10 00:00:00-05:00,91.81105799655386,93.94087488626228,91.1741038384967,93.4930191040039,51620100,GOOGL
2022-11-11 00:00:00-05:00,94.2394538485674,96.46879348169523,93.47311336671255,95.9512710571289,33090500,GOOGL
2022-11-14 00:00:00-05:00,94.6375384345769,96.32945403822642,94.0603039654914,95.24463653564453,30179500,GOOGL
2022-11-15 00:00:00-05:00,97.79245956917397,99.66351138474529,96.2498317707238,97.97160339355469,41640800,GOOGL
2022-11-16 00:00:00-05:00,97.43416966800666,99.16588820159294,97.1754046847515,98.37964630126953,29105200,GOOGL
2022-11-17 00:00:00-05:00,96.50859755213386,98.80760365631383,96.32945372628268,97.89198303222656,26052600,GOOGL
2022-11-18 00:00:00-05:00,98.30002812804044,98.4294144201493,95.91145390965606,96.9664077758789,28342300,GOOGL
2022-11-21 00:00:00-05:00,96.82707209430102,97.93179105937274,94.90625518678002,95.14511108398438,21647400,GOOGL
2022-11-22 00:00:00-05:00,95.4934541891789,96.75741561356259,93.60250071461526,96.58822631835938,23438500,GOOGL
2022-11-23 00:00:00-05:00,96.62802445978609,98.2900840665078,96.62802445978609,97.99150848388672,18868100,GOOGL
2022-11-25 00:00:00-05:00,97.77254895921286,98.17064718420455,96.93654952051315,96.99626159667969,9701400,GOOGL
2022-11-28 00:00:00-05:00,96.5782667025875,97.11569819421372,95.1550706024734,95.59297943115234,26237500,GOOGL
2022-11-29 00:00:00-05:00,95.27449965265858,95.66264334231307,93.66220522349144,94.73706817626953,20061700,GOOGL
2022-11-30 00:00:00-05:00,94.36882794469375,100.55923320625755,93.97072970281681,100.50946807861328,43647500,GOOGL
2022-12-01 00:00:00-05:00,100.53932411796288,101.7634748829433,99.772991266651,100.50946807861328,28687100,GOOGL
2022-12-02 00:00:00-05:00,98.57871155791251,100.29052121863981,98.4294237568295,99.96209716796875,21480700,GOOGL
2022-12-05 00:00:00-05:00,98.92703929278645,100.89761386150826,98.52894104268235,99.00666046142578,24405100,GOOGL
2022-12-06 00:00:00-05:00,98.82750758572617,99.30521936766596,95.96120652171987,96.51854705810547,24910700,GOOGL
2022-12-07 00:00:00-05:00,95.95126501404084,96.41902227907117,94.26930395221923,94.4882583618164,31045400,GOOGL
2022-12-08 00:00:00-05:00,94.92615870890563,95.12521162173816,93.00534176035212,93.26410675048828,32213300,GOOGL
2022-12-09 00:00:00-05:00,93.32382016253814,93.81149411113351,92.30867686839619,92.38829803466797,28225400,GOOGL
2022-12-12 00:00:00-05:00,92.26886899485267,93.11482303032886,91.1741045022898,92.86601257324219,29420000,GOOGL
2022-12-13 00:00:00-05:00,97.29485027015576,99.05642509219642,94.57783654219229,95.17498016357422,40593700,GOOGL
2022-12-14 00:00:00-05:00,94.7470163347805,96.4090759117415,93.154630973197,94.61763763427734,28733600,GOOGL
2022-12-15 00:00:00-05:00,92.6868611344438,93.19443655131441,89.58171174439282,90.42766571044922,40107000,GOOGL
2022-12-16 00:00:00-05:00,90.32814149462808,90.89542897671403,89.0940362830337,89.83052062988281,58011800,GOOGL
2022-12-19 00:00:00-05:00,89.83052771403993,90.1290957005775,87.7902789704508,88.0191879272461,29493000,GOOGL
2022-12-20 00:00:00-05:00,87.69075421287637,88.75566261824142,87.0239440398078,88.59642028808594,23453800,GOOGL
2022-12-21 00:00:00-05:00,88.65614191430713,89.7907169658723,87.89975601556621,89.15376281738281,24745600,GOOGL
2022-12-22 00:00:00-05:00,87.74052072393032,88.11870987437933,85.909271863705,87.34242248535156,27658300,GOOGL
2022-12-23 00:00:00-05:00,86.69551223985816,89.12390461779462,86.655701657406,88.80542755126953,23003000,GOOGL
2022-12-27 00:00:00-05:00,88.37746898869531,88.51680222396423,86.5959853742235,86.97417449951172,20097300,GOOGL
2022-12-28 00:00:00-05:00,86.56613367944158,87.62108754027969,85.53108131331513,85.6106948852539,19523200,GOOGL
2022-12-29 00:00:00-05:00,86.2078424115069,88.42722724367383,86.1978878680228,88.02912902832031,23333500,GOOGL
2022-12-30 00:00:00-05:00,86.56614355146583,87.87986255192544,86.15809072896663,87.81019592285156,23986300,GOOGL
2020-01-02 00:00:00-05:00,93.75,94.90049743652344,93.2074966430664,94.90049743652344,80580000,AMZN
2020-01-03 00:00:00-05:00,93.2249984741211,94.30999755859375,93.2249984741211,93.74849700927734,75288000,AMZN
2020-01-06 00:00:00-05:00,93.0,95.18450164794922,93.0,95.14399719238281,81236000,AMZN
2020-01-07 00:00:00-05:00,95.2249984741211,95.69450378417969,94.60199737548828,95.34300231933594,80898000,AMZN
2020-01-08 00:00:00-05:00,94.9020004272461,95.55000305175781,94.3219985961914,94.59850311279297,70160000,AMZN
2020-01-09 00:00:00-05:00,95.49449920654297,95.89099884033203,94.79000091552734,95.05249786376953,63346000,AMZN
2020-01-10 00:00:00-05:00,95.26850128173828,95.34700012207031,94.0,94.15799713134766,57074000,AMZN
2020-01-13 00:00:00-05:00,94.56549835205078,94.9000015258789,94.04000091552734,94.56500244140625,55616000,AMZN
2020-01-14 00:00:00-05:00,94.29399871826172,94.35549926757812,92.92749786376953,93.47200012207031,68818000,AMZN
2020-01-15 00:00:00-05:00,93.61250305175781,93.94300079345703,92.75450134277344,93.10099792480469,57932000,AMZN
2020-01-16 00:00:00-05:00,94.14949798583984,94.27950286865234,93.3010025024414,93.89700317382812,53190000,AMZN
2020-01-17 00:00:00-05:00,94.29450225830078,94.33200073242188,92.86250305175781,93.23600006103516,79946000,AMZN
2020-01-21 00:00:00-05:00,93.25,94.7135009765625,93.0,94.5999984741211,74156000,AMZN
2020-01-22 00:00:00-05:00,94.80449676513672,95.125,94.16699981689453,94.37300109863281,64326000,AMZN
2020-01-23 00:00:00-05:00,94.25550079345703,94.4990005493164,93.63800048828125,94.22899627685547,49692000,AMZN
2020-01-24 00:00:00-05:00,94.56849670410156,94.74949645996094,92.37200164794922,93.08200073242188,75324000,AMZN
2020-01-27 00:00:00-05:00,91.0,92.05000305175781,90.76699829101562,91.41699981689453,70570000,AMZN
2020-01-28 00:00:00-05:00,92.0250015258789,92.90550231933594,91.5009994506836,92.6624984741211,56160000,AMZN
2020-01-29 00:00:00-05:00,93.19999694824219,93.73750305175781,92.7509994506836,92.9000015258789,41760000,AMZN
2020-01-30 00:00:00-05:00,92.9000015258789,93.64350128173828,92.53050231933594,93.53399658203125,126548000,AMZN
2020-01-31 00:00:00-05:00,102.57350158691406,102.78600311279297,100.1135025024414,100.43599700927734,311346000,AMZN
2020-02-03 00:00:00-05:00,100.52999877929688,102.42500305175781,100.01249694824219,100.20999908447266,117834000,AMZN
2020-02-04 00:00:00-05:00,101.49400329589844,102.98999786376953,100.76850128173828,102.4834976196289,105786000,AMZN
2020-02-05 00:00:00-05:00,103.5510025024414,103.5510025024414,101.5999984741211,101.99349975585938,87524000,AMZN
2020-02-06 00:00:00-05:00,102.0510025024414,102.81500244140625,101.23999786376953,102.5114974975586,63660000,AMZN
2020-02-07 00:00:00-05:00,102.09950256347656,104.92649841308594,101.90499877929688,103.96399688720703,101906000,AMZN
2020-02-10 00:00:00-05:00,104.25050354003906,106.77999877929688,104.24800109863281,106.69550323486328,101124000,AMZN
2020-02-11 00:00:00-05:00,107.54499816894531,109.29750061035156,106.80000305175781,107.54000091552734,114920000,AMZN
2020-02-12 00:00:00-05:00,108.16000366210938,109.01249694824219,107.7645034790039,108.0,66686000,AMZN
2020-02-13 00:00:00-05:00,107.24949645996094,108.51399993896484,107.0999984741211,107.49349975585938,60636000,AMZN
2020-02-14 00:00:00-05:00,107.78399658203125,107.9520034790039,106.29450225830078,106.74349975585938,52124000,AMZN
2020-02-18 00:00:00-05:00,106.2509994506836,108.30349731445312,106.20549774169922,107.78350067138672,58912000,AMZN
2020-02-19 00:00:00-05:00,108.38999938964844,109.25499725341797,108.05599975585938,108.51100158691406,51224000,AMZN
2020-02-20 00:00:00-05:00,108.65350341796875,108.8395004272461,106.37249755859375,107.65499877929688,62626000,AMZN
2020-02-21 00:00:00-05:00,107.10749816894531,107.22750091552734,104.4000015258789,104.79850006103516,92926000,AMZN
2020-02-24 00:00:00-05:00,100.15899658203125,101.96499633789062,99.39849853515625,100.4645004272461,130940000,AMZN
2020-02-25 00:00:00-05:00,101.32099914550781,101.7300033569336,97.9209976196289,98.63700103759766,124382000,AMZN
2020-02-26 00:00:00-05:00,98.51399993896484,100.7334976196289,98.02249908447266,98.97949981689453,104492000,AMZN
2020-02-27 00:00:00-05:00,96.71900177001953,98.75,94.13800048828125,94.21499633789062,162880000,AMZN
2020-02-28 00:00:00-05:00,90.73149871826172,94.48799896240234,90.55650329589844,94.1875,189620000,AMZN
2020-03-02 00:00:00-05:00,95.32450103759766,97.72550201416016,93.5,97.69750213623047,135234000,AMZN
2020-03-03 00:00:00-05:00,98.76850128173828,99.81649780273438,94.40450286865234,95.44950103759766,150690000,AMZN
2020-03-04 00:00:00-05:00,97.32849884033203,98.9000015258789,96.0999984741211,98.79149627685547,95458000,AMZN
2020-03-05 00:00:00-05:00,96.6500015258789,98.03600311279297,95.5,96.20149993896484,94964000,AMZN
2020-03-06 00:00:00-05:00,93.75,95.54350280761719,93.4749984741211,95.05449676513672,105472000,AMZN
2020-03-09 00:00:00-04:00,88.69300079345703,93.13849639892578,88.06449890136719,90.03050231933594,156264000,AMZN
2020-03-10 00:00:00-04:00,93.54399871826172,94.7135009765625,90.90850067138672,94.59100341796875,142666000,AMZN
2020-03-11 00:00:00-04:00,92.89250183105469,93.56600189208984,90.07499694824219,91.04299926757812,112496000,AMZN
2020-03-12 00:00:00-04:00,86.0989990234375,88.25,83.75,83.83049774169922,226924000,AMZN
2020-03-13 00:00:00-04:00,87.75,89.31549835205078,84.03099822998047,89.25,176194000,AMZN
2020-03-16 00:00:00-04:00,82.07550048828125,87.97250366210938,81.30149841308594,84.4574966430664,178346000,AMZN
2020-03-17 00:00:00-04:00,88.77349853515625,92.88899993896484,84.46199798583984,90.39199829101562,218342000,AMZN
2020-03-18 00:00:00-04:00,87.5,92.08300018310547,87.25,91.5,192904000,AMZN
2020-03-19 00:00:00-04:00,93.0,97.25,91.63249969482422,94.04650115966797,207998000,AMZN
2020-03-20 00:00:00-04:00,96.31549835205078,97.8499984741211,91.0364990234375,92.30449676513672,196358000,AMZN
2020-03-23 00:00:00-04:00,91.38749694824219,95.97000122070312,90.5999984741211,95.1415023803711,156170000,AMZN
2020-03-24 00:00:00-04:00,97.57499694824219,97.75,95.01699829101562,97.00499725341797,142942000,AMZN
2020-03-25 00:00:00-04:00,96.03450012207031,97.51300048828125,94.28900146484375,94.29199981689453,129582000,AMZN
2020-03-26 00:00:00-04:00,95.0999984741211,97.82450103759766,94.4645004272461,97.77449798583984,124426000,AMZN
2020-03-27 00:00:00-04:00,96.54299926757812,96.989501953125,94.99600219726562,95.00499725341797,107758000,AMZN
2020-03-30 00:00:00-04:00,96.1415023803711,98.68150329589844,95.61699676513672,98.19750213623047,122522000,AMZN
2020-03-31 00:00:00-04:00,98.21749877929688,99.6510009765625,97.20050048828125,97.48600006103516,102472000,AMZN
2020-04-01 00:00:00-04:00,96.64849853515625,97.24800109863281,94.6500015258789,95.38500213623047,82438000,AMZN
2020-04-02 00:00:00-04:00,95.08200073242188,96.37650299072266,94.5,95.94149780273438,86720000,AMZN
2020-04-03 00:00:00-04:00,95.55750274658203,96.31649780273438,94.4574966430664,95.32949829101562,72198000,AMZN
2020-04-06 00:00:00-04:00,96.80000305175781,99.9260025024414,96.5009994506836,99.87950134277344,115464000,AMZN
2020-04-07 00:00:00-04:00,100.85549926757812,101.78600311279297,99.88099670410156,100.58000183105469,102280000,AMZN
2020-04-08 00:00:00-04:00,101.05000305175781,102.19999694824219,100.55750274658203,102.1500015258789,79546000,AMZN
2020-04-09 00:00:00-04:00,102.21499633789062,102.6500015258789,100.88300323486328,102.13800048828125,92930000,AMZN
2020-04-13 00:00:00-04:00,102.0,109.0,101.9000015258789,108.44349670410156,134334000,AMZN
2020-04-14 00:00:00-04:00,110.02349853515625,114.5999984741211,109.31050109863281,114.16600036621094,161744000,AMZN
2020-04-15 00:00:00-04:00,112.88400268554688,116.66850280761719,112.25,115.38400268554688,137332000,AMZN
2020-04-16 00:00:00-04:00,117.30000305175781,123.05000305175781,116.75,120.40950012207031,240764000,AMZN
2020-04-17 00:00:00-04:00,118.61650085449219,120.0,115.8010025024414,118.75,158600000,AMZN
2020-04-20 00:00:00-04:00,119.49749755859375,122.2490005493164,119.30249786376953,119.68049621582031,115414000,AMZN
2020-04-21 00:00:00-04:00,120.83049774169922,121.41549682617188,113.98300170898438,116.40599822998047,149534000,AMZN
2020-04-22 00:00:00-04:00,118.44999694824219,119.69999694824219,117.55000305175781,118.17449951171875,84244000,AMZN
2020-04-23 00:00:00-04:00,119.9990005493164,121.21099853515625,119.10399627685547,119.97250366210938,101332000,AMZN
2020-04-24 00:00:00-04:00,120.8499984741211,121.02149963378906,119.0999984741211,120.51100158691406,76498000,AMZN
2020-04-27 00:00:00-04:00,122.16000366210938,122.24400329589844,118.1500015258789,118.80000305175781,112912000,AMZN
2020-04-28 00:00:00-04:00,118.6050033569336,118.67500305175781,115.30000305175781,115.7040023803711,105388000,AMZN
2020-04-29 00:00:00-04:00,116.50050354003906,119.59449768066406,115.5,118.635498046875,91832000,AMZN
2020-04-30 00:00:00-04:00,120.99199676513672,123.75,119.80049896240234,123.69999694824219,190692000,AMZN
2020-05-01 00:00:00-04:00,116.83999633789062,118.12200164794922,112.90950012207031,114.302001953125,195452000,AMZN
2020-05-04 00:00:00-04:00,112.81900024414062,116.3489990234375,112.81900024414062,115.79949951171875,97318000,AMZN
2020-05-05 00:00:00-04:00,117.0,117.55000305175781,115.35649871826172,115.88999938964844,64850000,AMZN
2020-05-06 00:00:00-04:00,116.47200012207031,117.87249755859375,116.0,117.56300354003906,62356000,AMZN
2020-05-07 00:00:00-04:00,118.73899841308594,118.80000305175781,117.15550231933594,118.38050079345703,67928000,AMZN
2020-05-08 00:00:00-04:00,118.60700225830078,119.36199951171875,117.8499984741211,118.98049926757812,64132000,AMZN
2020-05-11 00:00:00-04:00,118.73500061035156,120.9834976196289,118.60549926757812,120.44999694824219,65184000,AMZN
2020-05-12 00:00:00-04:00,120.59249877929688,120.94999694824219,117.75,117.84750366210938,61498000,AMZN
2020-05-13 00:00:00-04:00,118.33999633789062,120.38500213623047,116.88999938964844,118.39600372314453,95658000,AMZN
2020-05-14 00:00:00-04:00,118.05049896240234,119.56849670410156,117.6604995727539,119.44249725341797,72962000,AMZN
2020-05-15 00:00:00-04:00,118.4260025024414,120.55000305175781,117.81849670410156,120.48899841308594,84700000,AMZN
2020-05-18 00:00:00-04:00,120.21749877929688,121.6500015258789,119.20050048828125,121.31300354003906,87144000,AMZN
2020-05-19 00:00:00-04:00,121.49150085449219,124.25,121.44850158691406,122.46649932861328,86410000,AMZN
2020-05-20 00:00:00-04:00,123.89350128173828,125.00050354003906,123.3635025024414,124.89700317382812,79962000,AMZN
2020-05-21 00:00:00-04:00,125.0,126.27249908447266,122.12699890136719,122.33699798583984,102288000,AMZN
2020-05-22 00:00:00-04:00,122.75050354003906,123.49250030517578,121.50650024414062,121.84400177001953,57342000,AMZN
2020-05-26 00:00:00-04:00,122.9000015258789,123.0999984741211,120.7030029296875,121.09300231933594,71364000,AMZN
2020-05-27 00:00:00-04:00,120.24949645996094,120.67900085449219,116.5,120.51950073242188,101138000,AMZN
2020-05-28 00:00:00-04:00,119.21649932861328,121.84850311279297,118.9114990234375,120.05500030517578,63804000,AMZN
2020-05-29 00:00:00-04:00,120.7969970703125,122.11849975585938,119.91000366210938,122.11849975585938,70198000,AMZN
2020-06-01 00:00:00-04:00,122.4000015258789,123.84649658203125,122.20850372314453,123.552001953125,58578000,AMZN
2020-06-02 00:00:00-04:00,123.3499984741211,123.67649841308594,122.2655029296875,123.62049865722656,50598000,AMZN
2020-06-03 00:00:00-04:00,123.40049743652344,124.4000015258789,123.05850219726562,123.91999816894531,53420000,AMZN
2020-06-04 00:00:00-04:00,123.87149810791016,125.37699890136719,122.50050354003906,123.02999877929688,58974000,AMZN
2020-06-05 00:00:00-04:00,122.22550201416016,124.43250274658203,121.85649871826172,124.1500015258789,66128000,AMZN
2020-06-08 00:00:00-04:00,125.01000213623047,126.5,124.36699676513672,126.2030029296875,79414000,AMZN
2020-06-09 00:00:00-04:00,126.47200012207031,131.32150268554688,126.25,130.04299926757812,103520000,AMZN
2020-06-10 00:00:00-04:00,132.25,136.11749267578125,131.31300354003906,132.37249755859375,98920000,AMZN
2020-06-11 00:00:00-04:00,130.1750030517578,133.56900024414062,126.8115005493164,127.89800262451172,116002000,AMZN
2020-06-12 00:00:00-04:00,130.0605010986328,131.07400512695312,125.1675033569336,127.2509994506836,108722000,AMZN
2020-06-15 00:00:00-04:00,126.33000183105469,129.1999969482422,125.4000015258789,128.63400268554688,77302000,AMZN
2020-06-16 00:00:00-04:00,131.0,131.0,128.8000030517578,130.7635040283203,71712000,AMZN
2020-06-17 00:00:00-04:00,132.375,132.75,131.59100341796875,132.0489959716797,59186000,AMZN
2020-06-18 00:00:00-04:00,132.35049438476562,132.98199462890625,131.8054962158203,132.69900512695312,49756000,AMZN
2020-06-19 00:00:00-04:00,133.9040069580078,134.8715057373047,132.9499969482422,133.75050354003906,115540000,AMZN
2020-06-22 00:00:00-04:00,134.22500610351562,135.75,133.4499969482422,135.6909942626953,64176000,AMZN
2020-06-23 00:00:00-04:00,136.30099487304688,139.15550231933594,135.90199279785156,138.2205047607422,84634000,AMZN
2020-06-24 00:00:00-04:00,139.0,139.8000030517578,136.0500030517578,136.72000122070312,90532000,AMZN
2020-06-25 00:00:00-04:00,136.9774932861328,137.81149291992188,135.60699462890625,137.72900390625,59374000,AMZN
2020-06-26 00:00:00-04:00,138.7530059814453,139.1284942626953,134.39999389648438,134.64349365234375,130016000,AMZN
2020-06-29 00:00:00-04:00,134.50050354003906,134.83999633789062,131.50399780273438,134.0189971923828,84468000,AMZN
2020-06-30 00:00:00-04:00,134.2534942626953,138.48150634765625,133.75149536132812,137.9409942626953,75394000,AMZN
2020-07-01 00:00:00-04:00,137.89950561523438,144.75,137.6999969482422,143.93499755859375,127268000,AMZN
2020-07-02 00:00:00-04:00,145.60049438476562,147.7779998779297,143.55499267578125,144.51499938964844,131868000,AMZN
2020-07-06 00:00:00-04:00,146.74850463867188,152.99400329589844,146.5,152.8520050048828,137612000,AMZN
2020-07-07 00:00:00-04:00,152.92750549316406,153.4774932861328,149.5,150.00599670410156,105150000,AMZN
2020-07-08 00:00:00-04:00,151.1304931640625,154.19850158691406,150.6215057373047,154.0554962158203,100752000,AMZN
2020-07-09 00:00:00-04:00,155.79949951171875,159.69400024414062,153.6999969482422,159.13150024414062,127774000,AMZN
2020-07-10 00:00:00-04:00,159.58799743652344,160.75,156.78500366210938,160.0,109720000,AMZN
2020-07-13 00:00:00-04:00,162.55299377441406,167.21449279785156,153.41949462890625,155.1999969482422,154408000,AMZN
2020-07-14 00:00:00-04:00,154.4499969482422,156.36900329589844,147.5,154.1999969482422,144638000,AMZN
2020-07-15 00:00:00-04:00,154.01150512695312,154.91749572753906,148.65899658203125,150.44349670410156,115778000,AMZN
2020-07-16 00:00:00-04:00,148.55299377441406,151.60000610351562,145.9114990234375,149.9949951171875,127884000,AMZN
2020-07-17 00:00:00-04:00,150.4499969482422,151.1999969482422,147.42250061035156,148.09849548339844,95226000,AMZN
2020-07-20 00:00:00-04:00,150.00999450683594,160.0679931640625,149.7010040283203,159.8419952392578,151964000,AMZN
2020-07-21 00:00:00-04:00,161.62449645996094,162.0290069580078,155.28599548339844,156.9145050048828,122426000,AMZN
2020-07-22 00:00:00-04:00,156.25,157.5,153.26300048828125,154.99549865722656,82084000,AMZN
2020-07-23 00:00:00-04:00,154.9134979248047,154.9134979248047,148.5,149.32749938964844,113138000,AMZN
2020-07-24 00:00:00-04:00,146.5,151.57899475097656,144.39999389648438,150.44549560546875,112648000,AMZN
2020-07-27 00:00:00-04:00,153.10000610351562,154.89999389648438,150.7884979248047,152.760498046875,83410000,AMZN
2020-07-28 00:00:00-04:00,152.7135009765625,153.85450744628906,149.78799438476562,150.01649475097656,62534000,AMZN
2020-07-29 00:00:00-04:00,151.54949951171875,151.95799255371094,149.8385009765625,151.67649841308594,59482000,AMZN
2020-07-30 00:00:00-04:00,150.6999969482422,154.60000610351562,150.25,152.593994140625,122566000,AMZN
2020-07-31 00:00:00-04:00,162.1999969482422,162.34100341796875,157.5500030517578,158.23399353027344,161710000,AMZN
2020-08-03 00:00:00-04:00,159.02549743652344,159.1999969482422,155.1999969482422,155.59449768066406,101494000,AMZN
2020-08-04 00:00:00-04:00,155.0605010986328,158.36199951171875,155.0605010986328,156.94149780273438,93886000,AMZN
2020-08-05 00:00:00-04:00,157.18850708007812,160.67950439453125,156.36500549316406,160.25149536132812,78330000,AMZN
2020-08-06 00:00:00-04:00,159.71800231933594,162.37350463867188,158.27149963378906,161.25,78812000,AMZN
2020-08-07 00:00:00-04:00,161.20050048828125,162.04049682617188,157.0334930419922,158.3730010986328,78722000,AMZN
2020-08-10 00:00:00-04:00,158.5155029296875,158.62550354003906,155.0760040283203,157.4080047607422,63346000,AMZN
2020-08-11 00:00:00-04:00,155.66000366210938,157.96099853515625,153.64999389648438,154.0334930419922,74362000,AMZN
2020-08-12 00:00:00-04:00,155.39999389648438,158.71949768066406,155.0709991455078,158.11199951171875,70442000,AMZN
2020-08-13 00:00:00-04:00,159.14950561523438,160.87600708007812,157.75,158.05099487304688,62980000,AMZN
2020-08-14 00:00:00-04:00,158.90899658203125,158.91200256347656,156.0,157.4010009765625,55034000,AMZN
2020-08-17 00:00:00-04:00,158.656005859375,159.74850463867188,157.70899963378906,159.12049865722656,53824000,AMZN
2020-08-18 00:00:00-04:00,160.60000610351562,166.0,160.29100036621094,165.62449645996094,106920000,AMZN
2020-08-19 00:00:00-04:00,165.15049743652344,165.7949981689453,162.8000030517578,163.0240020751953,83702000,AMZN
2020-08-20 00:00:00-04:00,162.60000610351562,165.63099670410156,161.89999389648438,164.86849975585938,66650000,AMZN
2020-08-21 00:00:00-04:00,164.75,165.72000122070312,163.76950073242188,164.23599243164062,71518000,AMZN
2020-08-24 00:00:00-04:00,165.50750732421875,169.01600646972656,162.8780059814453,165.3730010986328,93326000,AMZN
2020-08-25 00:00:00-04:00,164.74949645996094,167.8699951171875,163.35000610351562,167.32449340820312,79856000,AMZN
2020-08-26 00:00:00-04:00,167.5554962158203,172.58700561523438,167.22850036621094,172.09249877929688,130174000,AMZN
2020-08-27 00:00:00-04:00,172.50250244140625,172.64999389648438,168.89999389648438,170.0,85296000,AMZN
2020-08-28 00:00:00-04:00,171.14999389648438,171.6685028076172,169.3249969482422,170.08999633789062,57940000,AMZN
2020-08-31 00:00:00-04:00,170.44949340820312,174.75,170.25,172.54800415039062,83718000,AMZN
2020-09-01 00:00:00-04:00,174.47900390625,175.69349670410156,173.35000610351562,174.95599365234375,68644000,AMZN
2020-09-02 00:00:00-04:00,177.35000610351562,177.6125030517578,174.33450317382812,176.57249450683594,78630000,AMZN
2020-09-03 00:00:00-04:00,174.25,174.42050170898438,165.14999389648438,168.39999389648438,163222000,AMZN
2020-09-04 00:00:00-04:00,165.89999389648438,169.0749969482422,155.55650329589844,164.7310028076172,175636000,AMZN
2020-09-08 00:00:00-04:00,157.1999969482422,162.54249572753906,156.5,157.49200439453125,121884000,AMZN
2020-09-09 00:00:00-04:00,160.14950561523438,165.15899658203125,159.25,163.4304962158203,103774000,AMZN
2020-09-10 00:00:00-04:00,165.36099243164062,167.4945068359375,158.52749633789062,158.7554931640625,106614000,AMZN
2020-09-11 00:00:00-04:00,160.4344940185547,160.86700439453125,154.19900512695312,155.81100463867188,101880000,AMZN
2020-09-14 00:00:00-04:00,158.64700317382812,159.3695068359375,154.8000030517578,155.14849853515625,90592000,AMZN
2020-09-15 00:00:00-04:00,156.80799865722656,158.75100708007812,155.4459991455078,157.80650329589844,80430000,AMZN
2020-09-16 00:00:00-04:00,158.99949645996094,159.36199951171875,153.70750427246094,153.90499877929688,90244000,AMZN
2020-09-17 00:00:00-04:00,150.46249389648438,151.47149658203125,148.62750244140625,150.43649291992188,128982000,AMZN
2020-09-18 00:00:00-04:00,151.58700561523438,151.88999938964844,145.27699279785156,147.74549865722656,177852000,AMZN
2020-09-21 00:00:00-04:00,145.3249969482422,148.10000610351562,143.5500030517578,148.02349853515625,122358000,AMZN
2020-09-22 00:00:00-04:00,151.69200134277344,156.69949340820312,150.00999450683594,156.44949340820312,138976000,AMZN
2020-09-23 00:00:00-04:00,156.02149963378906,156.35000610351562,149.61900329589844,149.9929962158203,113054000,AMZN
2020-09-24 00:00:00-04:00,148.88949584960938,153.46499633789062,148.25,150.989501953125,110588000,AMZN
2020-09-25 00:00:00-04:00,152.7429962158203,155.07699584960938,149.9499969482422,154.75650024414062,92304000,AMZN
2020-09-28 00:00:00-04:00,157.4425048828125,158.7519989013672,155.85850524902344,158.70249938964844,84484000,AMZN
2020-09-29 00:00:00-04:00,158.76950073242188,159.41299438476562,156.6269989013672,157.24400329589844,69916000,AMZN
2020-09-30 00:00:00-04:00,157.0570068359375,160.6439971923828,156.69949340820312,157.43649291992188,97922000,AMZN
2020-10-01 00:00:00-04:00,160.39999389648438,161.1999969482422,158.60000610351562,161.06300354003906,99438000,AMZN
2020-10-02 00:00:00-04:00,157.68150329589844,159.7899932861328,156.14999389648438,156.25,112262000,AMZN
2020-10-05 00:00:00-04:00,157.29200744628906,160.12649536132812,157.04249572753906,159.9600067138672,75506000,AMZN
2020-10-06 00:00:00-04:00,158.25,159.10000610351562,154.5,154.9980010986328,101738000,AMZN
2020-10-07 00:00:00-04:00,156.75,160.0,156.6195068359375,159.7845001220703,86188000,AMZN
2020-10-08 00:00:00-04:00,161.24949645996094,161.6645050048828,158.74949645996094,159.52749633789062,63482000,AMZN
2020-10-09 00:00:00-04:00,160.5,164.44949340820312,159.89149475097656,164.33250427246094,98158000,AMZN
2020-10-12 00:00:00-04:00,167.4969940185547,174.81199645996094,166.9774932861328,172.14649963378906,167284000,AMZN
2020-10-13 00:00:00-04:00,173.39950561523438,174.61900329589844,171.21099853515625,172.18150329589844,114894000,AMZN
2020-10-14 00:00:00-04:00,172.35000610351562,173.24400329589844,167.0,168.1855010986328,116254000,AMZN
2020-10-15 00:00:00-04:00,164.60049438476562,167.79400634765625,164.0,166.9324951171875,104468000,AMZN
2020-10-16 00:00:00-04:00,168.1614990234375,169.98300170898438,158.0,163.635498046875,129488000,AMZN
2020-10-19 00:00:00-04:00,164.98049926757812,166.4499969482422,159.63699340820312,160.36050415039062,104472000,AMZN
2020-10-20 00:00:00-04:00,161.11399841308594,163.3000030517578,159.60049438476562,160.85049438476562,90194000,AMZN
2020-10-21 00:00:00-04:00,160.625,161.69400024414062,158.0,159.2469940185547,91854000,AMZN
2020-10-22 00:00:00-04:00,159.49349975585938,159.9375,156.0970001220703,158.82000732421875,84240000,AMZN
2020-10-23 00:00:00-04:00,159.5500030517578,160.26649475097656,157.0,160.22000122070312,69334000,AMZN
2020-10-26 00:00:00-04:00,159.93699645996094,164.1490020751953,157.6649932861328,160.3520050048828,118024000,AMZN
2020-10-27 00:00:00-04:00,161.2469940185547,164.58299255371094,160.56500244140625,164.31649780273438,85820000,AMZN
2020-10-28 00:00:00-04:00,162.46499633789062,163.2010040283203,158.12350463867188,158.13900756835938,111766000,AMZN
2020-10-29 00:00:00-04:00,160.06350708007812,162.8625030517578,158.1999969482422,160.55050659179688,131930000,AMZN
2020-10-30 00:00:00-04:00,157.8874969482422,158.35000610351562,150.9499969482422,151.8074951171875,167728000,AMZN
2020-11-02 00:00:00-05:00,153.08700561523438,153.98550415039062,147.50599670410156,150.2239990234375,145148000,AMZN
2020-11-03 00:00:00-05:00,150.92649841308594,153.7449951171875,149.0489959716797,152.42050170898438,97958000,AMZN
2020-11-04 00:00:00-05:00,157.99949645996094,162.24249267578125,156.9864959716797,162.05799865722656,136780000,AMZN
2020-11-05 00:00:00-05:00,165.99850463867188,168.33999633789062,164.44400024414062,166.10000610351562,115786000,AMZN
2020-11-06 00:00:00-05:00,165.23199462890625,166.10000610351562,161.60000610351562,165.56849670410156,92946000,AMZN
2020-11-09 00:00:00-05:00,161.55149841308594,164.4499969482422,155.60549926757812,157.18699645996094,143808000,AMZN
2020-11-10 00:00:00-05:00,154.75100708007812,155.6999969482422,150.9739990234375,151.75100708007812,131820000,AMZN
2020-11-11 00:00:00-05:00,153.08900451660156,156.95750427246094,152.5,156.8695068359375,87338000,AMZN
2020-11-12 00:00:00-05:00,157.99749755859375,158.79400634765625,154.30250549316406,155.51400756835938,87240000,AMZN
2020-11-13 00:00:00-05:00,156.10000610351562,157.08599853515625,154.26950073242188,156.4405059814453,75124000,AMZN
2020-11-16 00:00:00-05:00,154.66000366210938,157.13499450683594,153.63450622558594,156.55299377441406,76174000,AMZN
2020-11-17 00:00:00-05:00,159.177001953125,159.46249389648438,156.76300048828125,156.7830047607422,68894000,AMZN
2020-11-18 00:00:00-05:00,156.6999969482422,157.0,155.2550048828125,155.2729949951172,58336000,AMZN
2020-11-19 00:00:00-05:00,155.2655029296875,156.25,154.04600524902344,155.8509979248047,60206000,AMZN
2020-11-20 00:00:00-05:00,155.8509979248047,156.64450073242188,154.90249633789062,154.97000122070312,67488000,AMZN
2020-11-23 00:00:00-05:00,155.8350067138672,156.9875030517578,153.2729949951172,154.91949462890625,94178000,AMZN
2020-11-24 00:00:00-05:00,155.02499389648438,156.71249389648438,154.31300354003906,155.9029998779297,72042000,AMZN
2020-11-25 00:00:00-05:00,157.093505859375,159.89999389648438,157.01300048828125,159.2534942626953,75808000,AMZN
2020-11-27 00:00:00-05:00,160.56300354003906,160.8094940185547,159.50250244140625,159.76699829101562,47858000,AMZN
2020-11-30 00:00:00-05:00,160.4239959716797,161.41949462890625,156.27749633789062,158.40199279785156,81278000,AMZN
2020-12-01 00:00:00-05:00,159.4250030517578,162.44749450683594,157.85899353027344,161.00399780273438,90740000,AMZN
2020-12-02 00:00:00-05:00,161.08250427246094,161.60000610351562,158.66299438476562,160.17649841308594,62586000,AMZN
2020-12-03 00:00:00-05:00,160.2729949951172,161.4320068359375,159.0655059814453,159.3365020751953,57840000,AMZN
2020-12-04 00:00:00-05:00,159.91050720214844,159.91050720214844,157.93800354003906,158.12899780273438,58272000,AMZN
2020-12-07 00:00:00-05:00,157.82400512695312,159.03799438476562,157.08450317382812,157.89999389648438,55026000,AMZN
2020-12-08 00:00:00-05:00,157.94500732421875,159.2064971923828,156.00100708007812,158.864501953125,65726000,AMZN
2020-12-09 00:00:00-05:00,158.39450073242188,158.72149658203125,154.39999389648438,155.2100067138672,82016000,AMZN
2020-12-10 00:00:00-05:00,154.44949340820312,157.10499572753906,153.8000030517578,155.07449340820312,60604000,AMZN
2020-12-11 00:00:00-05:00,154.83299255371094,155.93350219726562,153.64100646972656,155.8209991455078,61294000,AMZN
2020-12-14 00:00:00-05:00,157.14999389648438,159.52349853515625,156.3000030517578,157.84849548339844,83116000,AMZN
2020-12-15 00:00:00-05:00,159.05050659179688,159.4250030517578,156.52450561523438,158.25599670410156,66390000,AMZN
2020-12-16 00:00:00-05:00,158.80050659179688,162.35000610351562,158.1840057373047,162.04800415039062,88552000,AMZN
2020-12-17 00:00:00-05:00,162.5,163.17550659179688,161.0500030517578,161.8040008544922,69486000,AMZN
2020-12-18 00:00:00-05:00,162.19949340820312,162.4709930419922,158.5800018310547,160.08250427246094,119914000,AMZN
2020-12-21 00:00:00-05:00,160.00050354003906,161.34849548339844,158.3000030517578,160.3090057373047,76736000,AMZN
2020-12-22 00:00:00-05:00,160.14199829101562,161.10000610351562,159.00399780273438,160.3260040283203,47388000,AMZN
2020-12-23 00:00:00-05:00,160.25,160.50650024414062,159.20849609375,159.2635040283203,41876000,AMZN
2020-12-24 00:00:00-05:00,159.69500732421875,160.10000610351562,158.4499969482422,158.63450622558594,29038000,AMZN
2020-12-28 00:00:00-05:00,159.6999969482422,165.1999969482422,158.63450622558594,164.197998046875,113736000,AMZN
2020-12-29 00:00:00-05:00,165.4969940185547,167.53250122070312,164.06100463867188,166.10000610351562,97458000,AMZN
2020-12-30 00:00:00-05:00,167.0500030517578,167.10499572753906,164.12350463867188,164.29249572753906,64186000,AMZN
2020-12-31 00:00:00-05:00,163.75,164.14599609375,162.05999755859375,162.84649658203125,59144000,AMZN
2021-01-04 00:00:00-05:00,163.5,163.60000610351562,157.2010040283203,159.3314971923828,88228000,AMZN
2021-01-05 00:00:00-05:00,158.30050659179688,161.16900634765625,158.2530059814453,160.92550659179688,53110000,AMZN
2021-01-06 00:00:00-05:00,157.32400512695312,159.87550354003906,156.55799865722656,156.91900634765625,87896000,AMZN
2021-01-07 00:00:00-05:00,157.85000610351562,160.427001953125,157.75,158.10800170898438,70290000,AMZN
2021-01-08 00:00:00-05:00,159.0,159.53199768066406,157.11000061035156,159.13499450683594,70754000,AMZN
2021-01-11 00:00:00-05:00,157.40049743652344,157.81900024414062,155.5,155.7104949951172,73668000,AMZN
2021-01-12 00:00:00-05:00,156.0,157.10699462890625,154.3000030517578,156.04150390625,70292000,AMZN
2021-01-13 00:00:00-05:00,156.4219970703125,159.49749755859375,156.10400390625,158.29449462890625,66424000,AMZN
2021-01-14 00:00:00-05:00,158.37600708007812,158.89999389648438,156.0294952392578,156.37350463867188,61418000,AMZN
2021-01-15 00:00:00-05:00,156.1510009765625,157.12750244140625,154.7584991455078,155.21249389648438,84880000,AMZN
2021-01-19 00:00:00-05:00,155.35000610351562,157.25,154.8000030517578,156.03799438476562,66102000,AMZN
2021-01-20 00:00:00-05:00,159.09950256347656,163.99000549316406,158.75,163.16900634765625,106196000,AMZN
2021-01-21 00:00:00-05:00,164.64999389648438,167.42750549316406,164.47850036621094,165.34950256347656,98722000,AMZN
2021-01-22 00:00:00-05:00,165.2154998779297,166.0955047607422,164.1580047607422,164.6114959716797,56438000,AMZN
2021-01-25 00:00:00-05:00,166.4250030517578,168.1945037841797,162.15750122070312,164.6999969482422,74996000,AMZN
2021-01-26 00:00:00-05:00,164.8179931640625,166.89999389648438,164.14349365234375,166.30650329589844,59104000,AMZN
2021-01-27 00:00:00-05:00,167.07449340820312,167.3260040283203,160.35400390625,161.62899780273438,93204000,AMZN
2021-01-28 00:00:00-05:00,161.7519989013672,165.08399963378906,161.4344940185547,161.88099670410156,62984000,AMZN
2021-01-29 00:00:00-05:00,161.5,161.84950256347656,159.2274932861328,160.30999755859375,85872000,AMZN
2021-02-01 00:00:00-05:00,162.1179962158203,167.51300048828125,161.75149536132812,167.1439971923828,83204000,AMZN
2021-02-02 00:00:00-05:00,169.0,171.38699340820312,168.05650329589844,169.0,141972000,AMZN
2021-02-03 00:00:00-05:00,171.25050354003906,171.6999969482422,165.43099975585938,165.62649536132812,141776000,AMZN
2021-02-04 00:00:00-05:00,166.5,167.35000610351562,163.8874969482422,166.5500030517578,73414000,AMZN
2021-02-05 00:00:00-05:00,165.9499969482422,168.85000610351562,165.135498046875,167.6074981689453,72416000,AMZN
2021-02-08 00:00:00-05:00,167.9250030517578,168.25,165.1999969482422,166.14700317382812,65148000,AMZN
2021-02-09 00:00:00-05:00,165.62449645996094,166.89999389648438,164.89199829101562,165.25,44070000,AMZN
2021-02-10 00:00:00-05:00,165.6999969482422,165.8975067138672,162.6999969482422,164.32899475097656,63032000,AMZN
2021-02-11 00:00:00-05:00,164.60000610351562,164.60000610351562,162.4029998779297,163.10650634765625,46028000,AMZN
2021-02-12 00:00:00-05:00,162.5,164.0124969482422,161.66549682617188,163.885498046875,46706000,AMZN
2021-02-16 00:00:00-05:00,162.70249938964844,165.4149932861328,162.67950439453125,163.44749450683594,51494000,AMZN
2021-02-17 00:00:00-05:00,163.17999267578125,166.04550170898438,162.97500610351562,165.4320068359375,65950000,AMZN
2021-02-18 00:00:00-05:00,164.12100219726562,166.89999389648438,163.69700622558594,166.4114990234375,60548000,AMZN
2021-02-19 00:00:00-05:00,166.4114990234375,166.6750030517578,162.28750610351562,162.4949951171875,86104000,AMZN
2021-02-22 00:00:00-05:00,160.406494140625,161.61599731445312,158.61300659179688,159.03700256347656,70314000,AMZN
2021-02-23 00:00:00-05:00,156.35150146484375,160.2364959716797,154.67999267578125,159.72500610351562,93544000,AMZN
2021-02-24 00:00:00-05:00,158.33749389648438,158.56149291992188,156.2689971923828,157.97650146484375,60226000,AMZN
2021-02-25 00:00:00-05:00,156.83700561523438,158.91299438476562,152.38800048828125,152.85800170898438,90676000,AMZN
2021-02-26 00:00:00-05:00,154.75999450683594,156.1219940185547,151.8350067138672,154.64649963378906,85518000,AMZN
2021-03-01 00:00:00-05:00,156.39450073242188,157.47799682617188,154.89950561523438,157.3070068359375,54582000,AMZN
2021-03-02 00:00:00-05:00,157.17349243164062,158.17599487304688,154.3560028076172,154.72650146484375,51916000,AMZN
2021-03-03 00:00:00-05:00,154.0590057373047,155.38900756835938,149.75,150.25,79774000,AMZN
2021-03-04 00:00:00-05:00,150.60000610351562,152.906494140625,147.27149963378906,148.8784942626953,109632000,AMZN
2021-03-05 00:00:00-05:00,150.25,150.4499969482422,144.0500030517578,150.0229949951172,107772000,AMZN
2021-03-08 00:00:00-05:00,150.75,153.22950744628906,147.5655059814453,147.59750366210938,83700000,AMZN
2021-03-09 00:00:00-05:00,150.89950561523438,154.54800415039062,150.25750732421875,153.1425018310547,80600000,AMZN
2021-03-10 00:00:00-05:00,154.92250061035156,155.822998046875,151.50250244140625,152.8820037841797,60250000,AMZN
2021-03-11 00:00:00-05:00,155.20050048828125,156.58900451660156,154.14649963378906,155.67950439453125,55528000,AMZN
2021-03-12 00:00:00-05:00,153.75,154.94900512695312,152.27499389648438,154.47450256347656,48438000,AMZN
2021-03-15 00:00:00-04:00,153.72850036621094,154.11199951171875,151.60450744628906,154.08399963378906,58272000,AMZN
2021-03-16 00:00:00-04:00,155.24850463867188,156.44549560546875,153.79299926757812,154.59300231933594,50776000,AMZN
2021-03-17 00:00:00-04:00,153.66099548339844,158.65249633789062,153.51100158691406,156.7864990234375,62372000,AMZN
2021-03-18 00:00:00-04:00,155.0500030517578,155.8314971923828,151.25,151.39950561523438,72992000,AMZN
2021-03-19 00:00:00-04:00,151.4615020751953,153.864501953125,150.8314971923828,153.7480010986328,92508000,AMZN
2021-03-22 00:00:00-04:00,153.3925018310547,156.32899475097656,153.00250244140625,155.5435028076172,58044000,AMZN
2021-03-23 00:00:00-04:00,156.35000610351562,159.10000610351562,156.04249572753906,156.875,76346000,AMZN
2021-03-24 00:00:00-04:00,157.552001953125,158.0155029296875,154.25750732421875,154.35350036621094,59180000,AMZN
2021-03-25 00:00:00-04:00,153.64950561523438,155.48899841308594,151.85699462890625,152.31300354003906,71270000,AMZN
2021-03-26 00:00:00-04:00,152.2030029296875,152.83299255371094,149.8000030517578,152.60150146484375,66258000,AMZN
2021-03-29 00:00:00-04:00,152.77200317382812,154.5625,151.42250061035156,153.7864990234375,54920000,AMZN
2021-03-30 00:00:00-04:00,153.50050354003906,153.64999389648438,151.6999969482422,152.76449584960938,46752000,AMZN
2021-03-31 00:00:00-04:00,153.2030029296875,155.9665069580078,153.125,154.70399475097656,61878000,AMZN
2021-04-01 00:00:00-04:00,155.89700317382812,158.1219940185547,155.77749633789062,158.0500030517578,58806000,AMZN
2021-04-05 00:00:00-04:00,158.64999389648438,161.79800415039062,158.06199645996094,161.3365020751953,66698000,AMZN
2021-04-06 00:00:00-04:00,161.1875,162.36549377441406,160.8520050048828,161.1909942626953,50756000,AMZN
2021-04-07 00:00:00-04:00,161.69000244140625,165.1804962158203,161.1824951171875,163.96949768066406,66924000,AMZN
2021-04-08 00:00:00-04:00,165.5449981689453,166.22500610351562,164.60000610351562,164.96499633789062,56242000,AMZN
2021-04-09 00:00:00-04:00,165.23500061035156,168.61000061035156,164.44500732421875,168.61000061035156,86830000,AMZN
2021-04-12 00:00:00-04:00,167.760498046875,169.7519989013672,167.5574951171875,168.96949768066406,65636000,AMZN
2021-04-13 00:00:00-04:00,170.04249572753906,171.60000610351562,169.781494140625,170.0,66316000,AMZN
2021-04-14 00:00:00-04:00,170.20199584960938,170.2064971923828,166.3000030517578,166.64999389648438,62904000,AMZN
2021-04-15 00:00:00-04:00,168.5500030517578,169.85000610351562,167.60000610351562,168.95449829101562,64672000,AMZN
2021-04-16 00:00:00-04:00,169.0,170.33999633789062,167.7794952392578,169.9720001220703,63720000,AMZN
2021-04-19 00:00:00-04:00,169.51649475097656,171.79649353027344,168.00799560546875,168.60049438476562,54508000,AMZN
2021-04-20 00:00:00-04:00,168.67999267578125,169.14950561523438,165.8000030517578,166.7344970703125,52460000,AMZN
2021-04-21 00:00:00-04:00,165.8000030517578,168.14300537109375,165.1905059814453,168.1009979248047,44224000,AMZN
2021-04-22 00:00:00-04:00,168.58399963378906,168.64349365234375,165.07249450683594,165.45199584960938,51612000,AMZN
2021-04-23 00:00:00-04:00,165.9550018310547,168.75,165.4250030517578,167.04400634765625,63856000,AMZN
2021-04-26 00:00:00-04:00,167.39999389648438,171.42250061035156,166.5469970703125,170.4499969482422,97614000,AMZN
2021-04-27 00:00:00-04:00,172.17349243164062,173.0,169.90049743652344,170.8715057373047,76542000,AMZN
2021-04-28 00:00:00-04:00,171.74000549316406,174.49400329589844,171.25,172.9250030517578,92638000,AMZN
2021-04-29 00:00:00-04:00,175.2550048828125,175.72250366210938,171.75,173.5655059814453,153648000,AMZN
2021-04-30 00:00:00-04:00,176.25599670410156,177.6999969482422,173.125,173.37100219726562,140186000,AMZN
2021-05-03 00:00:00-04:00,174.2364959716797,174.33250427246094,168.63499450683594,169.32449340820312,117510000,AMZN
2021-05-04 00:00:00-04:00,167.8094940185547,168.3990020751953,163.60650634765625,165.593505859375,108788000,AMZN
2021-05-05 00:00:00-04:00,166.9429931640625,167.73500061035156,163.21800231933594,163.52699279785156,74226000,AMZN
2021-05-06 00:00:00-04:00,163.5,165.72000122070312,162.36000061035156,165.31849670410156,88954000,AMZN
2021-05-07 00:00:00-04:00,165.95449829101562,166.54449462890625,164.45350646972656,164.58050537109375,94206000,AMZN
2021-05-10 00:00:00-04:00,164.11599731445312,164.14999389648438,159.5,159.52450561523438,116772000,AMZN
2021-05-11 00:00:00-04:00,156.81399536132812,161.89999389648438,156.36849975585938,161.19549560546875,92396000,AMZN
2021-05-12 00:00:00-04:00,159.25,160.39700317382812,156.65499877929688,157.5970001220703,98728000,AMZN
2021-05-13 00:00:00-04:00,159.27349853515625,160.19200134277344,156.64999389648438,158.07350158691406,67018000,AMZN
2021-05-14 00:00:00-04:00,159.2779998779297,161.4429931640625,159.14999389648438,161.14500427246094,66500000,AMZN
2021-05-17 00:00:00-04:00,162.29649353027344,164.6374969482422,161.72950744628906,163.51950073242188,74478000,AMZN
2021-05-18 00:00:00-04:00,164.62899780273438,165.60000610351562,161.51849365234375,161.61399841308594,56568000,AMZN
2021-05-19 00:00:00-04:00,159.75,161.7375030517578,159.1999969482422,161.58999633789062,53594000,AMZN
2021-05-20 00:00:00-04:00,162.22000122070312,162.98399353027344,161.8090057373047,162.38400268554688,52664000,AMZN
2021-05-21 00:00:00-04:00,162.5,162.83450317382812,159.85049438476562,160.1540069580078,82098000,AMZN
2021-05-24 00:00:00-04:00,160.77499389648438,162.8975067138672,160.52499389648438,162.24949645996094,48456000,AMZN
2021-05-25 00:00:00-04:00,163.33349609375,163.99099731445312,160.68800354003906,162.95249938964844,65222000,AMZN
2021-05-26 00:00:00-04:00,163.72950744628906,164.7864990234375,162.92550659179688,163.25799560546875,47680000,AMZN
2021-05-27 00:00:00-04:00,162.8000030517578,163.01800537109375,161.5019989013672,161.5054931640625,51224000,AMZN
2021-05-28 00:00:00-04:00,162.10000610351562,162.39950561523438,160.98500061035156,161.15350341796875,46596000,AMZN
2021-06-01 00:00:00-04:00,162.1750030517578,162.5489959716797,160.4530029296875,160.9324951171875,48600000,AMZN
2021-06-02 00:00:00-04:00,161.15499877929688,161.75,160.39999389648438,161.69949340820312,40290000,AMZN
2021-06-03 00:00:00-04:00,160.2115020751953,160.7220001220703,159.20150756835938,159.35049438476562,47966000,AMZN
2021-06-04 00:00:00-04:00,160.60000610351562,161.0500030517578,159.9405059814453,160.31100463867188,44994000,AMZN
2021-06-07 00:00:00-04:00,159.8665008544922,160.39999389648438,158.61000061035156,159.90049743652344,44316000,AMZN
2021-06-08 00:00:00-04:00,161.1304931640625,163.97650146484375,160.90049743652344,163.20550537109375,68334000,AMZN
2021-06-09 00:00:00-04:00,163.64349365234375,164.87899780273438,163.53500366210938,164.0574951171875,49110000,AMZN
2021-06-10 00:00:00-04:00,164.10049438476562,167.5500030517578,164.0574951171875,167.4824981689453,69530000,AMZN
2021-06-11 00:00:00-04:00,167.4824981689453,168.32899475097656,166.67250061035156,167.3415069580078,56348000,AMZN
2021-06-14 00:00:00-04:00,167.3415069580078,169.25,166.77499389648438,169.19349670410156,51394000,AMZN
2021-06-15 00:00:00-04:00,169.1999969482422,169.84950256347656,168.15550231933594,169.156494140625,48524000,AMZN
2021-06-16 00:00:00-04:00,169.60000610351562,171.3175048828125,168.02650451660156,170.7624969482422,84056000,AMZN
2021-06-17 00:00:00-04:00,170.15899658203125,174.86000061035156,170.0500030517578,174.46200561523438,102730000,AMZN
2021-06-18 00:00:00-04:00,173.99949645996094,175.35000610351562,173.6855010986328,174.34500122070312,104954000,AMZN
2021-06-21 00:00:00-04:00,173.8209991455078,174.10000610351562,171.6999969482422,172.697998046875,65542000,AMZN
2021-06-22 00:00:00-04:00,172.9029998779297,176.18899536132812,172.80450439453125,175.27200317382812,66902000,AMZN
2021-06-23 00:00:00-04:00,175.25,176.0500030517578,174.16000366210938,175.1909942626953,56266000,AMZN
2021-06-24 00:00:00-04:00,175.3820037841797,176.2429962158203,171.54249572753906,172.45399475097656,76640000,AMZN
2021-06-25 00:00:00-04:00,173.1999969482422,173.24099731445312,169.70899963378906,170.072998046875,78820000,AMZN
2021-06-28 00:00:00-04:00,170.8000030517578,172.39999389648438,170.67550659179688,172.1945037841797,44856000,AMZN
2021-06-29 00:00:00-04:00,171.9409942626953,172.80149841308594,171.15150451660156,172.40699768066406,41968000,AMZN
2021-06-30 00:00:00-04:00,172.05299377441406,173.5800018310547,171.75,172.00799560546875,48080000,AMZN
2021-07-01 00:00:00-04:00,171.73049926757812,172.85000610351562,170.4709930419922,171.64849853515625,40742000,AMZN
2021-07-02 00:00:00-04:00,172.58200073242188,175.58599853515625,171.8459930419922,175.5489959716797,63388000,AMZN
2021-07-06 00:00:00-04:00,176.5054931640625,184.2740020751953,176.4499969482422,183.78700256347656,134896000,AMZN
2021-07-07 00:00:00-04:00,185.86900329589844,186.7100067138672,183.94549560546875,184.82899475097656,106562000,AMZN
2021-07-08 00:00:00-04:00,182.17799377441406,187.99949645996094,181.05599975585938,186.57049560546875,103612000,AMZN
2021-07-09 00:00:00-04:00,186.12600708007812,187.39999389648438,184.6699981689453,185.9669952392578,74964000,AMZN
2021-07-12 00:00:00-04:00,187.1999969482422,187.864501953125,184.83949279785156,185.92750549316406,51432000,AMZN
2021-07-13 00:00:00-04:00,185.10499572753906,188.6540069580078,183.5659942626953,183.8679962158203,76918000,AMZN
2021-07-14 00:00:00-04:00,185.4425048828125,185.88299560546875,183.04150390625,184.08399963378906,65932000,AMZN
2021-07-15 00:00:00-04:00,184.7100067138672,184.77000427246094,181.04600524902344,181.55999755859375,63706000,AMZN
2021-07-16 00:00:00-04:00,181.66549682617188,182.30299377441406,178.5229949951172,178.68150329589844,80874000,AMZN
2021-07-19 00:00:00-04:00,176.62899780273438,177.510498046875,174.95799255371094,177.47950744628906,75692000,AMZN
2021-07-20 00:00:00-04:00,178.36599731445312,179.60000610351562,175.89999389648438,178.6595001220703,65114000,AMZN
2021-07-21 00:00:00-04:00,178.81900024414062,179.32249450683594,177.1820068359375,179.25999450683594,46380000,AMZN
2021-07-22 00:00:00-04:00,179.3614959716797,182.00100708007812,179.11349487304688,181.90150451660156,65308000,AMZN
2021-07-23 00:00:00-04:00,182.0,183.3054962158203,181.1020050048828,182.83200073242188,48726000,AMZN
2021-07-26 00:00:00-04:00,183.6584930419922,185.60400390625,182.3625030517578,184.99099731445312,58002000,AMZN
2021-07-27 00:00:00-04:00,184.9250030517578,184.9250030517578,179.3074951171875,181.3195037841797,82638000,AMZN
2021-07-28 00:00:00-04:00,181.68899536132812,182.92100524902344,180.0500030517578,181.51600646972656,59988000,AMZN
2021-07-29 00:00:00-04:00,181.3874969482422,181.8975067138672,179.00050354003906,179.99600219726562,110400000,AMZN
2021-07-30 00:00:00-04:00,167.3975067138672,168.40699768066406,165.3489990234375,166.37950134277344,199312000,AMZN
2021-08-02 00:00:00-04:00,167.65499877929688,167.9459991455078,165.85000610351562,166.57400512695312,67078000,AMZN
2021-08-03 00:00:00-04:00,167.03599548339844,169.5500030517578,164.98849487304688,168.31199645996094,83146000,AMZN
2021-08-04 00:00:00-04:00,168.96749877929688,169.44400024414062,167.2779998779297,167.73599243164062,43678000,AMZN
2021-08-05 00:00:00-04:00,167.81100463867188,169.4499969482422,167.04600524902344,168.79949951171875,48670000,AMZN
2021-08-06 00:00:00-04:00,168.75,168.75,166.45199584960938,167.2469940185547,52752000,AMZN
2021-08-09 00:00:00-04:00,167.1804962158203,167.74400329589844,166.42599487304688,167.093505859375,42964000,AMZN
2021-08-10 00:00:00-04:00,167.25050354003906,167.89999389648438,165.75,166.03399658203125,48252000,AMZN
2021-08-11 00:00:00-04:00,166.57249450683594,166.88499450683594,163.88949584960938,164.60549926757812,58944000,AMZN
2021-08-12 00:00:00-04:00,164.5,165.72549438476562,163.48350524902344,165.1750030517578,46282000,AMZN
2021-08-13 00:00:00-04:00,165.2834930419922,165.30349731445312,164.14999389648438,164.69850158691406,41134000,AMZN
2021-08-16 00:00:00-04:00,164.14999389648438,165.0,160.55650329589844,164.94949340820312,66394000,AMZN
2021-08-17 00:00:00-04:00,163.875,164.02450561523438,161.28399658203125,162.09800720214844,67758000,AMZN
2021-08-18 00:00:00-04:00,162.09950256347656,162.7050018310547,160.0,160.06100463867188,56086000,AMZN
2021-08-19 00:00:00-04:00,159.7010040283203,161.64999389648438,159.1230010986328,159.3874969482422,75658000,AMZN
2021-08-20 00:00:00-04:00,160.19349670410156,160.3905029296875,158.78799438476562,159.99749755859375,67168000,AMZN
2021-08-23 00:00:00-04:00,160.59500122070312,164.0449981689453,160.50050354003906,163.2935028076172,65362000,AMZN
2021-08-24 00:00:00-04:00,164.0,165.77450561523438,163.72900390625,165.28900146484375,51036000,AMZN
2021-08-25 00:00:00-04:00,165.49349975585938,166.0500030517578,164.3074951171875,164.95899963378906,33606000,AMZN
2021-08-26 00:00:00-04:00,164.9499969482422,166.60000610351562,164.8000030517578,165.8000030517578,41976000,AMZN
2021-08-27 00:00:00-04:00,166.6614990234375,167.61599731445312,165.6875,167.48150634765625,48048000,AMZN
2021-08-30 00:00:00-04:00,167.8715057373047,172.25,167.76100158691406,171.07850646972656,63844000,AMZN
2021-08-31 00:00:00-04:00,171.24000549316406,173.62899780273438,169.7794952392578,173.5395050048828,87128000,AMZN
2021-09-01 00:00:00-04:00,174.82000732421875,176.35000610351562,173.76199340820312,173.9499969482422,72598000,AMZN
2021-09-02 00:00:00-04:00,174.73800659179688,175.59800720214844,172.75,173.156005859375,58474000,AMZN
2021-09-03 00:00:00-04:00,172.60000610351562,174.1334991455078,171.82200622558594,173.90249633789062,51514000,AMZN
2021-09-07 00:00:00-04:00,173.89999389648438,176.4044952392578,173.8470001220703,175.46449279785156,54758000,AMZN
2021-09-08 00:00:00-04:00,175.58250427246094,177.281494140625,174.7834930419922,176.27499389648438,61068000,AMZN
2021-09-09 00:00:00-04:00,176.30099487304688,177.49949645996094,174.01849365234375,174.20799255371094,54384000,AMZN
2021-09-10 00:00:00-04:00,175.0915069580078,175.42250061035156,173.14549255371094,173.45750427246094,47946000,AMZN
2021-09-13 00:00:00-04:00,174.13999938964844,174.8979949951172,171.89999389648438,172.85850524902344,51380000,AMZN
2021-09-14 00:00:00-04:00,173.77749633789062,174.3404998779297,171.885498046875,172.5,38738000,AMZN
2021-09-15 00:00:00-04:00,172.12600708007812,174.27099609375,170.10049438476562,173.7895050048828,59150000,AMZN
2021-09-16 00:00:00-04:00,172.9980010986328,174.62750244140625,172.3070068359375,174.41200256347656,51672000,AMZN
2021-09-17 00:00:00-04:00,174.42050170898438,174.87049865722656,172.60650634765625,173.12600708007812,92332000,AMZN
2021-09-20 00:00:00-04:00,169.8000030517578,170.9499969482422,165.25050354003906,167.7864990234375,93382000,AMZN
2021-09-21 00:00:00-04:00,168.75,168.98500061035156,166.6195068359375,167.18150329589844,55618000,AMZN
2021-09-22 00:00:00-04:00,167.5500030517578,169.4499969482422,167.05250549316406,169.00250244140625,48228000,AMZN
2021-09-23 00:00:00-04:00,169.00250244140625,171.447998046875,169.00250244140625,170.8000030517578,47588000,AMZN
2021-09-24 00:00:00-04:00,170.10049438476562,171.46299743652344,169.6699981689453,171.2760009765625,42324000,AMZN
2021-09-27 00:00:00-04:00,168.5749969482422,170.77850341796875,166.98049926757812,170.2899932861328,72690000,AMZN
2021-09-28 00:00:00-04:00,167.885498046875,168.45950317382812,164.5050048828125,165.79800415039062,88616000,AMZN
2021-09-29 00:00:00-04:00,166.10549926757812,167.56500244140625,164.89349365234375,165.05599975585938,51246000,AMZN
2021-09-30 00:00:00-04:00,165.8000030517578,166.3925018310547,163.69949340820312,164.2519989013672,56848000,AMZN
2021-10-01 00:00:00-04:00,164.45050048828125,165.45849609375,162.7969970703125,164.16299438476562,56712000,AMZN
2021-10-04 00:00:00-04:00,163.96949768066406,163.99949645996094,158.8125,159.48899841308594,90462000,AMZN
2021-10-05 00:00:00-04:00,160.22500610351562,163.0364990234375,160.1230010986328,161.0500030517578,65384000,AMZN
2021-10-06 00:00:00-04:00,160.67649841308594,163.2169952392578,159.93099975585938,163.10049438476562,50660000,AMZN
2021-10-07 00:00:00-04:00,164.57699584960938,166.28750610351562,164.1529998779297,165.1215057373047,48182000,AMZN
2021-10-08 00:00:00-04:00,165.85000610351562,166.07150268554688,164.41000366210938,164.43099975585938,39964000,AMZN
2021-10-11 00:00:00-04:00,163.75,164.62950134277344,161.90499877929688,162.31500244140625,40684000,AMZN
2021-10-12 00:00:00-04:00,162.85000610351562,163.37649536132812,161.81399536132812,162.3665008544922,36392000,AMZN
2021-10-13 00:00:00-04:00,163.48550415039062,164.41900634765625,163.05450439453125,164.21400451660156,48402000,AMZN
2021-10-14 00:00:00-04:00,165.12249755859375,165.6300048828125,164.53900146484375,164.9929962158203,42190000,AMZN
2021-10-15 00:00:00-04:00,165.5709991455078,170.52099609375,165.1999969482422,170.4510040283203,103598000,AMZN
2021-10-18 00:00:00-04:00,169.41799926757812,172.45849609375,169.2550048828125,172.33700561523438,63482000,AMZN
2021-10-19 00:00:00-04:00,171.71449279785156,172.7344970703125,171.10000610351562,172.20750427246094,47722000,AMZN
2021-10-20 00:00:00-04:00,172.63299560546875,173.14300537109375,170.01849365234375,170.7530059814453,42796000,AMZN
2021-10-21 00:00:00-04:00,170.71249389648438,172.01400756835938,170.14999389648438,171.75050354003906,37628000,AMZN
2021-10-22 00:00:00-04:00,171.0500030517578,171.49200439453125,166.56500244140625,166.77749633789062,62782000,AMZN
2021-10-25 00:00:00-04:00,166.75,167.38999938964844,164.88499450683594,166.01849365234375,44520000,AMZN
2021-10-26 00:00:00-04:00,167.47549438476562,170.80599975585938,167.19900512695312,168.80349731445312,53966000,AMZN
2021-10-27 00:00:00-04:00,169.39999389648438,171.85000610351562,168.57249450683594,169.62449645996094,54044000,AMZN
2021-10-28 00:00:00-04:00,170.10499572753906,173.9499969482422,169.3000030517578,172.32850646972656,114174000,AMZN
2021-10-29 00:00:00-04:00,165.00100708007812,168.74099731445312,163.66600036621094,168.6215057373047,129722000,AMZN
2021-11-01 00:00:00-04:00,168.08999633789062,168.79299926757812,164.6009979248047,165.90550231933594,72178000,AMZN
2021-11-02 00:00:00-04:00,165.75050354003906,166.55599975585938,164.17750549316406,165.6374969482422,52552000,AMZN
2021-11-03 00:00:00-04:00,165.4499969482422,169.74600219726562,164.87600708007812,169.1999969482422,67944000,AMZN
2021-11-04 00:00:00-04:00,168.5,174.93150329589844,168.25,173.85000610351562,107060000,AMZN
2021-11-05 00:00:00-04:00,173.85000610351562,178.3125,173.8489990234375,175.94949340820312,99940000,AMZN
2021-11-08 00:00:00-05:00,176.16200256347656,178.9499969482422,174.39300537109375,174.44900512695312,61480000,AMZN
2021-11-09 00:00:00-05:00,175.7624969482422,179.68850708007812,175.07150268554688,178.81149291992188,85898000,AMZN
2021-11-10 00:00:00-05:00,178.19349670410156,180.2725067138672,173.1544952392578,174.1024932861328,80548000,AMZN
2021-11-11 00:00:00-05:00,175.64999389648438,177.16200256347656,173.37350463867188,173.625,45288000,AMZN
2021-11-12 00:00:00-05:00,174.25,177.0364990234375,172.3524932861328,176.25750732421875,53788000,AMZN
2021-11-15 00:00:00-05:00,176.85000610351562,179.69400024414062,176.29049682617188,177.28399658203125,58594000,AMZN
2021-11-16 00:00:00-05:00,176.9499969482422,178.8249969482422,176.25750732421875,177.03500366210938,44342000,AMZN
2021-11-17 00:00:00-05:00,178.23599243164062,179.3625030517578,177.2675018310547,177.4499969482422,51206000,AMZN
2021-11-18 00:00:00-05:00,178.3175048828125,185.2100067138672,178.0500030517578,184.80299377441406,114070000,AMZN
2021-11-19 00:00:00-05:00,185.63450622558594,188.1074981689453,183.78599548339844,183.82850646972656,98734000,AMZN
2021-11-22 00:00:00-05:00,183.81900024414062,185.67300415039062,178.375,178.6284942626953,96844000,AMZN
2021-11-23 00:00:00-05:00,179.2519989013672,181.05250549316406,176.385498046875,179.0019989013672,73804000,AMZN
2021-11-24 00:00:00-05:00,178.1334991455078,180.6820068359375,176.84249877929688,179.02049255371094,46560000,AMZN
2021-11-26 00:00:00-05:00,180.10499572753906,181.6750030517578,175.20750427246094,175.22799682617188,59826000,AMZN
2021-11-29 00:00:00-05:00,177.3820037841797,179.8000030517578,176.5749969482422,178.07850646972656,65312000,AMZN
2021-11-30 00:00:00-05:00,178.1750030517578,179.2884979248047,174.60049438476562,175.35350036621094,80022000,AMZN
2021-12-01 00:00:00-05:00,177.25,177.99400329589844,172.0800018310547,172.18600463867188,74916000,AMZN
2021-12-02 00:00:00-05:00,173.0,174.63499450683594,171.1875,171.8679962158203,64726000,AMZN
2021-12-03 00:00:00-05:00,172.75,173.49349975585938,166.92999267578125,169.489501953125,80712000,AMZN
2021-12-06 00:00:00-05:00,169.64999389648438,173.69549560546875,166.9344940185547,171.36849975585938,68860000,AMZN
2021-12-07 00:00:00-05:00,174.60000610351562,177.49949645996094,173.33450317382812,176.1645050048828,66410000,AMZN
2021-12-08 00:00:00-05:00,176.15049743652344,177.17999267578125,174.75050354003906,176.1580047607422,45254000,AMZN
2021-12-09 00:00:00-05:00,175.75,176.96949768066406,174.13949584960938,174.17100524902344,46062000,AMZN
2021-12-10 00:00:00-05:00,175.41700744628906,175.927001953125,170.5,172.21200561523438,60690000,AMZN
2021-12-13 00:00:00-05:00,172.0,172.10000610351562,169.1300048828125,169.5675048828125,62170000,AMZN
2021-12-14 00:00:00-05:00,167.5500030517578,169.49899291992188,166.44000244140625,169.0915069580078,55976000,AMZN
2021-12-15 00:00:00-05:00,168.59800720214844,173.60000610351562,165.19500732421875,173.31500244140625,75794000,AMZN
2021-12-16 00:00:00-05:00,173.36849975585938,174.16600036621094,168.16050720214844,168.87100219726562,60876000,AMZN
2021-12-17 00:00:00-05:00,167.7104949951172,170.89849853515625,165.61349487304688,170.0175018310547,85542000,AMZN
2021-12-20 00:00:00-05:00,166.85000610351562,167.87449645996094,165.60000610351562,167.07899475097656,57372000,AMZN
2021-12-21 00:00:00-05:00,167.85049438476562,170.7165069580078,165.6475067138672,170.41700744628906,55956000,AMZN
2021-12-22 00:00:00-05:00,169.27000427246094,172.0500030517578,168.50050354003906,171.03700256347656,55036000,AMZN
2021-12-23 00:00:00-05:00,170.42799377441406,171.97500610351562,170.14999389648438,171.06849670410156,36788000,AMZN
2021-12-27 00:00:00-05:00,171.03700256347656,172.9429931640625,169.2154998779297,169.66949462890625,58688000,AMZN
2021-12-28 00:00:00-05:00,170.1824951171875,172.17599487304688,169.135498046875,170.66099548339844,54638000,AMZN
2021-12-29 00:00:00-05:00,170.83999633789062,171.21200561523438,168.60049438476562,169.2010040283203,35754000,AMZN
2021-12-30 00:00:00-05:00,169.6999969482422,170.88800048828125,168.5240020751953,168.64450073242188,37584000,AMZN
2021-12-31 00:00:00-05:00,168.95599365234375,169.35000610351562,166.55850219726562,166.7169952392578,47830000,AMZN
2022-01-03 00:00:00-05:00,167.5500030517578,170.70350646972656,166.16050720214844,170.4044952392578,63520000,AMZN
2022-01-04 00:00:00-05:00,170.43800354003906,171.39999389648438,166.34950256347656,167.52200317382812,70726000,AMZN
2022-01-05 00:00:00-05:00,166.88299560546875,167.12649536132812,164.35699462890625,164.35699462890625,64302000,AMZN
2022-01-06 00:00:00-05:00,163.45050048828125,164.8000030517578,161.93699645996094,163.25399780273438,51958000,AMZN
2022-01-07 00:00:00-05:00,163.83900451660156,165.24349975585938,162.031005859375,162.5540008544922,46606000,AMZN
2022-01-10 00:00:00-05:00,160.5854949951172,161.6614990234375,156.30450439453125,161.48599243164062,87798000,AMZN
2022-01-11 00:00:00-05:00,161.5,166.35000610351562,160.70150756835938,165.36199951171875,62806000,AMZN
2022-01-12 00:00:00-05:00,166.5749969482422,166.8780059814453,164.41700744628906,165.20700073242188,50030000,AMZN
2022-01-13 00:00:00-05:00,165.25050354003906,166.22149658203125,161.09100341796875,161.21400451660156,52188000,AMZN
2022-01-14 00:00:00-05:00,160.14999389648438,162.25,159.80050659179688,162.13800048828125,45974000,AMZN
2022-01-18 00:00:00-05:00,159.10499572753906,159.7344970703125,157.6645050048828,158.91749572753906,67292000,AMZN
2022-01-19 00:00:00-05:00,158.76199340820312,159.25,156.25,156.2989959716797,53242000,AMZN
2022-01-20 00:00:00-05:00,156.76600646972656,158.0,151.3509979248047,151.66749572753906,71974000,AMZN
2022-01-21 00:00:00-05:00,149.9499969482422,150.89999389648438,142.07049560546875,142.64300537109375,163972000,AMZN
2022-01-24 00:00:00-05:00,139.0,144.94500732421875,135.3520050048828,144.54400634765625,155624000,AMZN
2022-01-25 00:00:00-05:00,142.24249267578125,143.60000610351562,138.14500427246094,139.98599243164062,90824000,AMZN
2022-01-26 00:00:00-05:00,144.75,145.18499755859375,137.31849670410156,138.87249755859375,95602000,AMZN
2022-01-27 00:00:00-05:00,140.8000030517578,144.24349975585938,139.35000610351562,139.6374969482422,77516000,AMZN
2022-01-28 00:00:00-05:00,140.86050415039062,143.9980010986328,137.92950439453125,143.97799682617188,74392000,AMZN
2022-01-31 00:00:00-05:00,144.75,150.36050415039062,144.30050659179688,149.57350158691406,78308000,AMZN
2022-02-01 00:00:00-05:00,150.0,151.70799255371094,147.62750244140625,151.19349670410156,59220000,AMZN
2022-02-02 00:00:00-05:00,155.05050659179688,155.0749969482422,148.86349487304688,150.6125030517578,87330000,AMZN
2022-02-03 00:00:00-05:00,141.7375030517578,144.24749755859375,138.33299255371094,138.8455047607422,225532000,AMZN
2022-02-04 00:00:00-05:00,155.60650634765625,161.1999969482422,150.60800170898438,157.63949584960938,253456000,AMZN
2022-02-07 00:00:00-05:00,158.52000427246094,162.6909942626953,157.25,157.9355010986328,102624000,AMZN
2022-02-08 00:00:00-05:00,156.75050354003906,161.79249572753906,155.55050659179688,161.4134979248047,76040000,AMZN
2022-02-09 00:00:00-05:00,162.87350463867188,163.83450317382812,160.25,161.1894989013672,68786000,AMZN
2022-02-10 00:00:00-05:00,158.35000610351562,160.7165069580078,157.75,159.0034942626953,68268000,AMZN
2022-02-11 00:00:00-05:00,158.13450622558594,159.0,152.73399353027344,153.2935028076172,77100000,AMZN
2022-02-14 00:00:00-05:00,151.75100708007812,158.44850158691406,151.64999389648438,155.16700744628906,83230000,AMZN
2022-02-15 00:00:00-05:00,157.60549926757812,158.0070037841797,154.6374969482422,156.510498046875,56440000,AMZN
2022-02-16 00:00:00-05:00,155.79049682617188,158.83399963378906,154.7344970703125,158.10049438476562,52704000,AMZN
2022-02-17 00:00:00-05:00,158.14599609375,160.3489990234375,154.5,154.65249633789062,64032000,AMZN
2022-02-18 00:00:00-05:00,155.49949645996094,155.49949645996094,150.89300537109375,152.60150146484375,63604000,AMZN
2022-02-22 00:00:00-05:00,150.47850036621094,152.9824981689453,148.48550415039062,150.19749450683594,66128000,AMZN
2022-02-23 00:00:00-05:00,151.65049743652344,151.76300048828125,144.6510009765625,144.82699584960938,64244000,AMZN
2022-02-24 00:00:00-05:00,139.83749389648438,151.74899291992188,139.5,151.35800170898438,100786000,AMZN
2022-02-25 00:00:00-05:00,150.5500030517578,153.99000549316406,149.2135009765625,153.7884979248047,62396000,AMZN
2022-02-28 00:00:00-05:00,152.4250030517578,154.4499969482422,150.85000610351562,153.56300354003906,57684000,AMZN
2022-03-01 00:00:00-05:00,152.7324981689453,154.0989990234375,149.9770050048828,151.14199829101562,44874000,AMZN
2022-03-02 00:00:00-05:00,150.8489990234375,152.99949645996094,148.75,152.05250549316406,47334000,AMZN
2022-03-03 00:00:00-05:00,153.531494140625,153.9290008544922,146.8560028076172,147.89849853515625,65198000,AMZN
2022-03-04 00:00:00-05:00,147.15899658203125,147.85000610351562,143.8070068359375,145.64100646972656,60934000,AMZN
2022-03-07 00:00:00-05:00,145.44349670410156,146.09449768066406,137.41650390625,137.4530029296875,86934000,AMZN
2022-03-08 00:00:00-05:00,136.68350219726562,140.69949340820312,133.57249450683594,136.01449584960938,91662000,AMZN
2022-03-09 00:00:00-05:00,139.5,140.25,136.8280029296875,139.2790069580078,82656000,AMZN
2022-03-10 00:00:00-05:00,145.68499755859375,148.67449951171875,143.97799682617188,146.8175048828125,135062000,AMZN
2022-03-11 00:00:00-05:00,149.57449340820312,149.6750030517578,145.36900329589844,145.52450561523438,68900000,AMZN
2022-03-14 00:00:00-04:00,145.9810028076172,147.4499969482422,140.88400268554688,141.85299682617188,74086000,AMZN
2022-03-15 00:00:00-04:00,142.85000610351562,147.98500061035156,142.0,147.3665008544922,75584000,AMZN
2022-03-16 00:00:00-04:00,148.5,153.14999389648438,147.35350036621094,153.10400390625,84958000,AMZN
2022-03-17 00:00:00-04:00,152.6405029296875,157.49850463867188,152.13999938964844,157.23899841308594,72934000,AMZN
2022-03-18 00:00:00-04:00,156.81300354003906,161.593994140625,156.01100158691406,161.25050354003906,102962000,AMZN
2022-03-21 00:00:00-04:00,161.12100219726562,163.08399963378906,159.55299377441406,161.4915008544922,66538000,AMZN
2022-03-22 00:00:00-04:00,161.8054962158203,166.16700744628906,161.69900512695312,164.88900756835938,64086000,AMZN
2022-03-23 00:00:00-04:00,163.7050018310547,166.3699951171875,162.68699645996094,163.4080047607422,55812000,AMZN
2022-03-24 00:00:00-04:00,163.74949645996094,164.11849975585938,160.0500030517578,163.64950561523438,56798000,AMZN
2022-03-25 00:00:00-04:00,164.0,165.36849975585938,162.25,164.77349853515625,49032000,AMZN
2022-03-28 00:00:00-04:00,164.97500610351562,169.03750610351562,164.89999389648438,168.99049377441406,59854000,AMZN
2022-03-29 00:00:00-04:00,170.38400268554688,170.8314971923828,167.86849975585938,169.31500244140625,66154000,AMZN
2022-03-30 00:00:00-04:00,168.50950622558594,168.95050048828125,165.5,166.30099487304688,56168000,AMZN
2022-03-31 00:00:00-04:00,166.44500732421875,166.4949951171875,162.95350646972656,162.99749755859375,59966000,AMZN
2022-04-01 00:00:00-04:00,164.14950561523438,165.82699584960938,162.3195037841797,163.55999755859375,57090000,AMZN
2022-04-04 00:00:00-04:00,164.125,168.39450073242188,163.20550537109375,168.34649658203125,49882000,AMZN
2022-04-05 00:00:00-04:00,167.7415008544922,168.11050415039062,163.26600646972656,164.05499267578125,53728000,AMZN
2022-04-06 00:00:00-04:00,161.65049743652344,162.1999969482422,157.25450134277344,158.75599670410156,79056000,AMZN
2022-04-07 00:00:00-04:00,158.39999389648438,160.07899475097656,154.51150512695312,157.7845001220703,68136000,AMZN
2022-04-08 00:00:00-04:00,156.75,157.36849975585938,154.2310028076172,154.4604949951172,46002000,AMZN
2022-04-11 00:00:00-04:00,152.71299743652344,154.13650512695312,150.5345001220703,151.1219940185547,52112000,AMZN
2022-04-12 00:00:00-04:00,153.6925048828125,155.0989990234375,150.38299560546875,150.78750610351562,55178000,AMZN
2022-04-13 00:00:00-04:00,150.01849365234375,156.02499389648438,149.60000610351562,155.54100036621094,53390000,AMZN
2022-04-14 00:00:00-04:00,155.38999938964844,155.89700317382812,151.4720001220703,151.7064971923828,51598000,AMZN
2022-04-18 00:00:00-04:00,151.52349853515625,154.0395050048828,150.25050354003906,152.78500366210938,46514000,AMZN
2022-04-19 00:00:00-04:00,152.0294952392578,158.6490020751953,151.55050659179688,158.11549377441406,54926000,AMZN
2022-04-20 00:00:00-04:00,157.6024932861328,157.6024932861328,153.60350036621094,153.9980010986328,59630000,AMZN
2022-04-21 00:00:00-04:00,154.71400451660156,156.73800659179688,147.58949279785156,148.29600524902344,63970000,AMZN
2022-04-22 00:00:00-04:00,148.25,149.61500549316406,143.69749450683594,144.35000610351562,73078000,AMZN
2022-04-25 00:00:00-04:00,144.0229949951172,146.22149658203125,142.30650329589844,146.07400512695312,61874000,AMZN
2022-04-26 00:00:00-04:00,144.8000030517578,144.8560028076172,138.92950439453125,139.39100646972656,77530000,AMZN
2022-04-27 00:00:00-04:00,140.19149780273438,141.94850158691406,135.7834930419922,138.16700744628906,71336000,AMZN
2022-04-28 00:00:00-04:00,142.17799377441406,145.9375,140.3000030517578,144.59649658203125,117316000,AMZN
2022-04-29 00:00:00-04:00,129.8489990234375,130.76100158691406,121.625,124.28150177001953,272662000,AMZN
2022-05-02 00:00:00-04:00,122.4010009765625,124.66799926757812,118.375,124.5,148788000,AMZN
2022-05-03 00:00:00-04:00,124.05349731445312,126.22049713134766,122.82499694824219,124.25350189208984,79134000,AMZN
2022-05-04 00:00:00-04:00,123.5999984741211,126.0,119.18299865722656,125.92849731445312,110746000,AMZN
2022-05-05 00:00:00-04:00,123.0,123.4990005493164,115.07250213623047,116.40699768066406,144392000,AMZN
2022-05-06 00:00:00-04:00,114.8499984741211,119.05049896240234,113.08149719238281,114.77249908447266,124260000,AMZN
2022-05-09 00:00:00-04:00,111.3125,114.0,107.95700073242188,108.78900146484375,128124000,AMZN
2022-05-10 00:00:00-04:00,111.25,112.64250183105469,107.1709976196289,108.85900115966797,105434000,AMZN
2022-05-11 00:00:00-04:00,108.10350036621094,110.15599822998047,104.42849731445312,105.37200164794922,109704000,AMZN
2022-05-12 00:00:00-04:00,102.75,110.78050231933594,102.40550231933594,106.93049621582031,132026000,AMZN
2022-05-13 00:00:00-04:00,109.06900024414062,113.18399810791016,107.80000305175781,113.05500030517578,93684000,AMZN
2022-05-16 00:00:00-04:00,113.0999984741211,113.99250030517578,110.35399627685547,110.81050109863281,74566000,AMZN
2022-05-17 00:00:00-04:00,113.2750015258789,115.80000305175781,111.27649688720703,115.36849975585938,76448000,AMZN
2022-05-18 00:00:00-04:00,111.43949890136719,112.85299682617188,106.2490005493164,107.11250305175781,108380000,AMZN
2022-05-19 00:00:00-04:00,106.28050231933594,110.03399658203125,106.19300079345703,107.31900024414062,88142000,AMZN
2022-05-20 00:00:00-04:00,109.56849670410156,109.89800262451172,105.0094985961914,107.59100341796875,99500000,AMZN
2022-05-23 00:00:00-04:00,108.46099853515625,108.81900024414062,103.94999694824219,107.55699920654297,107798000,AMZN
2022-05-24 00:00:00-04:00,104.0250015258789,105.4000015258789,101.26000213623047,104.0999984741211,102934000,AMZN
2022-05-25 00:00:00-04:00,103.65550231933594,108.17500305175781,103.6500015258789,106.7750015258789,93120000,AMZN
2022-05-26 00:00:00-04:00,107.97000122070312,112.66549682617188,107.45349884033203,111.07749938964844,93002000,AMZN
2022-05-27 00:00:00-04:00,113.55000305175781,115.18699645996094,112.62799835205078,115.14649963378906,93660000,AMZN
2022-05-31 00:00:00-04:00,116.27999877929688,121.99449920654297,115.67500305175781,120.20950317382812,144634000,AMZN
2022-06-01 00:00:00-04:00,122.25599670410156,125.17900085449219,120.62249755859375,121.68399810791016,127528000,AMZN
2022-06-02 00:00:00-04:00,121.68399810791016,125.61000061035156,120.04499816894531,125.51100158691406,100560000,AMZN
2022-06-03 00:00:00-04:00,124.19999694824219,124.4000015258789,121.04650115966797,122.3499984741211,97604000,AMZN
2022-06-06 00:00:00-04:00,125.25,128.99000549316406,123.80999755859375,124.79000091552734,135269000,AMZN
2022-06-07 00:00:00-04:00,122.01000213623047,124.0999984741211,120.62999725341797,123.0,85156700,AMZN
2022-06-08 00:00:00-04:00,122.61000061035156,123.75,120.75,121.18000030517578,64926600,AMZN
2022-06-09 00:00:00-04:00,119.98999786376953,121.30000305175781,116.0999984741211,116.1500015258789,67029800,AMZN
2022-06-10 00:00:00-04:00,113.41999816894531,114.5,109.05000305175781,109.6500015258789,87266000,AMZN
2022-06-13 00:00:00-04:00,104.19000244140625,106.54000091552734,101.86000061035156,103.66999816894531,99277700,AMZN
2022-06-14 00:00:00-04:00,104.19000244140625,104.87999725341797,101.43000030517578,102.30999755859375,69728800,AMZN
2022-06-15 00:00:00-04:00,103.86000061035156,109.05999755859375,103.52999877929688,107.66999816894531,85011100,AMZN
2022-06-16 00:00:00-04:00,104.47000122070312,104.58000183105469,102.01000213623047,103.66000366210938,82186300,AMZN
2022-06-17 00:00:00-04:00,102.80000305175781,106.9800033569336,102.51000213623047,106.22000122070312,99772100,AMZN
2022-06-21 00:00:00-04:00,108.19999694824219,111.62999725341797,103.55999755859375,108.68000030517578,70901200,AMZN
2022-06-22 00:00:00-04:00,107.43000030517578,112.12999725341797,107.0199966430664,108.94999694824219,60040100,AMZN
2022-06-23 00:00:00-04:00,110.38999938964844,113.0,107.93000030517578,112.44000244140625,64345300,AMZN
2022-06-24 00:00:00-04:00,112.37999725341797,116.70999908447266,111.43000030517578,116.45999908447266,69867600,AMZN
2022-06-27 00:00:00-04:00,117.08999633789062,117.9800033569336,112.69999694824219,113.22000122070312,62133200,AMZN
2022-06-28 00:00:00-04:00,113.5,114.8499984741211,107.04000091552734,107.4000015258789,74942900,AMZN
2022-06-29 00:00:00-04:00,107.37999725341797,110.98999786376953,106.91000366210938,108.91999816894531,66375300,AMZN
2022-06-30 00:00:00-04:00,108.11000061035156,108.18000030517578,102.5199966430664,106.20999908447266,97679400,AMZN
2022-07-01 00:00:00-04:00,106.29000091552734,109.75,105.8499984741211,109.55999755859375,73021200,AMZN
2022-07-05 00:00:00-04:00,107.5999984741211,114.08000183105469,106.31999969482422,113.5,76583700,AMZN
2022-07-06 00:00:00-04:00,113.20999908447266,115.4800033569336,112.01000213623047,114.33000183105469,66958900,AMZN
2022-07-07 00:00:00-04:00,113.8499984741211,116.98999786376953,113.48999786376953,116.33000183105469,57872300,AMZN
2022-07-08 00:00:00-04:00,114.5999984741211,116.58000183105469,113.69000244140625,115.54000091552734,45719700,AMZN
2022-07-11 00:00:00-04:00,114.08000183105469,114.30000305175781,110.87000274658203,111.75,53487600,AMZN
2022-07-12 00:00:00-04:00,112.16000366210938,113.2300033569336,108.33999633789062,109.22000122070312,54280300,AMZN
2022-07-13 00:00:00-04:00,107.02999877929688,111.77999877929688,106.01000213623047,110.4000015258789,61353800,AMZN
2022-07-14 00:00:00-04:00,110.23999786376953,111.18000030517578,107.58000183105469,110.62999725341797,51163100,AMZN
2022-07-15 00:00:00-04:00,112.5,115.58999633789062,111.58999633789062,113.55000305175781,84317800,AMZN
2022-07-18 00:00:00-04:00,115.0,117.23999786376953,113.1500015258789,113.76000213623047,59115400,AMZN
2022-07-19 00:00:00-04:00,115.69999694824219,118.94999694824219,114.02999877929688,118.20999908447266,60990000,AMZN
2022-07-20 00:00:00-04:00,118.62000274658203,123.4800033569336,118.31999969482422,122.7699966430664,71268300,AMZN
2022-07-21 00:00:00-04:00,123.19999694824219,124.8499984741211,121.26000213623047,124.62999725341797,60239900,AMZN
2022-07-22 00:00:00-04:00,125.01000213623047,125.5,121.3499984741211,122.41999816894531,51463800,AMZN
2022-07-25 00:00:00-04:00,122.69999694824219,123.63999938964844,120.02999877929688,121.13999938964844,50221300,AMZN
2022-07-26 00:00:00-04:00,115.79000091552734,118.1500015258789,114.52999877929688,114.80999755859375,67075100,AMZN
2022-07-27 00:00:00-04:00,117.30999755859375,121.9000015258789,117.16000366210938,120.97000122070312,61582000,AMZN
2022-07-28 00:00:00-04:00,121.56999969482422,122.83999633789062,118.08000183105469,122.27999877929688,82245500,AMZN
2022-07-29 00:00:00-04:00,134.89999389648438,137.64999389648438,132.41000366210938,134.9499969482422,148892900,AMZN
2022-08-01 00:00:00-04:00,134.9600067138672,138.8300018310547,133.50999450683594,135.38999938964844,76846900,AMZN
2022-08-02 00:00:00-04:00,134.72000122070312,137.44000244140625,134.08999633789062,134.16000366210938,61922400,AMZN
2022-08-03 00:00:00-04:00,136.2100067138672,140.49000549316406,136.0500030517578,139.52000427246094,71827800,AMZN
2022-08-04 00:00:00-04:00,140.5800018310547,143.55999755859375,139.5500030517578,142.57000732421875,70585000,AMZN
2022-08-05 00:00:00-04:00,140.10000610351562,142.86000061035156,139.60000610351562,140.8000030517578,50686900,AMZN
2022-08-08 00:00:00-04:00,142.0500030517578,144.22999572753906,138.2899932861328,139.41000366210938,52229000,AMZN
2022-08-09 00:00:00-04:00,138.0500030517578,138.9499969482422,136.2100067138672,137.8300018310547,40434700,AMZN
2022-08-10 00:00:00-04:00,142.89999389648438,144.60000610351562,141.00999450683594,142.69000244140625,54773800,AMZN
2022-08-11 00:00:00-04:00,143.86000061035156,144.49000549316406,139.75999450683594,140.63999938964844,44867300,AMZN
2022-08-12 00:00:00-04:00,142.0500030517578,143.57000732421875,140.1199951171875,143.5500030517578,47643500,AMZN
2022-08-15 00:00:00-04:00,142.8000030517578,143.75999450683594,141.49000549316406,143.17999267578125,39014600,AMZN
2022-08-16 00:00:00-04:00,143.91000366210938,146.57000732421875,142.0,144.77999877929688,59102900,AMZN
2022-08-17 00:00:00-04:00,142.69000244140625,143.3800048828125,140.77999877929688,142.10000610351562,48149800,AMZN
2022-08-18 00:00:00-04:00,141.32000732421875,142.77000427246094,140.3800048828125,142.3000030517578,37458700,AMZN
2022-08-19 00:00:00-04:00,140.47000122070312,141.11000061035156,137.91000366210938,138.22999572753906,47792800,AMZN
2022-08-22 00:00:00-04:00,135.72000122070312,136.32000732421875,132.85000610351562,133.22000122070312,50461500,AMZN
2022-08-23 00:00:00-04:00,133.41000366210938,134.99000549316406,132.9499969482422,133.6199951171875,36252100,AMZN
2022-08-24 00:00:00-04:00,132.75,135.47000122070312,132.10000610351562,133.8000030517578,38627000,AMZN
2022-08-25 00:00:00-04:00,135.25999450683594,137.4199981689453,134.27999877929688,137.27999877929688,37496300,AMZN
2022-08-26 00:00:00-04:00,136.5500030517578,137.8300018310547,130.5,130.75,53322700,AMZN
2022-08-29 00:00:00-04:00,129.89999389648438,131.9499969482422,128.77000427246094,129.7899932861328,48101600,AMZN
2022-08-30 00:00:00-04:00,131.25,132.07000732421875,126.8499984741211,128.72999572753906,49203000,AMZN
2022-08-31 00:00:00-04:00,129.4499969482422,130.58999633789062,126.73999786376953,126.7699966430664,53648700,AMZN
2022-09-01 00:00:00-04:00,126.0,128.02000427246094,123.66000366210938,127.81999969482422,56636100,AMZN
2022-09-02 00:00:00-04:00,129.5,131.3800048828125,126.38999938964844,127.51000213623047,57429800,AMZN
2022-09-06 00:00:00-04:00,127.91999816894531,128.6199951171875,124.73999786376953,126.11000061035156,43888600,AMZN
2022-09-07 00:00:00-04:00,126.12000274658203,129.82000732421875,125.4000015258789,129.47999572753906,47900300,AMZN
2022-09-08 00:00:00-04:00,127.72000122070312,130.27999877929688,127.0999984741211,129.82000732421875,43988500,AMZN
2022-09-09 00:00:00-04:00,130.91000366210938,133.69000244140625,130.75999450683594,133.27000427246094,49387600,AMZN
2022-09-12 00:00:00-04:00,134.10000610351562,136.49000549316406,134.0,136.4499969482422,53826900,AMZN
2022-09-13 00:00:00-04:00,131.00999450683594,131.39999389648438,126.2699966430664,126.81999969482422,72694000,AMZN
2022-09-14 00:00:00-04:00,127.36000061035156,128.83999633789062,126.33000183105469,128.5500030517578,45316800,AMZN
2022-09-15 00:00:00-04:00,127.37999725341797,130.3699951171875,125.5,126.27999877929688,52887200,AMZN
2022-09-16 00:00:00-04:00,122.77999877929688,123.87000274658203,120.69999694824219,123.52999877929688,115667800,AMZN
2022-09-19 00:00:00-04:00,122.16000366210938,124.70999908447266,121.80000305175781,124.66000366210938,47279700,AMZN
2022-09-20 00:00:00-04:00,123.3499984741211,124.4000015258789,121.13999938964844,122.19000244140625,47698400,AMZN
2022-09-21 00:00:00-04:00,122.48999786376953,123.76000213623047,118.44999694824219,118.54000091552734,58498900,AMZN
2022-09-22 00:00:00-04:00,117.08000183105469,118.79000091552734,116.26000213623047,117.30999755859375,55229200,AMZN
2022-09-23 00:00:00-04:00,116.0,116.05000305175781,112.05999755859375,113.77999877929688,65126700,AMZN
2022-09-26 00:00:00-04:00,113.30000305175781,117.33999633789062,113.12999725341797,115.1500015258789,62723300,AMZN
2022-09-27 00:00:00-04:00,117.19999694824219,118.31999969482422,113.05000305175781,114.41000366210938,60094700,AMZN
2022-09-28 00:00:00-04:00,114.37999725341797,118.69999694824219,113.80000305175781,118.01000213623047,55763800,AMZN
2022-09-29 00:00:00-04:00,115.5999984741211,116.06999969482422,113.05999755859375,114.80000305175781,58969700,AMZN
2022-09-30 00:00:00-04:00,114.08000183105469,116.91999816894531,112.83999633789062,113.0,59479600,AMZN
2022-10-03 00:00:00-04:00,113.58000183105469,116.91000366210938,112.44999694824219,115.87999725341797,50941900,AMZN
2022-10-04 00:00:00-04:00,119.88999938964844,123.0,119.79000091552734,121.08999633789062,62812600,AMZN
2022-10-05 00:00:00-04:00,118.58000183105469,121.75,117.69000244140625,120.94999694824219,48217500,AMZN
2022-10-06 00:00:00-04:00,120.7699966430664,121.52999877929688,119.5,120.30000305175781,42253800,AMZN
2022-10-07 00:00:00-04:00,118.0,118.16999816894531,113.87999725341797,114.55999755859375,54678000,AMZN
2022-10-10 00:00:00-04:00,115.0999984741211,116.25,112.43000030517578,113.66999816894531,42339700,AMZN
2022-10-11 00:00:00-04:00,112.70999908447266,115.4800033569336,110.38999938964844,112.20999908447266,56432200,AMZN
2022-10-12 00:00:00-04:00,112.48999786376953,113.83000183105469,111.4000015258789,112.9000015258789,45728700,AMZN
2022-10-13 00:00:00-04:00,107.87999725341797,113.44000244140625,105.3499984741211,112.52999877929688,86868100,AMZN
2022-10-14 00:00:00-04:00,114.0999984741211,114.95999908447266,106.5999984741211,106.9000015258789,67737300,AMZN
2022-10-17 00:00:00-04:00,110.11000061035156,114.19000244140625,110.08999633789062,113.79000091552734,62782000,AMZN
2022-10-18 00:00:00-04:00,119.05999755859375,119.5199966430664,114.79000091552734,116.36000061035156,65607400,AMZN
2022-10-19 00:00:00-04:00,114.70999908447266,116.58999633789062,113.22000122070312,115.06999969482422,47198100,AMZN
2022-10-20 00:00:00-04:00,113.83000183105469,118.23999786376953,113.51000213623047,115.25,48795100,AMZN
2022-10-21 00:00:00-04:00,114.79000091552734,119.58999633789062,114.5,119.31999969482422,55660500,AMZN
2022-10-24 00:00:00-04:00,119.9800033569336,120.38999938964844,116.56999969482422,119.81999969482422,49531500,AMZN
2022-10-25 00:00:00-04:00,119.6500015258789,121.31999969482422,118.94999694824219,120.5999984741211,50934600,AMZN
2022-10-26 00:00:00-04:00,116.0,119.3499984741211,114.76000213623047,115.66000366210938,68802300,AMZN
2022-10-27 00:00:00-04:00,113.91999816894531,114.12000274658203,109.7699966430664,110.95999908447266,129605400,AMZN
2022-10-28 00:00:00-04:00,97.91000366210938,103.95999908447266,97.66000366210938,103.41000366210938,223133400,AMZN
2022-10-31 00:00:00-04:00,103.55999755859375,104.87000274658203,100.73999786376953,102.44000244140625,99251400,AMZN
2022-11-01 00:00:00-04:00,103.98999786376953,104.58000183105469,96.05999755859375,96.79000091552734,153370000,AMZN
2022-11-02 00:00:00-04:00,97.31999969482422,97.73999786376953,92.01000213623047,92.12000274658203,135761800,AMZN
2022-11-03 00:00:00-04:00,92.47000122070312,93.5,89.0199966430664,89.30000305175781,136683300,AMZN
2022-11-04 00:00:00-04:00,91.48999786376953,92.44000244140625,88.04000091552734,90.9800033569336,129101300,AMZN
2022-11-07 00:00:00-05:00,91.94999694824219,92.0999984741211,89.04000091552734,90.52999877929688,77495700,AMZN
2022-11-08 00:00:00-05:00,90.79000091552734,91.72000122070312,88.2300033569336,89.9800033569336,88703400,AMZN
2022-11-09 00:00:00-05:00,89.47000122070312,89.4800033569336,85.87000274658203,86.13999938964844,90796200,AMZN
2022-11-10 00:00:00-05:00,92.94000244140625,98.69000244140625,91.6500015258789,96.62999725341797,173414900,AMZN
2022-11-11 00:00:00-05:00,97.87999725341797,101.19000244140625,96.66000366210938,100.79000091552734,111590500,AMZN
2022-11-14 00:00:00-05:00,98.7699966430664,100.12000274658203,97.29000091552734,98.48999786376953,99533100,AMZN
2022-11-15 00:00:00-05:00,103.20999908447266,103.79000091552734,97.33999633789062,98.94000244140625,111336300,AMZN
2022-11-16 00:00:00-05:00,96.8499984741211,98.48999786376953,95.54000091552734,97.12000274658203,87958800,AMZN
2022-11-17 00:00:00-05:00,95.37000274658203,96.97000122070312,94.02999877929688,94.8499984741211,82617900,AMZN
2022-11-18 00:00:00-05:00,95.94999694824219,95.98999786376953,92.4800033569336,94.13999938964844,72428200,AMZN
2022-11-21 00:00:00-05:00,93.97000122070312,95.0199966430664,90.58999633789062,92.45999908447266,84330300,AMZN
2022-11-22 00:00:00-05:00,92.62000274658203,93.3499984741211,90.87000274658203,93.19999694824219,62192000,AMZN
2022-11-23 00:00:00-05:00,93.23999786376953,94.58000183105469,92.83000183105469,94.12999725341797,59414700,AMZN
2022-11-25 00:00:00-05:00,93.79000091552734,94.43000030517578,93.06999969482422,93.41000366210938,35088600,AMZN
2022-11-28 00:00:00-05:00,93.93000030517578,96.4000015258789,93.43000030517578,93.94999694824219,74943100,AMZN
2022-11-29 00:00:00-05:00,94.04000091552734,94.41000366210938,91.44000244140625,92.41999816894531,65567300,AMZN
2022-11-30 00:00:00-05:00,92.47000122070312,96.54000091552734,91.52999877929688,96.54000091552734,102805800,AMZN
2022-12-01 00:00:00-05:00,96.98999786376953,97.2300033569336,94.91999816894531,95.5,68488000,AMZN
2022-12-02 00:00:00-05:00,94.4800033569336,95.36000061035156,93.77999877929688,94.12999725341797,72496400,AMZN
2022-12-05 00:00:00-05:00,93.05000305175781,94.05999755859375,90.81999969482422,91.01000213623047,71535500,AMZN
2022-12-06 00:00:00-05:00,90.5,91.04000091552734,87.9000015258789,88.25,75503600,AMZN
2022-12-07 00:00:00-05:00,88.33999633789062,89.88999938964844,87.4800033569336,88.45999908447266,68086900,AMZN
2022-12-08 00:00:00-05:00,89.23999786376953,90.86000061035156,87.87999725341797,90.3499984741211,73305900,AMZN
2022-12-09 00:00:00-05:00,88.9000015258789,90.30000305175781,88.62999725341797,89.08999633789062,67398500,AMZN
2022-12-12 00:00:00-05:00,89.20999908447266,90.58000183105469,87.87000274658203,90.55000305175781,61999800,AMZN
2022-12-13 00:00:00-05:00,95.2300033569336,96.25,90.5199966430664,92.48999786376953,100212000,AMZN
2022-12-14 00:00:00-05:00,92.5,93.45999908447266,89.87000274658203,91.58000183105469,70298000,AMZN
2022-12-15 00:00:00-05:00,89.88999938964844,89.97000122070312,87.47000122070312,88.44999694824219,84802900,AMZN
2022-12-16 00:00:00-05:00,88.2699966430664,89.3499984741211,86.7300033569336,87.86000061035156,146144100,AMZN
2022-12-19 00:00:00-05:00,87.51000213623047,87.62999725341797,84.51000213623047,84.91999816894531,83531500,AMZN
2022-12-20 00:00:00-05:00,85.33000183105469,86.61000061035156,84.33000183105469,85.19000244140625,74348300,AMZN
2022-12-21 00:00:00-05:00,86.18000030517578,87.2300033569336,85.20999908447266,86.7699966430664,59267200,AMZN
2022-12-22 00:00:00-05:00,85.5199966430664,85.68000030517578,82.25,83.79000091552734,81431300,AMZN
2022-12-23 00:00:00-05:00,83.25,85.77999877929688,82.93000030517578,85.25,57433700,AMZN
2022-12-27 00:00:00-05:00,84.97000122070312,85.3499984741211,83.0,83.04000091552734,57284000,AMZN
2022-12-28 00:00:00-05:00,82.80000305175781,83.4800033569336,81.69000244140625,81.81999969482422,58228600,AMZN
2022-12-29 00:00:00-05:00,82.87000274658203,84.55000305175781,82.55000305175781,84.18000030517578,54995900,AMZN
2022-12-30 00:00:00-05:00,83.12000274658203,84.05000305175781,82.47000122070312,84.0,62401200,AMZN
2020-01-02 00:00:00-05:00,151.28909291774593,153.1470931177711,150.86032587757265,153.0422821044922,22622100,MSFT
2020-01-03 00:00:00-05:00,150.8508379064428,152.4039284141965,150.6030947963249,151.1366729736328,21116200,MSFT
2020-01-06 00:00:00-05:00,149.66929777937992,151.59400249956286,149.12618220164597,151.5272979736328,20813700,MSFT
2020-01-07 00:00:00-05:00,151.8036526962878,152.1371317710887,149.89800813543405,150.14573669433594,21634100,MSFT
2020-01-08 00:00:00-05:00,151.43204560824276,153.21383324803998,150.498283797712,152.53732299804688,27746500,MSFT
2020-01-09 00:00:00-05:00,154.20474183695646,154.56681892653168,153.4329581787887,154.4429473876953,21385000,MSFT
2020-01-10 00:00:00-05:00,155.13853526304973,155.51965837091927,153.57589271960666,153.7283477783203,20725900,MSFT
2020-01-13 00:00:00-05:00,154.12851888184957,155.605396247963,153.652107766259,155.57681274414062,21626500,MSFT
2020-01-14 00:00:00-05:00,155.68161454893516,155.88171360275174,154.09040326179172,154.48106384277344,23477400,MSFT
2020-01-15 00:00:00-05:00,154.94792828742086,156.20566046275715,154.9002988126162,155.48150634765625,21417900,MSFT
2020-01-16 00:00:00-05:00,156.59630060743805,158.39713359543836,156.29139059052952,158.33042907714844,23865400,MSFT
2020-01-17 00:00:00-05:00,159.52149406039632,159.56913807909913,157.62537261176516,159.2165985107422,34371700,MSFT
2020-01-21 00:00:00-05:00,158.8163832042299,160.255153903279,158.57817767539785,158.64488220214844,29517200,MSFT
2020-01-22 00:00:00-05:00,159.5024395780896,159.5882046305639,157.8635841373356,157.8826446533203,24138800,MSFT
2020-01-23 00:00:00-05:00,158.34951287805555,158.93073496172778,157.47291825887828,158.85450744628906,19680800,MSFT
2020-01-24 00:00:00-05:00,159.6072409094811,159.62630142430766,156.69160731427516,157.25376892089844,24918100,MSFT
2020-01-27 00:00:00-05:00,153.547283976937,155.67208784388203,152.64210584033302,154.6239776611328,32078100,MSFT
2020-01-28 00:00:00-05:00,156.05321239066768,157.9397961988569,155.37671679803938,157.65396118164062,24899900,MSFT
2020-01-29 00:00:00-05:00,159.92168211112687,160.78875384341436,157.87312009994662,160.11224365234375,34754500,MSFT
2020-01-30 00:00:00-05:00,165.83868921063896,165.83868921063896,162.73247986352183,164.62860107421875,51597500,MSFT
2020-01-31 00:00:00-05:00,164.08549649844846,164.26652048063715,161.57956978010938,162.1988983154297,36142700,MSFT
2020-02-03 00:00:00-05:00,162.38946303348897,166.26745594744494,162.36087953368826,166.1531219482422,30107000,MSFT
2020-02-04 00:00:00-05:00,168.782923631767,172.11780132594467,167.99207946247816,171.62232971191406,36433300,MSFT
2020-02-05 00:00:00-05:00,175.3478803350405,175.50985837548566,169.99302385604904,171.4127197265625,39186300,MSFT
2020-02-06 00:00:00-05:00,172.43222543464978,175.14777437434506,171.56515378988675,174.96673583984375,27751400,MSFT
2020-02-07 00:00:00-05:00,174.22353365441194,176.87237803350294,173.8709795770829,175.21446228027344,33529100,MSFT
2020-02-10 00:00:00-05:00,174.9191459052963,179.93098672360622,174.60471275430203,179.79759216308594,35844300,MSFT
2020-02-11 00:00:00-05:00,181.65559031050125,181.7032343397443,174.84291575732206,175.7385711669922,53159900,MSFT
2020-02-12 00:00:00-05:00,176.8247085443756,177.08197455532815,173.27068655447232,175.99575805664062,47062900,MSFT
2020-02-13 00:00:00-05:00,174.4426861252965,177.44407017098868,174.2425870707578,175.04296875,35295800,MSFT
2020-02-14 00:00:00-05:00,174.6046735812949,176.66277308665374,174.0329744279463,176.60560607910156,23149500,MSFT
2020-02-18 00:00:00-05:00,176.85332905138674,178.84472395923498,176.748518027873,178.3968963623047,27792200,MSFT
2020-02-19 00:00:00-05:00,179.67714529392427,179.79179157907453,178.15802370119442,178.93191528320312,29997500,MSFT
2020-02-20 00:00:00-05:00,178.61662491171668,178.90325520560768,173.0273997846428,176.19940185546875,36862400,MSFT
2020-02-21 00:00:00-05:00,175.0051344424587,175.32042633189093,169.3490221652734,170.62928771972656,48572600,MSFT
2020-02-24 00:00:00-05:00,160.29161663484905,166.76939536429856,155.95398004505844,163.2725372314453,68311100,MSFT
2020-02-25 00:00:00-05:00,166.4349751443764,167.0464463520378,160.17694061961805,160.57823181152344,68073300,MSFT
2020-02-26 00:00:00-05:00,162.14516846559172,165.53691524521565,160.71203109551047,162.58465576171875,56206100,MSFT
2020-02-27 00:00:00-05:00,156.03995536210235,159.58457252523377,150.93797683031812,151.12905883789062,93174900,MSFT
2020-02-28 00:00:00-05:00,145.6163059732694,156.4126097745055,145.2245782829779,154.7883758544922,97012700,MSFT
2020-03-02 00:00:00-05:00,157.9412568253211,165.21203946757697,155.0749826890093,165.08782958984375,71030800,MSFT
2020-03-03 00:00:00-05:00,166.05284616962163,167.19935310375058,155.02723494949194,157.17694091796875,71677000,MSFT
2020-03-04 00:00:00-05:00,160.9795353071351,163.09101602333493,158.23745612386801,162.9477081298828,49814400,MSFT
2020-03-05 00:00:00-05:00,158.64829536210627,163.2534354451266,158.3043418414081,158.85848999023438,47817300,MSFT
2020-03-06 00:00:00-05:00,155.36161626378117,155.8393286298123,149.046258201705,154.36798095703125,72821100,MSFT
2020-03-09 00:00:00-04:00,144.2691329538796,150.71824982433446,143.31370823233073,143.90606689453125,70419300,MSFT
2020-03-10 00:00:00-04:00,151.10999619092294,153.85206081651998,145.77872383437062,153.74696350097656,65354400,MSFT
2020-03-11 00:00:00-04:00,150.12587708090874,150.67046154022705,144.41242728533643,146.78189086914062,56371600,MSFT
2020-03-12 00:00:00-04:00,138.8231981738028,146.62901545574113,132.40274365490265,132.86134338378906,93226400,MSFT
2020-03-13 00:00:00-04:00,140.92514321386426,154.69281663620373,134.45691391450814,151.75010681152344,92727400,MSFT
2020-03-16 00:00:00-04:00,133.7594368828441,142.69266224896845,128.98231413702825,129.3835906982422,87905900,MSFT
2020-03-17 00:00:00-04:00,133.75947310801226,140.92515916737005,128.9823490684404,140.03662109375,81059800,MSFT
2020-03-18 00:00:00-04:00,131.84861846004904,139.49201663164607,129.00145672314414,134.14163208007812,81593200,MSFT
2020-03-19 00:00:00-04:00,136.4059864786484,143.45701074664507,132.80403133103658,136.34866333007812,85922700,MSFT
2020-03-20 00:00:00-04:00,139.4919862198754,140.54295907078898,129.803981732681,131.22756958007812,84866200,MSFT
2020-03-23 00:00:00-04:00,130.90274173665898,134.3040661443452,126.61289387434711,129.9186553955078,78975200,MSFT
2020-03-24 00:00:00-04:00,137.34229592629205,142.93153606152444,134.97284683336954,141.72769165039062,82516700,MSFT
2020-03-25 00:00:00-04:00,142.2723026936915,147.45070307732973,138.00155290473782,140.37100219726562,75638200,MSFT
2020-03-26 00:00:00-04:00,141.78503551174546,149.67685374701728,141.75637393382866,149.1513671875,64568100,MSFT
2020-03-27 00:00:00-04:00,144.98570803381887,147.98574121163722,142.5493719682669,143.02708435058594,57042300,MSFT
2020-03-30 00:00:00-04:00,145.6449549415778,153.44122459952303,143.32326515890932,153.08770751953125,63420300,MSFT
2020-03-31 00:00:00-04:00,152.29469397697127,157.43488361684436,149.581291281011,150.68003845214844,77927200,MSFT
2020-04-01 00:00:00-04:00,146.17994757781898,150.71821392418917,144.09712917869655,145.32962036132812,57969900,MSFT
2020-04-02 00:00:00-04:00,145.09079525591488,148.54942799833736,143.6576582085742,148.3392333984375,49630700,MSFT
2020-04-03 00:00:00-04:00,148.18637008055234,150.36473713146398,145.4060808307808,146.9729766845703,41243300,MSFT
2020-04-06 00:00:00-04:00,153.17368146121848,159.0781985913757,150.55581276462382,157.9030303955078,67111700,MSFT
2020-04-07 00:00:00-04:00,162.0304746176157,162.42220225132698,155.98263439611668,156.202392578125,62769000,MSFT
2020-04-08 00:00:00-04:00,158.28521003844824,159.24063474894433,156.2119401661067,157.769287109375,48318200,MSFT
2020-04-09 00:00:00-04:00,158.9444277035774,159.90940124459578,156.0494925019006,157.77880859375,51385100,MSFT
2020-04-13 00:00:00-04:00,157.0240730387156,158.18969247085818,155.065449266435,158.13235473632812,41905300,MSFT
2020-04-14 00:00:00-04:00,161.46681169397772,166.0050800699919,160.5113867727116,165.95730590820312,52874300,MSFT
2020-04-15 00:00:00-04:00,163.5687026830469,165.83306909340988,161.69607846989396,164.21839904785156,40940800,MSFT
2020-04-16 00:00:00-04:00,166.53052221015562,169.37768363300282,165.19291893049618,169.14837646484375,50479600,MSFT
2020-04-17 00:00:00-04:00,171.49873136757532,171.9764437112176,168.03053508757284,170.63885498046875,52765600,MSFT
2020-04-20 00:00:00-04:00,168.75666127755133,170.7821568785883,167.18976542835566,167.2566375732422,36669600,MSFT
2020-04-21 00:00:00-04:00,165.76617570683052,165.92859614684912,158.7055881719727,160.33937072753906,56203700,MSFT
2020-04-22 00:00:00-04:00,163.75024942901226,166.24390864178403,163.20566489538103,165.78530883789062,34620200,MSFT
2020-04-23 00:00:00-04:00,166.34896392279552,167.25661430195765,163.29160837153404,163.77886962890625,32790800,MSFT
2020-04-24 00:00:00-04:00,164.3903810323593,166.77894292014466,163.10056636013007,166.76939392089844,34277600,MSFT
2020-04-27 00:00:00-04:00,168.71841311051318,169.0145923802267,165.57507284270739,166.29164123535156,33194400,MSFT
2020-04-28 00:00:00-04:00,167.76303085079343,167.83946658136614,161.83940022834474,162.2406768798828,34392700,MSFT
2020-04-29 00:00:00-04:00,165.498651407964,169.75983698644703,164.21838593486802,169.52098083496094,51286600,MSFT
2020-04-30 00:00:00-04:00,171.97645884226827,172.35862291935663,168.3745033722791,171.2216796875,53875900,MSFT
2020-05-01 00:00:00-04:00,167.9636662311745,170.6770688973552,166.2534478433984,166.7884979248047,39370500,MSFT
2020-05-04 00:00:00-04:00,166.71207501895736,171.0210355260861,166.05282958853937,170.8681640625,30372900,MSFT
2020-05-05 00:00:00-04:00,172.5687863053787,175.4637216723672,171.88087942821087,172.70254516601562,36839200,MSFT
2020-05-06 00:00:00-04:00,173.96374153549596,175.98923735554277,173.53380331049306,174.40322875976562,32139300,MSFT
2020-05-07 00:00:00-04:00,175.96058492522113,176.32365101697832,174.44146298122487,175.41600036621094,28316000,MSFT
2020-05-08 00:00:00-04:00,176.7344452481951,176.75355782294716,175.18666200160757,176.44781494140625,30877800,MSFT
2020-05-11 00:00:00-04:00,174.98599990485573,179.15165151180778,174.69938420372958,178.41598510742188,30892700,MSFT
2020-05-12 00:00:00-04:00,178.4733376396917,178.70263023835386,174.17392647128779,174.3745574951172,32038200,MSFT
2020-05-13 00:00:00-04:00,174.4128177476249,175.84595509217624,168.67070479013455,171.7376251220703,44711500,MSFT
2020-05-14 00:00:00-04:00,169.62606351195856,172.63565950858856,167.84897331484848,172.4827880859375,41873900,MSFT
2020-05-15 00:00:00-04:00,171.07835805575098,178.7217562636514,169.11018534979667,174.99560546875,46610400,MSFT
2020-05-18 00:00:00-04:00,177.47014054078053,177.90007874615046,175.75993671813157,176.66758728027344,35264500,MSFT
2020-05-19 00:00:00-04:00,176.7822298525847,178.28225361895426,175.31088223935092,175.44464111328125,26799100,MSFT
2020-05-20 00:00:00-04:00,177.06379523039917,178.06021242897378,176.23026544675045,177.878173828125,31261300,MSFT
2020-05-21 00:00:00-04:00,177.62905260105265,178.84582532566492,175.60749153447756,175.7416229248047,29119500,MSFT
2020-05-22 00:00:00-04:00,175.51170329124758,176.7284760958556,174.88893888010873,175.8182830810547,20826900,MSFT
2020-05-26 00:00:00-04:00,178.52968344629363,178.68298066486196,173.50932380161322,173.95962524414062,36073600,MSFT
2020-05-27 00:00:00-04:00,172.64702624082813,174.3620076917723,169.19792677156028,174.18954467773438,39517100,MSFT
2020-05-28 00:00:00-04:00,173.1643818219209,176.4314423283632,172.81947045060082,173.7967071533203,33810200,MSFT
2020-05-29 00:00:00-04:00,175.07097475231458,176.54643473912688,172.8482237983988,175.56918334960938,42130400,MSFT
2020-06-01 00:00:00-04:00,174.88891034041663,175.32963607667435,173.8541909268482,175.16676330566406,22622400,MSFT
2020-06-02 00:00:00-04:00,176.52731255934225,177.24587692525546,173.74886952550298,177.15965270996094,30794600,MSFT
2020-06-03 00:00:00-04:00,177.07342987987812,178.14648132988268,175.88539818935195,177.59078979492188,27311000,MSFT
2020-06-04 00:00:00-04:00,176.57521483224136,178.05066052316053,174.65904324343617,175.2530517578125,28761800,MSFT
2020-06-05 00:00:00-04:00,174.96555883782236,179.86137603395164,174.38112613310628,179.3535919189453,39893600,MSFT
2020-06-08 00:00:00-04:00,178.14646116671443,180.64706548139716,176.70933258630433,180.46502685546875,33211600,MSFT
2020-06-09 00:00:00-04:00,180.12010837438186,182.706936794211,179.4111197061566,181.84466552734375,29783900,MSFT
2020-06-10 00:00:00-04:00,183.1189232288996,190.19917591724314,183.00394300463498,188.58958435058594,43872300,MSFT
2020-06-11 00:00:00-04:00,185.0350682105646,187.55482328316214,178.27098652054713,178.4626007080078,52854700,MSFT
2020-06-12 00:00:00-04:00,182.5536302771915,183.68417892735448,177.41829069397733,179.87100219726562,43373600,MSFT
2020-06-15 00:00:00-04:00,176.8434521319893,182.82191188812118,176.29733629086138,181.0207061767578,32770200,MSFT
2020-06-16 00:00:00-04:00,184.80514392400622,187.3823967101177,183.43508843593403,185.45664978027344,42556700,MSFT
2020-06-17 00:00:00-04:00,186.85543772763106,188.09137636703255,185.5716065025008,186.0985565185547,25687800,MSFT
2020-06-18 00:00:00-04:00,185.86860404780714,188.25424242453795,185.86860404780714,188.09136962890625,23061600,MSFT
2020-06-19 00:00:00-04:00,190.26624578943395,190.93690289131283,186.2231227505278,186.97042846679688,44441100,MSFT
2020-06-22 00:00:00-04:00,187.58356094783133,192.34524723857083,187.0470353859269,192.16322326660156,32818900,MSFT
2020-06-23 00:00:00-04:00,193.6195309241335,195.4015708678264,192.98719086880405,193.44708251953125,30917400,MSFT
2020-06-24 00:00:00-04:00,193.1500799897967,194.73091552273308,188.3213199494767,189.54766845703125,36740600,MSFT
2020-06-25 00:00:00-04:00,189.50935509783076,192.2015735858974,187.277013654113,191.94288635253906,27803900,MSFT
2020-06-26 00:00:00-04:00,191.35846846554972,191.51176569873996,186.71176121089752,188.10098266601562,54675800,MSFT
2020-06-29 00:00:00-04:00,187.57401661320998,190.20875228029834,185.43748960200932,190.12252807617188,26701600,MSFT
2020-06-30 00:00:00-04:00,189.5859985624905,195.83270665462686,189.45186715239498,194.98001098632812,34310300,MSFT
2020-07-01 00:00:00-04:00,194.6254908649047,197.70095179944812,193.31291838796136,196.12010192871094,32061200,MSFT
2020-07-02 00:00:00-04:00,197.05902421609218,199.30095546033778,196.40753307482805,197.61471557617188,29315800,MSFT
2020-07-06 00:00:00-04:00,200.0770216548245,202.28062150330317,199.3680330335427,201.86863708496094,31897600,MSFT
2020-07-07 00:00:00-04:00,201.6291326622737,205.6722554862354,199.2722500267943,199.52134704589844,33600700,MSFT
2020-07-08 00:00:00-04:00,201.26506682461263,204.32134787899562,199.94290390142638,203.9093780517578,33600000,MSFT
2020-07-09 00:00:00-04:00,207.26267626922558,207.31058347692323,202.6063792940229,205.33692932128906,33121700,MSFT
2020-07-10 00:00:00-04:00,204.6662498986094,205.1069757258136,202.23271880356717,204.7141571044922,26177600,MSFT
2020-07-13 00:00:00-04:00,205.49019605487902,206.7548760681711,197.84467703569644,198.3907928466797,38135600,MSFT
2020-07-14 00:00:00-04:00,197.49017541399985,200.09616923090363,193.5620188846188,199.61712646484375,37591800,MSFT
2020-07-15 00:00:00-04:00,200.77642365546433,202.47223932553388,196.43629689144993,199.32012939453125,32179400,MSFT
2020-07-16 00:00:00-04:00,196.79081135729675,197.0782400122111,193.83032983590473,195.3728485107422,29940700,MSFT
2020-07-17 00:00:00-04:00,195.89978710275213,196.44588835771034,192.94888134945083,194.37643432617188,31635300,MSFT
2020-07-20 00:00:00-04:00,196.40755546562454,203.40158353531893,194.50095978623176,202.73092651367188,36884800,MSFT
2020-07-21 00:00:00-04:00,204.70460118533163,204.97286402098612,199.3105738313389,200.00039672851562,37990400,MSFT
2020-07-22 00:00:00-04:00,200.43149741397403,203.40156851523614,199.65545044485876,202.87461853027344,49605700,MSFT
2020-07-23 00:00:00-04:00,198.50573496099534,202.07938974439114,193.67697590587468,194.05062866210938,67457000,MSFT
2020-07-24 00:00:00-04:00,192.01952034770355,194.35725162565268,189.23148765379403,192.86264038085938,39827000,MSFT
2020-07-27 00:00:00-04:00,193.0254921260204,195.42070594143314,192.4410593702907,195.3057403564453,30160900,MSFT
2020-07-28 00:00:00-04:00,195.07582771240598,196.12013760474971,193.2842121522174,193.55247497558594,23251400,MSFT
2020-07-29 00:00:00-04:00,194.0123315708133,196.07220973733158,193.54286436977003,195.50694274902344,19632600,MSFT
2020-07-30 00:00:00-04:00,192.57518040768431,195.89016258248418,191.2051251961408,195.35362243652344,25079600,MSFT
2020-07-31 00:00:00-04:00,195.83269669820726,196.50336833381417,190.6686157432386,196.41712951660156,51044000,MSFT
2020-08-03 00:00:00-04:00,202.6542875887838,208.5177672855925,201.6195532977186,207.4638671875,78983000,MSFT
2020-08-04 00:00:00-04:00,205.19320244984735,205.76805968906118,201.49499124627997,204.35008239746094,49280100,MSFT
2020-08-05 00:00:00-04:00,205.8925948865428,205.98840929669697,202.70218262142487,204.01475524902344,28806400,MSFT
2020-08-06 00:00:00-04:00,203.43988216366904,207.3009657603517,202.68300101168293,207.2818145751953,32656800,MSFT
2020-08-07 00:00:00-04:00,205.8447085853178,206.6590726195856,202.08899995716098,203.57403564453125,27820400,MSFT
2020-08-10 00:00:00-04:00,202.79799838593433,202.99920281541554,197.70099006339882,199.52134704589844,36716500,MSFT
2020-08-11 00:00:00-04:00,198.47701588010221,198.9464684665569,194.62550768489723,194.85545349121094,36446500,MSFT
2020-08-12 00:00:00-04:00,196.68540826683247,201.46626120547887,196.16804841775132,200.4219512939453,28013100,MSFT
2020-08-13 00:00:00-04:00,200.6614881298683,202.49143547853484,199.42554928673022,199.95249938964844,22588900,MSFT
2020-08-14 00:00:00-04:00,200.0099573373396,200.80517019031623,198.81235026103033,200.1440887451172,17958900,MSFT
2020-08-17 00:00:00-04:00,200.81474113004822,202.33809367629547,200.16323534106616,201.4662322998047,20184800,MSFT
2020-08-18 00:00:00-04:00,201.70578061484903,203.4590791946227,200.44111509683887,202.62554931640625,21336200,MSFT
2020-08-19 00:00:00-04:00,203.11529059571922,203.70113601638676,200.96398625573832,201.3961639404297,27627600,MSFT
2020-08-20 00:00:00-04:00,201.24255991986493,206.486359497437,200.63751683155905,206.08299255371094,26981500,MSFT
2020-08-21 00:00:00-04:00,205.39149643815162,207.6868557841031,204.42149605209858,204.5847625732422,36249300,MSFT
2020-08-24 00:00:00-04:00,206.2846433660355,206.98574705184538,204.0180951120791,205.22821044921875,25460100,MSFT
2020-08-25 00:00:00-04:00,204.66158367149941,208.03258795996646,204.66158367149941,207.89813232421875,23043700,MSFT
2020-08-26 00:00:00-04:00,209.25231937365362,213.29560217508455,208.7529064047803,212.392822265625,39600800,MSFT
2020-08-27 00:00:00-04:00,214.06391898104908,221.99683117871206,210.71211201268858,217.60780334472656,57602200,MSFT
2020-08-28 00:00:00-04:00,219.14443155423294,221.5070259544178,217.60779777645126,219.8455352783203,26292900,MSFT
2020-08-31 00:00:00-04:00,218.01114135851057,219.64382098402714,215.42765896860678,216.59934997558594,28774200,MSFT
2020-09-01 00:00:00-04:00,216.58014594729897,218.443327279092,215.54291052585035,218.2704620361328,25725500,MSFT
2020-09-02 00:00:00-04:00,218.94277951435643,223.63914330108395,218.34733514222197,222.47705078125,34080800,MSFT
2020-09-03 00:00:00-04:00,220.19129093318827,220.22970055127237,206.44794563306343,208.69528198242188,58400300,MSFT
2020-09-04 00:00:00-04:00,206.58239950539593,209.71330358948268,197.0648156953769,205.76605224609375,59664100,MSFT
2020-09-08 00:00:00-04:00,198.32293318553906,201.71314970879104,194.19320331662198,194.63499450683594,52924300,MSFT
2020-09-09 00:00:00-04:00,199.37937868506188,206.33267691327018,198.5150084494473,202.92324829101562,45679000,MSFT
2020-09-10 00:00:00-04:00,204.94967867940164,206.2366278547582,196.02755499906874,197.23765563964844,35461500,MSFT
2020-09-11 00:00:00-04:00,198.99523155246928,200.368613619327,193.27124556249714,195.9507598876953,33620100,MSFT
2020-09-14 00:00:00-04:00,196.1524244365995,200.91600807805682,195.95073365631603,197.27609252929688,30375800,MSFT
2020-09-15 00:00:00-04:00,200.1668739009576,201.47302049470625,198.73587042584893,200.5126190185547,21823900,MSFT
2020-09-16 00:00:00-04:00,202.27975704572395,202.30856791804624,196.53656024131783,196.93032836914062,26328100,MSFT
2020-09-17 00:00:00-04:00,192.1283423992957,196.23886006184514,192.04190977266654,194.87509155273438,34011300,MSFT
2020-09-18 00:00:00-04:00,194.7694511786119,195.58578376166412,188.47881764601027,192.4548797607422,55225300,MSFT
2020-09-21 00:00:00-04:00,189.38158995270084,194.68301077891633,188.60366701743501,194.5197296142578,39839700,MSFT
2020-09-22 00:00:00-04:00,196.93997901103268,199.85960851536447,194.077985921099,199.20652770996094,33517100,MSFT
2020-09-23 00:00:00-04:00,199.6674750785702,199.85956711096682,192.10911961891628,192.64694213867188,30803800,MSFT
2020-09-24 00:00:00-04:00,191.9362594683191,197.42975761656191,191.31198965559403,195.1439971923828,31202500,MSFT
2020-09-25 00:00:00-04:00,195.48976373093728,200.76235954382076,194.51974866099025,199.59068298339844,29437300,MSFT
2020-09-28 00:00:00-04:00,202.52951091493645,204.15259209844297,199.8211711438522,201.1465301513672,32004900,MSFT
2020-09-29 00:00:00-04:00,201.060091777366,201.75158213940978,198.62066337388762,199.05284118652344,24221900,MSFT
2020-09-30 00:00:00-04:00,199.50423157489382,203.58593860629148,198.36135126137188,202.00128173828125,33829100,MSFT
2020-10-01 00:00:00-04:00,205.03616387095073,205.51636472015986,202.95209394393123,204.0469512939453,27158400,MSFT
2020-10-02 00:00:00-04:00,199.76354745713493,202.6351537274752,197.40095289977685,198.0252227783203,33154800,MSFT
2020-10-05 00:00:00-04:00,199.01441342685956,202.0780967632502,198.7839117756681,202.04928588867188,21331600,MSFT
2020-10-06 00:00:00-04:00,200.55107412232323,201.85720626234854,196.70946762700416,197.7563018798828,28554300,MSFT
2020-10-07 00:00:00-04:00,198.86074075676342,201.78996838805088,198.53420774988274,201.52105712890625,25681100,MSFT
2020-10-08 00:00:00-04:00,202.17412838157995,202.82720906682906,200.0708612618894,202.24136352539062,19925800,MSFT
2020-10-09 00:00:00-04:00,202.8656557507978,207.31232050333938,202.8656557507978,207.26429748535156,26458000,MSFT
2020-10-12 00:00:00-04:00,210.12630057826965,214.99554467367747,208.2247091428494,212.63294982910156,40461400,MSFT
2020-10-13 00:00:00-04:00,213.90062433155887,216.29202935426724,211.7012966789068,214.0350799560547,28950800,MSFT
2020-10-14 00:00:00-04:00,214.1695624812037,215.34125363665,210.4528128800717,212.1143035888672,23421700,MSFT
2020-10-15 00:00:00-04:00,208.50321179823604,211.63411601753762,207.4563628234982,210.9618377685547,22733100,MSFT
2020-10-16 00:00:00-04:00,211.43242521555936,213.48768423648824,210.6353047125582,210.9618377685547,26057900,MSFT
2020-10-19 00:00:00-04:00,211.6917780820998,213.49733828422163,205.25708849449296,205.73728942871094,27625800,MSFT
2020-10-20 00:00:00-04:00,207.2546475244532,208.76247026558067,204.65195300022404,206.15017700195312,22753500,MSFT
2020-10-21 00:00:00-04:00,204.68078344545265,208.33031244108358,204.68078344545265,206.2942657470703,22724900,MSFT
2020-10-22 00:00:00-04:00,205.4586995787532,207.50435959979706,203.3170081940359,206.3806915283203,22351500,MSFT
2020-10-23 00:00:00-04:00,206.51512372382146,207.71562554273154,204.71917769219223,207.6676025390625,18879600,MSFT
2020-10-26 00:00:00-04:00,205.38190309336022,207.7732938739257,199.85959348811673,201.7611846923828,37111600,MSFT
2020-10-27 00:00:00-04:00,203.21137857142563,206.169417367795,202.0012777861424,204.80564880371094,36700300,MSFT
2020-10-28 00:00:00-04:00,199.44663061197878,200.57029890627174,194.0972004594266,194.6542205810547,51195600,MSFT
2020-10-29 00:00:00-04:00,195.98913297435524,199.14884732971458,195.31684022871158,196.61338806152344,31432600,MSFT
2020-10-30 00:00:00-04:00,195.44174246823854,196.20045334971277,191.71537924916166,194.45252990722656,36953700,MSFT
2020-11-02 00:00:00-05:00,196.20044850341992,197.15125142164013,192.19557534323735,194.3180694580078,30842200,MSFT
2020-11-03 00:00:00-05:00,195.81630810024714,199.87880331397056,195.07679466503168,198.25572204589844,27512000,MSFT
2020-11-04 00:00:00-05:00,205.54517228102782,209.6749024484813,204.00852372653503,207.82131958007812,42311800,MSFT
2020-11-05 00:00:00-05:00,213.24757229869556,215.24520945533908,212.39281543088538,214.4480743408203,36080100,MSFT
2020-11-06 00:00:00-05:00,213.45886064139708,215.47570992275814,209.3963658567556,214.86105346679688,25231900,MSFT
2020-11-09 00:00:00-05:00,215.5525596748849,219.08683089312086,209.25232687398287,209.74212646484375,44395000,MSFT
2020-11-10 00:00:00-05:00,206.00614961539188,207.92695287520905,201.4154309967941,202.6543426513672,44045100,MSFT
2020-11-11 00:00:00-05:00,203.9797312255418,209.40599536106023,203.79725254461698,207.97500610351562,29440800,MSFT
2020-11-12 00:00:00-05:00,208.60885058483515,210.43360787323175,205.96774602530164,206.908935546875,21593900,MSFT
2020-11-13 00:00:00-05:00,207.79249957079764,208.8105229652226,205.67961889214274,207.93655395507812,18621100,MSFT
2020-11-16 00:00:00-05:00,206.3615484976705,209.11791187482746,206.02541663040634,208.6280975341797,24953300,MSFT
2020-11-17 00:00:00-05:00,207.54278565365732,209.06020724200425,205.6027703741667,205.9677276611328,24154100,MSFT
2020-11-18 00:00:00-05:00,205.72699047200956,207.1906268558678,203.1078578663397,203.25230407714844,28372800,MSFT
2020-11-19 00:00:00-05:00,203.54120679291546,205.13001245633458,202.14496671501772,204.54263305664062,24792700,MSFT
2020-11-20 00:00:00-05:00,204.33079696240046,205.38037200297697,202.21238444489782,202.58792114257812,22843100,MSFT
2020-11-23 00:00:00-05:00,203.1270830423047,204.4173866751124,200.44055445203017,202.3182373046875,25683500,MSFT
2020-11-24 00:00:00-05:00,201.8175590808587,206.30475112641128,201.1146345212634,205.92921447753906,33979700,MSFT
2020-11-25 00:00:00-05:00,207.13284857044923,207.30616638715045,204.58112720502842,205.93882751464844,21012900,MSFT
2020-11-27 00:00:00-05:00,206.88249975377073,208.24983865296372,206.10252548459613,207.24839782714844,14512200,MSFT
2020-11-30 00:00:00-05:00,206.16031025318807,206.79582361196043,203.02119486061437,206.1314239501953,33064800,MSFT
2020-12-01 00:00:00-05:00,206.55512379907677,209.26093033599784,205.43815230875452,208.1920928955078,30904500,MSFT
2020-12-02 00:00:00-05:00,206.9113898033444,207.4795067033715,204.90852280838254,207.38320922851562,23724500,MSFT
2020-12-03 00:00:00-05:00,206.6514250124484,208.35579062515012,205.72701909064625,206.29515075683594,25120900,MSFT
2020-12-04 00:00:00-05:00,206.275882644911,207.3928688175813,205.2744416994365,206.4106903076172,24666000,MSFT
2020-12-07 00:00:00-05:00,206.42028149687246,207.54689136245784,205.0914675157089,206.34324645996094,24620000,MSFT
2020-12-08 00:00:00-05:00,206.035154128181,208.9046399230216,204.99520300208576,207.99949645996094,23284100,MSFT
2020-12-09 00:00:00-05:00,207.18100061683145,207.24839709342632,203.3774855292624,203.9456024169922,32440600,MSFT
2020-12-10 00:00:00-05:00,203.91670334127437,205.17812081374072,202.55898840206825,202.7130584716797,26733300,MSFT
2020-12-11 00:00:00-05:00,202.26050363451907,205.40924298908126,201.35536026649135,205.35145568847656,30979400,MSFT
2020-12-14 00:00:00-05:00,205.19739307664398,208.19206224338683,204.98555039401154,206.256591796875,28798400,MSFT
2020-12-15 00:00:00-05:00,207.19061983242744,207.43134881601668,204.3692831973686,206.18919372558594,27000600,MSFT
2020-12-16 00:00:00-05:00,206.7862304214941,211.94746125395747,206.75734411421567,211.1482391357422,35023300,MSFT
2020-12-17 00:00:00-05:00,211.71632926671745,212.69850766848936,209.83864606695616,211.28302001953125,32515800,MSFT
2020-12-18 00:00:00-05:00,210.48379516601562,211.54300859413542,208.0091088009451,210.48379516601562,63354900,MSFT
2020-12-21 00:00:00-05:00,209.48240422945884,215.69321024663452,209.22241276380078,214.3354949951172,37181900,MSFT
2020-12-22 00:00:00-05:00,214.4317766950902,217.26275222199794,213.62293074252594,215.6354217529297,22612200,MSFT
2020-12-23 00:00:00-05:00,214.8362062822929,215.26951557786228,212.61187249782776,212.82371520996094,18699600,MSFT
2020-12-24 00:00:00-05:00,213.20886763421802,215.31765611091257,212.9970249301617,214.4895477294922,10550600,MSFT
2020-12-28 00:00:00-05:00,216.12648767772666,217.6478966815725,214.7495248859083,216.61758422851562,17933500,MSFT
2020-12-29 00:00:00-05:00,217.91756427486638,218.75529667252346,215.28880714595485,215.83766174316406,17403200,MSFT
2020-12-30 00:00:00-05:00,216.8775680183136,217.26274323665223,213.25700912352386,213.45921325683594,20272300,MSFT
2020-12-31 00:00:00-05:00,213.47848272434652,214.73027651255782,211.53338821321609,214.17178344726562,20942100,MSFT
2021-01-04 00:00:00-05:00,214.27772863444477,214.73030039816265,206.8440148174234,209.61721801757812,37130100,MSFT
2021-01-05 00:00:00-05:00,209.20313130142958,210.41641490220238,207.70098464612286,209.81939697265625,23823000,MSFT
2021-01-06 00:00:00-05:00,204.30190171848312,208.46170621201424,204.08043513541824,204.37893676757812,35930700,MSFT
2021-01-07 00:00:00-05:00,206.10252299350742,211.20598045521788,205.7847736605264,210.19491577148438,27694500,MSFT
2021-01-08 00:00:00-05:00,210.57048821815363,212.40003764583292,208.98168251129223,211.4756317138672,22956200,MSFT
2021-01-11 00:00:00-05:00,210.36824456255022,210.79192992294145,208.69276555362057,209.42459106445312,23031300,MSFT
2021-01-12 00:00:00-05:00,208.4713035292935,209.04905897744794,205.40923785569663,206.9595184326172,23249300,MSFT
2021-01-13 00:00:00-05:00,206.08328798688993,208.72166844329396,205.99661437960842,208.31724548339844,20087100,MSFT
2021-01-14 00:00:00-05:00,207.90320332267183,209.39572610602872,204.85076127426112,205.12037658691406,29480800,MSFT
2021-01-15 00:00:00-05:00,205.60186142550404,206.55513901499322,204.16711106582417,204.7641143798828,31746500,MSFT
2021-01-19 00:00:00-05:00,205.8232972815894,208.93351188204568,204.74483605137272,208.41354370117188,30480900,MSFT
2021-01-20 00:00:00-05:00,209.62682209328247,217.41680944666538,209.2320229846953,216.0205841064453,37777300,MSFT
2021-01-21 00:00:00-05:00,216.36723633227427,217.90790790964056,214.17178888493385,216.62722778320312,30709400,MSFT
2021-01-22 00:00:00-05:00,218.65896157091333,221.53808562831492,217.4264302971937,217.57086181640625,30172700,MSFT
2021-01-25 00:00:00-05:00,220.62329785785354,221.25882591143244,215.90501557798177,221.01809692382812,33152100,MSFT
2021-01-26 00:00:00-05:00,223.26170747303482,225.49566498398204,221.5477181444762,223.7142791748047,49169600,MSFT
2021-01-27 00:00:00-05:00,229.17398426844358,231.52350141601414,221.605464704466,224.2631072998047,69870600,MSFT
2021-01-28 00:00:00-05:00,226.87266052369085,233.64195946009306,226.37194004293332,230.0695343017578,49111200,MSFT
2021-01-29 00:00:00-05:00,227.23856753542645,229.19328597251487,222.7706375802339,223.35801696777344,42503100,MSFT
2021-02-01 00:00:00-05:00,226.34303639518623,233.5071339058897,223.81056257108708,230.7628173828125,33314200,MSFT
2021-02-02 00:00:00-05:00,232.35163385031615,233.32417372132824,229.83842250139034,230.6280059814453,25916300,MSFT
2021-02-03 00:00:00-05:00,230.68579162060908,236.00107732593798,230.38727532055444,233.98858642578125,27158100,MSFT
2021-02-04 00:00:00-05:00,233.6612283882509,234.21972149904957,231.4561422531204,233.0353240966797,25296100,MSFT
2021-02-05 00:00:00-05:00,233.24710224244978,234.2581668235833,231.50422690473658,233.2182159423828,18054800,MSFT
2021-02-08 00:00:00-05:00,234.13300148495574,234.64334575020365,231.87978174485005,233.4782257080078,22211900,MSFT
2021-02-09 00:00:00-05:00,232.90047711656726,235.68330363620066,232.42865770253408,234.7300262451172,23565000,MSFT
2021-02-10 00:00:00-05:00,235.91444238497093,236.80032342587674,231.95685666173426,233.81529235839844,22186700,MSFT
2021-02-11 00:00:00-05:00,235.70259429778093,236.0588685417286,233.1701203334614,235.42335510253906,15751100,MSFT
2021-02-12 00:00:00-05:00,234.88411228720133,236.20331730768942,233.72861593005658,235.90481567382812,16561100,MSFT
2021-02-16 00:00:00-05:00,235.94330822741708,237.0025217132221,233.91155486314173,234.66262817382812,26728500,MSFT
2021-02-17 00:00:00-05:00,232.90607856108954,235.79181898578886,232.53932303148682,235.68565368652344,21653500,MSFT
2021-02-18 00:00:00-05:00,233.36935593049495,235.4250809115678,232.46212780164703,235.2899627685547,16925600,MSFT
2021-02-19 00:00:00-05:00,235.25133831806946,235.35750361366337,231.80580395569913,232.56826782226562,25262600,MSFT
2021-02-22 00:00:00-05:00,229.1420850074163,229.63429798669347,224.29710878549207,226.3335418701172,36446900,MSFT
2021-02-23 00:00:00-05:00,222.29923867928684,226.64234016890754,220.7550189256022,225.13673400878906,30228700,MSFT
2021-02-24 00:00:00-05:00,221.9904157335927,226.99946241478764,221.01563591612486,226.37213134765625,26339700,MSFT
2021-02-25 00:00:00-05:00,223.98821025188258,226.4106903143289,219.93465203024414,221.00595092773438,39542200,MSFT
2021-02-26 00:00:00-05:00,223.4574318770251,227.16354220659915,221.53681027607436,224.27780151367188,37819200,MSFT
2021-03-01 00:00:00-05:00,227.67507029375602,229.19033751355963,225.0209521949545,228.67881774902344,25324000,MSFT
2021-03-02 00:00:00-05:00,228.7463396301239,229.0262366583078,225.31046591384901,225.7158203125,22812500,MSFT
2021-03-03 00:00:00-05:00,224.06546048406767,225.43594867579918,219.3362961558726,219.62583923339844,34029500,MSFT
2021-03-04 00:00:00-05:00,218.83444408837312,224.38396346309185,216.44090165043517,218.8247833251953,44727800,MSFT
2021-03-05 00:00:00-05:00,221.5175138259382,225.1367655747364,218.5642067552026,223.52499389648438,41872800,MSFT
2021-03-08 00:00:00-05:00,223.30297412664194,225.23324148057034,219.21081676144726,219.4617462158203,35267400,MSFT
2021-03-09 00:00:00-05:00,224.7603679994169,227.17320254174396,223.59254960115035,225.6289825439453,33080500,MSFT
2021-03-10 00:00:00-05:00,228.73672102262907,228.73672102262907,223.949650676721,224.31640625,29746800,MSFT
2021-03-11 00:00:00-05:00,226.7678289200637,230.8310336985803,226.1404831560715,228.86216735839844,29907600,MSFT
2021-03-12 00:00:00-05:00,225.85093547083036,227.59783986643797,225.0981323508544,227.5302734375,22653700,MSFT
2021-03-15 00:00:00-04:00,226.76782576934298,226.98980240187598,223.72764570940294,226.623046875,26034900,MSFT
2021-03-16 00:00:00-04:00,228.0418478678836,231.6900530101833,227.71370586025935,229.4219970703125,28092200,MSFT
2021-03-17 00:00:00-04:00,227.91634581988245,230.23267582514157,225.09815683124123,228.7753143310547,29562100,MSFT
2021-03-18 00:00:00-04:00,224.45153249985086,226.02470543487948,222.29928807360056,222.67568969726562,34833000,MSFT
2021-03-19 00:00:00-04:00,222.96521086600634,224.36465190721847,221.35343921420778,222.31857299804688,46430700,MSFT
2021-03-22 00:00:00-04:00,222.24132115307071,228.64014699202232,222.1158490708345,227.7618865966797,30127000,MSFT
2021-03-23 00:00:00-04:00,229.20957400931493,232.64544711978553,228.80421968213497,229.2964324951172,31638400,MSFT
2021-03-24 00:00:00-04:00,229.55708118997325,229.70184536987526,227.1152938438051,227.2504119873047,25620100,MSFT
2021-03-25 00:00:00-04:00,227.09596856717204,228.6787872880025,223.49602389436822,224.23916625976562,34061900,MSFT
2021-03-26 00:00:00-04:00,223.47671534408212,228.45680886329438,223.47671534408212,228.2348175048828,25479900,MSFT
2021-03-29 00:00:00-04:00,228.34102310949228,228.54370770582582,223.79525074237355,227.03810119628906,25227500,MSFT
2021-03-30 00:00:00-04:00,225.38769886994126,225.69654875990918,223.0424307659374,223.7662811279297,24792000,MSFT
2021-03-31 00:00:00-04:00,224.78929284389523,230.76347278304596,224.28741919809048,227.54957580566406,43623500,MSFT
2021-04-01 00:00:00-04:00,230.15545323053863,234.37308312806474,229.75009881096892,233.90017700195312,30338000,MSFT
2021-04-05 00:00:00-04:00,234.29587294711084,241.24484799838822,234.23796727614567,240.38587951660156,36910600,MSFT
2021-04-06 00:00:00-04:00,238.97677990540257,240.70436292110418,238.2722363575573,239.2180633544922,22931900,MSFT
2021-04-07 00:00:00-04:00,239.1698395403096,242.18105272337678,238.57146120951424,241.1869659423828,22719800,MSFT
2021-04-08 00:00:00-04:00,243.95687539631507,245.27910399325341,243.21371824484822,244.42013549804688,23625200,MSFT
2021-04-09 00:00:00-04:00,244.05339488352917,247.06462254609167,243.63839439187007,246.92950439453125,24326800,MSFT
2021-04-12 00:00:00-04:00,245.82923861645543,248.6860411667651,245.7423653814228,246.98739624023438,27148700,MSFT
2021-04-13 00:00:00-04:00,248.2903516862392,250.15305300798045,247.87532173265367,249.47744750976562,23837500,MSFT
2021-04-14 00:00:00-04:00,248.50264472916203,249.8055517087764,246.26352739476826,246.67852783203125,23070900,MSFT
2021-04-15 00:00:00-04:00,248.93695757462353,250.86722520261156,248.74394848395266,250.4522247314453,25627500,MSFT
2021-04-16 00:00:00-04:00,250.42326226426053,251.8999157647396,248.61846681406894,251.6489715576172,24878600,MSFT
2021-04-19 00:00:00-04:00,251.11815998275338,252.36319080301237,248.83079764211058,249.7187042236328,23209300,MSFT
2021-04-20 00:00:00-04:00,248.83078618875894,251.1278091865846,247.88494452684714,249.2554473876953,19722900,MSFT
2021-04-21 00:00:00-04:00,249.91179398462032,251.59111767693693,248.28071520966049,251.49459838867188,24030400,MSFT
2021-04-22 00:00:00-04:00,251.1374615407011,252.6527286978144,246.7268076678221,248.20347595214844,25606200,MSFT
2021-04-23 00:00:00-04:00,248.88873105034264,252.39217176650175,248.2999840644723,252.04470825195312,21462600,MSFT
2021-04-26 00:00:00-04:00,252.53692039312767,253.2897235991094,251.0988804178214,252.4307403564453,19763300,MSFT
2021-04-27 00:00:00-04:00,252.459719495277,254.01360043254778,251.05063220979886,252.8361358642578,31014200,MSFT
2021-04-28 00:00:00-04:00,247.15147165780957,247.59545445029084,244.1306126199528,245.68447875976562,46903100,MSFT
2021-04-29 00:00:00-04:00,246.55308913291572,247.17077418111876,240.31831825190145,243.7059326171875,40589000,MSFT
2021-04-30 00:00:00-04:00,241.03250668786558,244.25604986053563,240.89738855268695,243.38742065429688,30945100,MSFT
2021-05-03 00:00:00-04:00,244.56489758590888,245.48178647191602,242.36439371303774,243.07859802246094,19626600,MSFT
2021-05-04 00:00:00-04:00,242.2196305734956,242.45126798676034,237.19127700382506,239.15049743652344,32756100,MSFT
2021-05-05 00:00:00-04:00,240.37621885511075,240.80088007806515,237.24919480748818,237.87652587890625,21901300,MSFT
2021-05-06 00:00:00-04:00,237.85720494915813,241.14831450476535,236.15857488502473,241.02284240722656,26491100,MSFT
2021-05-07 00:00:00-04:00,243.3584957193326,245.4335423442591,242.41266866465028,243.65769958496094,27032900,MSFT
2021-05-10 00:00:00-04:00,242.1231136857128,242.9531293496134,238.50386190593224,238.561767578125,29299900,MSFT
2021-05-11 00:00:00-04:00,236.02346455009973,238.0019917084566,234.1125038239645,237.64488220214844,33641600,MSFT
2021-05-12 00:00:00-04:00,233.72643382946092,235.85938585438927,229.7693943690945,230.66696166992188,36684400,MSFT
2021-05-13 00:00:00-04:00,233.3693622947048,237.03687378235696,233.00260672790753,234.5564727783203,29624300,MSFT
2021-05-14 00:00:00-04:00,237.01756902364005,240.49204199441334,236.9307105128948,239.49795532226562,23901100,MSFT
2021-05-17 00:00:00-04:00,237.9537435768014,237.99234244938484,235.0293893133968,236.63150024414062,24970200,MSFT
2021-05-18 00:00:00-04:00,237.6835156436375,237.8186337925891,234.43100457845935,234.604736328125,20168000,MSFT
2021-05-19 00:00:00-04:00,231.49950163598774,235.29156060461747,230.8126825741299,235.18515014648438,25739800,MSFT
2021-05-20 00:00:00-04:00,235.9977582649219,239.8575251320209,235.90101611213873,238.4355010986328,21800700,MSFT
2021-05-21 00:00:00-04:00,239.48990667105087,240.22509675114117,236.752269419578,237.16822814941406,21863100,MSFT
2021-05-24 00:00:00-04:00,239.7027196949933,242.96274098079692,239.43185940713963,242.5951385498047,21411500,MSFT
2021-05-25 00:00:00-04:00,243.55281137496547,244.5008222997272,242.63382013845728,243.5044403076172,17704300,MSFT
2021-05-26 00:00:00-04:00,243.22391302197101,244.6846396440741,242.5661136971185,243.28196716308594,17771600,MSFT
2021-05-27 00:00:00-04:00,242.97240556695337,243.27228554099688,241.1150715812319,241.17311096191406,24426200,MSFT
2021-05-28 00:00:00-04:00,242.807946487655,243.85269958248085,241.41494236122048,241.53102111816406,18270200,MSFT
2021-06-01 00:00:00-04:00,243.0304700144353,243.0885094011038,238.89984288154076,239.32546997070312,23213300,MSFT
2021-06-02 00:00:00-04:00,240.03161120736655,241.1344036342718,237.81634328369952,239.22869873046875,19406700,MSFT
2021-06-03 00:00:00-04:00,237.21659992104807,238.30004104454875,235.06905429355336,237.69061279296875,25307700,MSFT
2021-06-04 00:00:00-04:00,239.67370569685207,243.4367448861745,239.43186509404015,242.6048126220703,25281100,MSFT
2021-06-07 00:00:00-04:00,241.82124540316434,245.7971054047232,241.6567955686447,245.5262451171875,23079200,MSFT
2021-06-08 00:00:00-04:00,246.83217077509167,247.6544346436119,244.26865179491406,244.3267059326172,22455000,MSFT
2021-06-09 00:00:00-04:00,245.5262211538155,247.19008547815795,244.94581263464914,245.3134002685547,17937600,MSFT
2021-06-10 00:00:00-04:00,245.9905680475651,249.05710495769495,245.39080810777045,248.8442840576172,24563600,MSFT
2021-06-11 00:00:00-04:00,249.56978084638592,250.0534619780059,248.2348161996662,249.4730682373047,18999700,MSFT
2021-06-14 00:00:00-04:00,249.48275045554263,251.4658610360134,248.41864593938234,251.40782165527344,19150500,MSFT
2021-06-15 00:00:00-04:00,251.29171889548186,251.5045398033916,249.26993503111808,249.927734375,18038900,MSFT
2021-06-16 00:00:00-04:00,250.93378234700253,252.07526281054376,246.1163220795132,248.97972106933594,27220000,MSFT
2021-06-17 00:00:00-04:00,247.71253948860925,253.20715178114932,247.65450009634432,252.3848876953125,27565500,MSFT
2021-06-18 00:00:00-04:00,251.15631388559288,253.73915505664723,250.3050302187907,250.96282958984375,37202200,MSFT
2021-06-21 00:00:00-04:00,251.34009426995223,254.91931727206614,249.50211169896875,254.05838012695312,26696100,MSFT
2021-06-22 00:00:00-04:00,254.14541140900315,257.11522060060247,253.83584840394232,256.8443603515625,24694100,MSFT
2021-06-23 00:00:00-04:00,257.3087152433959,258.12129611653836,255.7996322616232,256.6122131347656,19518700,MSFT
2021-06-24 00:00:00-04:00,257.4731999479005,259.10804489275193,256.80571747827196,257.98590087890625,21446900,MSFT
2021-06-25 00:00:00-04:00,257.5409216930038,258.5276207872366,256.1188976775025,256.3703918457031,25611100,MSFT
2021-06-28 00:00:00-04:00,257.50218987993065,260.1237336187573,257.2313295990359,259.9496154785156,19590000,MSFT
2021-06-29 00:00:00-04:00,260.0946586616981,262.7839242797006,259.2337216924044,262.5420837402344,19937800,MSFT
2021-06-30 00:00:00-04:00,261.85536433299154,262.5034806928627,260.80094272301073,262.0585021972656,21656500,MSFT
2021-07-01 00:00:00-04:00,260.8105247311946,262.96775319861274,260.80087118325156,262.735595703125,16725300,MSFT
2021-07-02 00:00:00-04:00,263.9157878795973,268.92671747250915,263.60622486064295,268.588134765625,26458000,MSFT
2021-07-06 00:00:00-04:00,268.95581982561964,270.2520821541563,265.3475467356974,268.597900390625,31565600,MSFT
2021-07-07 00:00:00-04:00,270.2810308321253,271.5289365118688,268.1044655756579,270.7937316894531,23260000,MSFT
2021-07-08 00:00:00-04:00,267.8626447928614,269.6329345310581,265.8989002860557,268.3656921386719,24618600,MSFT
2021-07-09 00:00:00-04:00,266.7210768041533,268.975017485796,266.3341378722185,268.8686218261719,23916700,MSFT
2021-07-12 00:00:00-04:00,270.0489254331277,270.6390024017424,267.5531135919919,268.26898193359375,18931700,MSFT
2021-07-13 00:00:00-04:00,268.4623536926777,273.61841087705284,268.33662140170094,271.8094482421875,26120100,MSFT
2021-07-14 00:00:00-04:00,273.13473876019674,274.4019809532492,271.39346898726626,273.2895202636719,23113700,MSFT
2021-07-15 00:00:00-04:00,272.7961611898891,273.28952539638505,270.6969720664265,271.8578186035156,22604200,MSFT
2021-07-16 00:00:00-04:00,272.86399244608646,274.8277374639782,270.33916055361675,271.5870666503906,26186800,MSFT
2021-07-19 00:00:00-04:00,269.8263743637179,271.2193785154485,265.4926099108282,267.96905517578125,32935600,MSFT
2021-07-20 00:00:00-04:00,268.9556774167805,271.7997242883668,267.2434571661511,270.2035827636719,26259700,MSFT
2021-07-21 00:00:00-04:00,269.7973836497617,272.33186856644005,268.239944262627,272.2157897949219,24364300,MSFT
2021-07-22 00:00:00-04:00,274.57619577662746,277.0720078070246,274.1699200182787,276.8011474609375,23384100,MSFT
2021-07-23 00:00:00-04:00,277.99099064976605,280.5254759840039,277.14938989604514,280.2159423828125,22768100,MSFT
2021-07-26 00:00:00-04:00,279.56773255599114,280.2352149712231,277.2847714708642,279.6160888671875,23176100,MSFT
2021-07-27 00:00:00-04:00,279.9836498416218,280.1287482752824,273.71516133505776,277.18798828125,33604100,MSFT
2021-07-28 00:00:00-04:00,279.55800071148394,280.6801444381033,274.5664080744057,276.87841796875,33566900,MSFT
2021-07-29 00:00:00-04:00,276.8977988434868,279.20012603665054,276.74301731974265,277.1493225097656,18168300,MSFT
2021-07-30 00:00:00-04:00,275.86272970836336,277.3040901387708,274.6438437209256,275.6112060546875,20944800,MSFT
2021-08-02 00:00:00-04:00,277.0138867843524,277.41050891679623,274.4794019823745,275.524169921875,16267400,MSFT
2021-08-03 00:00:00-04:00,276.1045861238973,277.8555096866815,274.7309185417036,277.74908447265625,17879000,MSFT
2021-08-04 00:00:00-04:00,276.8784837209439,278.2037655640513,275.3597175777446,277.1590270996094,16191300,MSFT
2021-08-05 00:00:00-04:00,277.51691846775424,280.1771649568676,276.762377008068,280.07073974609375,13900200,MSFT
2021-08-06 00:00:00-04:00,279.09371880032603,280.05139807222434,278.23275214540485,280.0126953125,16589300,MSFT
2021-08-09 00:00:00-04:00,280.2932231032673,282.03446341401013,278.4165379017834,278.9195556640625,16117600,MSFT
2021-08-10 00:00:00-04:00,279.3742390862678,279.8095639589579,275.8917581909728,277.0912780761719,18616600,MSFT
2021-08-11 00:00:00-04:00,277.8361193687977,279.2388065197493,276.5301743526626,277.5846252441406,13955900,MSFT
2021-08-12 00:00:00-04:00,277.27505238840786,280.50603883012514,276.99450906385545,280.35125732421875,14561300,MSFT
2021-08-13 00:00:00-04:00,280.0320771872381,283.34044005143994,279.85792951947155,283.2920837402344,18249000,MSFT
2021-08-16 00:00:00-04:00,283.62087926038373,285.19768411120526,280.554328599875,284.98486328125,22507600,MSFT
2021-08-17 00:00:00-04:00,282.8471344397884,283.8531701803325,281.579862409906,283.51458740234375,20075300,MSFT
2021-08-18 00:00:00-04:00,283.04927004788874,285.74368383432363,281.33374230637463,281.77960205078125,21813000,MSFT
2021-08-19 00:00:00-04:00,279.80251888858925,288.31222048376185,279.75406999784815,287.6337585449219,29850500,MSFT
2021-08-20 00:00:00-04:00,290.492942333406,296.4245297530549,288.88404287348874,294.9900817871094,40817600,MSFT
2021-08-23 00:00:00-04:00,293.91428487140496,295.99809004391307,292.5573905435911,295.27117919921875,22830200,MSFT
2021-08-24 00:00:00-04:00,295.6296662116613,296.240275810789,292.7026503562031,293.3035583496094,18175800,MSFT
2021-08-25 00:00:00-04:00,294.9319124080589,295.2129928490699,291.17138560708065,292.7124328613281,20006100,MSFT
2021-08-26 00:00:00-04:00,291.7237641949672,293.11943496903467,289.74658858009593,289.88226318359375,17666100,MSFT
2021-08-27 00:00:00-04:00,289.7853828134745,291.6075104848054,287.691876313099,290.492919921875,22605700,MSFT
2021-08-30 00:00:00-04:00,291.84981383975514,294.8543841734556,291.79166334629616,294.2437744140625,16348100,MSFT
2021-08-31 00:00:00-04:00,295.0481769051044,295.12570102074363,292.21805864615504,292.58636474609375,26285300,MSFT
2021-09-01 00:00:00-04:00,293.54592448346756,295.79450871358483,292.20840404351725,292.5379333496094,18983800,MSFT
2021-09-02 00:00:00-04:00,292.8965684775402,294.0208310183589,290.93873669374995,291.8788757324219,16285600,MSFT
2021-09-03 00:00:00-04:00,291.723795856105,293.2842462231373,291.0162883636507,291.86920166015625,14747900,MSFT
2021-09-07 00:00:00-04:00,291.7431850784096,291.8207092025225,289.01969545610433,290.938720703125,17180400,MSFT
2021-09-08 00:00:00-04:00,290.5510489231006,291.3554837424543,288.3121663545763,290.9678039550781,15046800,MSFT
2021-09-09 00:00:00-04:00,291.55907086974764,292.83844092366724,287.85666491586284,288.0989685058594,19927000,MSFT
2021-09-10 00:00:00-04:00,289.2328842271939,290.68670537463464,286.2864650865219,286.6062927246094,19633400,MSFT
2021-09-13 00:00:00-04:00,288.3896814290302,289.34922362690304,285.026506878026,287.846923828125,23652900,MSFT
2021-09-14 00:00:00-04:00,290.3378305630741,292.11150927882005,288.9227859804773,290.5607604980469,21853400,MSFT
2021-09-15 00:00:00-04:00,293.92397148991313,295.9205508085953,292.52830037303755,295.4359436035156,28356300,MSFT
2021-09-16 00:00:00-04:00,294.40856371347337,295.910834141544,291.50092063095605,295.8236083984375,19550800,MSFT
2021-09-17 00:00:00-04:00,294.8059142074956,295.1257418986499,290.308745847756,290.6382751464844,41372500,MSFT
2021-09-20 00:00:00-04:00,287.20724986675253,289.5236861554289,280.6069030944692,285.23974609375,38278700,MSFT
2021-09-21 00:00:00-04:00,286.58701077286617,288.380063343939,285.01688816382256,285.7243957519531,22364100,MSFT
2021-09-22 00:00:00-04:00,287.5949473188643,290.9774954954445,285.44329055858685,289.3879699707031,26626300,MSFT
2021-09-23 00:00:00-04:00,289.6496957275967,291.6365731856919,288.37032576939185,290.33782958984375,18604600,MSFT
2021-09-24 00:00:00-04:00,289.04876216977885,290.5704059878973,287.78876596007865,290.13427734375,14999000,MSFT
2021-09-27 00:00:00-04:00,287.0231842347506,287.34301199203236,283.92168613310923,285.11383056640625,23571700,MSFT
2021-09-28 00:00:00-04:00,280.87825936598756,281.82809991669194,274.0453111836186,274.7915954589844,43186200,MSFT
2021-09-29 00:00:00-04:00,276.32300812104705,277.9415794692271,274.29735374474296,275.2568664550781,26353700,MSFT
2021-09-30 00:00:00-04:00,276.9141447704133,278.9688738745781,272.9500627575546,273.2408447265625,32343600,MSFT
2021-10-01 00:00:00-04:00,273.43473316733105,281.05277293433414,272.6302983139076,280.1998596191406,30086300,MSFT
2021-10-04 00:00:00-04:00,278.5521943769814,278.8914253103499,271.6223177870567,274.3942565917969,31350700,MSFT
2021-10-05 00:00:00-04:00,275.3053101600691,281.45982688238934,275.3053101600691,279.8703308105469,24993000,MSFT
2021-10-06 00:00:00-04:00,276.9820375548689,284.5903750685418,276.72036036456973,284.08636474609375,28002600,MSFT
2021-10-07 00:00:00-04:00,286.0926853878935,287.50775963834025,284.87149541719424,285.7728576660156,20430500,MSFT
2021-10-08 00:00:00-04:00,287.1006765960573,287.50775963834025,284.71641757147097,285.7728576660156,17685700,MSFT
2021-10-11 00:00:00-04:00,283.9022676599514,288.79678807629915,283.7374882135025,285.17193603515625,19298600,MSFT
2021-10-12 00:00:00-04:00,286.2477845931223,286.34471195119124,283.34984292874395,283.863525390625,17974100,MSFT
2021-10-13 00:00:00-04:00,285.8310025775358,288.12803581492204,284.45470520992285,287.1878967285156,23416300,MSFT
2021-10-14 00:00:00-04:00,289.99856943368576,293.9335766778313,288.6610491193376,293.4295959472656,27262900,MSFT
2021-10-15 00:00:00-04:00,293.0323002304024,295.0773581491236,291.2683227907257,294.8447265625,25384800,MSFT
2021-10-18 00:00:00-04:00,294.2243560476535,298.721494467245,293.3714428358164,297.829833984375,22729300,MSFT
2021-10-19 00:00:00-04:00,298.85726779302,299.7780037312189,297.76205078252724,298.740966796875,17682100,MSFT
2021-10-20 00:00:00-04:00,299.69067948195374,300.16561449754624,296.68610989741694,297.94610595703125,16537100,MSFT
2021-10-21 00:00:00-04:00,297.713578309162,301.4450298115465,296.92848749122396,301.19305419921875,16918100,MSFT
2021-10-22 00:00:00-04:00,300.8441197616063,301.51288001031764,298.32415660771585,299.6423034667969,17449300,MSFT
2021-10-25 00:00:00-04:00,299.8361271319988,299.87490398656814,297.0254115262291,298.6440124511719,17554500,MSFT
2021-10-26 00:00:00-04:00,301.42560307917466,302.7824969844961,299.0994950160424,300.56298828125,28107300,MSFT
2021-10-27 00:00:00-04:00,306.2717285345529,316.0607991913037,306.2717285345529,313.22100830078125,52588700,MSFT
2021-10-28 00:00:00-04:00,314.3452818413346,314.8686658800546,311.4667139954873,314.36468505859375,26297900,MSFT
2021-10-29 00:00:00-04:00,314.15142230631733,321.77913378740067,313.92849237878045,321.41082763671875,34766000,MSFT
2021-11-01 00:00:00-04:00,321.1588294904815,321.284832079321,316.3224597002652,319.2301025390625,27073200,MSFT
2021-11-02 00:00:00-04:00,320.1411374922594,323.1844842535539,319.8406834588921,322.87432861328125,26487100,MSFT
2021-11-03 00:00:00-04:00,323.6206019653041,324.5898161248756,320.47065594669675,323.717529296875,21500100,MSFT
2021-11-04 00:00:00-04:00,322.64169920244217,326.179324787529,319.3657507788919,326.0823974609375,23992200,MSFT
2021-11-05 00:00:00-04:00,328.08869787384174,328.36007665808916,324.124615471267,325.714111328125,22570100,MSFT
2021-11-08 00:00:00-05:00,326.91593254652474,327.25516342665753,324.1439941767868,326.615478515625,20897000,MSFT
2021-11-09 00:00:00-05:00,326.73183708622446,328.292287578706,324.23127706414436,325.6075744628906,21307400,MSFT
2021-11-10 00:00:00-05:00,324.2700458250661,324.32819631868085,319.7632051014801,320.6160888671875,25500900,MSFT
2021-11-11 00:00:00-05:00,321.05225700459357,323.49466654562343,320.3350478426088,322.1959228515625,16849800,MSFT
2021-11-12 00:00:00-05:00,323.6400024901724,326.8480989654607,323.51399991798365,326.3537902832031,23831000,MSFT
2021-11-15 00:00:00-05:00,327.1486232449633,327.4781525778822,323.74667137753664,325.723876953125,16723000,MSFT
2021-11-16 00:00:00-05:00,325.3458757618009,330.1822756278537,325.18112588103355,329.0579833984375,20886800,MSFT
2021-11-17 00:00:00-05:00,329.1065403784231,332.2622500867063,328.1938096614522,329.28131103515625,19053400,MSFT
2021-11-18 00:00:00-05:00,328.36851839657044,332.5146536422035,327.33927410253233,331.3688659667969,22463500,MSFT
2021-11-19 00:00:00-05:00,332.69915140962325,335.0877722203571,332.2719145644923,333.1554870605469,21963400,MSFT
2021-11-22 00:00:00-05:00,334.62168013132515,339.5251843844504,329.6987667973751,329.97064208984375,31031100,MSFT
2021-11-23 00:00:00-05:00,327.2713297656087,329.60172350513506,323.88259282379204,327.883056640625,30427600,MSFT
2021-11-24 00:00:00-05:00,326.52363956689135,328.3491006081897,324.2224041849806,328.1063537597656,21661300,MSFT
2021-11-26 00:00:00-05:00,324.64969830687374,328.1258207516535,318.600435108913,320.11517333984375,24217200,MSFT
2021-11-29 00:00:00-05:00,325.2225845168267,329.19392018882024,325.02837514669636,326.8635559082031,28563500,MSFT
2021-11-30 00:00:00-05:00,325.591468337764,327.9800887972131,319.4451021387063,320.9986877441406,42885600,MSFT
2021-12-01 00:00:00-05:00,325.4070446792567,329.4366368662176,319.83358592760334,320.5035400390625,33337600,MSFT
2021-12-02 00:00:00-05:00,320.71716157225916,323.8146140888413,318.2896928057958,319.9306640625,30766000,MSFT
2021-12-03 00:00:00-05:00,322.3580576508924,323.0474799549605,308.803083517169,313.63861083984375,41779300,MSFT
2021-12-06 00:00:00-05:00,314.5514377373279,317.94989426023443,309.9683751840063,316.7264404296875,30032600,MSFT
2021-12-07 00:00:00-05:00,322.01828739621885,326.05756905237325,320.522958448242,325.203125,31021900,MSFT
2021-12-08 00:00:00-05:00,325.5817495581498,325.7662395159315,321.2025873479328,325.2516174316406,24761000,MSFT
2021-12-09 00:00:00-05:00,324.707934863553,326.72757583430194,322.48436518172974,323.4359436035156,22214200,MSFT
2021-12-10 00:00:00-05:00,325.2614178438245,333.04872727162575,325.0769278400669,332.6020812988281,38095700,MSFT
2021-12-13 00:00:00-05:00,330.7960551063699,333.8158420118164,329.2424689886997,329.5531921386719,28899400,MSFT
2021-12-14 00:00:00-05:00,323.55248049734547,324.93129589017866,314.70676829209776,318.8140563964844,44438700,MSFT
2021-12-15 00:00:00-05:00,319.0761759142433,325.46529001323074,315.0854316657473,324.9409484863281,35381100,MSFT
2021-12-16 00:00:00-05:00,325.97015632696287,326.9897108280118,313.6483244336507,315.4737854003906,35034800,MSFT
2021-12-17 00:00:00-05:00,311.57040389562906,315.4932008132581,308.04571531961744,314.4056701660156,47750300,MSFT
2021-12-20 00:00:00-05:00,310.76452390952767,313.4347394175627,308.3564939796076,310.62860107421875,28326500,MSFT
2021-12-21 00:00:00-05:00,313.9105447822028,318.2217314826185,310.52177839106776,317.79449462890625,24740600,MSFT
2021-12-22 00:00:00-05:00,318.7751579583917,323.9310987851907,316.29915189162267,323.53302001953125,24831500,MSFT
2021-12-23 00:00:00-05:00,323.09604896799726,326.6304572357532,323.07663988808696,324.9797668457031,19617800,MSFT
2021-12-27 00:00:00-05:00,325.7274562265829,332.5438073945915,325.69832778706945,332.5146789550781,19947000,MSFT
2021-12-28 00:00:00-05:00,333.19429626957725,333.8351514630593,330.4464151646082,331.34942626953125,15661500,MSFT
2021-12-29 00:00:00-05:00,331.3980397075951,334.3110023641477,329.82504461420683,332.0292053222656,15042000,MSFT
2021-12-30 00:00:00-05:00,331.99025626931956,333.17486190697844,328.9899092040101,329.47540283203125,15994500,MSFT
2021-12-31 00:00:00-05:00,328.6889648450792,329.51428045591985,326.1061347220108,326.5625,18000800,MSFT
2022-01-03 00:00:00-05:00,325.62065382806765,328.1937646958434,320.2122465111482,325.0380554199219,28865100,MSFT
2022-01-04 00:00:00-05:00,325.11563103845805,325.4749211933775,316.6583408260531,319.4645080566406,32674300,MSFT
2022-01-05 00:00:00-05:00,316.40599293377886,316.6099216571062,306.81266070607495,307.2010498046875,40054300,MSFT
2022-01-06 00:00:00-05:00,304.06466713840837,309.45366443395466,302.4528246641764,304.77349853515625,39646100,MSFT
2022-01-07 00:00:00-05:00,305.035749490981,307.3175762839826,301.0935421942167,304.928955078125,32720000,MSFT
2022-01-10 00:00:00-05:00,300.5109027560878,305.5891778942772,295.8501747506654,305.1522216796875,44289500,MSFT
2022-01-11 00:00:00-05:00,304.2880584070521,307.42432897382355,300.899321615518,305.8416442871094,29386800,MSFT
2022-01-12 00:00:00-05:00,310.3956001101081,314.0270840292815,307.88071630388504,309.03619384765625,34372200,MSFT
2022-01-13 00:00:00-05:00,311.172356970201,311.5704653903933,295.1801920885378,295.95697021484375,45366000,MSFT
2022-01-14 00:00:00-05:00,295.42293023044414,301.8023248577446,294.93743650779754,301.2003173828125,39846400,MSFT
2022-01-18 00:00:00-05:00,295.2481388440062,300.8118775497677,292.98572166151314,293.86932373046875,42333200,MSFT
2022-01-19 00:00:00-05:00,297.40374615872065,304.8026655825984,293.91790486518016,294.52960205078125,45933900,MSFT
2022-01-20 00:00:00-05:00,300.10313176155984,302.60826662386137,292.4032075358108,292.849853515625,35380700,MSFT
2022-01-21 00:00:00-05:00,293.9082172607986,295.2870029567207,287.0336089676001,287.4414367675781,57984400,MSFT
2022-01-24 00:00:00-05:00,283.72254434338123,288.4900666398452,268.0410733422131,287.77154541015625,85731500,MSFT
2022-01-25 00:00:00-05:00,283.0622692025946,286.4315970589494,276.8965221990427,280.12017822265625,72848600,MSFT
2022-01-26 00:00:00-05:00,299.05439039333135,299.5496034339811,284.5284276453755,288.1016540527344,90428900,MSFT
2022-01-27 00:00:00-05:00,293.8790608207995,298.38442711334307,289.28627958272745,291.140869140625,53481300,MSFT
2022-01-28 00:00:00-05:00,291.5195616158824,299.53020777157457,285.90725555512125,299.31658935546875,49743700,MSFT
2022-01-31 00:00:00-05:00,299.98659920210355,303.31707920676604,297.4814348645573,301.95770263671875,46444500,MSFT
2022-02-01 00:00:00-05:00,301.4042475470351,301.6178659923273,296.27743449220986,299.8021240234375,40950400,MSFT
2022-02-02 00:00:00-05:00,300.64682355662984,305.9775347257443,299.91858303048053,304.3656921386719,36636000,MSFT
2022-02-03 00:00:00-05:00,300.510875273196,302.20041346720024,291.2573667110929,292.50994873046875,43730000,MSFT
2022-02-04 00:00:00-05:00,291.5001350340584,299.8409137013529,291.26710752758504,297.06390380859375,35096500,MSFT
2022-02-07 00:00:00-05:00,297.2872757560172,298.908808395224,291.1991647600581,292.2187194824219,28533300,MSFT
2022-02-08 00:00:00-05:00,292.50994168533265,296.6948948289947,291.24766997242665,295.7239074707031,32421200,MSFT
2022-02-09 00:00:00-05:00,300.87981934027175,302.8800507374313,298.47178988545886,302.1809387207031,31284700,MSFT
2022-02-10 00:00:00-05:00,295.21902039060336,300.1516233945271,291.97592599753574,293.607177734375,45386200,MSFT
2022-02-11 00:00:00-05:00,294.3936745027329,295.4617665776092,285.68391627062516,286.4801330566406,39175600,MSFT
2022-02-14 00:00:00-05:00,285.24701978585097,288.1502928923247,282.8972463615049,286.44134521484375,36359500,MSFT
2022-02-15 00:00:00-05:00,291.3060090155031,292.0730679097554,288.40273584536635,291.7526550292969,27058300,MSFT
2022-02-16 00:00:00-05:00,290.3125590659392,292.7450469485756,285.7492094226368,291.41204833984375,29982100,MSFT
2022-02-17 00:00:00-05:00,288.35681319555755,288.78493341445846,282.1685786207332,282.8788757324219,32461600,MSFT
2022-02-18 00:00:00-05:00,285.13624134337505,285.92436510715385,278.5782629704892,280.1545104980469,34264000,MSFT
2022-02-22 00:00:00-05:00,277.30358657909636,283.66698245897277,276.8170890587822,279.95013427734375,41736100,MSFT
2022-02-23 00:00:00-05:00,282.34374100984417,283.8227127228963,272.5359624242188,272.70135498046875,37811200,MSFT
2022-02-24 00:00:00-05:00,265.15095149737476,287.1892885046201,264.1876659850067,286.6346740722656,56989700,MSFT
2022-02-25 00:00:00-05:00,287.169836388477,289.5925850932438,283.7740627265268,289.2812194824219,32546700,MSFT
2022-02-28 00:00:00-05:00,286.36219307102203,291.06177615651615,285.0875718318237,290.7212219238281,34627500,MSFT
2022-03-01 00:00:00-05:00,288.39578010076116,291.86938019669464,284.26055037516176,286.9849548339844,31217800,MSFT
2022-03-02 00:00:00-05:00,287.3837915033041,293.3288064467771,285.7686459191749,292.0833740234375,31873000,MSFT
2022-03-03 00:00:00-05:00,294.71055015953465,294.9440595212997,286.1092458840399,287.92877197265625,27314500,MSFT
2022-03-04 00:00:00-05:00,286.34267757376296,287.6756758364565,279.41495863336144,282.03228759765625,32356500,MSFT
2022-03-07 00:00:00-05:00,280.73835405695525,281.8670322539483,271.00840031749334,271.3781433105469,43157200,MSFT
2022-03-08 00:00:00-05:00,270.2980491031206,276.29170297461434,262.7086985771629,268.4007263183594,48159500,MSFT
2022-03-09 00:00:00-05:00,275.78572328000666,281.7793764366867,273.1975528468867,280.7090759277344,35204500,MSFT
2022-03-10 00:00:00-05:00,275.3771110899081,278.86045079071647,273.00300025162977,277.8777160644531,30628000,MSFT
2022-03-11 00:00:00-05:00,280.1836916492418,281.6918520370042,271.88404371665825,272.50677490234375,27209300,MSFT
2022-03-14 00:00:00-04:00,272.7695606240465,277.6929155817629,268.37163156151354,268.9748840332031,30660700,MSFT
2022-03-15 00:00:00-04:00,272.77927288126284,280.04754988159635,271.2030250463531,279.3956298828125,34245100,MSFT
2022-03-16 00:00:00-04:00,281.30262045302413,286.61519548142235,275.5522451059325,286.4400634765625,37826300,MSFT
2022-03-17 00:00:00-04:00,285.36977649759285,287.62710284183214,281.55562216860625,287.2476501464844,30816600,MSFT
2022-03-18 00:00:00-04:00,287.39354197417003,292.8715088338756,284.8248504934316,292.31689453125,43390600,MSFT
2022-03-21 00:00:00-04:00,290.818570277496,292.03481436405224,286.9362989616563,291.0812683105469,28351200,MSFT
2022-03-22 00:00:00-04:00,291.70396865624343,296.76355591312955,290.70178472073417,295.84893798828125,27599700,MSFT
2022-03-23 00:00:00-04:00,292.39478730715103,295.04133535066865,289.6801224754743,291.4023132324219,25715400,MSFT
2022-03-24 00:00:00-04:00,291.0617699759575,295.9851228320078,290.26390686339175,295.8878173828125,24484500,MSFT
2022-03-25 00:00:00-04:00,296.9873474480325,297.25004547288074,291.2077533537051,295.47918701171875,22566500,MSFT
2022-03-28 00:00:00-04:00,296.11165665100964,302.40693764377346,296.11165665100964,302.3096618652344,29578200,MSFT
2022-03-29 00:00:00-04:00,305.4329327088514,307.29135714004815,300.7041605046977,306.8924255371094,30393400,MSFT
2022-03-30 00:00:00-04:00,305.2869405570279,307.41780212109006,303.1657887520506,305.38421630859375,28163600,MSFT
2022-03-31 00:00:00-04:00,305.42320122905414,306.62973552346665,299.57552000270795,299.9841613769531,33422100,MSFT
2022-04-01 00:00:00-04:00,301.0155108922393,301.7549967231003,297.2889524574944,301.0641784667969,27110500,MSFT
2022-04-04 00:00:00-04:00,301.71604313777794,306.6004677876779,301.3463002535531,306.4642639160156,24289600,MSFT
2022-04-05 00:00:00-04:00,304.81018421134456,306.3669824117958,301.50200659379556,302.4847412109375,23156700,MSFT
2022-04-06 00:00:00-04:00,296.9483931362007,298.709511987753,288.69738354865393,291.41204833984375,40110400,MSFT
2022-04-07 00:00:00-04:00,288.6487982094901,295.45002606542477,288.3471720326163,293.2315979003906,31411200,MSFT
2022-04-08 00:00:00-04:00,292.32667286424794,292.9883024570714,288.2790093714856,288.95037841796875,24361900,MSFT
2022-04-11 00:00:00-04:00,283.9102361272485,284.7080695073327,277.3035913730021,277.55657958984375,34569300,MSFT
2022-04-12 00:00:00-04:00,281.42905950097406,282.88855197609615,272.91535339609516,274.4429626464844,30966700,MSFT
2022-04-13 00:00:00-04:00,275.0949136683169,280.7869112145309,273.70350811660876,279.85284423828125,21907200,MSFT
2022-04-14 00:00:00-04:00,280.31020485779595,280.5242650057642,271.7770469964598,272.27325439453125,28221600,MSFT
2022-04-18 00:00:00-04:00,271.37807218947415,274.83219298436376,270.82345784524375,272.944580078125,20778000,MSFT
2022-04-19 00:00:00-04:00,271.8354349204637,278.4420814007539,270.89162828042225,277.5955505371094,22297700,MSFT
2022-04-20 00:00:00-04:00,281.58483666280904,281.87675307176863,277.66366675281404,278.6269226074219,22906700,MSFT
2022-04-21 00:00:00-04:00,280.7869066754208,285.3794446334665,272.4969992966275,273.22674560546875,29454600,MSFT
2022-04-22 00:00:00-04:00,274.07329041466824,275.5522621743124,265.99744184902704,266.6298828125,29405800,MSFT
2022-04-25 00:00:00-04:00,265.9098737843962,273.5186738891718,263.4579068096184,273.13922119140625,35678900,MSFT
2022-04-26 00:00:00-04:00,270.006226446482,270.842988246751,262.7087608668474,262.9228210449219,46518400,MSFT
2022-04-27 00:00:00-04:00,274.4819663779026,283.11242950747317,271.6213579631091,275.57171630859375,63477700,MSFT
2022-04-28 00:00:00-04:00,277.48849285173316,283.1221431584585,273.85921020488007,281.80859375,33646600,MSFT
2022-04-29 00:00:00-04:00,280.8161486717777,282.0518716599104,269.0331902867621,270.025634765625,37073900,MSFT
2022-05-02 00:00:00-04:00,270.210536174692,277.2453033968884,268.7607825737646,276.7879943847656,35151100,MSFT
2022-05-03 00:00:00-04:00,276.29168497171645,276.45710720664414,272.58457595326684,274.1705627441406,25978600,MSFT
2022-05-04 00:00:00-04:00,274.9586613775118,283.02479847315897,269.2569247667406,282.14910888671875,33599300,MSFT
2022-05-05 00:00:00-04:00,277.82909411714115,278.617217956907,266.9315345722031,269.8602600097656,43260400,MSFT
2022-05-06 00:00:00-04:00,267.38873961675654,271.70883956672213,263.9443291823894,267.3109130859375,37780300,MSFT
2022-05-09 00:00:00-04:00,262.7670518637602,265.00492869537015,256.2090744532294,257.4350280761719,47726000,MSFT
2022-05-10 00:00:00-04:00,264.3530602854969,266.35742796153,257.9118370068413,262.2221984863281,39336400,MSFT
2022-05-11 00:00:00-04:00,258.50537114514697,264.0319770440954,252.29765669315228,253.51390075683594,48975900,MSFT
2022-05-12 00:00:00-04:00,250.7311356508223,252.86199751589103,243.2682642428535,248.45433044433594,51033800,MSFT
2022-05-13 00:00:00-04:00,250.40037571831914,255.93672199916276,248.45438489042232,254.0685577392578,34925100,MSFT
2022-05-16 00:00:00-04:00,252.93979640367547,258.6415630969509,248.87268403587225,254.43821716308594,32550900,MSFT
2022-05-17 00:00:00-04:00,258.9237150792665,261.0837654162938,255.37228885809023,259.61456298828125,28828800,MSFT
2022-05-18 00:00:00-04:00,256.49373244403006,257.0788952006077,246.5168131016613,247.79440307617188,31356000,MSFT
2022-05-19 00:00:00-04:00,247.61884829047722,251.29560259060267,245.64883109808304,246.87765502929688,32692300,MSFT
2022-05-20 00:00:00-04:00,250.87624337504786,252.14410110498955,240.34343172500954,246.31202697753906,39199300,MSFT
2022-05-23 00:00:00-04:00,249.16953634780475,255.0308519081946,247.16048539652775,254.20187377929688,33175400,MSFT
2022-05-24 00:00:00-04:00,251.5101740219883,254.86504582023227,247.22876223606562,253.19735717773438,29043900,MSFT
2022-05-25 00:00:00-04:00,251.7539844462051,258.0346402901023,250.76896093804433,256.0256042480469,28547900,MSFT
2022-05-26 00:00:00-04:00,255.7817874502951,260.5020488847592,254.96257147531688,259.3219909667969,25002100,MSFT
2022-05-27 00:00:00-04:00,261.83821380945676,266.5779703332974,260.9409601490681,266.4804382324219,26910800,MSFT
2022-05-31 00:00:00-04:00,265.7880243276553,267.9726006369589,262.27707685726034,265.14434814453125,37827700,MSFT
2022-06-01 00:00:00-04:00,268.3919197845776,270.82031088052713,263.35956794032285,265.6806945800781,25292200,MSFT
2022-06-02 00:00:00-04:00,257.9078889871532,267.8555374038793,255.12838804622388,267.7872619628906,44008200,MSFT
2022-06-03 00:00:00-04:00,263.62295259702773,266.6852882127853,261.76996156661284,263.3401184082031,28059000,MSFT
2022-06-06 00:00:00-04:00,265.32958342703967,267.39713259398246,260.6093223682843,262.1014709472656,22400300,MSFT
2022-06-07 00:00:00-04:00,260.04368072276543,266.37311687520065,259.3609859250349,265.7586975097656,22860700,MSFT
2022-06-08 00:00:00-04:00,264.98822566804546,266.2463210129565,262.9401710923466,263.72039794921875,17372300,MSFT
2022-06-09 00:00:00-04:00,261.155493463589,265.96352496663144,258.08342604184816,258.2394714355469,26439700,MSFT
2022-06-10 00:00:00-04:00,254.13363120368044,254.13363120368044,246.28278795250426,246.73141479492188,31422800,MSFT
2022-06-13 00:00:00-04:00,239.04633149317976,242.85960728455794,235.55489376186938,236.26683044433594,46135800,MSFT
2022-06-14 00:00:00-04:00,237.82727664277363,239.66077307611792,235.5354061010933,238.4416961669922,28651500,MSFT
2022-06-15 00:00:00-04:00,242.16715053653422,248.98423293014517,240.3239071262525,245.53179931640625,33111700,MSFT
2022-06-16 00:00:00-04:00,239.89481403270756,241.2991929411064,237.0080483932736,238.90980529785156,33169200,MSFT
2022-06-17 00:00:00-04:00,238.64643492665795,244.3029533906059,237.9930116474578,241.52345275878906,43084800,MSFT
2022-06-21 00:00:00-04:00,244.06892429949633,248.4478535525514,243.33747821445448,247.4628448486328,29928300,MSFT
2022-06-22 00:00:00-04:00,245.65860562744965,250.807999765496,244.17620405920437,246.86793518066406,25939900,MSFT
2022-06-23 00:00:00-04:00,249.24755773293674,252.9535390674792,247.35554827697968,252.45614624023438,25861400,MSFT
2022-06-24 00:00:00-04:00,255.33318029900627,261.3505561275913,255.24541034605122,261.0774841308594,33923200,MSFT
2022-06-27 00:00:00-04:00,261.57485083215533,261.6626207863299,256.76681929024653,258.3370056152344,24615100,MSFT
2022-06-28 00:00:00-04:00,257.4495160699315,260.3070248398186,249.97901014588223,250.1350555419922,27295500,MSFT
2022-06-29 00:00:00-04:00,251.21758735681786,255.48923716820218,249.43285716002453,253.82154846191406,20069800,MSFT
2022-06-30 00:00:00-04:00,250.69093809914182,253.109597154514,246.6436091264857,250.47637939453125,31730900,MSFT
2022-07-01 00:00:00-04:00,250.04726890657363,253.34362723066812,248.31129003294606,253.1583251953125,22837700,MSFT
2022-07-05 00:00:00-04:00,249.8229717887662,256.4742618926065,248.43810234221337,256.34747314453125,22941000,MSFT
2022-07-06 00:00:00-04:00,257.225254377165,261.3603541557197,255.9086452268805,259.6243896484375,23824400,MSFT
2022-07-07 00:00:00-04:00,258.5612457583105,262.403777284801,258.4637136853448,261.7601013183594,20859900,MSFT
2022-07-08 00:00:00-04:00,258.2395172634541,261.46763065176367,256.77662492086233,261.03851318359375,19658800,MSFT
2022-07-11 00:00:00-04:00,259.0782133051506,259.936448193075,255.69405468636,257.9664306640625,19455200,MSFT
2022-07-12 00:00:00-04:00,259.3025262054991,259.36103951309576,245.80489605721394,247.3945770263672,35868500,MSFT
2022-07-13 00:00:00-04:00,244.00063808539196,247.2775167971426,241.97209270370755,246.46804809570312,29497400,MSFT
2022-07-14 00:00:00-04:00,244.3712411297217,248.8281777156596,239.85577636308042,247.79440307617188,25102800,MSFT
2022-07-15 00:00:00-04:00,249.39386389777957,253.92882377346191,248.46736847903153,250.36912536621094,29774100,MSFT
2022-07-18 00:00:00-04:00,253.3241426511031,254.38717398041587,247.03370974632665,247.960205078125,20975000,MSFT
2022-07-19 00:00:00-04:00,251.20780185384177,253.29487539912353,247.4042885956237,253.1095733642578,25012600,MSFT
2022-07-20 00:00:00-04:00,253.47043453645153,258.31748493522934,252.50493526447454,255.78179931640625,22788300,MSFT
2022-07-21 00:00:00-04:00,253.3631801140603,258.3370194554005,250.67144899136898,258.2882385253906,22404700,MSFT
2022-07-22 00:00:00-04:00,258.6783015841471,258.76607153095557,252.66095593957778,253.9190216064453,21881300,MSFT
2022-07-25 00:00:00-04:00,254.54322547578266,255.03085617592782,250.45687782755678,252.42689514160156,21056000,MSFT
2022-07-26 00:00:00-04:00,253.43143867174322,253.4509629497861,243.39601928294323,245.66836547851562,39348000,MSFT
2022-07-27 00:00:00-04:00,254.69926761568703,263.3693258768842,252.44641619082233,262.09173583984375,45994000,MSFT
2022-07-28 00:00:00-04:00,263.0768064256388,270.96666889298774,261.2433099265288,269.5720520019531,33459300,MSFT
2022-07-29 00:00:00-04:00,270.83008777613486,275.02369966023457,269.78655099255263,273.79486083984375,32152800,MSFT
2022-08-01 00:00:00-04:00,270.9471442318351,274.3215405283766,269.0161158388109,271.1324462890625,21539600,MSFT
2022-08-02 00:00:00-04:00,269.1721023903474,271.01536042103027,265.6416614615932,268.02130126953125,22754200,MSFT
2022-08-03 00:00:00-04:00,269.9134117764432,276.4866654811264,269.76709872535,275.4821472167969,23518900,MSFT
2022-08-04 00:00:00-04:00,274.82863410104625,276.7791567838432,273.2389831151626,276.63287353515625,18098700,MSFT
2022-08-05 00:00:00-04:00,272.2442618483623,276.63293892199295,271.78588771905606,275.9112548828125,16774600,MSFT
2022-08-08 00:00:00-04:00,277.0229904194802,278.8467542489701,272.41002301800336,273.3852844238281,18739200,MSFT
2022-08-09 00:00:00-04:00,272.72214524982263,276.07701749099675,270.74233579565794,275.3163146972656,23405200,MSFT
2022-08-10 00:00:00-04:00,281.04115335493645,282.64056693075634,279.8415708511046,282.00665283203125,24687800,MSFT
2022-08-11 00:00:00-04:00,283.65476216861083,284.00584195935807,279.4221315920144,279.91949462890625,20065900,MSFT
2022-08-12 00:00:00-04:00,281.3434285473414,284.6885681152344,279.84151760890535,284.6885681152344,22619700,MSFT
2022-08-15 00:00:00-04:00,283.80109437758836,286.90241878136646,282.93309736302257,286.2099914550781,18085700,MSFT
2022-08-16 00:00:00-04:00,284.7665606164028,286.76586430152736,283.2354228704968,285.46875,18102900,MSFT
2022-08-17 00:00:00-04:00,283.1720165832015,286.70019877418935,282.90814781798576,284.7162170410156,18253400,MSFT
2022-08-18 00:00:00-04:00,283.61185156800366,285.29286306667285,282.5269980125115,283.5923156738281,17186200,MSFT
2022-08-19 00:00:00-04:00,282.3510526263538,282.6931246022663,279.0867691313895,279.66339111328125,20570000,MSFT
2022-08-22 00:00:00-04:00,275.685659219277,276.057049965206,270.9358423970251,271.4538269042969,25061100,MSFT
2022-08-23 00:00:00-04:00,270.173583984375,272.53871005239563,269.15715064088494,270.173583984375,17527400,MSFT
2022-08-24 00:00:00-04:00,269.166908767681,270.94565949888363,268.8736913821474,269.5382995605469,18137000,MSFT
2022-08-25 00:00:00-04:00,271.0433067972825,272.6949992661562,268.2970079213942,272.52886962890625,16583400,MSFT
2022-08-26 00:00:00-04:00,272.7536500390362,273.9850972197535,261.90529472128685,262.0127868652344,27549300,MSFT
2022-08-29 00:00:00-04:00,259.82362273007027,261.33847484333194,257.86895944803223,259.2176818847656,20338500,MSFT
2022-08-30 00:00:00-04:00,260.62505025169673,260.9964112336108,254.7512773552039,257.0089111328125,22767100,MSFT
2022-08-31 00:00:00-04:00,259.3739524932739,261.0549335958717,255.40596021313723,255.5428009033203,24791800,MSFT
2022-09-01 00:00:00-04:00,253.00178492097177,254.97601351687422,249.62022649219443,254.49710083007812,23263400,MSFT
2022-09-02 00:00:00-04:00,255.7676569567466,258.73872314316543,248.70153970994355,250.2554931640625,22855400,MSFT
2022-09-06 00:00:00-04:00,250.39234088968416,251.98536617249096,246.2288991777228,247.5092010498047,21328200,MSFT
2022-09-07 00:00:00-04:00,248.92633346068814,252.9627024699416,247.4798869965814,252.23948669433594,24126700,MSFT
2022-09-08 00:00:00-04:00,251.67264446903263,254.52643575066966,249.01428667930554,252.65972900390625,20319900,MSFT
2022-09-09 00:00:00-04:00,254.59492350699443,259.217713469572,254.3896921885962,258.46514892578125,22084700,MSFT
2022-09-12 00:00:00-04:00,259.7551646004535,261.3873213270638,259.149223843225,260.6054382324219,18747700,MSFT
2022-09-13 00:00:00-04:00,252.97246717539824,254.4971018407067,245.88681421229336,246.2777557373047,33353300,MSFT
2022-09-14 00:00:00-04:00,247.78283473838562,248.46696375261976,244.1960302017849,246.50253295898438,23913000,MSFT
2022-09-15 00:00:00-04:00,244.1080964445823,245.7011366717456,238.4884402386865,239.81761169433594,31530900,MSFT
2022-09-16 00:00:00-04:00,238.72297831373123,239.73941138872883,236.57285207293663,239.19210815429688,39791800,MSFT
2022-09-19 00:00:00-04:00,236.97356405032403,239.58303730028243,235.3902918321884,238.9770965576172,26826900,MSFT
2022-09-20 00:00:00-04:00,236.58263419492624,237.9899789735556,234.20771098725592,236.95401000976562,26660300,MSFT
2022-09-21 00:00:00-04:00,238.73276637917772,242.04591952184435,233.4844861559874,233.53335571289062,28625600,MSFT
2022-09-22 00:00:00-04:00,232.47783250945622,238.33205339630862,232.18464499812544,235.517333984375,31061200,MSFT
2022-09-23 00:00:00-04:00,234.10999046186149,235.66395894381048,229.86837515858966,232.52671813964844,34176000,MSFT
2022-09-26 00:00:00-04:00,231.67642567591042,235.97667813661488,231.52981700911016,232.06735229492188,27694200,MSFT
2022-09-27 00:00:00-04:00,234.53999939236823,236.31874980621944,229.1842271718102,231.05093383789062,27018700,MSFT
2022-09-28 00:00:00-04:00,231.44187435188914,236.83674850593616,229.40902300524974,235.60531616210938,29029700,MSFT
2022-09-29 00:00:00-04:00,233.47473170328885,234.5107007527724,229.0962905663997,232.11624145507812,27484200,MSFT
2022-09-30 00:00:00-04:00,232.88828358188283,235.0872791453685,227.45432359773224,227.62046813964844,35694800,MSFT
2022-10-03 00:00:00-04:00,230.07359752202612,236.13304945829597,229.34059894313313,235.28277587890625,28880400,MSFT
2022-10-04 00:00:00-04:00,239.53417129307422,244.6847124207283,239.42666423266377,243.23826599121094,34888400,MSFT
2022-10-05 00:00:00-04:00,240.41379938760141,244.89974773560505,238.56664330825308,243.551025390625,20347100,MSFT
2022-10-06 00:00:00-04:00,242.30980557091354,244.66517820045487,240.50175113967794,241.19564819335938,20239900,MSFT
2022-10-07 00:00:00-04:00,235.43916198528814,235.84965435537447,227.8843933578398,228.93014526367188,37769600,MSFT
2022-10-10 00:00:00-04:00,227.76708494567168,229.2428499858018,221.59034336136497,224.05322265625,29743600,MSFT
2022-10-11 00:00:00-04:00,222.46018719306292,223.86754691341076,219.02975905938624,220.30029296875,30474000,MSFT
2022-10-12 00:00:00-04:00,220.29051163189263,222.69475365624942,218.8831668147149,220.63258361816406,21903900,MSFT
2022-10-13 00:00:00-04:00,214.8663450017115,230.74798252431322,214.16266509998607,228.93014526367188,42551800,MSFT
2022-10-14 00:00:00-04:00,230.20066086081096,231.86213638380053,223.16387686265688,223.37889099121094,30198600,MSFT
2022-10-17 00:00:00-04:00,230.47434019820642,233.54316076081892,229.8097469695489,232.14556884765625,28142300,MSFT
2022-10-18 00:00:00-04:00,237.7261080934971,238.40045426951124,230.03449941447604,233.0935516357422,26329600,MSFT
2022-10-19 00:00:00-04:00,231.666657514543,234.17840668537156,228.97899582786735,231.11935424804688,19985700,MSFT
2022-10-20 00:00:00-04:00,230.42545339204614,235.83986337471225,229.54584608873026,230.7968292236328,21811000,MSFT
2022-10-21 00:00:00-04:00,229.41880384674636,237.49155674439498,229.18423891588736,236.63150024414062,26299700,MSFT
2022-10-24 00:00:00-04:00,238.23432552805727,242.22183991219995,235.8300983443022,241.6452178955078,24911200,MSFT
2022-10-25 00:00:00-04:00,241.6549693897686,245.34928108433226,240.25739257196295,244.9779052734375,34775500,MSFT
2022-10-26 00:00:00-04:00,225.92968529578675,232.898062559665,224.84484690602486,226.0762939453125,82543200,MSFT
2022-10-27 00:00:00-04:00,225.80265446885284,228.39259179146362,220.6618963462355,221.6099090576172,40424600,MSFT
2022-10-28 00:00:00-04:00,221.11148581601782,231.23664083896048,220.92579044336952,230.52317810058594,40647700,MSFT
2022-10-31 00:00:00-04:00,228.46102126722204,229.5947294617244,225.91018528603985,226.86798095703125,28357300,MSFT
2022-11-01 00:00:00-04:00,229.28196004781836,230.39611728444083,222.1767563573702,222.99771118164062,30592300,MSFT
2022-11-02 00:00:00-04:00,224.25851146382894,226.05679799638708,215.05203483408113,215.11068725585938,38407000,MSFT
2022-11-03 00:00:00-04:00,215.100876903244,215.4136301278351,209.1293811013709,209.3932647705078,36633900,MSFT
2022-11-04 00:00:00-04:00,212.6184649078027,216.5668774965675,208.5918490987652,216.3714141845703,36789100,MSFT
2022-11-07 00:00:00-05:00,216.95781474366044,223.23228088594615,216.2639028499617,222.7045135498047,33498000,MSFT
2022-11-08 00:00:00-05:00,223.51569443616765,226.3988191640624,220.72052595763344,223.6818389892578,28192500,MSFT
2022-11-09 00:00:00-05:00,222.21583798561045,223.44728510682847,219.24475706000084,219.42066955566406,27852900,MSFT
2022-11-10 00:00:00-05:00,230.09312964083236,237.81405682631365,229.6728842873468,237.47198486328125,46268000,MSFT
2022-11-11 00:00:00-05:00,237.4818062509244,242.36846415623495,236.44582224816557,241.50840759277344,34620200,MSFT
2022-11-14 00:00:00-05:00,236.50446062924806,238.38093536393862,233.7874801882267,236.07443237304688,31123300,MSFT
2022-11-15 00:00:00-05:00,240.09124926054272,241.40086983358165,234.58886838654172,236.48489379882812,31390100,MSFT
2022-11-16 00:00:00-05:00,237.95502625687746,238.94492249208088,235.63222768224927,236.9161376953125,24093300,MSFT
2022-11-17 00:00:00-05:00,233.04478285461033,238.40585297504725,232.89777597760147,236.8671112060547,23123500,MSFT
2022-11-18 00:00:00-05:00,238.66068011299015,238.8861106072978,234.26990005731673,236.41629028320312,27613500,MSFT
2022-11-21 00:00:00-05:00,236.6221034906922,239.79758681244928,236.38689247384355,237.22976684570312,26394700,MSFT
2022-11-22 00:00:00-05:00,238.73908003593303,240.42482869254758,235.9164432951424,240.15040588378906,19665700,MSFT
2022-11-23 00:00:00-05:00,240.2288147274977,243.3356847079872,239.40554630056928,242.64962768554688,19508500,MSFT
2022-11-25 00:00:00-05:00,242.38500867012718,243.74732728820723,241.81655713061522,242.56143188476562,9200800,MSFT
2022-11-28 00:00:00-05:00,241.1795192833434,241.73816042164293,236.00466737367165,236.94554138183594,24778200,MSFT
2022-11-29 00:00:00-05:00,236.59270563364998,237.95502429454882,233.46624450045002,235.5440216064453,17956300,MSFT
2022-11-30 00:00:00-05:00,235.77924018050268,250.2453007197951,235.08337270566386,250.05908203125,47594200,MSFT
2022-12-01 00:00:00-05:00,248.81436449904433,251.01955743594272,245.92311452831746,249.6180419921875,26041500,MSFT
2022-12-02 00:00:00-05:00,244.84505437069396,250.96078050717315,244.71763842454288,249.94149780273438,21528500,MSFT
2022-12-05 00:00:00-05:00,246.9914211965386,248.76538908628117,243.1200852129101,245.21746826171875,23435300,MSFT
2022-12-06 00:00:00-05:00,245.82513335844158,246.84441603442448,238.92532078821492,240.23863220214844,22463700,MSFT
2022-12-07 00:00:00-05:00,239.9544013330992,241.25791720433986,237.386581396251,239.50355529785156,20481500,MSFT
2022-12-08 00:00:00-05:00,239.9642035711505,243.78654716232523,238.21965204435614,242.4732208251953,22611800,MSFT
2022-12-09 00:00:00-05:00,239.82700605442705,243.36511659399685,239.2977662721719,240.5326690673828,20609700,MSFT
2022-12-12 00:00:00-05:00,242.52221385109104,247.51084668836435,242.24779103974268,247.4814453125,30665100,MSFT
2022-12-13 00:00:00-05:00,256.4786638130333,258.6642659863142,248.03032872531384,251.8036651611328,42196900,MSFT
2022-12-14 00:00:00-05:00,252.00948262912812,257.3607430640229,249.24563331830728,252.09768676757812,35410900,MSFT
2022-12-15 00:00:00-05:00,248.66734238068187,249.13777932434795,242.41439089498203,244.05113220214844,35560400,MSFT
2022-12-16 00:00:00-05:00,243.60031603967155,244.8646200764153,238.66067548722324,239.8171844482422,86102000,MSFT
2022-12-19 00:00:00-05:00,239.9837718639643,240.32680782201263,233.95625112337876,235.66159057617188,29696400,MSFT
2022-12-20 00:00:00-05:00,234.6325112922364,238.07262168056403,233.6720314907725,236.98472595214844,25150800,MSFT
2022-12-21 00:00:00-05:00,236.87693717521168,240.72866715475755,235.32839983113104,239.56236267089844,23690600,MSFT
2022-12-22 00:00:00-05:00,236.45548020048759,237.17095355808544,229.21264718155905,233.44662475585938,28651700,MSFT
2022-12-23 00:00:00-05:00,231.40804078557704,234.11307199880326,229.2812565600642,233.97586059570312,21207000,MSFT
2022-12-27 00:00:00-05:00,233.94644359993944,234.1718591139271,231.13360254673745,232.24110412597656,16688600,MSFT
2022-12-28 00:00:00-05:00,232.17251532323996,234.94615982143847,229.5066808569475,229.85951232910156,17457100,MSFT
2022-12-29 00:00:00-05:00,230.95718926754077,237.1023307951029,230.95718926754077,236.21044921875,19770700,MSFT
2022-12-30 00:00:00-05:00,233.46623552218477,235.18138560256986,231.9470996028593,235.04417419433594,21938500,MSFT
2020-01-02 00:00:00-05:00,28.299999237060547,28.713333129882812,28.11400032043457,28.68400001525879,142981500,TSLA
2020-01-03 00:00:00-05:00,29.366666793823242,30.266666412353516,29.128000259399414,29.534000396728516,266677500,TSLA
2020-01-06 00:00:00-05:00,29.364667892456055,30.104000091552734,29.333332061767578,30.1026668548584,151995000,TSLA
2020-01-07 00:00:00-05:00,30.760000228881836,31.441999435424805,30.224000930786133,31.270666122436523,268231500,TSLA
2020-01-08 00:00:00-05:00,31.579999923706055,33.232666015625,31.215333938598633,32.80933380126953,467164500,TSLA
2020-01-09 00:00:00-05:00,33.13999938964844,33.253334045410156,31.524667739868164,32.089332580566406,426606000,TSLA
2020-01-10 00:00:00-05:00,32.11933135986328,32.3293342590332,31.579999923706055,31.876667022705078,194392500,TSLA
2020-01-13 00:00:00-05:00,32.900001525878906,35.04199981689453,32.79999923706055,34.990665435791016,397764000,TSLA
2020-01-14 00:00:00-05:00,36.284000396728516,36.49399948120117,34.99333190917969,35.861331939697266,434943000,TSLA
2020-01-15 00:00:00-05:00,35.31733322143555,35.85599899291992,34.452667236328125,34.56666564941406,260532000,TSLA
2020-01-16 00:00:00-05:00,32.91666793823242,34.297332763671875,32.81133270263672,34.232666015625,326050500,TSLA
2020-01-17 00:00:00-05:00,33.840667724609375,34.37799835205078,33.54399871826172,34.03333282470703,204436500,TSLA
2020-01-21 00:00:00-05:00,35.349998474121094,36.571998596191406,35.227333068847656,36.47999954223633,267052500,TSLA
2020-01-22 00:00:00-05:00,38.125999450683594,39.633331298828125,37.27333450317383,37.97066879272461,470535000,TSLA
2020-01-23 00:00:00-05:00,37.616668701171875,38.79999923706055,37.040000915527344,38.14666748046875,294765000,TSLA
2020-01-24 00:00:00-05:00,38.04199981689453,38.25733184814453,36.95066833496094,37.654666900634766,215304000,TSLA
2020-01-27 00:00:00-05:00,36.132667541503906,37.62933349609375,35.95199966430664,37.201332092285156,204121500,TSLA
2020-01-28 00:00:00-05:00,37.89933395385742,38.45399856567383,37.2053337097168,37.793331146240234,176827500,TSLA
2020-01-29 00:00:00-05:00,38.37933349609375,39.31999969482422,37.82866668701172,38.732666015625,267022500,TSLA
2020-01-30 00:00:00-05:00,42.16133117675781,43.391998291015625,41.20000076293945,42.72066879272461,435085500,TSLA
2020-01-31 00:00:00-05:00,42.66666793823242,43.53333282470703,42.167999267578125,43.371334075927734,235789500,TSLA
2020-02-03 00:00:00-05:00,44.91266632080078,52.409332275390625,44.90133285522461,52.0,705975000,TSLA
2020-02-04 00:00:00-05:00,58.86399841308594,64.59933471679688,55.59199905395508,59.137332916259766,914082000,TSLA
2020-02-05 00:00:00-05:00,54.88399887084961,56.39866638183594,46.94066619873047,48.97999954223633,726357000,TSLA
2020-02-06 00:00:00-05:00,46.66133117675781,53.05533218383789,45.79999923706055,49.930667877197266,598212000,TSLA
2020-02-07 00:00:00-05:00,48.70333480834961,51.31666564941406,48.66666793823242,49.871334075927734,255952500,TSLA
2020-02-10 00:00:00-05:00,53.33333206176758,54.66600036621094,50.15999984741211,51.41866683959961,370338000,TSLA
2020-02-11 00:00:00-05:00,51.25266647338867,52.23400115966797,50.53333282470703,51.62533187866211,175462500,TSLA
2020-02-12 00:00:00-05:00,51.858001708984375,52.650001525878906,50.891334533691406,51.15266799926758,180337500,TSLA
2020-02-13 00:00:00-05:00,49.45600128173828,54.53333282470703,49.0,53.599998474121094,394339500,TSLA
2020-02-14 00:00:00-05:00,52.4813346862793,54.198001861572266,52.366668701171875,53.33533477783203,235405500,TSLA
2020-02-18 00:00:00-05:00,56.106666564941406,57.33333206176758,55.490665435791016,57.22666549682617,245725500,TSLA
2020-02-19 00:00:00-05:00,61.56666564941406,62.98533248901367,60.06800079345703,61.16133117675781,381345000,TSLA
2020-02-20 00:00:00-05:00,60.79666519165039,60.79999923706055,57.3293342590332,59.96066665649414,264523500,TSLA
2020-02-21 00:00:00-05:00,60.46533203125,60.87066650390625,58.6966667175293,60.06666564941406,214722000,TSLA
2020-02-24 00:00:00-05:00,55.93333435058594,57.56666564941406,54.813331604003906,55.58599853515625,227883000,TSLA
2020-02-25 00:00:00-05:00,56.599998474121094,57.106666564941406,52.46666717529297,53.32733154296875,259357500,TSLA
2020-02-26 00:00:00-05:00,52.16666793823242,54.22066879272461,51.740665435791016,51.91999816894531,211282500,TSLA
2020-02-27 00:00:00-05:00,48.66666793823242,49.31800079345703,44.599998474121094,45.266666412353516,364158000,TSLA
2020-02-28 00:00:00-05:00,41.97999954223633,46.03466796875,40.768001556396484,44.53266525268555,363343500,TSLA
2020-03-02 00:00:00-05:00,47.41733169555664,49.5793342590332,45.77799987792969,49.574668884277344,302925000,TSLA
2020-03-03 00:00:00-05:00,53.66666793823242,53.798667907714844,47.740665435791016,49.70066833496094,386760000,TSLA
2020-03-04 00:00:00-05:00,50.930667877197266,51.10133361816406,48.31533432006836,49.96666717529297,225735000,TSLA
2020-03-05 00:00:00-05:00,48.2513313293457,49.71666717529297,47.871334075927734,48.30266571044922,162790500,TSLA
2020-03-06 00:00:00-05:00,46.0,47.133331298828125,45.61800003051758,46.89866638183594,189943500,TSLA
2020-03-09 00:00:00-04:00,40.35933303833008,44.20000076293945,40.33333206176758,40.53333282470703,256105500,TSLA
2020-03-10 00:00:00-04:00,43.96200180053711,44.53333282470703,40.53333282470703,43.02199935913086,233916000,TSLA
2020-03-11 00:00:00-04:00,42.68000030517578,43.571998596191406,40.866668701171875,42.28200149536133,199837500,TSLA
2020-03-12 00:00:00-04:00,38.72600173950195,39.633331298828125,36.41666793823242,37.369998931884766,283636500,TSLA
2020-03-13 00:00:00-04:00,39.66666793823242,40.50466537475586,33.46666717529297,36.44133377075195,339604500,TSLA
2020-03-16 00:00:00-04:00,31.299999237060547,32.9913330078125,29.47800064086914,29.67133331298828,307342500,TSLA
2020-03-17 00:00:00-04:00,29.333999633789062,31.456666946411133,26.399999618530273,28.68000030517578,359919000,TSLA
2020-03-18 00:00:00-04:00,25.933332443237305,26.99066734313965,23.367332458496094,24.08133316040039,356793000,TSLA
2020-03-19 00:00:00-04:00,24.979999542236328,30.133333206176758,23.8973331451416,28.50933265686035,452932500,TSLA
2020-03-20 00:00:00-04:00,29.213333129882812,31.799999237060547,28.38599967956543,28.50200080871582,424282500,TSLA
2020-03-23 00:00:00-04:00,28.906667709350586,29.46666717529297,27.366666793823242,28.952667236328125,246817500,TSLA
2020-03-24 00:00:00-04:00,31.81999969482422,34.24599838256836,31.600000381469727,33.66666793823242,343428000,TSLA
2020-03-25 00:00:00-04:00,36.349998474121094,37.133331298828125,34.07400131225586,35.95000076293945,318340500,TSLA
2020-03-26 00:00:00-04:00,36.49266815185547,37.33333206176758,34.150001525878906,35.21066665649414,260710500,TSLA
2020-03-27 00:00:00-04:00,33.66666793823242,35.0533332824707,32.935333251953125,34.29066848754883,215661000,TSLA
2020-03-30 00:00:00-04:00,34.017333984375,34.44333267211914,32.7486686706543,33.47533416748047,179971500,TSLA
2020-03-31 00:00:00-04:00,33.41666793823242,36.19733428955078,33.133331298828125,34.93333435058594,266572500,TSLA
2020-04-01 00:00:00-04:00,33.599998474121094,34.26333236694336,31.67333221435547,32.104000091552734,200298000,TSLA
2020-04-02 00:00:00-04:00,32.068668365478516,32.95066833496094,29.760000228881836,30.29800033569336,297876000,TSLA
2020-04-03 00:00:00-04:00,33.96666717529297,34.36600112915039,31.22599983215332,32.000667572021484,338431500,TSLA
2020-04-06 00:00:00-04:00,34.08000183105469,34.733333587646484,33.19733428955078,34.41600036621094,223527000,TSLA
2020-04-07 00:00:00-04:00,36.33333206176758,37.66666793823242,35.48933410644531,36.36333465576172,268797000,TSLA
2020-04-08 00:00:00-04:00,36.9466667175293,37.14733123779297,35.55533218383789,36.589332580566406,189840000,TSLA
2020-04-09 00:00:00-04:00,37.4726676940918,38.345333099365234,37.14066696166992,38.20000076293945,204750000,TSLA
2020-04-13 00:00:00-04:00,39.34400177001953,43.46666717529297,38.70199966430664,43.39666748046875,337131000,TSLA
2020-04-14 00:00:00-04:00,46.597999572753906,49.45866775512695,46.1619987487793,47.32600021362305,458647500,TSLA
2020-04-15 00:00:00-04:00,49.46666717529297,50.20866775512695,47.33333206176758,48.65533447265625,353655000,TSLA
2020-04-16 00:00:00-04:00,47.79600143432617,50.630001068115234,47.11466598510742,49.680667877197266,309868500,TSLA
2020-04-17 00:00:00-04:00,51.48533248901367,51.663333892822266,49.84400177001953,50.259334564208984,196923000,TSLA
2020-04-20 00:00:00-04:00,48.8466682434082,51.03799819946289,47.48066711425781,49.75733184814453,221199000,TSLA
2020-04-21 00:00:00-04:00,48.67466735839844,50.22200012207031,44.919334411621094,45.781333923339844,303136500,TSLA
2020-04-22 00:00:00-04:00,46.93199920654297,48.93333435058594,45.91400146484375,48.807334899902344,212482500,TSLA
2020-04-23 00:00:00-04:00,48.50666809082031,48.93333435058594,46.87533187866211,47.04199981689453,198550500,TSLA
2020-04-24 00:00:00-04:00,47.387332916259766,48.71533203125,46.54533386230469,48.34333419799805,198180000,TSLA
2020-04-27 00:00:00-04:00,49.17399978637695,53.29933166503906,49.0,53.25,310221000,TSLA
2020-04-28 00:00:00-04:00,53.042667388916016,53.66666793823242,50.44599914550781,51.27466583251953,228330000,TSLA
2020-04-29 00:00:00-04:00,52.678001403808594,53.54666519165039,52.21066665649414,53.367332458496094,243240000,TSLA
2020-04-30 00:00:00-04:00,57.01266860961914,57.987998962402344,50.900001525878906,52.12533187866211,427078500,TSLA
2020-05-01 00:00:00-04:00,50.33333206176758,51.518001556396484,45.5359992980957,46.75466537475586,487977000,TSLA
2020-05-04 00:00:00-04:00,46.733333587646484,50.79999923706055,46.53333282470703,50.74599838256836,288556500,TSLA
2020-05-05 00:00:00-04:00,52.65266799926758,53.26133346557617,50.8120002746582,51.2140007019043,254875500,TSLA
2020-05-06 00:00:00-04:00,51.766666412353516,52.6533317565918,50.740665435791016,52.172000885009766,166848000,TSLA
2020-05-07 00:00:00-04:00,51.81399917602539,53.09333419799805,51.4900016784668,52.00266647338867,172915500,TSLA
2020-05-08 00:00:00-04:00,52.917999267578125,54.93333435058594,52.46733474731445,54.62799835205078,241297500,TSLA
2020-05-11 00:00:00-04:00,52.70066833496094,54.93333435058594,52.33333206176758,54.08599853515625,247794000,TSLA
2020-05-12 00:00:00-04:00,55.133331298828125,56.21933364868164,53.866668701171875,53.96066665649414,238603500,TSLA
2020-05-13 00:00:00-04:00,54.72200012207031,55.06666564941406,50.88666534423828,52.73066711425781,285982500,TSLA
2020-05-14 00:00:00-04:00,52.0,53.557334899902344,50.93333435058594,53.55533218383789,205233000,TSLA
2020-05-15 00:00:00-04:00,52.689998626708984,53.66999816894531,52.436668395996094,53.27799987792969,157776000,TSLA
2020-05-18 00:00:00-04:00,55.185333251953125,55.64799880981445,53.59199905395508,54.242000579833984,174987000,TSLA
2020-05-19 00:00:00-04:00,54.34466552734375,54.80466842651367,53.73866653442383,53.867332458496094,144547500,TSLA
2020-05-20 00:00:00-04:00,54.70000076293945,55.06666564941406,54.119998931884766,54.37066650390625,109639500,TSLA
2020-05-21 00:00:00-04:00,54.400001525878906,55.5,53.06666564941406,55.17333221435547,183819000,TSLA
2020-05-22 00:00:00-04:00,54.81133270263672,55.45199966430664,54.133331298828125,54.45866775512695,149812500,TSLA
2020-05-26 00:00:00-04:00,55.633331298828125,55.63999938964844,54.38066864013672,54.591331481933594,121345500,TSLA
2020-05-27 00:00:00-04:00,54.7239990234375,55.180667877197266,52.33333206176758,54.68199920654297,173242500,TSLA
2020-05-28 00:00:00-04:00,54.23400115966797,54.983333587646484,53.44599914550781,53.72066879272461,108834000,TSLA
2020-05-29 00:00:00-04:00,53.91666793823242,55.66666793823242,53.61399841308594,55.66666793823242,176467500,TSLA
2020-06-01 00:00:00-04:00,57.20000076293945,59.93333435058594,56.939998626708984,59.87333297729492,224092500,TSLA
2020-06-02 00:00:00-04:00,59.64666748046875,60.57733154296875,58.06666564941406,58.770668029785156,203484000,TSLA
2020-06-03 00:00:00-04:00,59.20800018310547,59.862667083740234,58.67333221435547,58.86399841308594,119242500,TSLA
2020-06-04 00:00:00-04:00,59.32533264160156,59.71666717529297,57.229331970214844,57.62533187866211,133315500,TSLA
2020-06-05 00:00:00-04:00,58.522666931152344,59.10133361816406,57.746665954589844,59.04399871826172,117178500,TSLA
2020-06-08 00:00:00-04:00,61.266666412353516,63.33333206176758,60.61066818237305,63.327999114990234,212620500,TSLA
2020-06-09 00:00:00-04:00,62.66733169555664,63.62933349609375,61.595333099365234,62.711334228515625,170823000,TSLA
2020-06-10 00:00:00-04:00,66.12533569335938,68.49866485595703,65.5,68.336669921875,278451000,TSLA
2020-06-11 00:00:00-04:00,66.01333618164062,67.9306640625,64.80000305175781,64.85600280761719,238747500,TSLA
2020-06-12 00:00:00-04:00,65.33333587646484,65.8653335571289,60.84000015258789,62.35200119018555,251451000,TSLA
2020-06-15 00:00:00-04:00,61.18600082397461,66.5893325805664,60.56666564941406,66.05999755859375,235458000,TSLA
2020-06-16 00:00:00-04:00,67.4566650390625,67.52532958984375,64.15933227539062,65.47533416748047,210766500,TSLA
2020-06-17 00:00:00-04:00,65.84733581542969,67.0,65.50466918945312,66.11933135986328,148362000,TSLA
2020-06-18 00:00:00-04:00,66.86666870117188,67.94667053222656,66.2979965209961,66.9306640625,146278500,TSLA
2020-06-19 00:00:00-04:00,67.51866912841797,67.73133087158203,66.0893325805664,66.72666931152344,130195500,TSLA
2020-06-22 00:00:00-04:00,66.663330078125,67.2586669921875,66.00133514404297,66.28800201416016,95436000,TSLA
2020-06-23 00:00:00-04:00,66.59200286865234,67.46666717529297,66.267333984375,66.78533172607422,95479500,TSLA
2020-06-24 00:00:00-04:00,66.27400207519531,66.72533416748047,63.542667388916016,64.0566635131836,164394000,TSLA
2020-06-25 00:00:00-04:00,63.61800003051758,65.73200225830078,62.47666549682617,65.73200225830078,138817500,TSLA
2020-06-26 00:00:00-04:00,66.31866455078125,66.33333587646484,63.65800094604492,63.982666015625,132823500,TSLA
2020-06-29 00:00:00-04:00,64.60066986083984,67.33333587646484,63.23466873168945,67.29000091552734,135396000,TSLA
2020-06-30 00:00:00-04:00,67.0999984741211,72.51266479492188,66.91533660888672,71.98733520507812,253777500,TSLA
2020-07-01 00:00:00-04:00,72.19999694824219,75.68866729736328,72.03333282470703,74.64199829101562,199903500,TSLA
2020-07-02 00:00:00-04:00,81.43199920654297,81.86666870117188,79.04000091552734,80.57733154296875,258751500,TSLA
2020-07-06 00:00:00-04:00,85.11266326904297,91.85266876220703,84.40266418457031,91.43866729736328,308548500,TSLA
2020-07-07 00:00:00-04:00,93.6673355102539,95.30000305175781,89.11399841308594,92.65733337402344,322345500,TSLA
2020-07-08 00:00:00-04:00,93.66666412353516,94.48400115966797,87.42266845703125,91.05867004394531,244669500,TSLA
2020-07-09 00:00:00-04:00,93.1326675415039,93.90399932861328,90.08533477783203,92.9520034790039,175764000,TSLA
2020-07-10 00:00:00-04:00,93.06666564941406,103.2613296508789,91.73400115966797,102.97666931152344,350064000,TSLA
2020-07-13 00:00:00-04:00,110.5999984741211,119.66600036621094,98.0739974975586,99.80400085449219,584781000,TSLA
2020-07-14 00:00:00-04:00,103.73332977294922,106.0,95.4000015258789,101.12000274658203,351271500,TSLA
2020-07-15 00:00:00-04:00,102.86666870117188,103.33333587646484,97.13333129882812,103.06732940673828,245517000,TSLA
2020-07-16 00:00:00-04:00,98.47733306884766,102.11399841308594,97.73332977294922,100.04266357421875,214512000,TSLA
2020-07-17 00:00:00-04:00,100.89666748046875,102.50066375732422,99.33333587646484,100.05599975585938,139950000,TSLA
2020-07-20 00:00:00-04:00,101.267333984375,110.0,99.19999694824219,109.53333282470703,256821000,TSLA
2020-07-21 00:00:00-04:00,109.32866668701172,111.66666412353516,103.86666870117188,104.55733489990234,241608000,TSLA
2020-07-22 00:00:00-04:00,106.5999984741211,108.4280014038086,104.13333129882812,106.15533447265625,212416500,TSLA
2020-07-23 00:00:00-04:00,111.93000030517578,112.5999984741211,98.71800231933594,100.87133026123047,364927500,TSLA
2020-07-24 00:00:00-04:00,94.40066528320312,97.66666412353516,91.10266876220703,94.46666717529297,290949000,TSLA
2020-07-27 00:00:00-04:00,95.66666412353516,103.19599914550781,94.19999694824219,102.63999938964844,240730500,TSLA
2020-07-28 00:00:00-04:00,100.26667022705078,104.3133316040039,98.29467010498047,98.43267059326172,237130500,TSLA
2020-07-29 00:00:00-04:00,100.06666564941406,102.32066345214844,99.13333129882812,99.94066619873047,141403500,TSLA
2020-07-30 00:00:00-04:00,99.19999694824219,100.8826675415039,98.06666564941406,99.16600036621094,114315000,TSLA
2020-07-31 00:00:00-04:00,101.0,101.13666534423828,94.73200225830078,95.38400268554688,183123000,TSLA
2020-08-03 00:00:00-04:00,96.61333465576172,100.65399932861328,96.29199981689453,99.0,132139500,TSLA
2020-08-04 00:00:00-04:00,99.6673355102539,101.82733154296875,97.46666717529297,99.13333129882812,126225000,TSLA
2020-08-05 00:00:00-04:00,99.53266906738281,99.98933410644531,97.88733673095703,99.00133514404297,74217000,TSLA
2020-08-06 00:00:00-04:00,99.38866424560547,101.15399932861328,98.48400115966797,99.30533599853516,89884500,TSLA
2020-08-07 00:00:00-04:00,99.96932983398438,99.98332977294922,94.33399963378906,96.84733581542969,133446000,TSLA
2020-08-10 00:00:00-04:00,96.53333282470703,97.16666412353516,92.38933563232422,94.57133483886719,112834500,TSLA
2020-08-11 00:00:00-04:00,93.06666564941406,94.66666412353516,91.0,91.6259994506836,129387000,TSLA
2020-08-12 00:00:00-04:00,98.0,105.66666412353516,95.66666412353516,103.65066528320312,327441000,TSLA
2020-08-13 00:00:00-04:00,107.4000015258789,110.07866668701172,104.48400115966797,108.06666564941406,306379500,TSLA
2020-08-14 00:00:00-04:00,110.99933624267578,111.25333404541016,108.44266510009766,110.04733276367188,188664000,TSLA
2020-08-17 00:00:00-04:00,111.80000305175781,123.05733489990234,111.52200317382812,122.3759994506836,303634500,TSLA
2020-08-18 00:00:00-04:00,126.59933471679688,128.25999450683594,123.00733184814453,125.80599975585938,247117500,TSLA
2020-08-19 00:00:00-04:00,124.33333587646484,127.4000015258789,122.74732971191406,125.23533630371094,183079500,TSLA
2020-08-20 00:00:00-04:00,124.04533386230469,134.79933166503906,123.80400085449219,133.45533752441406,309177000,TSLA
2020-08-21 00:00:00-04:00,136.3173370361328,139.69932556152344,135.00332641601562,136.6653289794922,322344000,TSLA
2020-08-24 00:00:00-04:00,141.7519989013672,141.93333435058594,128.50132751464844,134.27999877929688,300954000,TSLA
2020-08-25 00:00:00-04:00,131.65933227539062,135.19667053222656,131.1999969482422,134.8893280029297,159883500,TSLA
2020-08-26 00:00:00-04:00,137.3333282470703,144.39999389648438,136.90866088867188,143.54466247558594,213591000,TSLA
2020-08-27 00:00:00-04:00,145.36399841308594,153.0399932861328,142.8333282470703,149.25,355395000,TSLA
2020-08-28 00:00:00-04:00,153.00799560546875,154.5659942626953,145.76800537109375,147.55999755859375,301218000,TSLA
2020-08-31 00:00:00-04:00,148.20333862304688,166.7133331298828,146.70333862304688,166.10667419433594,355123200,TSLA
2020-09-01 00:00:00-04:00,167.3800048828125,167.49667358398438,156.836669921875,158.35000610351562,269523300,TSLA
2020-09-02 00:00:00-04:00,159.663330078125,159.67999267578125,135.0399932861328,149.1233367919922,288528300,TSLA
2020-09-03 00:00:00-04:00,135.7433319091797,143.93333435058594,134.0,135.6666717529297,262788300,TSLA
2020-09-04 00:00:00-04:00,134.27000427246094,142.6666717529297,124.00666809082031,139.44000244140625,330965700,TSLA
2020-09-08 00:00:00-04:00,118.66666412353516,122.913330078125,109.95999908447266,110.06999969482422,346397100,TSLA
2020-09-09 00:00:00-04:00,118.86666870117188,123.0,113.836669921875,122.09333038330078,238397400,TSLA
2020-09-10 00:00:00-04:00,128.73666381835938,132.99667358398438,120.1866683959961,123.77999877929688,254791800,TSLA
2020-09-11 00:00:00-04:00,127.3133316040039,127.5,120.16666412353516,124.23999786376953,182152500,TSLA
2020-09-14 00:00:00-04:00,126.98332977294922,140.0,124.43333435058594,139.8733367919922,249061800,TSLA
2020-09-15 00:00:00-04:00,145.52000427246094,153.97999572753906,143.56666564941406,149.9199981689453,291894600,TSLA
2020-09-16 00:00:00-04:00,146.6233367919922,152.59666442871094,145.10333251953125,147.25332641601562,216837900,TSLA
2020-09-17 00:00:00-04:00,138.53334045410156,145.92999267578125,136.0,141.14332580566406,230337600,TSLA
2020-09-18 00:00:00-04:00,149.31333923339844,150.3333282470703,142.93333435058594,147.38333129882812,259220400,TSLA
2020-09-21 00:00:00-04:00,151.0433349609375,151.89332580566406,135.69000244140625,149.79666137695312,328430400,TSLA
2020-09-22 00:00:00-04:00,143.1999969482422,145.9199981689453,139.1999969482422,141.41000366210938,238742400,TSLA
2020-09-23 00:00:00-04:00,135.05332946777344,137.38333129882812,125.2933349609375,126.78666687011719,285222600,TSLA
2020-09-24 00:00:00-04:00,121.26667022705078,133.1666717529297,117.0999984741211,129.26333618164062,289683300,TSLA
2020-09-25 00:00:00-04:00,131.1566619873047,136.2433319091797,130.43333435058594,135.77999877929688,201625500,TSLA
2020-09-28 00:00:00-04:00,141.5399932861328,142.69332885742188,138.51666259765625,140.39999389648438,149158800,TSLA
2020-09-29 00:00:00-04:00,138.6666717529297,142.8333282470703,137.1999969482422,139.69000244140625,150657900,TSLA
2020-09-30 00:00:00-04:00,140.44000244140625,144.64332580566406,140.1566619873047,143.00332641601562,144436800,TSLA
2020-10-01 00:00:00-04:00,146.9199981689453,149.6266632080078,144.80667114257812,149.3866729736328,152224500,TSLA
2020-10-02 00:00:00-04:00,140.4633331298828,146.3766632080078,138.3333282470703,138.3633270263672,214290000,TSLA
2020-10-05 00:00:00-04:00,141.11666870117188,144.54666137695312,139.77667236328125,141.89332580566406,134168400,TSLA
2020-10-06 00:00:00-04:00,141.26333618164062,142.92666625976562,135.35000610351562,137.9933319091797,147438900,TSLA
2020-10-07 00:00:00-04:00,139.9566650390625,143.3000030517578,137.9499969482422,141.76666259765625,129383100,TSLA
2020-10-08 00:00:00-04:00,146.14666748046875,146.3333282470703,141.76666259765625,141.97332763671875,121263300,TSLA
2020-10-09 00:00:00-04:00,143.3766632080078,144.8633270263672,142.15333557128906,144.6666717529297,86777100,TSLA
2020-10-12 00:00:00-04:00,147.3333282470703,149.5800018310547,146.19332885742188,147.43333435058594,116373300,TSLA
2020-10-13 00:00:00-04:00,147.78334045410156,149.6300048828125,145.53334045410156,148.88333129882812,103391100,TSLA
2020-10-14 00:00:00-04:00,149.92666625976562,155.3000030517578,149.11666870117188,153.76666259765625,143639100,TSLA
2020-10-15 00:00:00-04:00,150.10333251953125,152.19000244140625,147.5,149.6266632080078,107017200,TSLA
2020-10-16 00:00:00-04:00,151.47999572753906,151.98333740234375,146.28334045410156,146.55667114257812,98327700,TSLA
2020-10-19 00:00:00-04:00,148.74667358398438,149.0,142.9566650390625,143.61000061035156,108863400,TSLA
2020-10-20 00:00:00-04:00,143.9166717529297,143.9166717529297,139.68333435058594,140.64666748046875,94968900,TSLA
2020-10-21 00:00:00-04:00,140.89999389648438,144.31666564941406,140.4166717529297,140.8800048828125,97111500,TSLA
2020-10-22 00:00:00-04:00,147.30667114257812,148.41000366210938,141.50332641601562,141.92999267578125,119979600,TSLA
2020-10-23 00:00:00-04:00,140.6133270263672,140.9633331298828,135.7933349609375,140.2100067138672,101151000,TSLA
2020-10-26 00:00:00-04:00,137.2100067138672,141.9199981689453,136.6666717529297,140.0933380126953,84717600,TSLA
2020-10-27 00:00:00-04:00,141.25332641601562,143.5,140.03334045410156,141.55999755859375,68059500,TSLA
2020-10-28 00:00:00-04:00,138.82666015625,139.53334045410156,135.3333282470703,135.33999633789062,76354200,TSLA
2020-10-29 00:00:00-04:00,136.65333557128906,139.35333251953125,135.48666381835938,136.94332885742188,67965900,TSLA
2020-10-30 00:00:00-04:00,135.63333129882812,135.8633270263672,126.37000274658203,129.34666442871094,127533900,TSLA
2020-11-02 00:00:00-05:00,131.3333282470703,135.66000366210938,130.76666259765625,133.50332641601562,87063300,TSLA
2020-11-03 00:00:00-05:00,136.57666015625,142.58999633789062,135.56333923339844,141.3000030517578,103055100,TSLA
2020-11-04 00:00:00-05:00,143.5399932861328,145.13333129882812,139.03334045410156,140.32666015625,96429300,TSLA
2020-11-05 00:00:00-05:00,142.76666259765625,146.6666717529297,141.3333282470703,146.02999877929688,85243500,TSLA
2020-11-06 00:00:00-05:00,145.36666870117188,145.52333068847656,141.42666625976562,143.31666564941406,65118000,TSLA
2020-11-09 00:00:00-05:00,146.5,150.8333282470703,140.3333282470703,140.4199981689453,104499000,TSLA
2020-11-10 00:00:00-05:00,140.02999877929688,140.02999877929688,132.00999450683594,136.7866668701172,90852600,TSLA
2020-11-11 00:00:00-05:00,138.81666564941406,139.56666564941406,136.86000061035156,139.0433349609375,52073100,TSLA
2020-11-12 00:00:00-05:00,138.35000610351562,141.0,136.5066680908203,137.25332641601562,59565300,TSLA
2020-11-13 00:00:00-05:00,136.9499969482422,137.50999450683594,133.8866729736328,136.1666717529297,59313300,TSLA
2020-11-16 00:00:00-05:00,136.30999755859375,137.48333740234375,134.69667053222656,136.02999877929688,80515800,TSLA
2020-11-17 00:00:00-05:00,153.38999938964844,154.0,144.336669921875,147.20333862304688,183564900,TSLA
2020-11-18 00:00:00-05:00,149.4499969482422,165.3333282470703,147.8333282470703,162.2133331298828,234132000,TSLA
2020-11-19 00:00:00-05:00,164.0,169.5366668701172,162.52333068847656,166.42333984375,187425900,TSLA
2020-11-20 00:00:00-05:00,165.99667358398438,167.5,163.02000427246094,163.20333862304688,98735700,TSLA
2020-11-23 00:00:00-05:00,167.8333282470703,175.3333282470703,167.26333618164062,173.9499969482422,150780900,TSLA
2020-11-24 00:00:00-05:00,180.13333129882812,186.663330078125,175.39999389648438,185.1266632080078,160945500,TSLA
2020-11-25 00:00:00-05:00,183.35333251953125,191.3333282470703,181.7899932861328,191.3333282470703,146790600,TSLA
2020-11-27 00:00:00-05:00,193.72000122070312,199.5933380126953,192.81666564941406,195.25332641601562,112683300,TSLA
2020-11-30 00:00:00-05:00,200.73666381835938,202.60000610351562,184.836669921875,189.1999969482422,189009300,TSLA
2020-12-01 00:00:00-05:00,199.19667053222656,199.28334045410156,190.68333435058594,194.9199981689453,120310500,TSLA
2020-12-02 00:00:00-05:00,185.47999572753906,190.51333618164062,180.40333557128906,189.60667419433594,143327100,TSLA
2020-12-03 00:00:00-05:00,196.67333984375,199.6566619873047,194.14332580566406,197.7933349609375,127656000,TSLA
2020-12-04 00:00:00-05:00,197.00332641601562,199.67999267578125,195.1666717529297,199.67999267578125,88203900,TSLA
2020-12-07 00:00:00-05:00,201.63999938964844,216.26333618164062,201.01666259765625,213.9199981689453,168929100,TSLA
2020-12-08 00:00:00-05:00,208.50332641601562,217.0933380126953,206.1666717529297,216.6266632080078,192795000,TSLA
2020-12-09 00:00:00-05:00,217.89666748046875,218.10667419433594,196.0,201.4933319091797,213873600,TSLA
2020-12-10 00:00:00-05:00,191.4566650390625,209.25,188.77999877929688,209.02333068847656,201249600,TSLA
2020-12-11 00:00:00-05:00,205.00332641601562,208.0,198.93333435058594,203.3300018310547,139425000,TSLA
2020-12-14 00:00:00-05:00,206.3333282470703,214.25,203.39999389648438,213.27667236328125,156121800,TSLA
2020-12-15 00:00:00-05:00,214.42666625976562,215.63333129882812,207.93333435058594,211.0833282470703,135214500,TSLA
2020-12-16 00:00:00-05:00,209.41000366210938,210.8333282470703,201.6666717529297,207.58999633789062,126287400,TSLA
2020-12-17 00:00:00-05:00,209.39666748046875,219.60667419433594,206.5,218.63333129882812,168810300,TSLA
2020-12-18 00:00:00-05:00,222.96665954589844,231.6666717529297,209.51333618164062,231.6666717529297,666378600,TSLA
2020-12-21 00:00:00-05:00,222.0800018310547,222.8333282470703,215.35667419433594,216.6199951171875,174135900,TSLA
2020-12-22 00:00:00-05:00,216.0,216.6266632080078,204.7433319091797,213.44667053222656,155148000,TSLA
2020-12-23 00:00:00-05:00,210.73333740234375,217.1666717529297,207.52333068847656,215.32666015625,99519000,TSLA
2020-12-24 00:00:00-05:00,214.3300018310547,222.02999877929688,213.6666717529297,220.58999633789062,68596800,TSLA
2020-12-28 00:00:00-05:00,224.836669921875,227.13333129882812,220.26666259765625,221.22999572753906,96835800,TSLA
2020-12-29 00:00:00-05:00,220.3333282470703,223.3000030517578,218.3333282470703,221.99667358398438,68732400,TSLA
2020-12-30 00:00:00-05:00,224.0,232.1999969482422,222.7866668701172,231.5933380126953,128538000,TSLA
2020-12-31 00:00:00-05:00,233.3300018310547,239.57333374023438,230.3733367919922,235.22332763671875,148949700,TSLA
2021-01-04 00:00:00-05:00,239.82000732421875,248.163330078125,239.06333923339844,243.2566680908203,145914600,TSLA
2021-01-05 00:00:00-05:00,241.22000122070312,246.94667053222656,239.73333740234375,245.0366668701172,96735600,TSLA
2021-01-06 00:00:00-05:00,252.8300018310547,258.0,249.6999969482422,251.9933319091797,134100000,TSLA
2021-01-07 00:00:00-05:00,259.2099914550781,272.3299865722656,258.3999938964844,272.0133361816406,154496700,TSLA
2021-01-08 00:00:00-05:00,285.3333435058594,294.8299865722656,279.46331787109375,293.3399963378906,225166500,TSLA
2021-01-11 00:00:00-05:00,283.1333312988281,284.80999755859375,267.8733215332031,270.39666748046875,177904800,TSLA
2021-01-12 00:00:00-05:00,277.0,289.3333435058594,275.7799987792969,283.14666748046875,138812100,TSLA
2021-01-13 00:00:00-05:00,284.2533264160156,286.8233337402344,277.3333435058594,284.8033447265625,99937500,TSLA
2021-01-14 00:00:00-05:00,281.1300048828125,287.6666564941406,279.5833435058594,281.6666564941406,93798900,TSLA
2021-01-15 00:00:00-05:00,284.0,286.6333312988281,273.0333251953125,275.38665771484375,116332800,TSLA
2021-01-19 00:00:00-05:00,279.26666259765625,283.3333435058594,277.6666564941406,281.51666259765625,76101000,TSLA
2021-01-20 00:00:00-05:00,286.2466735839844,286.5,279.09332275390625,283.48333740234375,76997700,TSLA
2021-01-21 00:00:00-05:00,285.0,285.239990234375,280.47332763671875,281.663330078125,61563300,TSLA
2021-01-22 00:00:00-05:00,278.10333251953125,282.6666564941406,276.2066650390625,282.21331787109375,60199500,TSLA
2021-01-25 00:00:00-05:00,285.0,300.1333312988281,279.6066589355469,293.6000061035156,123520200,TSLA
2021-01-26 00:00:00-05:00,297.1266784667969,298.6333312988281,290.5333251953125,294.36334228515625,69394800,TSLA
2021-01-27 00:00:00-05:00,290.1166687011719,297.1666564941406,286.2200012207031,288.0533447265625,82002000,TSLA
2021-01-28 00:00:00-05:00,273.3333435058594,282.6666564941406,267.0,278.4766540527344,79134000,TSLA
2021-01-29 00:00:00-05:00,276.6666564941406,280.8033447265625,260.0333251953125,264.510009765625,104972400,TSLA
2021-02-01 00:00:00-05:00,271.42999267578125,280.6666564941406,265.1866760253906,279.9366760253906,76174200,TSLA
2021-02-02 00:00:00-05:00,281.55999755859375,293.5,280.73333740234375,290.92999267578125,73038600,TSLA
2021-02-03 00:00:00-05:00,292.3399963378906,292.6933288574219,284.35333251953125,284.89666748046875,55030500,TSLA
2021-02-04 00:00:00-05:00,285.0,285.5,277.8066711425781,283.3299865722656,47438100,TSLA
2021-02-05 00:00:00-05:00,281.6666564941406,288.25665283203125,279.65667724609375,284.07666015625,55699800,TSLA
2021-02-08 00:00:00-05:00,289.8900146484375,292.5899963378906,284.9166564941406,287.8066711425781,60485100,TSLA
2021-02-09 00:00:00-05:00,285.0400085449219,286.6000061035156,280.5833435058594,283.1533203125,45473100,TSLA
2021-02-10 00:00:00-05:00,281.21331787109375,281.6066589355469,266.67333984375,268.2733459472656,108648300,TSLA
2021-02-11 00:00:00-05:00,270.8133239746094,276.6266784667969,267.24334716796875,270.5533447265625,64868400,TSLA
2021-02-12 00:00:00-05:00,267.086669921875,272.4433288574219,261.77667236328125,272.0400085449219,71304900,TSLA
2021-02-16 00:00:00-05:00,272.6666564941406,273.6666564941406,264.14666748046875,265.40667724609375,59406900,TSLA
2021-02-17 00:00:00-05:00,259.6966552734375,266.61334228515625,254.00332641601562,266.04998779296875,77989500,TSLA
2021-02-18 00:00:00-05:00,260.29998779296875,264.89666748046875,258.75665283203125,262.4599914550781,53871300,TSLA
2021-02-19 00:00:00-05:00,265.0,265.5966796875,259.1233215332031,260.4333190917969,56874900,TSLA
2021-02-22 00:00:00-05:00,254.2133331298828,256.1666564941406,236.73333740234375,238.1666717529297,111809100,TSLA
2021-02-23 00:00:00-05:00,220.7100067138672,237.8699951171875,206.3333282470703,232.94667053222656,199820700,TSLA
2021-02-24 00:00:00-05:00,237.28334045410156,248.3333282470703,231.38999938964844,247.33999633789062,110301000,TSLA
2021-02-25 00:00:00-05:00,242.0500030517578,245.73666381835938,223.52667236328125,227.4066619873047,117071700,TSLA
2021-02-26 00:00:00-05:00,233.3333282470703,235.56666564941406,219.836669921875,225.1666717529297,123267600,TSLA
2021-03-01 00:00:00-05:00,230.0366668701172,239.6666717529297,228.35000610351562,239.47666931152344,81408600,TSLA
2021-03-02 00:00:00-05:00,239.42666625976562,240.3699951171875,228.3333282470703,228.81333923339844,71196600,TSLA
2021-03-03 00:00:00-05:00,229.3300018310547,233.56666564941406,217.23666381835938,217.73333740234375,90624000,TSLA
2021-03-04 00:00:00-05:00,218.60000610351562,222.81666564941406,200.0,207.14666748046875,197758500,TSLA
2021-03-05 00:00:00-05:00,208.68666076660156,209.27999877929688,179.8300018310547,199.31666564941406,268189500,TSLA
2021-03-08 00:00:00-05:00,200.18333435058594,206.7100067138672,186.26333618164062,187.6666717529297,155361000,TSLA
2021-03-09 00:00:00-05:00,202.72666931152344,226.02999877929688,198.40333557128906,224.52667236328125,202569900,TSLA
2021-03-10 00:00:00-05:00,233.43333435058594,239.28334045410156,218.35333251953125,222.68666076660156,181817100,TSLA
2021-03-11 00:00:00-05:00,233.13333129882812,234.1666717529297,225.72666931152344,233.1999969482422,108761700,TSLA
2021-03-12 00:00:00-05:00,223.3333282470703,231.6266632080078,222.04666137695312,231.2433319091797,100751400,TSLA
2021-03-15 00:00:00-04:00,231.3633270263672,237.72666931152344,228.01333618164062,235.97999572753906,88006800,TSLA
2021-03-16 00:00:00-04:00,234.4499969482422,235.97332763671875,223.6666717529297,225.6266632080078,96587100,TSLA
2021-03-17 00:00:00-04:00,218.9566650390625,234.57666015625,217.00332641601562,233.93666076660156,121117500,TSLA
2021-03-18 00:00:00-04:00,228.09666442871094,229.7433319091797,217.3333282470703,217.72000122070312,99674400,TSLA
2021-03-19 00:00:00-04:00,215.53334045410156,219.07666015625,208.2066650390625,218.2899932861328,128682000,TSLA
2021-03-22 00:00:00-04:00,228.19667053222656,233.2066650390625,222.9166717529297,223.3333282470703,118536600,TSLA
2021-03-23 00:00:00-04:00,225.2566680908203,225.93333435058594,219.1699981689453,220.72000122070312,91475700,TSLA
2021-03-24 00:00:00-04:00,222.6366729736328,222.67333984375,210.0366668701172,210.08999633789062,101385600,TSLA
2021-03-25 00:00:00-04:00,204.3333282470703,215.1666717529297,203.1666717529297,213.4633331298828,117674700,TSLA
2021-03-26 00:00:00-04:00,213.9566650390625,214.60667419433594,199.9633331298828,206.23666381835938,101558400,TSLA
2021-03-29 00:00:00-04:00,205.2133331298828,205.4933319091797,198.67333984375,203.76333618164062,85911000,TSLA
2021-03-30 00:00:00-04:00,200.5833282470703,212.55332946777344,197.00332641601562,211.8733367919922,118297200,TSLA
2021-03-31 00:00:00-04:00,215.5399932861328,224.0,213.70333862304688,222.64332580566406,100011900,TSLA
2021-04-01 00:00:00-04:00,229.4566650390625,230.80667114257812,219.80667114257812,220.5833282470703,105895200,TSLA
2021-04-05 00:00:00-04:00,235.90333557128906,236.05332946777344,228.23333740234375,230.35000610351562,125528400,TSLA
2021-04-06 00:00:00-04:00,230.10000610351562,232.18333435058594,227.1233367919922,230.5399932861328,84815400,TSLA
2021-04-07 00:00:00-04:00,229.0,230.4600067138672,222.6133270263672,223.6566619873047,78928200,TSLA
2021-04-08 00:00:00-04:00,225.7933349609375,229.85000610351562,223.88333129882812,227.93333435058594,71772900,TSLA
2021-04-09 00:00:00-04:00,225.92333984375,226.99000549316406,223.14332580566406,225.67333984375,64311300,TSLA
2021-04-12 00:00:00-04:00,228.56666564941406,234.93333435058594,227.3633270263672,233.9933319091797,87407100,TSLA
2021-04-13 00:00:00-04:00,237.56666564941406,254.3333282470703,236.8866729736328,254.10667419433594,133958400,TSLA
2021-04-14 00:00:00-04:00,256.8999938964844,260.2633361816406,242.67666625976562,244.07666015625,147052200,TSLA
2021-04-15 00:00:00-04:00,247.6999969482422,247.89666748046875,240.43666076660156,246.28334045410156,83546700,TSLA
2021-04-16 00:00:00-04:00,242.88333129882812,249.80332946777344,241.53334045410156,246.5933380126953,83938500,TSLA
2021-04-19 00:00:00-04:00,239.86666870117188,241.8000030517578,230.60000610351562,238.2100067138672,119058600,TSLA
2021-04-20 00:00:00-04:00,239.13999938964844,245.75,236.89666748046875,239.663330078125,106827000,TSLA
2021-04-21 00:00:00-04:00,234.92333984375,248.27999877929688,232.6666717529297,248.0399932861328,93646500,TSLA
2021-04-22 00:00:00-04:00,247.1666717529297,251.2566680908203,239.34666442871094,239.89666748046875,106770900,TSLA
2021-04-23 00:00:00-04:00,239.93333435058594,245.7866668701172,238.48666381835938,243.13333129882812,85110000,TSLA
2021-04-26 00:00:00-04:00,247.0,249.76666259765625,244.20333862304688,246.06666564941406,93115500,TSLA
2021-04-27 00:00:00-04:00,239.32000732421875,241.3333282470703,234.4499969482422,234.913330078125,88311000,TSLA
2021-04-28 00:00:00-04:00,232.1366729736328,236.1666717529297,231.1999969482422,231.46665954589844,66813000,TSLA
2021-04-29 00:00:00-04:00,233.1699981689453,234.0833282470703,222.8333282470703,225.6666717529297,86536200,TSLA
2021-04-30 00:00:00-04:00,222.52999877929688,238.49000549316406,222.04666137695312,236.47999572753906,122276100,TSLA
2021-05-03 00:00:00-04:00,234.60000610351562,235.3333282470703,226.8333282470703,228.3000030517578,81129300,TSLA
2021-05-04 00:00:00-04:00,226.31333923339844,227.81666564941406,219.23333740234375,224.53334045410156,89217900,TSLA
2021-05-05 00:00:00-04:00,227.02000427246094,228.43333435058594,222.44667053222656,223.64666748046875,65705700,TSLA
2021-05-06 00:00:00-04:00,226.9199981689453,227.0066680908203,216.6666717529297,221.17999267578125,83353800,TSLA
2021-05-07 00:00:00-04:00,221.93333435058594,230.0,220.07333374023438,224.1233367919922,70407600,TSLA
2021-05-10 00:00:00-04:00,221.63333129882812,221.68333435058594,209.20333862304688,209.67999267578125,94177200,TSLA
2021-05-11 00:00:00-04:00,199.74667358398438,209.03334045410156,198.53334045410156,205.73333740234375,139511700,TSLA
2021-05-12 00:00:00-04:00,200.8300018310547,206.80332946777344,195.58999633789062,196.6300048828125,101470800,TSLA
2021-05-13 00:00:00-04:00,200.51333618164062,202.15333557128906,186.5500030517578,190.56333923339844,132554700,TSLA
2021-05-14 00:00:00-04:00,194.47000122070312,197.6233367919922,190.15333557128906,196.5800018310547,100112700,TSLA
2021-05-17 00:00:00-04:00,191.85000610351562,196.57666015625,187.06666564941406,192.27667236328125,97171200,TSLA
2021-05-18 00:00:00-04:00,189.3333282470703,198.75,187.7933349609375,192.6233367919922,110491800,TSLA
2021-05-19 00:00:00-04:00,184.18333435058594,188.73666381835938,182.32666015625,187.82000732421875,118735200,TSLA
2021-05-20 00:00:00-04:00,191.6666717529297,196.28334045410156,190.35667419433594,195.5933380126953,92463300,TSLA
2021-05-21 00:00:00-04:00,198.70333862304688,198.89332580566406,193.3333282470703,193.6266632080078,78091800,TSLA
2021-05-24 00:00:00-04:00,193.86666870117188,204.82666015625,191.21665954589844,202.14666748046875,103674300,TSLA
2021-05-25 00:00:00-04:00,202.43666076660156,204.663330078125,198.57000732421875,201.56333923339844,84017700,TSLA
2021-05-26 00:00:00-04:00,202.52000427246094,208.72332763671875,200.5,206.3766632080078,85917900,TSLA
2021-05-27 00:00:00-04:00,206.74667358398438,210.3766632080078,205.40333557128906,210.28334045410156,79111800,TSLA
2021-05-28 00:00:00-04:00,209.5,211.8633270263672,207.4600067138672,208.4066619873047,68211000,TSLA
2021-06-01 00:00:00-04:00,209.26666259765625,211.26666259765625,206.85000610351562,207.96665954589844,54254700,TSLA
2021-06-02 00:00:00-04:00,206.7100067138672,207.7866668701172,199.7133331298828,201.7066650390625,69908400,TSLA
2021-06-03 00:00:00-04:00,200.60000610351562,201.51666259765625,190.4066619873047,190.94667053222656,90335700,TSLA
2021-06-04 00:00:00-04:00,193.23666381835938,200.20333862304688,192.39999389648438,199.68333435058594,72110700,TSLA
2021-06-07 00:00:00-04:00,197.27667236328125,203.3333282470703,194.2933349609375,201.7100067138672,67631100,TSLA
2021-06-08 00:00:00-04:00,207.6699981689453,207.69667053222656,198.5,201.19667053222656,78160200,TSLA
2021-06-09 00:00:00-04:00,200.72332763671875,203.92999267578125,199.2100067138672,199.5933380126953,49753800,TSLA
2021-06-10 00:00:00-04:00,201.2933349609375,205.52999877929688,200.1666717529297,203.3733367919922,71758800,TSLA
2021-06-11 00:00:00-04:00,203.41000366210938,204.18666076660156,200.5066680908203,203.29666137695312,48615900,TSLA
2021-06-14 00:00:00-04:00,204.07666015625,208.49667358398438,203.05999755859375,205.89666748046875,61272000,TSLA
2021-06-15 00:00:00-04:00,205.56333923339844,205.59666442871094,199.41000366210938,199.7866668701172,53292300,TSLA
2021-06-16 00:00:00-04:00,199.17999267578125,202.8333282470703,197.8333282470703,201.6233367919922,66432300,TSLA
2021-06-17 00:00:00-04:00,200.6300048828125,207.1566619873047,200.44667053222656,205.53334045410156,68104200,TSLA
2021-06-18 00:00:00-04:00,204.4566650390625,209.4499969482422,203.93333435058594,207.77000427246094,73682700,TSLA
2021-06-21 00:00:00-04:00,208.16000366210938,210.4633331298828,202.9600067138672,206.94332885742188,74438100,TSLA
2021-06-22 00:00:00-04:00,206.0833282470703,209.52333068847656,205.1666717529297,207.90333557128906,57476700,TSLA
2021-06-23 00:00:00-04:00,210.6666717529297,219.06666564941406,210.01333618164062,218.85667419433594,93297600,TSLA
2021-06-24 00:00:00-04:00,224.99667358398438,232.5399932861328,222.5366668701172,226.60667419433594,137947200,TSLA
2021-06-25 00:00:00-04:00,229.86000061035156,231.27000427246094,222.89999389648438,223.9566650390625,97490100,TSLA
2021-06-28 00:00:00-04:00,223.8800048828125,231.56666564941406,223.44000244140625,229.57333374023438,64884600,TSLA
2021-06-29 00:00:00-04:00,228.21665954589844,229.1699981689453,225.29666137695312,226.9199981689453,52143900,TSLA
2021-06-30 00:00:00-04:00,226.58999633789062,230.93666076660156,226.04666137695312,226.56666564941406,56774700,TSLA
2021-07-01 00:00:00-04:00,227.97332763671875,229.3300018310547,224.26666259765625,225.97332763671875,55903500,TSLA
2021-07-02 00:00:00-04:00,226.32666015625,233.3333282470703,224.4199981689453,226.3000030517578,81163500,TSLA
2021-07-06 00:00:00-04:00,227.23666381835938,228.0,217.13333129882812,219.86000061035156,69853500,TSLA
2021-07-07 00:00:00-04:00,221.42333984375,221.89999389648438,212.77333068847656,214.88333129882812,56376000,TSLA
2021-07-08 00:00:00-04:00,209.4566650390625,218.14332580566406,206.82000732421875,217.60333251953125,68319900,TSLA
2021-07-09 00:00:00-04:00,217.72666931152344,219.6366729736328,214.89666748046875,218.98333740234375,54421500,TSLA
2021-07-12 00:00:00-04:00,220.73333740234375,229.0800018310547,220.72000122070312,228.56666564941406,77781000,TSLA
2021-07-13 00:00:00-04:00,228.77333068847656,231.0933380126953,222.10000610351562,222.84666442871094,62898300,TSLA
2021-07-14 00:00:00-04:00,223.5833282470703,226.20333862304688,217.6133270263672,217.7933349609375,64923600,TSLA
2021-07-15 00:00:00-04:00,219.4633331298828,222.04666137695312,212.6266632080078,216.86666870117188,60628800,TSLA
2021-07-16 00:00:00-04:00,218.22666931152344,218.89999389648438,214.06666564941406,214.74000549316406,49113000,TSLA
2021-07-19 00:00:00-04:00,209.9633331298828,215.73333740234375,207.09666442871094,215.4066619873047,63891300,TSLA
2021-07-20 00:00:00-04:00,217.3300018310547,220.79666137695312,213.5,220.1666717529297,46461300,TSLA
2021-07-21 00:00:00-04:00,219.8699951171875,221.6199951171875,216.76333618164062,218.42999267578125,41859900,TSLA
2021-07-22 00:00:00-04:00,218.81333923339844,220.72332763671875,214.86666870117188,216.4199981689453,45317100,TSLA
2021-07-23 00:00:00-04:00,215.45333862304688,216.26666259765625,212.43333435058594,214.4600067138672,43814700,TSLA
2021-07-26 00:00:00-04:00,216.99000549316406,222.73333740234375,215.70333862304688,219.2066650390625,76009800,TSLA
2021-07-27 00:00:00-04:00,221.13333129882812,222.1666717529297,209.0800018310547,214.92666625976562,98439900,TSLA
2021-07-28 00:00:00-04:00,215.6666717529297,218.32333374023438,213.13333129882812,215.66000366210938,48019800,TSLA
2021-07-29 00:00:00-04:00,216.59666442871094,227.89666748046875,216.26666259765625,225.78334045410156,91183800,TSLA
2021-07-30 00:00:00-04:00,223.9199981689453,232.50999450683594,223.0,229.06666564941406,88969200,TSLA
2021-08-02 00:00:00-04:00,233.3333282470703,242.31333923339844,232.8000030517578,236.55667114257812,100847400,TSLA
2021-08-03 00:00:00-04:00,239.6666717529297,240.88333129882812,233.6699981689453,236.5800018310547,64860900,TSLA
2021-08-04 00:00:00-04:00,237.0,241.63333129882812,236.30999755859375,236.97332763671875,51007800,TSLA
2021-08-05 00:00:00-04:00,238.6666717529297,240.31666564941406,237.1366729736328,238.2100067138672,38758800,TSLA
2021-08-06 00:00:00-04:00,237.3000030517578,238.77667236328125,232.5433349609375,233.03334045410156,46869000,TSLA
2021-08-09 00:00:00-04:00,236.72332763671875,239.67666625976562,235.0433349609375,237.9199981689453,44145900,TSLA
2021-08-10 00:00:00-04:00,237.99667358398438,238.8633270263672,233.9600067138672,236.663330078125,40296900,TSLA
2021-08-11 00:00:00-04:00,237.57000732421875,238.39332580566406,234.73666381835938,235.94000244140625,29401800,TSLA
2021-08-12 00:00:00-04:00,235.44667053222656,240.93333435058594,233.13333129882812,240.75,52377300,TSLA
2021-08-13 00:00:00-04:00,241.23666381835938,243.3000030517578,238.1133270263672,239.05667114257812,50194500,TSLA
2021-08-16 00:00:00-04:00,235.02333068847656,236.5,225.46665954589844,228.72332763671875,68032200,TSLA
2021-08-17 00:00:00-04:00,224.22000122070312,224.86000061035156,216.27999877929688,221.90333557128906,71163900,TSLA
2021-08-18 00:00:00-04:00,223.25,231.92333984375,223.11666870117188,229.663330078125,61048200,TSLA
2021-08-19 00:00:00-04:00,226.07000732421875,228.85000610351562,222.52999877929688,224.49000549316406,42940500,TSLA
2021-08-20 00:00:00-04:00,227.61666870117188,230.7100067138672,224.56666564941406,226.75332641601562,44525700,TSLA
2021-08-23 00:00:00-04:00,228.47999572753906,237.3766632080078,226.9166717529297,235.43333435058594,60794700,TSLA
2021-08-24 00:00:00-04:00,236.89332580566406,238.4066619873047,234.2133331298828,236.163330078125,39249300,TSLA
2021-08-25 00:00:00-04:00,235.67666625976562,238.99000549316406,234.6666717529297,237.06666564941406,37936800,TSLA
2021-08-26 00:00:00-04:00,236.10333251953125,238.46665954589844,232.5399932861328,233.72000122070312,39642900,TSLA
2021-08-27 00:00:00-04:00,235.0,238.3333282470703,234.03334045410156,237.30667114257812,41501400,TSLA
2021-08-30 00:00:00-04:00,238.24000549316406,243.6666717529297,237.57666015625,243.6366729736328,55812600,TSLA
2021-08-31 00:00:00-04:00,244.3333282470703,246.79666137695312,242.14666748046875,245.24000549316406,62566200,TSLA
2021-09-01 00:00:00-04:00,244.69332885742188,247.3300018310547,243.7566680908203,244.69667053222656,39612900,TSLA
2021-09-02 00:00:00-04:00,244.8333282470703,246.99000549316406,243.51333618164062,244.1300048828125,38331900,TSLA
2021-09-03 00:00:00-04:00,244.0833282470703,244.6666717529297,241.39999389648438,244.52333068847656,45738300,TSLA
2021-09-07 00:00:00-04:00,246.6666717529297,253.39999389648438,246.4199981689453,250.97332763671875,60119400,TSLA
2021-09-08 00:00:00-04:00,253.86000061035156,254.81666564941406,246.92333984375,251.2899932861328,56379000,TSLA
2021-09-09 00:00:00-04:00,251.1366729736328,254.03334045410156,250.5433349609375,251.6199951171875,42233100,TSLA
2021-09-10 00:00:00-04:00,253.1999969482422,254.20333862304688,244.83999633789062,245.42333984375,45552600,TSLA
2021-09-13 00:00:00-04:00,246.73666381835938,248.25999450683594,236.28334045410156,247.6666717529297,68857500,TSLA
2021-09-14 00:00:00-04:00,247.52333068847656,251.49000549316406,245.46665954589844,248.163330078125,55574700,TSLA
2021-09-15 00:00:00-04:00,248.3333282470703,252.2866668701172,246.1199951171875,251.94332885742188,46073100,TSLA
2021-09-16 00:00:00-04:00,250.94332885742188,252.97000122070312,249.20333862304688,252.3300018310547,41770200,TSLA
2021-09-17 00:00:00-04:00,252.38333129882812,253.67999267578125,250.0,253.163330078125,84612600,TSLA
2021-09-20 00:00:00-04:00,244.85333251953125,247.3333282470703,239.5399932861328,243.38999938964844,74273100,TSLA
2021-09-21 00:00:00-04:00,244.92999267578125,248.24667358398438,243.47999572753906,246.4600067138672,48992100,TSLA
2021-09-22 00:00:00-04:00,247.8433380126953,251.22332763671875,246.3733367919922,250.64666748046875,45378900,TSLA
2021-09-23 00:00:00-04:00,251.6666717529297,252.73333740234375,249.30667114257812,251.2133331298828,35842500,TSLA
2021-09-24 00:00:00-04:00,248.6300048828125,258.26666259765625,248.18666076660156,258.1300048828125,64119000,TSLA
2021-09-27 00:00:00-04:00,257.7066650390625,266.3333435058594,256.4366760253906,263.78668212890625,84212100,TSLA
2021-09-28 00:00:00-04:00,262.3999938964844,265.21331787109375,255.39332580566406,259.1866760253906,76144200,TSLA
2021-09-29 00:00:00-04:00,259.9333190917969,264.5,256.8933410644531,260.4366760253906,62828700,TSLA
2021-09-30 00:00:00-04:00,260.3333435058594,263.0433349609375,258.3333435058594,258.49334716796875,53868000,TSLA
2021-10-01 00:00:00-04:00,259.4666748046875,260.260009765625,254.52999877929688,258.40667724609375,51094200,TSLA
2021-10-04 00:00:00-04:00,265.5,268.989990234375,258.7066650390625,260.510009765625,91449900,TSLA
2021-10-05 00:00:00-04:00,261.6000061035156,265.7699890136719,258.0666809082031,260.1966552734375,55297800,TSLA
2021-10-06 00:00:00-04:00,258.73333740234375,262.2200012207031,257.739990234375,260.9166564941406,43898400,TSLA
2021-10-07 00:00:00-04:00,261.82000732421875,268.3333435058594,261.1266784667969,264.53668212890625,57587400,TSLA
2021-10-08 00:00:00-04:00,265.4033203125,265.4599914550781,260.3033447265625,261.8299865722656,50215800,TSLA
2021-10-11 00:00:00-04:00,262.54998779296875,267.0799865722656,261.8333435058594,263.9800109863281,42600900,TSLA
2021-10-12 00:00:00-04:00,266.9766540527344,270.7733459472656,265.5233459472656,268.5733337402344,66060000,TSLA
2021-10-13 00:00:00-04:00,270.15667724609375,271.8033447265625,268.59332275390625,270.3599853515625,42360300,TSLA
2021-10-14 00:00:00-04:00,271.8299865722656,273.4166564941406,271.1166687011719,272.7733459472656,36741600,TSLA
2021-10-15 00:00:00-04:00,274.5799865722656,281.07000732421875,274.1166687011719,281.010009765625,56773800,TSLA
2021-10-18 00:00:00-04:00,283.92999267578125,291.7533264160156,283.8233337402344,290.03668212890625,72621600,TSLA
2021-10-19 00:00:00-04:00,292.510009765625,292.6499938964844,287.5033264160156,288.0899963378906,52143300,TSLA
2021-10-20 00:00:00-04:00,288.45001220703125,289.8299865722656,285.7933349609375,288.6000061035156,42096300,TSLA
2021-10-21 00:00:00-04:00,285.3333435058594,300.0,285.1666564941406,298.0,94444500,TSLA
2021-10-22 00:00:00-04:00,298.5,303.3333435058594,296.9866638183594,303.2266540527344,68642400,TSLA
2021-10-25 00:00:00-04:00,316.84332275390625,348.3399963378906,314.73333740234375,341.6199951171875,188556300,TSLA
2021-10-26 00:00:00-04:00,341.5633239746094,364.9800109863281,333.8133239746094,339.4766540527344,187245000,TSLA
2021-10-27 00:00:00-04:00,346.5533447265625,356.9599914550781,343.59332275390625,345.9533386230469,115579500,TSLA
2021-10-28 00:00:00-04:00,356.10333251953125,360.3333435058594,351.3999938964844,359.0133361816406,81639600,TSLA
2021-10-29 00:00:00-04:00,360.6199951171875,371.7366638183594,357.7366638183594,371.3333435058594,89755200,TSLA
2021-11-01 00:00:00-04:00,381.6666564941406,403.25,372.88665771484375,402.86334228515625,168146100,TSLA
2021-11-02 00:00:00-04:00,386.4533386230469,402.86334228515625,382.0,390.6666564941406,128213400,TSLA
2021-11-03 00:00:00-04:00,392.4433288574219,405.1300048828125,384.2066650390625,404.6199951171875,103885500,TSLA
2021-11-04 00:00:00-04:00,411.4700012207031,414.4966735839844,405.6666564941406,409.9700012207031,76192200,TSLA
2021-11-05 00:00:00-04:00,409.3333435058594,413.2900085449219,402.6666564941406,407.36334228515625,64886400,TSLA
2021-11-08 00:00:00-05:00,383.2633361816406,399.0,377.6666564941406,387.64666748046875,100337100,TSLA
2021-11-09 00:00:00-05:00,391.20001220703125,391.5,337.17333984375,341.1666564941406,177317400,TSLA
2021-11-10 00:00:00-05:00,336.8033447265625,359.3666687011719,329.10333251953125,355.98333740234375,128408100,TSLA
2021-11-11 00:00:00-05:00,367.5899963378906,368.3233337402344,351.55999755859375,354.5033264160156,67189800,TSLA
2021-11-12 00:00:00-05:00,349.1666564941406,351.5,339.73333740234375,344.47332763671875,76719300,TSLA
2021-11-15 00:00:00-05:00,339.2099914550781,343.99334716796875,326.20001220703125,337.7966613769531,104326800,TSLA
2021-11-16 00:00:00-05:00,334.4366760253906,352.3999938964844,334.05999755859375,351.57666015625,79627200,TSLA
2021-11-17 00:00:00-05:00,354.5033264160156,373.21331787109375,351.8333435058594,363.0033264160156,94336200,TSLA
2021-11-18 00:00:00-05:00,368.8500061035156,370.6666564941406,358.3399963378906,365.4599914550781,62696700,TSLA
2021-11-19 00:00:00-05:00,366.2900085449219,379.5733337402344,364.23333740234375,379.0199890136719,64926900,TSLA
2021-11-22 00:00:00-05:00,387.4433288574219,400.6499938964844,377.4766540527344,385.6233215332031,99217500,TSLA
2021-11-23 00:00:00-05:00,389.1700134277344,393.5,354.23333740234375,369.6766662597656,108515100,TSLA
2021-11-24 00:00:00-05:00,360.1300048828125,377.5899963378906,354.0,372.0,67680600,TSLA
2021-11-26 00:00:00-05:00,366.489990234375,369.59332275390625,360.3333435058594,360.6400146484375,35042700,TSLA
2021-11-29 00:00:00-05:00,366.9966735839844,380.8900146484375,366.7300109863281,378.9966735839844,58393500,TSLA
2021-11-30 00:00:00-05:00,381.4566650390625,389.3333435058594,372.6666564941406,381.586669921875,81276000,TSLA
2021-12-01 00:00:00-05:00,386.8999938964844,390.9466552734375,363.586669921875,365.0,68450400,TSLA
2021-12-02 00:00:00-05:00,366.35333251953125,371.0,352.2166748046875,361.5333251953125,73114800,TSLA
2021-12-03 00:00:00-05:00,361.5966796875,363.52667236328125,333.4033203125,338.3233337402344,92322000,TSLA
2021-12-06 00:00:00-05:00,333.836669921875,340.5466613769531,316.8333435058594,336.336669921875,81663000,TSLA
2021-12-07 00:00:00-05:00,348.0666809082031,352.5566711425781,342.2699890136719,350.5833435058594,56084700,TSLA
2021-12-08 00:00:00-05:00,350.9033203125,357.4599914550781,344.3333435058594,356.32000732421875,41906400,TSLA
2021-12-09 00:00:00-05:00,353.5466613769531,354.163330078125,334.1199951171875,334.6000061035156,59438400,TSLA
2021-12-10 00:00:00-05:00,336.25,340.32666015625,327.510009765625,339.010009765625,59664300,TSLA
2021-12-13 00:00:00-05:00,333.6966552734375,335.0,317.1400146484375,322.13665771484375,78595500,TSLA
2021-12-14 00:00:00-05:00,315.0,322.13665771484375,310.0,319.5033264160156,70806300,TSLA
2021-12-15 00:00:00-05:00,317.7366638183594,326.25,309.4166564941406,325.3299865722656,75169200,TSLA
2021-12-16 00:00:00-05:00,331.5,331.6600036621094,307.2833251953125,308.97332763671875,82771500,TSLA
2021-12-17 00:00:00-05:00,304.92333984375,320.2200012207031,303.0133361816406,310.8566589355469,100437300,TSLA
2021-12-20 00:00:00-05:00,303.5666809082031,307.2300109863281,297.7966613769531,299.9800109863281,56480100,TSLA
2021-12-21 00:00:00-05:00,305.6233215332031,313.1666564941406,295.3733215332031,312.84332275390625,71517900,TSLA
2021-12-22 00:00:00-05:00,321.88665771484375,338.5533447265625,319.01666259765625,336.2900085449219,93634200,TSLA
2021-12-23 00:00:00-05:00,335.6000061035156,357.6600036621094,332.5199890136719,355.6666564941406,92713200,TSLA
2021-12-27 00:00:00-05:00,357.8900146484375,372.3333435058594,356.90667724609375,364.64666748046875,71145900,TSLA
2021-12-28 00:00:00-05:00,369.8299865722656,373.0,359.47332763671875,362.8233337402344,60324000,TSLA
2021-12-29 00:00:00-05:00,366.21331787109375,368.0,354.71331787109375,362.0633239746094,56154000,TSLA
2021-12-30 00:00:00-05:00,353.77667236328125,365.1833190917969,351.04998779296875,356.7799987792969,47040900,TSLA
2021-12-31 00:00:00-05:00,357.8133239746094,360.6666564941406,351.5299987792969,352.260009765625,40733700,TSLA
2022-01-03 00:00:00-05:00,382.5833435058594,400.3566589355469,378.67999267578125,399.9266662597656,103931400,TSLA
2022-01-04 00:00:00-05:00,396.51666259765625,402.6666564941406,374.3500061035156,383.1966552734375,100248300,TSLA
2022-01-05 00:00:00-05:00,382.2166748046875,390.11334228515625,360.336669921875,362.7066650390625,80119800,TSLA
2022-01-06 00:00:00-05:00,359.0,362.6666564941406,340.1666564941406,354.8999938964844,90336600,TSLA
2022-01-07 00:00:00-05:00,360.1233215332031,360.30999755859375,336.6666564941406,342.32000732421875,84164700,TSLA
2022-01-10 00:00:00-05:00,333.3333435058594,353.0333251953125,326.6666564941406,352.7066650390625,91815000,TSLA
2022-01-11 00:00:00-05:00,351.22332763671875,358.6166687011719,346.2733459472656,354.79998779296875,66063300,TSLA
2022-01-12 00:00:00-05:00,359.6166687011719,371.61334228515625,357.5299987792969,368.739990234375,83739000,TSLA
2022-01-13 00:00:00-05:00,369.69000244140625,371.8666687011719,342.17999267578125,343.85333251953125,97209900,TSLA
2022-01-14 00:00:00-05:00,339.9599914550781,350.6666564941406,337.7933349609375,349.8699951171875,72924300,TSLA
2022-01-18 00:00:00-05:00,342.2033386230469,356.92999267578125,338.6866760253906,343.5033264160156,66743400,TSLA
2022-01-19 00:00:00-05:00,347.2366638183594,351.5566711425781,331.6666564941406,331.8833312988281,75442500,TSLA
2022-01-20 00:00:00-05:00,336.57666015625,347.2200012207031,331.3333435058594,332.0899963378906,70488600,TSLA
2022-01-21 00:00:00-05:00,332.11334228515625,334.8500061035156,313.5,314.6333312988281,103416000,TSLA
2022-01-24 00:00:00-05:00,301.586669921875,311.1700134277344,283.8233337402344,310.0,151565700,TSLA
2022-01-25 00:00:00-05:00,304.73333740234375,317.086669921875,301.07000732421875,306.1333312988281,86595900,TSLA
2022-01-26 00:00:00-05:00,317.4766540527344,329.2300109863281,302.0,312.4700012207031,104867400,TSLA
2022-01-27 00:00:00-05:00,311.1199951171875,311.7966613769531,276.3333435058594,276.3666687011719,147109500,TSLA
2022-01-28 00:00:00-05:00,277.1866760253906,285.8333435058594,264.0033264160156,282.1166687011719,134789100,TSLA
2022-01-31 00:00:00-05:00,290.9033203125,312.663330078125,287.3500061035156,312.239990234375,104436000,TSLA
2022-02-01 00:00:00-05:00,311.7366638183594,314.5666809082031,301.6666564941406,310.4166564941406,73138200,TSLA
2022-02-02 00:00:00-05:00,309.3933410644531,310.5,296.4700012207031,301.88665771484375,66792900,TSLA
2022-02-03 00:00:00-05:00,294.0,312.3333435058594,293.50665283203125,297.0466613769531,78855600,TSLA
2022-02-04 00:00:00-05:00,299.0733337402344,312.1666564941406,293.72332763671875,307.7733459472656,73625400,TSLA
2022-02-07 00:00:00-05:00,307.92999267578125,315.92333984375,300.9033203125,302.4466552734375,60994500,TSLA
2022-02-08 00:00:00-05:00,301.84332275390625,308.7633361816406,298.26666259765625,307.3333435058594,50729100,TSLA
2022-02-09 00:00:00-05:00,311.6666564941406,315.42333984375,306.6666564941406,310.6666564941406,52259400,TSLA
2022-02-10 00:00:00-05:00,302.7900085449219,314.60333251953125,298.8999938964844,301.51666259765625,66126900,TSLA
2022-02-11 00:00:00-05:00,303.2099914550781,305.32000732421875,283.5666809082031,286.6666564941406,79645800,TSLA
2022-02-14 00:00:00-05:00,287.19000244140625,299.6266784667969,284.3833312988281,291.9200134277344,67756500,TSLA
2022-02-15 00:00:00-05:00,300.0,307.6666564941406,297.7933349609375,307.4766540527344,57286200,TSLA
2022-02-16 00:00:00-05:00,304.6833190917969,308.80999755859375,300.4033203125,307.7966613769531,51294300,TSLA
2022-02-17 00:00:00-05:00,304.4200134277344,306.1666564941406,291.3666687011719,292.1166687011719,55178400,TSLA
2022-02-18 00:00:00-05:00,295.3333435058594,295.6233215332031,279.2033386230469,285.6600036621094,68501700,TSLA
2022-02-22 00:00:00-05:00,278.0433349609375,285.57666015625,267.0333251953125,273.84332275390625,83288100,TSLA
2022-02-23 00:00:00-05:00,276.80999755859375,278.4333190917969,253.52000427246094,254.67999267578125,95256900,TSLA
2022-02-24 00:00:00-05:00,233.4633331298828,267.49334716796875,233.3333282470703,266.92333984375,135322200,TSLA
2022-02-25 00:00:00-05:00,269.74334716796875,273.1666564941406,260.79998779296875,269.9566650390625,76067700,TSLA
2022-02-28 00:00:00-05:00,271.6700134277344,292.28668212890625,271.57000732421875,290.1433410644531,99006900,TSLA
2022-03-01 00:00:00-05:00,289.8933410644531,296.6266784667969,284.59332275390625,288.1233215332031,74766900,TSLA
2022-03-02 00:00:00-05:00,290.7099914550781,295.49334716796875,281.42333984375,293.2966613769531,74643300,TSLA
2022-03-03 00:00:00-05:00,292.92333984375,295.4800109863281,277.5333251953125,279.7633361816406,61623600,TSLA
2022-03-04 00:00:00-05:00,283.0333251953125,285.2166748046875,275.0533447265625,279.42999267578125,66999600,TSLA
2022-03-07 00:00:00-05:00,285.4333190917969,288.71331787109375,268.19000244140625,268.1933288574219,72494100,TSLA
2022-03-08 00:00:00-05:00,265.1766662597656,283.3299865722656,260.72332763671875,274.79998779296875,80399100,TSLA
2022-03-09 00:00:00-05:00,279.82666015625,286.85333251953125,277.336669921875,286.3233337402344,59184000,TSLA
2022-03-10 00:00:00-05:00,283.8166809082031,284.8166809082031,270.1199951171875,279.4333190917969,58648500,TSLA
2022-03-11 00:00:00-05:00,280.0666809082031,281.26666259765625,264.5899963378906,265.1166687011719,67037100,TSLA
2022-03-14 00:00:00-04:00,260.2033386230469,266.8999938964844,252.01333618164062,255.4566650390625,71152200,TSLA
2022-03-15 00:00:00-04:00,258.42333984375,268.5233459472656,252.19000244140625,267.2966613769531,66841200,TSLA
2022-03-16 00:00:00-04:00,269.6666564941406,280.6666564941406,267.4200134277344,280.07666015625,84028800,TSLA
2022-03-17 00:00:00-04:00,276.9966735839844,291.6666564941406,275.239990234375,290.5333251953125,66582900,TSLA
2022-03-18 00:00:00-04:00,291.4966735839844,302.6166687011719,289.1300048828125,301.7966613769531,100414200,TSLA
2022-03-21 00:00:00-04:00,304.99334716796875,314.2833251953125,302.36334228515625,307.0533447265625,81981600,TSLA
2022-03-22 00:00:00-04:00,310.0,332.6199951171875,307.25,331.32666015625,105868500,TSLA
2022-03-23 00:00:00-04:00,326.64666748046875,346.8999938964844,325.4666748046875,333.03668212890625,120676200,TSLA
2022-03-24 00:00:00-04:00,336.57666015625,341.4966735839844,329.6000061035156,337.97332763671875,68920800,TSLA
2022-03-25 00:00:00-04:00,336.0,340.6000061035156,332.44000244140625,336.8800048828125,62031600,TSLA
2022-03-28 00:00:00-04:00,355.0333251953125,365.9599914550781,351.20001220703125,363.9466552734375,102506100,TSLA
2022-03-29 00:00:00-04:00,369.3299865722656,371.5899963378906,357.7033386230469,366.5233459472656,73614900,TSLA
2022-03-30 00:00:00-04:00,363.72332763671875,371.3166809082031,361.3333435058594,364.663330078125,59865000,TSLA
2022-03-31 00:00:00-04:00,364.8566589355469,367.71331787109375,358.8800048828125,359.20001220703125,48992700,TSLA
2022-04-01 00:00:00-04:00,360.3833312988281,364.9166564941406,355.5466613769531,361.5299987792969,54263100,TSLA
2022-04-04 00:00:00-04:00,363.1266784667969,383.3033447265625,357.510009765625,381.8166809082031,82035900,TSLA
2022-04-05 00:00:00-04:00,378.76666259765625,384.2900085449219,362.4333190917969,363.7533264160156,80075100,TSLA
2022-04-06 00:00:00-04:00,357.8233337402344,359.6666564941406,342.5666809082031,348.586669921875,89348400,TSLA
2022-04-07 00:00:00-04:00,350.7966613769531,358.86334228515625,340.5133361816406,352.4200134277344,79447200,TSLA
2022-04-08 00:00:00-04:00,347.7366638183594,349.4800109863281,340.8133239746094,341.8299865722656,55013700,TSLA
2022-04-11 00:00:00-04:00,326.79998779296875,336.15667724609375,324.8800048828125,325.30999755859375,59357100,TSLA
2022-04-12 00:00:00-04:00,332.5466613769531,340.39666748046875,325.5333251953125,328.98333740234375,65976000,TSLA
2022-04-13 00:00:00-04:00,327.02667236328125,342.0799865722656,324.3666687011719,340.7900085449219,55121100,TSLA
2022-04-14 00:00:00-04:00,333.0966796875,337.57000732421875,327.39666748046875,328.3333435058594,58422300,TSLA
2022-04-18 00:00:00-04:00,329.6766662597656,338.3066711425781,324.4700012207031,334.7633361816406,51715200,TSLA
2022-04-19 00:00:00-04:00,335.0199890136719,344.9800109863281,331.77667236328125,342.7166748046875,49847700,TSLA
2022-04-20 00:00:00-04:00,343.3333435058594,344.6666564941406,325.0833435058594,325.73333740234375,70711200,TSLA
2022-04-21 00:00:00-04:00,358.24334716796875,364.0733337402344,332.1400146484375,336.260009765625,105416400,TSLA
2022-04-22 00:00:00-04:00,338.3033447265625,344.95001220703125,331.3333435058594,335.01666259765625,69696600,TSLA
2022-04-25 00:00:00-04:00,326.3233337402344,336.2066650390625,325.1000061035156,332.67333984375,68341200,TSLA
2022-04-26 00:00:00-04:00,331.80999755859375,333.3333435058594,291.6666564941406,292.1400146484375,136133700,TSLA
2022-04-27 00:00:00-04:00,299.52667236328125,306.0,292.4533386230469,293.836669921875,76956300,TSLA
2022-04-28 00:00:00-04:00,299.99334716796875,300.0,273.8999938964844,292.5033264160156,124948500,TSLA
2022-04-29 00:00:00-04:00,300.75,311.4666748046875,290.0,290.2533264160156,88133100,TSLA
2022-05-02 00:00:00-04:00,286.92333984375,302.1199951171875,282.6766662597656,300.9800109863281,75781500,TSLA
2022-05-03 00:00:00-04:00,301.05999755859375,308.02667236328125,296.1966552734375,303.0833435058594,63709500,TSLA
2022-05-04 00:00:00-04:00,301.3133239746094,318.5,295.09332275390625,317.5400085449219,81643800,TSLA
2022-05-05 00:00:00-04:00,313.00665283203125,315.20001220703125,285.8999938964844,291.09332275390625,92519100,TSLA
2022-05-06 00:00:00-04:00,295.6666564941406,296.0,281.03668212890625,288.54998779296875,72903000,TSLA
2022-05-09 00:00:00-04:00,278.8166809082031,281.8766784667969,260.3833312988281,262.3699951171875,90810300,TSLA
2022-05-10 00:00:00-04:00,273.10333251953125,275.1199951171875,258.0833435058594,266.67999267578125,84401700,TSLA
2022-05-11 00:00:00-04:00,265.0,269.92333984375,242.39999389648438,244.6666717529297,97224600,TSLA
2022-05-12 00:00:00-04:00,233.6666717529297,253.22000122070312,226.6666717529297,242.6666717529297,140313000,TSLA
2022-05-13 00:00:00-04:00,257.82666015625,262.45001220703125,250.52333068847656,256.5299987792969,92150700,TSLA
2022-05-16 00:00:00-04:00,255.72000122070312,256.586669921875,239.69667053222656,241.4566650390625,86098500,TSLA
2022-05-17 00:00:00-04:00,249.1199951171875,254.82666015625,242.9499969482422,253.8699951171875,80236200,TSLA
2022-05-18 00:00:00-04:00,248.17333984375,253.5,233.60333251953125,236.60333251953125,87811800,TSLA
2022-05-19 00:00:00-04:00,235.6666717529297,244.6666717529297,231.3699951171875,236.47332763671875,90296700,TSLA
2022-05-20 00:00:00-04:00,237.99667358398438,240.52667236328125,211.0,221.3000030517578,144973200,TSLA
2022-05-23 00:00:00-04:00,218.33999633789062,226.65333557128906,212.68666076660156,224.96665954589844,88903500,TSLA
2022-05-24 00:00:00-04:00,217.8433380126953,217.97332763671875,206.85667419433594,209.3866729736328,89092500,TSLA
2022-05-25 00:00:00-04:00,207.9499969482422,223.10667419433594,207.6699981689453,219.60000610351562,92139300,TSLA
2022-05-26 00:00:00-04:00,220.47332763671875,239.55667114257812,217.8866729736328,235.91000366210938,106003200,TSLA
2022-05-27 00:00:00-04:00,241.0833282470703,253.26666259765625,240.17666625976562,253.2100067138672,89295000,TSLA
2022-05-31 00:00:00-04:00,257.9466552734375,259.6000061035156,244.7433319091797,252.75332641601562,101914500,TSLA
2022-06-01 00:00:00-04:00,251.72000122070312,257.32666015625,243.63999938964844,246.7899932861328,77247900,TSLA
2022-06-02 00:00:00-04:00,244.1566619873047,264.2099914550781,242.06666564941406,258.3333435058594,93473100,TSLA
2022-06-03 00:00:00-04:00,243.22666931152344,247.79666137695312,233.4166717529297,234.51666259765625,112393800,TSLA
2022-06-06 00:00:00-04:00,244.35333251953125,244.86666870117188,234.35000610351562,238.27999877929688,84204600,TSLA
2022-06-07 00:00:00-04:00,234.0,239.99667358398438,230.0933380126953,238.8866729736328,72808500,TSLA
2022-06-08 00:00:00-04:00,240.086669921875,249.9633331298828,239.17666625976562,241.86666870117188,76210500,TSLA
2022-06-09 00:00:00-04:00,249.33999633789062,255.54666137695312,239.32666015625,239.7066650390625,96491400,TSLA
2022-06-10 00:00:00-04:00,235.1566619873047,239.5,227.913330078125,232.22999572753906,97536600,TSLA
2022-06-13 00:00:00-04:00,223.1666717529297,226.63333129882812,214.68333435058594,215.73666381835938,102767400,TSLA
2022-06-14 00:00:00-04:00,218.2866668701172,226.3300018310547,211.73666381835938,220.88999938964844,97988700,TSLA
2022-06-15 00:00:00-04:00,220.9166717529297,235.663330078125,218.14999389648438,233.0,119131800,TSLA
2022-06-16 00:00:00-04:00,222.73666381835938,225.1666717529297,208.69332885742188,213.10000610351562,107390700,TSLA
2022-06-17 00:00:00-04:00,213.43333435058594,220.97000122070312,213.19667053222656,216.75999450683594,92641800,TSLA
2022-06-21 00:00:00-04:00,224.60333251953125,243.57666015625,224.3333282470703,237.0366668701172,122793000,TSLA
2022-06-22 00:00:00-04:00,234.50332641601562,246.8333282470703,233.82666015625,236.086669921875,101107500,TSLA
2022-06-23 00:00:00-04:00,237.9066619873047,239.31666564941406,228.6366729736328,235.07000732421875,104202600,TSLA
2022-06-24 00:00:00-04:00,237.47000122070312,246.06666564941406,236.086669921875,245.7066650390625,95770800,TSLA
2022-06-27 00:00:00-04:00,249.36666870117188,252.07000732421875,242.56666564941406,244.9199981689453,89178300,TSLA
2022-06-28 00:00:00-04:00,244.48333740234375,249.97000122070312,232.3433380126953,232.663330078125,90391200,TSLA
2022-06-29 00:00:00-04:00,230.5,231.17333984375,222.27333068847656,228.49000549316406,82897200,TSLA
2022-06-30 00:00:00-04:00,224.50999450683594,229.4566650390625,218.8633270263672,224.47332763671875,94600500,TSLA
2022-07-01 00:00:00-04:00,227.0,230.22999572753906,222.1199951171875,227.26333618164062,74460300,TSLA
2022-07-05 00:00:00-04:00,223.0,233.14666748046875,216.1666717529297,233.06666564941406,84581100,TSLA
2022-07-06 00:00:00-04:00,230.77999877929688,234.56333923339844,227.18666076660156,231.73333740234375,71853600,TSLA
2022-07-07 00:00:00-04:00,233.9199981689453,245.3633270263672,232.2100067138672,244.5433349609375,81930600,TSLA
2022-07-08 00:00:00-04:00,242.3333282470703,254.97999572753906,241.16000366210938,250.76333618164062,101854200,TSLA
2022-07-11 00:00:00-04:00,252.10333251953125,253.06333923339844,233.6266632080078,234.3433380126953,99241200,TSLA
2022-07-12 00:00:00-04:00,236.84666442871094,239.77333068847656,228.3699951171875,233.07000732421875,87930900,TSLA
2022-07-13 00:00:00-04:00,225.5,242.05999755859375,225.03334045410156,237.0399932861328,97954500,TSLA
2022-07-14 00:00:00-04:00,234.89666748046875,238.65333557128906,229.3333282470703,238.31333923339844,78557400,TSLA
2022-07-15 00:00:00-04:00,240.0,243.6233367919922,236.88999938964844,240.06666564941406,69683100,TSLA
2022-07-18 00:00:00-04:00,244.93666076660156,250.51666259765625,239.60333251953125,240.54666137695312,82537500,TSLA
2022-07-19 00:00:00-04:00,245.0,247.13999938964844,236.97666931152344,245.52999877929688,80890200,TSLA
2022-07-20 00:00:00-04:00,246.78334045410156,250.663330078125,243.48333740234375,247.5,88864200,TSLA
2022-07-21 00:00:00-04:00,255.10667419433594,273.26666259765625,254.86666870117188,271.7066650390625,142032300,TSLA
2022-07-22 00:00:00-04:00,276.2200012207031,280.78668212890625,270.71331787109375,272.24334716796875,103472700,TSLA
2022-07-25 00:00:00-04:00,272.2166748046875,274.14666748046875,267.3999938964844,268.4333190917969,64073400,TSLA
2022-07-26 00:00:00-04:00,266.5133361816406,267.30999755859375,256.2633361816406,258.8599853515625,66820800,TSLA
2022-07-27 00:00:00-04:00,263.80999755859375,275.9266662597656,261.7900085449219,274.82000732421875,88110000,TSLA
2022-07-28 00:00:00-04:00,280.0666809082031,283.29998779296875,272.79998779296875,280.8999938964844,84723000,TSLA
2022-07-29 00:00:00-04:00,280.70001220703125,298.32000732421875,279.1000061035156,297.1499938964844,95313000,TSLA
2022-08-01 00:00:00-04:00,301.27667236328125,311.8766784667969,295.0,297.27667236328125,117042900,TSLA
2022-08-02 00:00:00-04:00,294.0033264160156,307.8333435058594,292.6666564941406,300.586669921875,95577600,TSLA
2022-08-03 00:00:00-04:00,305.0,309.54998779296875,301.1499938964844,307.39666748046875,80091000,TSLA
2022-08-04 00:00:00-04:00,311.0,313.6066589355469,305.0,308.6333312988281,72256200,TSLA
2022-08-05 00:00:00-04:00,302.6700134277344,304.6066589355469,285.5433349609375,288.1700134277344,113172900,TSLA
2022-08-08 00:00:00-04:00,295.0,305.20001220703125,289.086669921875,290.42333984375,98994000,TSLA
2022-08-09 00:00:00-04:00,290.2933349609375,292.39666748046875,279.35333251953125,283.3333435058594,86244600,TSLA
2022-08-10 00:00:00-04:00,297.0666809082031,297.510009765625,283.3699951171875,294.3566589355469,94918800,TSLA
2022-08-11 00:00:00-04:00,296.5133361816406,298.2366638183594,285.8333435058594,286.6300048828125,70155000,TSLA
2022-08-12 00:00:00-04:00,289.4166564941406,300.1600036621094,285.0333251953125,300.0299987792969,79657200,TSLA
2022-08-15 00:00:00-04:00,301.78668212890625,313.1333312988281,301.2300109863281,309.32000732421875,89359200,TSLA
2022-08-16 00:00:00-04:00,311.6666564941406,314.6666564941406,302.8833312988281,306.5633239746094,88136400,TSLA
2022-08-17 00:00:00-04:00,303.39666748046875,309.65667724609375,300.0333251953125,303.9966735839844,68766000,TSLA
2022-08-18 00:00:00-04:00,306.0,306.5,301.85333251953125,302.8699951171875,47500500,TSLA
2022-08-19 00:00:00-04:00,299.0,300.3599853515625,292.5,296.6666564941406,61395300,TSLA
2022-08-22 00:00:00-04:00,291.913330078125,292.3999938964844,286.2966613769531,289.913330078125,55843200,TSLA
2022-08-23 00:00:00-04:00,291.4533386230469,298.82666015625,287.92333984375,296.4533386230469,63984900,TSLA
2022-08-24 00:00:00-04:00,297.5633239746094,303.64666748046875,296.5,297.0966796875,57259800,TSLA
2022-08-25 00:00:00-04:00,302.3599853515625,302.9599914550781,291.6000061035156,296.07000732421875,53230000,TSLA
2022-08-26 00:00:00-04:00,297.42999267578125,302.0,287.4700012207031,288.0899963378906,57163900,TSLA
2022-08-29 00:00:00-04:00,282.8299865722656,287.739990234375,280.70001220703125,284.82000732421875,41864700,TSLA
2022-08-30 00:00:00-04:00,287.8699951171875,288.4800109863281,272.6499938964844,277.70001220703125,50541800,TSLA
2022-08-31 00:00:00-04:00,280.6199951171875,281.25,271.80999755859375,275.6099853515625,52107300,TSLA
2022-09-01 00:00:00-04:00,272.5799865722656,277.5799865722656,266.1499938964844,277.1600036621094,54287000,TSLA
2022-09-02 00:00:00-04:00,281.07000732421875,282.3500061035156,269.0799865722656,270.2099914550781,50890100,TSLA
2022-09-06 00:00:00-04:00,272.67999267578125,275.989990234375,265.739990234375,274.4200134277344,55860000,TSLA
2022-09-07 00:00:00-04:00,273.1000061035156,283.8399963378906,272.2699890136719,283.70001220703125,50028900,TSLA
2022-09-08 00:00:00-04:00,281.29998779296875,289.5,279.760009765625,289.260009765625,53713100,TSLA
2022-09-09 00:00:00-04:00,291.6700134277344,299.8500061035156,291.25,299.67999267578125,54338100,TSLA
2022-09-12 00:00:00-04:00,300.7200012207031,305.489990234375,300.3999938964844,304.4200134277344,48674600,TSLA
2022-09-13 00:00:00-04:00,292.8999938964844,297.3999938964844,290.3999938964844,292.1300048828125,68229600,TSLA
2022-09-14 00:00:00-04:00,292.239990234375,306.0,291.6400146484375,302.6099853515625,72628700,TSLA
2022-09-15 00:00:00-04:00,301.8299865722656,309.1199951171875,300.7200012207031,303.75,64795500,TSLA
2022-09-16 00:00:00-04:00,299.6099853515625,303.7099914550781,295.6000061035156,303.3500061035156,87087800,TSLA
2022-09-19 00:00:00-04:00,300.0899963378906,309.8399963378906,297.79998779296875,309.07000732421875,60231200,TSLA
2022-09-20 00:00:00-04:00,306.9100036621094,313.3299865722656,305.5799865722656,308.7300109863281,61642800,TSLA
2022-09-21 00:00:00-04:00,308.2900085449219,313.79998779296875,300.6300048828125,300.79998779296875,62555700,TSLA
2022-09-22 00:00:00-04:00,299.8599853515625,301.2900085449219,285.82000732421875,288.5899963378906,70545400,TSLA
2022-09-23 00:00:00-04:00,283.0899963378906,284.5,272.82000732421875,275.3299865722656,63748400,TSLA
2022-09-26 00:00:00-04:00,271.8299865722656,284.0899963378906,270.30999755859375,276.010009765625,58076900,TSLA
2022-09-27 00:00:00-04:00,283.8399963378906,288.6700134277344,277.510009765625,282.94000244140625,61925200,TSLA
2022-09-28 00:00:00-04:00,283.0799865722656,289.0,277.57000732421875,287.80999755859375,54664800,TSLA
2022-09-29 00:00:00-04:00,282.760009765625,283.6499938964844,265.7799987792969,268.2099914550781,77620600,TSLA
2022-09-30 00:00:00-04:00,266.1499938964844,275.57000732421875,262.4700012207031,265.25,67726600,TSLA
2022-10-03 00:00:00-04:00,254.5,255.16000366210938,241.00999450683594,242.39999389648438,98363500,TSLA
2022-10-04 00:00:00-04:00,250.52000427246094,257.5,242.00999450683594,249.44000244140625,109578500,TSLA
2022-10-05 00:00:00-04:00,245.00999450683594,246.6699981689453,233.27000427246094,240.80999755859375,86982700,TSLA
2022-10-06 00:00:00-04:00,239.44000244140625,244.5800018310547,235.35000610351562,238.1300048828125,69298400,TSLA
2022-10-07 00:00:00-04:00,233.94000244140625,234.57000732421875,222.02000427246094,223.07000732421875,83916800,TSLA
2022-10-10 00:00:00-04:00,223.92999267578125,226.99000549316406,218.36000061035156,222.9600067138672,67925000,TSLA
2022-10-11 00:00:00-04:00,220.9499969482422,225.75,215.0,216.5,77013200,TSLA
2022-10-12 00:00:00-04:00,215.3300018310547,219.3000030517578,211.50999450683594,217.24000549316406,66860700,TSLA
2022-10-13 00:00:00-04:00,208.3000030517578,222.99000549316406,206.22000122070312,221.72000122070312,91483000,TSLA
2022-10-14 00:00:00-04:00,224.00999450683594,226.25999450683594,204.16000366210938,204.99000549316406,94124500,TSLA
2022-10-17 00:00:00-04:00,210.0399932861328,221.86000061035156,209.4499969482422,219.35000610351562,79428800,TSLA
2022-10-18 00:00:00-04:00,229.5,229.82000732421875,217.25,220.19000244140625,75891900,TSLA
2022-10-19 00:00:00-04:00,219.8000030517578,222.92999267578125,217.77999877929688,222.0399932861328,66571500,TSLA
2022-10-20 00:00:00-04:00,208.27999877929688,215.5500030517578,202.0,207.27999877929688,117798100,TSLA
2022-10-21 00:00:00-04:00,206.4199981689453,214.66000366210938,203.8000030517578,214.44000244140625,75713800,TSLA
2022-10-24 00:00:00-04:00,205.82000732421875,213.5,198.58999633789062,211.25,100446800,TSLA
2022-10-25 00:00:00-04:00,210.10000610351562,224.35000610351562,210.0,222.4199981689453,96507900,TSLA
2022-10-26 00:00:00-04:00,219.39999389648438,230.60000610351562,218.1999969482422,224.63999938964844,85012500,TSLA
2022-10-27 00:00:00-04:00,229.77000427246094,233.80999755859375,222.85000610351562,225.08999633789062,61638800,TSLA
2022-10-28 00:00:00-04:00,225.39999389648438,228.86000061035156,216.35000610351562,228.52000427246094,69152400,TSLA
2022-10-31 00:00:00-04:00,226.19000244140625,229.85000610351562,221.94000244140625,227.5399932861328,61554300,TSLA
2022-11-01 00:00:00-04:00,234.0500030517578,237.39999389648438,227.27999877929688,227.82000732421875,62688800,TSLA
2022-11-02 00:00:00-04:00,226.0399932861328,227.8699951171875,214.82000732421875,214.97999572753906,63070300,TSLA
2022-11-03 00:00:00-04:00,211.36000061035156,221.1999969482422,210.13999938964844,215.30999755859375,56538800,TSLA
2022-11-04 00:00:00-04:00,222.60000610351562,223.8000030517578,203.0800018310547,207.47000122070312,98622200,TSLA
2022-11-07 00:00:00-05:00,208.64999389648438,208.89999389648438,196.66000366210938,197.0800018310547,93916500,TSLA
2022-11-08 00:00:00-05:00,194.02000427246094,195.1999969482422,186.75,191.3000030517578,128803400,TSLA
2022-11-09 00:00:00-05:00,190.77999877929688,195.88999938964844,177.1199951171875,177.58999633789062,127062700,TSLA
2022-11-10 00:00:00-05:00,189.89999389648438,191.0,180.02999877929688,190.72000122070312,132703000,TSLA
2022-11-11 00:00:00-05:00,186.0,196.52000427246094,182.58999633789062,195.97000122070312,114403600,TSLA
2022-11-14 00:00:00-05:00,192.77000427246094,195.72999572753906,186.33999633789062,190.9499969482422,92226600,TSLA
2022-11-15 00:00:00-05:00,195.8800048828125,200.82000732421875,192.05999755859375,194.4199981689453,91293800,TSLA
2022-11-16 00:00:00-05:00,191.50999450683594,192.57000732421875,185.66000366210938,186.9199981689453,66567600,TSLA
2022-11-17 00:00:00-05:00,183.9600067138672,186.16000366210938,180.89999389648438,183.1699981689453,64336000,TSLA
2022-11-18 00:00:00-05:00,185.0500030517578,185.19000244140625,176.5500030517578,180.19000244140625,76048900,TSLA
2022-11-21 00:00:00-05:00,175.85000610351562,176.77000427246094,167.5399932861328,167.8699951171875,92882700,TSLA
2022-11-22 00:00:00-05:00,168.6300048828125,170.9199981689453,166.19000244140625,169.91000366210938,78452300,TSLA
2022-11-23 00:00:00-05:00,173.57000732421875,183.6199951171875,172.5,183.1999969482422,109536700,TSLA
2022-11-25 00:00:00-05:00,185.05999755859375,185.1999969482422,180.6300048828125,182.86000061035156,50672700,TSLA
2022-11-28 00:00:00-05:00,179.9600067138672,188.5,179.0,182.9199981689453,92905200,TSLA
2022-11-29 00:00:00-05:00,184.99000549316406,186.3800048828125,178.75,180.8300018310547,83357100,TSLA
2022-11-30 00:00:00-05:00,182.42999267578125,194.75999450683594,180.6300048828125,194.6999969482422,109186400,TSLA
2022-12-01 00:00:00-05:00,197.0800018310547,198.9199981689453,191.8000030517578,194.6999969482422,80046200,TSLA
2022-12-02 00:00:00-05:00,191.77999877929688,196.25,191.11000061035156,194.86000061035156,73645900,TSLA
2022-12-05 00:00:00-05:00,189.44000244140625,191.27000427246094,180.5500030517578,182.4499969482422,93122700,TSLA
2022-12-06 00:00:00-05:00,181.22000122070312,183.64999389648438,175.3300018310547,179.82000732421875,92150800,TSLA
2022-12-07 00:00:00-05:00,175.02999877929688,179.3800048828125,172.22000122070312,174.0399932861328,84213300,TSLA
2022-12-08 00:00:00-05:00,172.1999969482422,175.1999969482422,169.05999755859375,173.44000244140625,97624500,TSLA
2022-12-09 00:00:00-05:00,173.83999633789062,182.5,173.36000061035156,179.0500030517578,104872300,TSLA
2022-12-12 00:00:00-05:00,176.10000610351562,177.3699951171875,167.52000427246094,167.82000732421875,109794500,TSLA
2022-12-13 00:00:00-05:00,174.8699951171875,175.0500030517578,156.91000366210938,160.9499969482422,175862700,TSLA
2022-12-14 00:00:00-05:00,159.25,161.6199951171875,155.30999755859375,156.8000030517578,140682300,TSLA
2022-12-15 00:00:00-05:00,153.44000244140625,160.92999267578125,153.27999877929688,157.6699981689453,122334500,TSLA
2022-12-16 00:00:00-05:00,159.63999938964844,160.99000549316406,150.0399932861328,150.22999572753906,139032200,TSLA
2022-12-19 00:00:00-05:00,154.0,155.25,145.82000732421875,149.8699951171875,139390600,TSLA
2022-12-20 00:00:00-05:00,146.0500030517578,148.47000122070312,137.66000366210938,137.8000030517578,159563300,TSLA
2022-12-21 00:00:00-05:00,139.33999633789062,141.25999450683594,135.88999938964844,137.57000732421875,145417400,TSLA
2022-12-22 00:00:00-05:00,136.0,136.6300048828125,122.26000213623047,125.3499984741211,210090300,TSLA
2022-12-23 00:00:00-05:00,126.37000274658203,128.6199951171875,121.0199966430664,123.1500015258789,166989700,TSLA
2022-12-27 00:00:00-05:00,117.5,119.66999816894531,108.76000213623047,109.0999984741211,208643400,TSLA
2022-12-28 00:00:00-05:00,110.3499984741211,116.2699966430664,108.23999786376953,112.70999908447266,221070500,TSLA
2022-12-29 00:00:00-05:00,120.38999938964844,123.56999969482422,117.5,121.81999969482422,221923300,TSLA
2022-12-30 00:00:00-05:00,119.94999694824219,124.4800033569336,119.75,123.18000030517578,157777300,TSLA
