Price,Close,High,Low,Open,Volume
Ticker,AAPL,AAPL,AAPL,AAPL,AAPL
2020-05-26,76.97087860107422,78.79593363516429,76.91498194748448,78.61610319118871,125522000
2020-05-27,77.30622100830078,77.4520328550853,76.08627697001077,76.82748410104101,112945200
2020-05-28,77.34024810791016,78.60150836399505,76.7035440312258,76.98057986946539,133560800
2020-05-29,77.2649154663086,78.04499886732665,76.90767976403508,77.5832675133885,153532400
2020-06-01,78.21510314941406,78.33661177403135,77.08749955314255,77.21873094429264,80791200
2020-06-02,78.57721710205078,78.60152031661278,77.50550986167497,77.94780315128399,87642800
2020-06-03,79.00978088378906,79.27224371259338,78.32447033961016,78.89799500589793,104491200
2020-06-04,78.3293228149414,79.13127678381436,77.95507416852828,78.83237030887165,87560400
2020-06-05,80.56021118164062,80.62096548871577,78.55046137346189,78.5796222542504,137250400
2020-06-08,81.03653717041016,81.07056314819836,79.54441498185327,80.25645380649277,95654400
2020-06-09,83.59550476074219,83.98919153470604,80.68416273702039,80.71575616737768,147712400
2020-06-10,85.74623107910156,86.21525273105746,84.10586415417485,84.54572491407342,166651600
2020-06-11,81.62950134277344,85.31364412865861,81.52743824020874,84.88836389660872,201662400
2020-06-12,82.33424377441406,84.52139908925585,81.22122799958797,83.77290920023673,200146000
2020-06-15,83.35249328613281,84.00621035316378,80.82268254803616,80.98550738644816,138808800
2020-06-16,85.56151580810547,85.83370137590062,83.77291228895632,85.41084628969108,165428800
2020-06-17,85.44245147705078,86.3683467952298,85.32094282724987,86.30759247032934,114406400
2020-06-18,85.47644805908203,85.89443796728098,84.86647247366753,85.39868077004574,96820400
2020-06-19,84.98800659179688,86.65024395832843,83.8774158013372,86.18365491665244,264476000
2020-06-22,87.21160125732422,87.35498054805204,85.33550774901583,85.3816816208449,135445200
2020-06-23,89.07312774658203,90.4947803881452,88.03787170937105,88.45829429442931,212155600
2020-06-24,87.50081634521484,89.62236023563854,87.12656759285979,88.70132250891346,192623200
2020-06-25,88.66240692138672,88.70129056885204,86.89567429690982,87.65631942729962,137522400
2020-06-26,85.93819427490234,88.77906661891221,85.78994989080277,88.55792002381165,205256800
2020-06-29,87.91879272460938,88.01357302520984,85.3671112421525,85.84585558837018,130646000
2020-06-30,88.65269470214844,88.9394607092836,87.48621480460635,87.50565292250278,140223200
2020-07-01,88.48500061035156,89.2748066128043,88.43640161382518,88.73045038740587,110737200
2020-07-02,88.48500061035156,90.0305940593183,88.37078963118077,89.39389009933322,114041600
2020-07-06,90.85199737548828,91.3210188724847,89.88478608277487,89.91637951083226,118655600
2020-07-07,90.57011413574219,92.01120488127154,90.45832825923631,91.23112145924068,112424400
2020-07-08,92.67951965332031,92.71111309340714,91.46200043450004,91.54949053137899,117092000
2020-07-09,93.07806396484375,93.6272780523232,92.02822738668674,93.57381394650133,125642800
2020-07-10,93.24088287353516,93.2992120729912,92.05982226682518,92.67222323886368,90257200
2020-07-13,92.81072998046875,97.16317034048585,92.59687358818513,94.54830204332501,191649200
2020-07-14,94.34660339355469,94.53858170931154,91.25542322619387,92.19103384207206,170989200
2020-07-15,94.99545288085938,96.47542722006055,93.79494692925732,96.22511971933456,153198000
2020-07-16,93.82652282714844,94.68437336507236,93.22626996352706,93.86540647447868,110577600
2020-07-17,93.63697052001953,94.43406675668288,93.16308394375518,94.27853958226679,92186800
2020-07-20,95.61029052734375,95.74881216241437,93.37939358732925,93.72448140194915,90318000
2020-07-21,94.29071807861328,96.4778739103337,94.04041054119061,96.40253913610066,103433200
2020-07-22,94.55558776855469,95.23846569726479,93.90430327124304,93.9917859277632,89001600
2020-07-23,90.25176239013672,94.36604333190014,89.44008553110294,94.28827601915101,197004400
2020-07-24,90.02816772460938,90.37325548035092,86.65508713174927,88.44613048133,185438800
2020-07-27,92.161865234375,92.25421298171179,90.86901902055509,91.09259075129832,121214000
2020-07-28,90.64788055419922,91.90914086643643,90.64301546203014,91.7317355771427,103625600
2020-07-29,92.38543701171875,92.57013249165894,91.09501603040513,91.13146713399918,90329200
2020-07-30,93.50333404541016,93.60782969927278,91.1484959328642,91.55676319653618,158130000
2020-07-31,103.29205322265625,103.44272272989053,98.00885320518057,100.0113203728721,374336800
2020-08-03,105.89476776123047,108.51935112132352,104.87895742584206,105.1778638999422,308151200
2020-08-04,106.60196685791016,107.69554467867292,105.36014463163505,106.08433883614123,173071600
2020-08-05,106.98836517333984,107.30914978579867,105.85590367757412,106.32250015172326,121776800
2020-08-06,110.72109985351562,111.2168571833951,106.73076025201287,107.32129046502143,202428800
2020-08-07,108.2037582397461,110.69917615288762,107.40522480472758,110.24147880055945,198045600
2020-08-10,109.77649688720703,110.79657580812425,107.12039705946748,109.65233223130258,212403600
2020-08-11,106.51174926757812,109.53789844079104,106.25125017767719,109.03881778751953,187902400
2020-08-12,110.05159759521484,110.30965976352992,107.41010462326905,107.60486600059996,165598000
2020-08-13,111.99925231933594,113.00472456165949,110.94508601296111,111.43443386689364,210082000
2020-08-14,111.89942169189453,111.98949901322317,110.08567574687753,111.82395110215055,165565200
2020-08-17,111.60726928710938,113.04852867975069,110.97915755635789,113.02418165118854,119561600
2020-08-18,112.53726196289062,112.96330892543267,111.02296903312585,111.35893868376326,105633600
2020-08-19,112.67847442626953,114.09538682492261,112.58353067113143,112.9462768876478,145538000
2020-08-20,115.17876434326172,115.2931886914799,112.7028193742301,112.71986303729176,126907200
2020-08-21,121.11421203613281,121.59868597251888,116.1282420708619,116.14041187069935,338054800
2020-08-24,122.5627670288086,125.41363550271217,120.69303108379322,125.32841718543504,345937600
2020-08-25,121.55728912353516,121.90299909151933,119.83119107466611,121.43313191060219,211495600
2020-08-26,123.21036529541016,123.66806272085745,121.80805955440918,122.87683252443458,163022400
2020-08-27,121.73744201660156,124.1476490247268,120.5907617170358,123.81411631076067,155552400
2020-08-28,121.54026794433594,123.13246125062976,121.31628565950032,122.71371757611423,187630000
2020-08-31,125.66197967529297,127.57067726252296,122.7015674433427,124.24020792932492,225702700
2020-09-01,130.6674041748047,131.27118380524524,127.11296048915095,129.28457897882038,151948100
2020-09-02,127.9601821899414,134.36793159802133,123.67537209267218,133.9881416796695,200119000
2020-09-03,117.7155532836914,125.46717239071351,117.34550374738473,123.58770382002211,257599600
2020-09-04,117.79348754882812,120.4617572800833,107.98710202760628,116.92678671535833,332607200
2020-09-08,109.86654663085938,115.8750237924831,109.73021220865846,110.96696230424361,231366600
2020-09-09,114.24876403808594,116.02111927354656,112.24269366983658,114.19033711230628,176940500
2020-09-10,110.51901245117188,117.34550401835627,109.55493113746954,117.20916958731428,182274400
2020-09-11,109.06803131103516,112.21347869736357,107.12038789476668,111.57075280375336,180860300
2020-09-14,112.34005737304688,112.89513537305015,109.84707652105583,111.71681216004912,140150100
2020-09-15,112.51534271240234,115.71921650157876,110.63586682482071,115.23230572686505,184642000
2020-09-16,109.19461822509766,112.96331066061114,109.1069778434127,112.21347126407375,154679000
2020-09-17,107.45147705078125,109.26278591004208,105.86415043956644,106.84771238414066,178011000
2020-09-18,104.04309844970703,107.97733869117779,103.31273223375831,107.50990847358545,287104900
2020-09-21,107.19830322265625,107.3054242127271,100.4010239357237,101.80332967507266,195713800
2020-09-22,108.88301086425781,109.9055267053134,106.30238909052137,109.73023848769446,183055400
2020-09-23,104.31578063964844,109.17514872406446,103.97493710920857,108.69797818298632,150718700
2020-09-24,105.38700103759766,107.36385819012885,102.25129351440843,102.41684144459643,167743300
2020-09-25,109.34069061279297,109.49650563867307,104.851372337576,105.59147885116779,149981400
2020-09-28,111.9505386352539,112.30111503190352,109.82760709095112,111.99923269077127,137672400
2020-09-29,111.10333251953125,112.2913963783167,110.59694842102935,111.55129711355788,99382200
2020-09-30,112.77828216552734,114.19032800652033,110.64561781826201,110.81116571454996,142675200
2020-10-01,113.73262023925781,114.6382745821108,112.79775243851745,114.56036707463188,116120400
2020-10-02,110.06130981445312,112.34979643192956,109.28225702161913,109.93471568590569,144712000
2020-10-05,113.4502182006836,113.59629292893594,110.57744740695462,110.9280237828925,106243800
2020-10-06,110.19767761230469,113.0801892267211,109.31149621483338,112.6711784272963,161498200
2020-10-07,112.06739807128906,112.52509543882869,111.14226303933226,111.61944100062698,96849000
2020-10-08,111.96027374267578,113.35283896768823,111.59021676910432,113.20676423757683,83477200
2020-10-09,113.90792083740234,113.93713429847533,111.9115834611595,112.26215985337453,100506900
2020-10-12,121.14342498779297,121.90300475026318,116.1574550435818,116.91703480605202,240226800
2020-10-13,117.92982482910156,122.10752146708244,116.51778611511698,121.99066017012335,262330500
2020-10-14,118.0174789428711,119.80930768028661,116.48857885052384,117.83245040358545,150712000
2020-10-15,117.55001068115234,118.02718121016164,115.05702963037932,115.61210767464269,112559200
2020-10-16,115.90425872802734,118.36803393931339,115.69975705683035,118.10509791229572,115393800
2020-10-19,112.94384002685547,117.26760316923634,112.63221739110126,116.81964609469402,120639300
2020-10-20,114.43379211425781,115.8653112278617,112.60300253020057,113.15808061203983,124423700
2020-10-21,113.81053924560547,115.60236752064498,113.40152850485114,113.6157704572297,89946000
2020-10-22,112.7198715209961,114.94992429837153,111.59023468508376,114.3753655822656,101988000
2020-10-23,112.02847290039062,113.4989460580051,111.28836617190187,113.34313098688261,82572600
2020-10-26,112.03820037841797,113.49893306950727,109.92500143875907,111.02542482103557,111850700
2020-10-27,113.547607421875,114.20980646740922,111.54153712055215,112.46666475299311,92276800
2020-10-28,108.28897094726562,112.4082400407623,108.19159026240904,112.03819046643926,143937800
2020-10-29,112.3011245727539,113.86897819384106,109.26279802021777,109.42835336524011,146129200
2020-10-30,106.01024627685547,109.0583059665517,104.90008997174331,108.15265135662641,190272600
2020-11-02,105.922607421875,107.78261086326383,104.51056860371104,106.25371073951881,122866900
2020-11-03,107.54887390136719,108.57138225685797,105.88363963985061,106.78929414309684,107624400
2020-11-04,111.94081115722656,112.56405650493748,109.40887600344215,111.15201788927038,138235500
2020-11-05,115.91400909423828,116.4885678267502,113.81055784373574,114.8622797541516,126387100
2020-11-06,115.78233337402344,116.2798340294687,113.28504322305884,115.42139495905278,114457900
2020-11-09,113.47036743164062,119.00146077117734,113.20698522415755,117.54796519416685,154515300
2020-11-10,113.12894439697266,114.7092525422394,111.33401722344382,112.71923542912484,138023400
2020-11-11,116.56271362304688,116.69928328623824,113.58743745496243,114.31906384026838,112295000
2020-11-12,116.28955078125,117.57721266130524,115.66523032076788,116.68951003006755,103162300
2020-11-13,116.33834075927734,116.7382926065819,114.98239392252158,116.51393137193214,81581900
2020-11-16,117.35289001464844,118.02598131332323,115.25555928981679,116.00669253232006,91183000
2020-11-17,116.46514129638672,117.7137822164983,116.04567528955357,116.62122513264414,74271000
2020-11-18,115.13847351074219,116.88462258409794,115.10920964823985,115.70426632741369,76322100
2020-11-19,115.73353576660156,116.14324474635212,113.94836564306064,114.7092558747369,74113000
2020-11-20,114.46539306640625,115.86036112610928,114.41662243532618,115.73354855431413,73604300
2020-11-23,111.06087493896484,114.7385207767759,110.96332625053886,114.30929761671617,127959300
2020-11-24,112.34854125976562,113.01188278583413,109.83174481299207,111.11941434226163,113874200
2020-11-25,113.18748474121094,113.88984730295674,112.34855250829112,112.71924799503968,76499200
2020-11-27,113.7337417602539,114.61169479519093,113.37281088768742,113.71423500058307,46691300
2020-11-30,116.13349914550781,118.00646092624498,113.94836962549256,114.1044534951316,169410200
2020-12-01,119.7136001586914,120.4452266191373,117.06999077471228,118.04549272197347,127728200
2020-12-02,120.06475830078125,120.34765470402952,117.92840706667509,119.03072137520432,89004200
2020-12-03,119.92818450927734,120.7476023862672,119.21606497499924,120.49396985375188,78967600
2020-12-04,119.25508117675781,119.85013780093243,118.5429616709057,119.59650527854147,78260400
2020-12-07,120.71835327148438,121.51826448637165,119.25510050455729,119.31362823363807,86712000
2020-12-08,121.33290100097656,121.9182079857445,120.07450289170544,121.3231513423879,82225500
2020-12-09,118.7966079711914,122.86444868955574,118.03571775825858,121.47923792024274,115089200
2020-12-10,120.22083282470703,120.83540368650691,117.20653600869163,117.54796013053175,81312200
2020-12-11,119.41118621826172,119.75261038065898,117.5967521638208,119.43069298076075,86939800
2020-12-14,118.7966079711914,120.32814549895028,118.56248962317086,119.596519149209,79184500
2020-12-15,124.74718475341797,124.76669895990952,121.08905249761035,121.29390701083688,157243700
2020-12-16,124.67888641357422,125.22516505635238,123.45950912702416,124.28869163586886,98208600
2020-12-17,125.54707336425781,126.40551967508249,124.9032386311393,125.74217073899736,94359800
2020-12-18,123.55706024169922,125.93728698989182,123.03028838222276,125.80071733474844,192541500
2020-12-21,125.08858489990234,125.16662682589052,120.42568773818081,121.95722518388207,121251600
2020-12-22,128.649169921875,131.11718805054522,126.47379039741485,128.38578029311114,168904800
2020-12-23,127.75173950195312,129.18571364711548,127.57614141408989,128.92233884278792,88223700
2020-12-24,128.73699951171875,130.19050284332158,127.8883175389933,128.1029291687596,54930100
2020-12-28,133.3413848876953,133.97545530087663,130.2392804588712,130.70753218566256,124486200
2020-12-29,131.5659637451172,135.3899301990958,131.04894882181017,134.66806816994003,121047300
2020-12-30,130.44407653808594,132.65846936156456,130.13190887795975,132.25851012889285,96452100
2020-12-31,129.4393310546875,131.43911264182535,128.49309315567558,130.79527790714135,99116600
2021-01-04,126.23968505859375,130.33678943220556,123.65460393221329,130.24899784708666,143301900
2021-01-05,127.80049133300781,128.5126183969194,125.28369478714089,125.732432185154,97664900
2021-01-06,123.49854278564453,127.83953083739338,123.28393117035725,124.59110762597568,155088000
2021-01-07,127.71270751953125,128.4053204209461,124.72767407409188,125.21542502622191,109578200
2021-01-08,128.81503295898438,129.38082586513295,127.03961229986527,129.1857135709603,105158200
2021-01-11,125.82022094726562,126.98107049808904,125.35198424007667,126.0250828794601,100384500
2021-01-12,125.64463806152344,126.51283409054386,123.75216213905773,125.35198453697099,91951100
2021-01-13,127.68345642089844,128.2297351603127,125.3422575705574,125.60563239385975,88636800
2021-01-14,125.75196075439453,127.79075627059156,125.60562652996778,127.59565885633445,90221800
2021-01-15,124.02530670166016,127.02985423644121,123.88873703575999,125.6251291671953,111598500
2021-01-19,124.69839477539062,125.55684110809314,123.8301987834441,124.64961670921872,90757300
2021-01-20,128.79551696777344,129.24425439918255,125.40077446290326,125.50808026921992,104319500
2021-01-21,133.51695251464844,136.24836106173234,130.31730718048644,130.52216914763383,120150900
2021-01-22,135.66302490234375,136.42391501700993,131.71224014697756,132.94136689721347,114459400
2021-01-25,139.4187469482422,141.53558454599184,133.1950392958399,139.56508118226773,157611700
2021-01-26,139.65283203125,140.76490341435823,137.90667558906043,140.0820551764804,98390600
2021-01-27,138.5797576904297,140.76488667679246,136.97018597217604,139.91619014600965,140843800
2021-01-28,133.73153686523438,138.51150456888308,133.35109176240107,136.1020139559467,142621100
2021-01-29,128.7272186279297,133.39011584373532,127.0200905501982,132.50240567092084,177523800
2021-02-01,130.85382080078125,132.06344848329783,127.72245323542478,130.47337566526852,106239800
2021-02-02,131.68299865722656,132.97065334502736,131.31230319506753,132.4048604919866,83305400
2021-02-03,130.6587371826172,132.44390758674706,130.33681974400568,132.43414304059044,89880900
2021-02-04,134.0242156982422,134.03396535939603,131.2928071922982,132.96092211829657,84183100
2021-02-05,133.60897827148438,134.2537751308866,132.72972066845895,134.1853957164029,75693800
2021-02-08,133.75552368164062,133.80437463624327,131.81136898331476,132.89579458373277,71297200
2021-02-09,132.87623596191406,134.70316008517767,132.71993379523988,133.47218176230825,76774200
2021-02-10,132.27056884765625,133.83371027926714,131.3033734097846,133.33545130799016,73046600
2021-02-11,132.0165557861328,133.2475195180307,130.68789013114852,132.76880394646017,64280000
2021-02-12,132.25103759765625,132.40735473658407,130.6097523605829,131.25454937824293,60145100
2021-02-16,130.1212158203125,132.87623338492867,129.73042314316442,132.36822526546072,80576300
2021-02-17,127.82537078857422,129.17357959912786,126.48694111313472,128.2259277405819,97918500
2021-02-18,126.72144317626953,127.00475491652134,124.47443299245604,126.22318421251387,96856700
2021-02-19,126.87773895263672,127.69839634917041,125.83239992851125,127.2392241428884,87668800
2021-02-22,123.0969009399414,126.73119158884104,122.70611563671171,125.06058423119387,103916400
2021-02-23,122.96012115478516,123.79053522480318,115.6622326225289,120.9085077307379,158273000
2021-02-24,122.4618911743164,122.66705180728367,119.41378182324772,122.06134159193573,111039900
2021-02-25,118.20233917236328,123.5463093432761,117.76271033657684,121.80732245880864,148199500
2021-02-26,118.46612548828125,121.97340694279767,118.40750284268555,119.76547611682196,164560400
2021-03-01,124.84565734863281,124.98243108447949,119.96085977236707,120.89874001257695,116307900
2021-03-02,122.23717498779297,125.75422768741775,122.12970884679918,125.45137262840403,102260900
2021-03-03,119.2476806640625,122.81358452353464,119.03274836980684,121.93431943503865,112966300
2021-03-04,117.3621597290039,120.75221089719713,115.88695602840484,118.94483704068907,178155000
2021-03-05,118.62242126464844,119.13044438108311,114.86112866250235,118.19256415106085,153766600
2021-03-08,113.67902374267578,118.21211585349621,113.53247830668076,118.14372897717995,154376600
2021-03-09,118.3000259399414,119.24767787685906,116.05302349253789,116.28749169278657,129525800
2021-03-10,117.21562194824219,119.35515851076174,116.69782707332043,118.88622205333715,111943300
2021-03-11,119.14997100830078,120.37117029395523,118.46610238977786,119.71660926571059,103026500
2021-03-12,118.24141693115234,118.37819067624436,116.41450728444738,117.62593507823823,88105100
2021-03-15,121.13319396972656,121.14296565074109,117.64544920841006,118.61264438141345,92403800
2021-03-16,122.67680358886719,124.28878824765125,121.8463895081631,122.80380564002117,115227900
2021-03-17,121.88548278808594,122.96013686622555,119.52123487184643,121.19184236079936,111932600
2021-03-18,117.75293731689453,120.34188170191756,117.54777669894918,120.04879084564699,121229700
2021-03-19,117.2253646850586,118.63218870661474,116.9225096345994,117.13744191051595,185549500
2021-03-22,120.54702758789062,121.0159714098922,117.48914715086833,117.55753401515928,111912300
2021-03-23,119.71661376953125,121.37744187905922,119.32582849269843,120.48841264153353,95467100
2021-03-24,117.32306671142578,120.06832806693622,117.30353080035886,119.99016951544908,88530500
2021-03-25,117.8115463256836,118.85690017985242,116.25818424833348,116.7857432897759,98844700
2021-03-26,118.41726684570312,118.68105009974973,116.18002856883523,117.57708103155676,94071200
2021-03-29,118.59310913085938,119.755693282019,117.94831975836384,118.84712067934997,80819200
2021-03-30,117.13744354248047,117.62592328414752,116.12140478537988,117.3426041395475,85671900
2021-03-31,119.33560180664062,120.67403152206795,118.35864232800027,118.84712206732044,118323800
2021-04-01,120.166015625,121.31882810556307,119.66776420491013,120.81081245730563,75089100
2021-04-05,122.99920654296875,123.25321810824464,120.23440927913929,121.01597988601445,88651200
2021-04-06,123.30207824707031,124.20087934870516,122.75498322061618,123.58539744394426,80171300
2021-04-07,124.95313262939453,124.97266854154003,122.25672208309726,122.93082658307411,83466700
2021-04-08,127.35640716552734,127.38571475016,125.55880574105429,125.9788910589324,88844600
2021-04-09,129.9356231689453,129.97469499267643,126.48695706989602,126.80935551775305,106686700
2021-04-12,128.21615600585938,129.7890612236751,127.62021018029645,129.4666628353656,91420000
2021-04-13,131.3326416015625,131.5573529909673,128.89024316451298,129.38850198628998,91266500
2021-04-14,128.98797607421875,131.88954730756276,128.62650578894565,131.83093211613695,87222800
2021-04-15,131.40103149414062,131.88951116512257,130.56084586376303,130.73670629706913,89347100
2021-04-16,131.06893920898438,131.5671833740766,130.20920975653553,131.20571299394445,84922400
2021-04-19,131.7332305908203,132.34871991709494,130.26779117185836,130.4338725171409,94264200
2021-04-20,130.04307556152344,132.40731568848526,128.7730252699242,131.90907172571517,94812300
2021-04-21,130.424072265625,130.6683121013284,128.27476469287822,129.31033921110608,68847100
2021-04-22,128.90003967285156,131.05911183417535,128.38225232698375,129.97468618567086,84566500
2021-04-23,131.22518920898438,132.0067447760847,129.1149534004929,129.1149534004929,78657500
2021-04-26,131.61598205566406,131.9481447004186,130.48270548356416,131.72344819452212,66905100
2021-04-27,131.29356384277344,132.29006653400396,131.0200164227833,131.89927385743493,66015800
2021-04-28,130.50225830078125,131.9090824360274,130.0137785264441,131.215434597292,107760100
2021-04-29,130.404541015625,133.91183671153877,129.39827399165063,133.32565508852434,151101000
2021-04-30,128.43109130859375,130.4826971366181,128.0500777328737,128.74371056977085,109839500
2021-05-03,129.48623657226562,130.98099867978124,128.79260350923943,128.99775670531434,75135100
2021-05-04,124.9042739868164,128.4604135210105,123.78076904048892,128.1673226815826,137564700
2021-05-05,125.14851379394531,127.44435959905208,125.02150429281544,126.22316026424471,84000900
2021-05-06,126.75072479248047,126.76048902041141,124.20085257038014,124.94334384163355,78128300
2021-05-07,127.42597198486328,128.45350987129697,126.71156944514985,128.05228747592136,78973300
2021-05-10,124.13780975341797,126.77028959754912,124.0986641002731,126.64307929080063,88071200
2021-05-11,123.21794128417969,123.57023731070763,120.1450702711453,120.8594655388421,126142800
2021-05-12,120.14505004882812,121.97507024694492,119.63617145947643,120.7615847905906,112172300
2021-05-13,122.29801177978516,123.45278244324763,121.6031932189441,121.91635098532697,105861300
2021-05-14,124.7249984741211,125.15559325754263,123.15920944295783,123.5506585673164,81918000
2021-05-17,123.5702133178711,124.21610541801878,122.49373395056179,124.10845673466083,74244600
2021-05-18,122.18054962158203,124.27479315232019,122.11204660763335,123.85398679055868,63342900
2021-05-19,122.02400970458984,122.2490879012354,120.233135080965,120.5267237775913,92612000
2021-05-20,124.58798217773438,124.98921955050378,122.42523508929487,122.55246033737806,76857100
2021-05-21,122.7481918334961,125.26324257721592,122.53289444071314,125.08709084369087,79295400
2021-05-24,124.3824691772461,125.20451299175396,123.24727505830785,123.31577808732766,63092900
2021-05-25,124.18675994873047,125.57640468540349,123.61915910320705,125.08708769015121,72009500
2021-05-26,124.13780975341797,124.66626487146893,123.71700331494795,124.2454584329989,56575900
2021-05-27,122.60138702392578,124.91092845931593,122.40566621059594,123.73658864679605,94625600
2021-05-28,121.9457015991211,123.11026047811285,121.88698685438862,122.88517484618893,71311100
2021-06-01,121.62276458740234,122.66988658829085,121.29003772089115,122.40566275113609,67637100
2021-06-02,122.38609313964844,122.56224486317687,121.3976932979945,121.62277149311544,59278900
2021-06-03,120.89859008789062,122.1805785667547,120.49735272094428,122.01421513150538,76229200
2021-06-04,123.19834899902344,123.46258031804118,121.20196528333545,121.41726266438081,75169300
2021-06-07,123.20812225341797,123.61914040368376,122.16100031844385,123.47234607394033,71057600
2021-06-08,124.03016662597656,125.71339992147556,123.51149976456149,123.89316056697146,74403800
2021-06-09,124.41181945800781,125.01856587063828,123.81486132504213,124.49011076278654,56877900
2021-06-10,123.41365051269531,125.44917995366876,123.24728706405148,124.30418997670186,71186400
2021-06-11,124.62713623046875,124.71521582863545,123.40386240122137,123.82466889713331,53522400
2021-06-14,127.69021606445312,127.74893082128202,124.35312881388705,125.08709313933291,96906500
2021-06-15,126.86817169189453,127.80765254019511,126.6235169320033,127.1617603902723,62746300
2021-06-16,127.36724090576172,128.09142425066744,125.7133875464811,127.58253825336777,91815000
2021-06-17,128.97219848632812,129.71595852379107,126.87795430920667,127.02475612675201,96721700
2021-06-18,127.6706314086914,128.69816933296693,127.45533405078574,127.91528613971695,108953300
2021-06-21,129.4712677001953,129.57891636339633,126.4473392510089,127.51403013838598,79663300
2021-06-22,131.11534118652344,131.2132090384515,128.8058002468752,129.3049053861556,74783600
2021-06-23,130.8413543701172,131.4481082905956,130.38140225586088,130.90986486619562,60214200
2021-06-24,130.5575408935547,131.76123786596312,130.0877931066075,131.57529790019714,68711000
2021-06-25,130.26400756835938,131.02732938057292,129.97041880999774,130.6065302752054,70783700
2021-06-28,131.89828491210938,132.35823709699443,130.49886672631996,130.55758148480862,62111300
2021-06-29,133.4151153564453,133.57169796299607,131.47745413113225,131.9178296460844,64556100
2021-06-30,134.03163146972656,134.47200692367426,132.96492567634033,133.25851428981784,63261400
2021-07-01,134.3350372314453,134.3937519835152,132.85731295249462,133.67936427909643,52485800
2021-07-02,136.96751403808594,137.00665222554704,134.8047596004936,134.95154646914781,78852600
2021-07-06,138.9834747314453,140.08930404867277,137.07517066561473,137.07517066561473,108181800
2021-07-07,141.47897338867188,141.79212374224406,139.60980728509813,140.4709819568287,104911600
2021-07-08,140.17738342285156,140.97984319492215,137.66232556002745,138.55287238610808,105575500
2021-07-09,142.00741577148438,142.5358635061349,139.60000625630684,139.6978741376513,99890800
2021-07-12,141.41041564941406,143.1915090210594,140.92110625270328,143.08386035648152,76299700
2021-07-13,142.5260772705078,144.30717110195238,140.55905836364727,140.95050000905363,100827100
2021-07-14,145.9610137939453,146.37204690308326,144.52244270958388,144.93347581872183,127050800
2021-07-15,145.30532836914062,146.79283326062594,143.9450487115604,146.04908828115288,106820300
2021-07-16,143.26002502441406,146.55796605066817,142.76093474422927,145.28577338362382,93251400
2021-07-19,139.40426635742188,140.98963920959875,138.64094477148268,140.67647397816722,121434600
2021-07-20,143.02516174316406,143.95486174482718,139.90337965759247,140.3926891605558,96350000
2021-07-21,142.29116821289062,143.0055706916612,141.53764248479146,142.41839343589814,74993500
2021-07-22,143.6612548828125,145.03131534477524,142.69241681379228,142.81964204688137,77338200
2021-07-23,145.3836212158203,145.540203823437,143.77868681909763,144.39522150375126,71447400
2021-07-26,145.80447387695312,146.62651038671302,144.54204679960304,145.09986688786083,72434100
2021-07-27,143.63192749023438,146.0197604502271,142.438011010238,145.93167338372012,104818600
2021-07-28,141.88018798828125,143.8276453050716,139.49235507835914,141.7138245389889,118931200
2021-07-29,142.5260772705078,143.41662418623008,141.48874347089355,141.59639216326153,56699500
2021-07-30,142.74136352539062,143.2013156357775,141.02878032832388,141.29301163126834,70440600
2021-08-02,142.40863037109375,143.8080482684257,142.14439907981702,143.23066668557712,62880000
2021-08-03,144.20932006835938,144.87477392978525,142.07592253384598,142.6924573832884,64786600
2021-08-04,143.8080596923828,144.63009607216787,143.15238675142038,144.12122494137196,56368300
2021-08-05,143.9156951904297,144.67901674920688,143.044724953746,143.83740388535773,46397700
2021-08-06,143.22967529296875,144.18035929772682,142.72983713831988,143.4354998007159,54126800
2021-08-09,143.1806640625,143.77851671947906,142.62202319396428,143.2884740483459,48908700
2021-08-10,142.70042419433594,144.768404754264,142.40639561637695,143.52369224868931,69023100
2021-08-11,142.9552001953125,143.79807390233603,142.6317703473361,143.14141874004835,48493500
2021-08-12,145.92483520507812,146.08165237292843,142.9355733706551,143.27860905596413,72282600
2021-08-13,146.13067626953125,146.46390157302739,145.31720394282482,146.00326043676097,59375000
2021-08-16,148.1104736328125,148.17908677655805,143.55308334263998,145.58185197110114,103296000
2021-08-17,147.198974609375,148.65929174841725,146.1208750829786,147.2381714308299,92229700
2021-08-18,143.4452667236328,147.71843868222086,143.23944225684676,146.81676211636082,86326000
2021-08-19,143.77850341796875,145.05261723602476,141.6223188554431,142.1417628423952,86960300
2021-08-20,145.23883056640625,145.54265459061057,143.85690682252826,144.50376665433245,60549600
2021-08-23,146.72854614257812,147.19898280077066,144.94478409144247,145.3564180367249,60131800
2021-08-24,146.64036560058594,147.85567682100066,146.1797242886901,146.4737528853132,48606400
2021-08-25,145.40542602539062,147.32639940143548,144.85658076220975,146.8265464293222,58991300
2021-08-26,144.60174560546875,146.1502818209155,144.5723442495669,145.3956270795529,48597200
2021-08-27,145.6406707763672,145.7876775785145,143.90591573646046,144.54296515231704,55802400
2021-08-30,150.07066345214844,150.43330519965164,145.65048392374376,146.0327166106354,90956700
2021-08-31,148.80636596679688,149.75704998771127,148.27711148354751,149.61983863185333,86453100
2021-09-01,149.47279357910156,151.89360530226858,149.30618088399424,149.78642803218395,80313700
2021-09-02,150.59010314941406,151.63880161817733,149.36499650174582,150.80572311579687,71115500
2021-09-03,151.22715759277344,151.55058752098978,150.0412478559802,150.69790318117794,57808700
2021-09-07,153.5695037841797,154.1281443948446,151.31530554653125,151.88375657723626,82278300
2021-09-08,152.02101135253906,153.91256855272437,150.91351032460727,153.85376583529663,74420200
2021-09-09,151.00172424316406,153.00109134257815,150.88410385737802,152.39344334318108,57305700
2021-09-10,146.0032958984375,152.38364527408532,145.73866870260662,151.913208557541,140893200
2021-09-13,146.5717315673828,148.4044859422113,145.78766048638957,147.63022528348688,102404300
2021-09-14,145.1702117919922,148.06147503126564,143.98431710126377,147.35581250665328,109296300
2021-09-15,146.0620880126953,146.46392651146115,143.45505793692854,145.60144679799546,83281300
2021-09-16,145.82687377929688,146.00329689602742,144.28814775543293,145.48385292412618,68034100
2021-09-17,143.15122985839844,145.85627435363685,142.85720133218834,145.85627435363685,129868800
2021-09-20,140.09336853027344,141.95552426414204,138.4566281851567,140.93624232616293,123478900
2021-09-21,140.57363891601562,141.72035197127602,139.93658940079635,141.06368160615847,75834000
2021-09-22,142.9454345703125,143.5138708346114,140.83824238540038,141.5733062965506,76404300
2021-09-23,143.90586853027344,144.1508897567525,142.73956509944767,143.72944547065592,64838200
2021-09-24,143.99407958984375,144.53312930531135,142.66116345473728,142.75917793206216,53477900
2021-09-27,142.47496032714844,143.05322187803952,140.95584044871157,142.572974815072,74150700
2021-09-28,139.08389282226562,141.86733117108918,138.8682728841963,140.39720338693283,108972300
2021-09-29,139.98558044433594,141.57331379089658,139.20150923995394,139.63274915010976,74602000
2021-09-30,138.6820526123047,141.50470270899655,138.46643267686778,140.79904018482358,89056700
2021-10-01,139.80914306640625,140.07377024882607,136.3396481559879,139.07407919128337,94639600
2021-10-04,136.36907958984375,139.37794889395659,135.51641009222305,138.93689850768203,98322000
2021-10-05,138.29983520507812,139.40733636302537,136.58468595582545,136.7121018284855,80861100
2021-10-06,139.172119140625,139.31912596056787,135.61440454885152,136.69250441148458,83221100
2021-10-07,140.4364013671875,141.3478883774017,139.87776058117706,140.2109859591421,61732700
2021-10-08,140.0541534423828,141.3086611617573,139.7209281008109,141.16165438015548,58773200
2021-10-11,139.96595764160156,141.9261279382809,138.9858724932619,139.43671824165966,64452200
2021-10-12,138.69183349609375,140.3971869093365,138.2311923147278,140.37758102047312,73035900
2021-10-13,138.10379028320312,138.5840223945528,136.42783823964862,138.42722014967543,78762700
2021-10-14,140.8970489501953,141.0146693485301,138.69185715657107,139.27991428350313,69907100
2021-10-15,141.95550537109375,142.0143080772975,140.65199054890746,140.90682221567036,67940300
2021-10-18,143.6315155029297,143.91573368311097,140.30902666123893,140.59324484142022,85589200
2021-10-19,145.79745483398438,146.1992933162076,143.63147512671546,144.08230590025846,76378900
2021-10-20,146.28749084472656,146.76773790846218,145.17019447320249,145.73864560326368,58418800
2021-10-21,146.5030975341797,146.65991471899258,144.9251601299109,145.8464423970493,61421000
2021-10-22,145.72886657714844,147.18918391188018,145.6798593275794,146.7089517488773,58883400
2021-10-25,145.6798553466797,146.3953133151153,144.68016431145858,145.71905217231605,50720600
2021-10-26,146.3463134765625,147.83603205253846,146.04247453516768,146.35610894373843,60893400
2021-10-27,145.88568115234375,146.74814591850827,145.53284989871335,146.38551919710656,56094900
2021-10-28,149.53160095214844,150.1196430787896,146.73835224713616,146.83636674569945,100077900
2021-10-29,146.81675720214844,146.95396852377547,143.4942691703326,144.2881357422398,124953200
2021-11-01,145.99346923828125,146.7187225723951,144.8565670408628,146.02287059210153,74588300
2021-11-02,147.03236389160156,148.5514987152831,145.6896371991665,145.69944762084313,69122000
2021-11-03,148.47311401367188,148.94355072762525,146.83637350572047,147.39501429949382,54511500
2021-11-04,147.95367431640625,149.39438585976856,147.64003986144715,148.5613223792471,60394600
2021-11-05,148.4836883544922,149.3866809675717,147.28623804705754,149.08241350820953,65463900
2021-11-08,147.6592254638672,148.76834300613436,147.38440226384824,148.6112968984832,55020900
2021-11-09,148.0223846435547,148.63091960276915,147.28624784705661,147.42365944999992,56787900
2021-11-10,145.185791015625,147.35494715999016,145.11709270904024,147.24697984100837,65187100
2021-11-11,145.13668823242188,146.6678499743664,144.95019789623214,146.20655148055175,41000000
2021-11-12,147.2174835205078,147.6198934064929,144.7538705611493,145.68630708992023,63804000
2021-11-15,147.227294921875,149.07254847745102,146.6678240123391,147.59045079012714,59222800
2021-11-16,148.20884704589844,148.689795053766,146.57952764951963,147.16844296622529,59256200
2021-11-17,150.65283203125,152.13491516803506,148.19904307692684,148.20885284111802,88807000
2021-11-18,154.9518585205078,155.73707397326015,150.2209612525499,150.86876512432602,137827700
2021-11-19,157.58233642578125,158.04364996719235,153.63663942388337,154.7359321301873,117305600
2021-11-22,158.0436553955078,162.6371414846842,158.0240208888666,158.6914443472637,117467900
2021-11-23,158.42645263671875,158.8092431604203,156.11988475240108,158.14180469691394,96041900
2021-11-24,158.94662475585938,159.14292486333943,156.68913607799328,157.7786188977565,69463600
2021-11-26,153.91146850585938,157.48418491516793,153.46978945346842,156.62046131710616,76959800
2021-11-29,157.2780303955078,158.21046701420008,155.85482110847963,156.42410182794367,88748200
2021-11-30,162.24453735351562,162.460471991212,156.96397844815215,157.0326917313919,174048100
2021-12-01,161.724365234375,167.15214650000996,161.48879604685143,164.38426470939336,152052500
2021-12-02,160.73300170898438,161.16487100269978,154.88317666704097,155.80580379875286,136739200
2021-12-03,158.84849548339844,161.91083461668495,156.76768701566778,160.98820747292035,118023100
2021-12-06,162.26417541503906,164.77685309775336,161.24339074597364,161.25320051090569,107497000
2021-12-07,168.0158233642578,168.4084385672728,165.22832281817514,165.95464971119893,120405400
2021-12-08,171.84371948242188,172.70745783428183,167.54467720151092,168.94825202328335,116998900
2021-12-09,171.33338928222656,173.48291120059469,170.7052197926491,171.67692579015227,108923700
2021-12-10,176.13296508789062,176.3096456774387,171.4609563916024,171.971348678727,115402700
2021-12-13,172.49156188964844,178.76344615470973,172.2854370179631,177.77210578512478,153237000
2021-12-14,171.1076202392578,174.45459210584534,169.02681191245964,172.01061281459928,139380400
2021-12-15,175.98574829101562,176.18204841367742,169.12494892495155,171.87319557243478,131063300
2021-12-16,169.0758514404297,177.79171370813177,167.59376845508785,175.96609431359246,150185800
2021-12-17,167.9765625,170.26349541805016,166.55336801671226,166.78892215220165,195432700
2021-12-20,166.61224365234375,167.4269032535666,164.36457991536943,165.16941477721542,107499100
2021-12-21,169.7923583984375,169.99846825027308,165.99388352764822,168.3887835557928,91185900
2021-12-22,172.39340209960938,172.60933673314887,168.9679072100419,169.84145550872807,92135300
2021-12-23,173.0215606689453,173.5810317235857,172.03023535098566,172.59951616954052,68356600
2021-12-27,176.99668884277344,177.08502164182448,173.79695375988817,173.8165732862966,74919600
2021-12-28,175.97592163085938,177.97822179969552,175.2299751821839,176.8298503690715,79144300
2021-12-29,176.06427001953125,177.29116449792193,174.84718530534158,176.0151912450478,62348900
2021-12-30,174.9060821533203,177.23228437904302,174.79811483502314,176.1526111960713,59773000
2021-12-31,174.28773498535156,175.91703952431234,173.9834525641687,174.79811232201894,64062300
2022-01-03,178.64566040039062,179.4995892112378,174.42515503160624,174.5429321185891,104487900
2022-01-04,176.37835693359375,179.55847298837972,175.80907606705392,179.25420553725706,99310400
2022-01-05,171.6867218017578,176.83967914737053,171.41189860813105,176.29003276011701,94537600
2022-01-06,168.82069396972656,172.05969865170314,168.46734773211566,169.50775193820877,96904000
2022-01-07,168.9875030517578,170.92108956994355,167.8685761052164,169.69419533133515,86709100
2022-01-10,169.00717163085938,169.31143906710747,165.06147477041716,165.95465755063788,106765600
2022-01-11,171.84371948242188,171.94186203720994,167.66246923468782,169.13474234713826,76138300
2022-01-12,172.2854461669922,173.90494104881037,171.58857842094562,172.8645368239584,74805200
2022-01-13,169.00717163085938,173.35527850038557,168.61455640929785,172.53080900021536,84505800
2022-01-14,169.87094116210938,170.56780897043643,167.92752915815203,168.17290810016,80440800
2022-01-18,166.66134643554688,169.35068950665382,166.27855596311068,168.33972966979056,90956700
2022-01-19,163.1573486328125,167.91770571060235,162.87271567304091,166.85766697028808,94815000
2022-01-20,161.46914672851562,166.54358123585433,161.14524474165466,163.89349177041368,91420500
2022-01-21,159.40792846679688,163.25546724898456,159.29996116779535,161.38076913756592,122848900
2022-01-24,158.63255310058594,159.2999915243486,151.8404666623007,157.06213706108227,162294600
2022-01-25,156.82655334472656,159.7514654895658,154.1175758189767,156.04133790955973,115798400
2022-01-26,156.73822021484375,161.35134029387297,154.90279093312674,160.47779205545413,108275300
2022-01-27,156.2769012451172,160.8114981245685,155.35427426622283,159.44719215998208,121954600
2022-01-28,167.1815643310547,167.2011988377615,159.79075260205332,162.64696676990783,179935700
2022-01-31,171.54930114746094,171.76523578487254,166.37670956776643,167.0147037152971,115541600
2022-02-01,171.38241577148438,171.60816013472234,169.12492720889244,170.7935005023778,86213900
2022-02-02,172.5897216796875,172.62899069570594,170.12612259885077,171.51987313267702,84914300
2022-02-03,169.7040557861328,172.98232955327137,168.9384747506924,171.2548523641826,89418100
2022-02-04,169.41903686523438,171.09957339010344,167.73850034036528,168.72126637937606,82465400
2022-02-07,168.7016143798828,170.95214191132882,168.00384392494493,169.88093057527257,77251200
2022-02-08,171.81703186035156,172.3280745287334,168.47561748502244,168.7704503704667,74829200
2022-02-09,173.2419891357422,173.60560775677658,171.885767258212,173.01595715476017,71285000
2022-02-10,169.15367126464844,172.45576547110866,168.59350246849255,171.1388626912715,90865900
2022-02-11,165.73367309570312,170.09715694195197,165.14400744238606,169.3600823732159,98670700
2022-02-14,165.96954345703125,166.65747672658372,163.68951891129095,164.48555705147456,86185500
2022-02-15,169.8121337890625,169.969379951066,167.3159146994891,168.02350743268553,62527400
2022-02-16,169.57627868652344,170.3526572392932,167.11936365193407,168.88834547600229,61177400
2022-02-17,165.96954345703125,168.94732353481027,165.56660575778602,168.0824845697611,69589300
2022-02-18,164.4167938232422,167.6009468216719,163.3259227044928,166.8933689298829,82772700
2022-02-22,161.4881134033203,163.81726398261975,159.35549802549073,162.13672755479107,91162800
2022-02-23,157.31137084960938,163.28657531432245,156.9968785115613,162.68708741626082,90009200
2022-02-24,159.9353790283203,160.04348391166852,149.38046449387545,149.95047069736393,141147500
2022-02-25,162.00900268554688,162.27433874391238,158.097582687372,161.0163992959612,91974200
2022-02-28,162.2743377685547,162.569170605232,159.63069449285575,160.249841950296,95056600
2022-03-01,160.38742065429688,163.72883431123614,159.17862257926774,161.86156976875884,83474400
2022-03-02,163.6895294189453,164.4757453471119,160.14174297698963,161.5569286485252,79724800
2022-03-03,163.36520385742188,165.9990247912093,162.69693011047048,165.56660530985462,76678400
2022-03-04,160.35794067382812,162.69692876038988,159.30638875818744,161.65519910712737,83737200
2022-03-07,156.55462646484375,162.17604917250483,156.2990977080652,160.54465401699207,96418800
2022-03-08,154.7266845703125,160.0729341178279,153.1149488975309,156.08290647641851,131148300
2022-03-09,160.1417236328125,160.59380261054181,156.66273844037977,158.69705635061237,91454900
2022-03-10,155.7880859375,157.62585374072557,153.2918516527838,157.43912578291366,105342000
2022-03-11,152.06341552734375,156.53500490118736,151.83738349184966,156.19103072019064,96970100
2022-03-14,148.0242156982422,151.4638968278343,147.51318815597864,148.83991330847238,108732100
2022-03-15,152.41717529296875,152.88891376980982,147.78835583208624,148.29938335493543,92964300
2022-03-16,156.83961486816406,157.24255250796213,151.79803572553402,154.34339594526026,102300200
2022-03-17,157.8518829345703,158.22533884354678,154.9134219533723,155.8765285127207,75615400
2022-03-18,161.1539764404297,161.6453594768953,157.00670241299437,157.74377696769278,123511700
2022-03-21,162.52984619140625,163.48313041290612,160.20068056976743,160.69206357071295,95811400
2022-03-22,165.91058349609375,166.50023417031582,162.06796436975657,162.6576150439786,81532000
2022-03-23,167.27662658691406,169.66474104201137,164.76073274272346,165.09488461775757,98062700
2022-03-24,171.07009887695312,171.1388847047802,167.27662120536306,168.11196337652208,90131400
2022-03-25,171.70887756347656,172.25922412685,169.7728273342969,170.88335771841636,80546200
2022-03-28,172.57373046875,172.701479862601,169.03576656556126,169.202835000459,90371900
2022-03-29,175.87583923339844,175.92496554492044,173.3009816876461,173.6449558432296,100589400
2022-03-30,174.70632934570312,176.51461532464543,173.6547624474948,175.4728856845117,92633200
2022-03-31,171.60081481933594,174.9618735812638,171.39442730950734,174.77514559518622,103049300
2022-04-01,171.3059539794922,171.86613784627107,168.97680315531144,171.0307806751932,78751300
2022-04-04,175.3647918701172,175.4139331761271,171.43372732246453,171.56149171892602,76468400
2022-04-05,172.0430145263672,175.22718178273516,171.41404488266946,174.44096597915822,73401800
2022-04-06,168.86868286132812,170.63766465296877,167.19798366759716,169.38954763944744,89058800
2022-04-07,169.17333984375,170.37231557194565,166.92281228589906,168.21023335572733,77594700
2022-04-08,167.15867614746094,168.8195531941642,166.28401495074868,168.8195531941642,76575500
2022-04-11,162.89349365234375,166.11696550956904,162.64780210837338,165.8024881311143,72246700
2022-04-12,164.7705535888672,166.94245808323757,163.7681280552551,165.12434995391737,79265200
2022-04-13,167.46334838867188,168.0923181339545,163.89591740962862,164.50522763279633,70618900
2022-04-14,162.44139099121094,168.318342665353,162.1956994829688,167.67953574643167,75329400
2022-04-18,162.2252197265625,163.72885077484435,160.75107046386879,161.09502962767093,69023900
2022-04-19,164.51504516601562,164.92782013945308,161.08520094874402,162.17607195952326,67723800
2022-04-20,164.3479766845703,165.96954980606952,163.23746114831818,165.85160767261976,67929800
2022-04-21,163.5519256591797,168.57386081804293,163.05072036783037,165.9990185433864,87227800
2022-04-22,159.00172424316406,164.97694406303006,158.7167286660117,163.5912552281569,84882400
2022-04-25,160.0729522705078,160.35794785043367,155.72912776950562,158.3432742820327,96046400
2022-04-26,154.09768676757812,159.54220292501202,154.01906370085135,159.45375759837563,95623200
2022-04-27,153.87167358398438,157.0361661796235,152.7021796920346,153.2230444512666,88063200
2022-04-28,160.81983947753906,161.68467841985887,156.19100467866673,156.50549701980856,130216800
2022-04-29,154.93307495117188,163.33572839193604,154.53997449609216,159.05086744995398,131747600
2022-05-02,155.23773193359375,155.5030679702358,150.6285567574635,154.009274370481,123055300
2022-05-03,156.73153686523438,157.94034999172632,153.62600731797474,155.42445612408045,88966500
2022-05-04,163.15882873535156,163.61089273431188,156.5153204398764,156.91825813151257,108256500
2022-05-05,154.06825256347656,161.25227067537543,152.27961098375334,161.02623866112972,130525300
2022-05-06,154.79653930664062,156.92243639704813,151.74548246293438,153.54658846859752,116124600
2022-05-09,149.65899658203125,153.36947314118723,149.0980045924118,152.48367497430928,131577900
2022-05-10,152.07029724121094,154.2650965784608,150.5152434800802,153.0643590542694,115366700
2022-05-11,144.18675231933594,152.99542804107662,143.50764507620434,151.0762217134339,142689800
2022-05-12,140.30899047851562,143.8915146679824,136.60836588189918,140.515681208882,182602000
2022-05-13,144.7871551513672,145.76152860215055,140.8503145681124,142.30694137891726,113990900
2022-05-16,143.24191284179688,145.19065940090803,141.90338667799685,143.25176455295096,86643800
2022-05-17,146.88351440429688,147.40514453340242,144.36392404181558,146.50950977669152,78336300
2022-05-18,138.59646606445312,145.0331931657119,137.69097960525806,144.5312514480339,109742900
2022-05-19,135.18124389648438,139.4231864175674,134.4430864271214,137.6712938917074,136095600
2022-05-20,135.4174346923828,138.47832804040868,130.5160736621358,136.89374952227598,137426100
2022-05-23,140.85031127929688,140.9979367905799,135.47651740077447,135.61430621725685,117726300
2022-05-24,138.1437225341797,139.72830130754187,135.16156729888525,138.58661405091433,104132700
2022-05-25,138.3012237548828,139.5511599163244,136.15563767475544,136.24421298990842,92482700
2022-05-26,141.5097198486328,142.06087507401406,134.97456571452705,135.22061822713323,90601500
2022-05-27,147.27720642089844,147.31656821908913,142.96636115304457,143.09431327841077,90978500
2022-05-31,146.48980712890625,148.28107646818216,144.52138720505258,146.71618623300301,103718400
2022-06-01,146.36187744140625,149.3440325752995,145.34812731297455,147.5330747402819,74286600
2022-06-02,148.82240295410156,148.8814531521364,144.5410833823405,145.49576829817823,72348100
2022-06-03,143.08444213867188,145.63354221228246,142.17897081970852,144.58043039547144,88570300
2022-06-06,143.83245849609375,146.2240967666152,142.61203260738884,144.70840485443364,71598400
2022-06-07,146.36187744140625,146.64729173693155,141.82466868695218,142.07072118986648,67808200
2022-06-08,145.62371826171875,147.50354794884595,145.13161326153673,146.23392365623158,53950200
2022-06-09,140.38772583007812,145.61387897508678,140.27946212008615,144.75762100742102,69473000
2022-06-10,134.9647216796875,138.53739375627023,134.89581977133565,138.06497716276021,91437900
2022-06-13,129.797607421875,133.06517650587148,129.36455265966853,130.7719656189882,122207100
2022-06-14,130.66372680664062,131.77588901971137,129.40393908646058,131.0278947539339,84784300
2022-06-15,133.2915802001953,135.1714252868018,130.07322365850183,132.1695811727179,91533000
2022-06-16,128.00634765625,130.29955871287268,127.00244927117835,129.99445602178534,108123900
2022-06-17,129.482666015625,130.97866943008026,127.76029850473763,128.01620271778103,134520300
2022-06-21,133.72459411621094,134.8958062983936,131.21487088907804,131.31328286822668,81000500
2022-06-22,133.21282958984375,135.5847642777482,131.7955647861074,132.66165937450523,73409200
2022-06-23,136.0867156982422,136.40165507690898,133.48840199836928,134.65961425641447,72433800
2022-06-24,139.4232177734375,139.66927031856164,137.5630611330131,137.6909982443359,89116800
2022-06-27,139.4232177734375,141.224324205889,138.74411034603793,140.44678975329754,70207900
2022-06-28,135.2698211669922,141.15539260379745,135.15172077587945,139.8857683457784,67083400
2022-06-29,137.03155517578125,138.4488199898158,134.51197995876558,135.28951427489562,66242400
2022-06-30,134.56118774414062,136.18512818079344,131.65777134820112,135.0828178246583,98964500
2022-07-01,136.7362823486328,136.84454604479996,133.51792659665477,133.89191616880768,71051600
2022-07-05,139.3247833251953,139.37399683516924,134.767885626568,135.59463354770725,73353800
2022-07-06,140.6632843017578,141.84433323860637,138.85234159739986,139.11808248899268,74064300
2022-07-07,144.03915405273438,144.23599306904134,141.0176218390398,141.02745853360616,66253700
2022-07-08,144.71823120117188,145.22018791054785,142.7104494172261,142.96633860975416,64547800
2022-07-11,142.58248901367188,144.32454481016836,141.50970378477396,143.36985996820178,63141600
2022-07-12,143.55686950683594,146.10596977247354,142.7596618190989,143.4584425008562,77588800
2022-07-13,143.1927490234375,144.137582416121,139.87595039979414,140.73222349561757,71185600
2022-07-14,146.1256561279297,146.59807271073137,140.98807885917248,141.80497494021958,78140700
2022-07-15,147.798828125,148.47793549322745,145.85993303693337,147.41498678876548,76259900
2022-07-18,144.74777221679688,149.17671722622794,144.38360430388153,148.3598211223461,81420900
2022-07-19,148.61573791503906,148.84210205255908,144.59032186321505,145.58436874350355,82982400
2022-07-20,150.62350463867188,151.29277530503674,147.99566551668846,148.73382307964516,64823400
2022-07-21,152.89703369140625,153.11356109876007,149.54087389527504,152.06044916137068,65086600
2022-07-22,151.6569366455078,153.81235925179797,150.98768095986142,152.93641282919904,66675400
2022-07-25,150.53492736816406,152.59192281243702,149.8755084226827,151.5781876406526,53623900
2022-07-26,149.2062530517578,150.67271644888328,148.4188819899041,149.85582028627226,55138700
2022-07-27,154.3142852783203,154.84576710893515,149.75740301368916,150.17076942758217,78620700
2022-07-28,154.86546325683594,155.15087757432116,151.97188319707365,154.50129531236348,81378700
2022-07-29,159.94395446777344,161.0462798301135,156.981487908036,158.6940186370959,101786900
2022-08-01,158.95974731445312,161.00690586019908,158.34954193697632,158.46764232800993,67829400
2022-08-02,157.4834442138672,159.84555733737668,157.10945460814798,157.57203453166576,59907000
2022-08-03,163.50680541992188,163.95953359141228,158.2117510307237,158.30032632281717,82507500
2022-08-04,163.19186401367188,164.55007867195602,161.83364935538773,163.3887030177202,55474100
2022-08-05,162.96517944335938,163.45796799318663,160.64906724368603,160.85604505164724,56697000
2022-08-08,162.4921112060547,165.3897106347166,161.8317762742878,163.97047703384425,60276900
2022-08-09,162.5413818359375,163.42841029450733,160.89546979944944,161.65436841608152,63135500
2022-08-10,166.79905700683594,166.89760568367572,164.49279539585413,165.26154425327755,70170500
2022-08-11,166.0598907470703,168.52383349342222,165.76421460976547,167.6072389716485,57149200
2022-08-12,169.61782836914062,169.68681094741032,166.95675811414395,167.37071373861576,68039400
2022-08-15,170.69212341308594,170.8892358519702,168.8786649134066,169.04621123839397,54091700
2022-08-16,170.53443908691406,171.20463947132552,169.18420299774098,170.28804476181145,56377100
2022-08-17,172.03250122070312,173.60941569871042,170.08106259876365,170.27817502867526,79542000
2022-08-18,171.63824462890625,172.37742744821887,170.62310142681395,171.2440198074247,62290100
2022-08-19,169.0461883544922,171.23417071896347,168.83921054651765,170.53440436112984,70346300
2022-08-22,165.1531524658203,167.41011727933045,164.7293465168106,167.242570986512,69026800
2022-08-23,164.8180694580078,166.2767345287208,164.24643288251994,164.67023889482752,54147100
2022-08-24,165.11373901367188,165.68537556627746,163.85220146265053,164.90677623350408,53841500
2022-08-25,167.57766723632812,167.68608131507673,165.92190498494463,166.34569590450855,51218200
2022-08-26,161.26011657714844,168.58296208169574,161.20098435870386,168.10988929542629,78961000
2022-08-29,159.05242919921875,160.55049548789057,157.5149314068537,158.82573564976346,73314000
2022-08-30,156.6180877685547,160.21543879278465,155.44524840968555,159.79164778477147,77906200
2022-08-31,154.9524383544922,158.2639781293564,154.87359037905333,157.99786809208942,87991100
2022-09-01,155.68177795410156,156.13513503517575,152.43922061054926,154.3808088580502,74229900
2022-09-02,153.56275939941406,158.04713803269738,152.73487827783597,157.44593542420824,76957800
2022-09-06,152.30123901367188,154.8243141649417,151.47335779942037,154.2132611313819,73714800
2022-09-07,153.7106170654297,154.410368411757,151.3945047755551,152.587059729615,87449600
2022-09-08,152.2322540283203,154.10484460794962,150.47791285622748,152.4096506976959,84923800
2022-09-09,155.1002655029297,155.54378723487187,152.51805827855026,153.2276750032018,68028800
2022-09-12,161.0728759765625,161.89090686431402,157.00245233153106,157.2882631049793,104956000
2022-09-13,151.62120056152344,158.22456513012241,151.15797805083207,157.59379629154282,122656600
2022-09-14,153.0699920654297,154.83418366980385,151.3945138382118,152.557487712131,87965400
2022-09-15,150.17237854003906,153.0009950551444,149.19666683175186,152.41949313430064,90481100
2022-09-16,148.52650451660156,149.16713882112455,146.23010747285983,149.02915859285633,162278800
2022-09-19,152.25196838378906,152.3308163679246,146.94957303943247,147.15653583891242,81474200
2022-09-20,154.6370391845703,155.80002796923935,150.8721425262803,151.18751937449895,107689800
2022-09-21,151.5029296875,156.4505314848071,151.38466523487358,155.07071436973487,101696800
2022-09-22,150.53709411621094,152.24213876915778,148.73348570998596,150.18228565861395,86652500
2022-09-23,148.2603759765625,149.28538472080464,146.4173513628068,149.00942429859677,96029900
2022-09-26,148.5955047607422,151.5522368801937,147.4817975166926,147.50151327499646,93339400
2022-09-27,149.57118225097656,152.48849721993565,147.78729002305445,150.5370586818527,84442700
2022-09-28,147.67884826660156,148.46731284335547,142.75096346027843,145.51058195956156,146691400
2022-09-29,140.42503356933594,144.603886261403,138.65099162276434,143.99283321708396,128138200
2022-09-30,136.20675659179688,141.03609356030535,136.0096441732016,139.2423359620473,124925300
2022-10-03,140.39544677734375,141.00651477037042,135.7041054662748,136.21660973950978,114311700
2022-10-04,143.99282836914062,144.11109281535886,142.17935497441533,142.93825359464822,87830100
2022-10-05,144.28848266601562,145.25435906019973,140.94737686981628,141.9921012373244,79471000
2022-10-06,143.3324737548828,145.41204208560697,143.12551098076761,143.7069978739473,68402200
2022-10-07,138.06948852539062,141.03608513942643,137.43871980031912,140.4841493461153,85925600
2022-10-10,138.39476013183594,139.84355993945272,136.57145118339125,138.39476013183594,74899000
2022-10-11,136.9755096435547,139.31133774176766,136.22647641502994,137.88223882715224,77033700
2022-10-12,136.34471130371094,138.33558094843937,136.1673146717475,137.12332551389028,70433700
2022-10-13,140.9276885986328,141.51902589270472,132.43200294708785,133.04307103462438,113224000
2022-10-14,136.38417053222656,142.43561361849277,136.19690846794037,142.22863580040965,88598000
2022-10-17,140.35606384277344,140.83898708446822,138.24692906829756,139.0353938988536,85250900
2022-10-18,141.6767120361328,144.58416155365336,138.58200045824861,143.39162165141138,99136600
2022-10-19,141.78514099121094,142.8594165632396,139.4591781255194,139.6464402055219,61758300
2022-10-20,141.32192993164062,143.7858732075523,140.5925973080329,140.95727113919492,64522000
2022-10-21,145.1459503173828,145.71758686598037,140.59257368233722,140.80940185727815,86548600
2022-10-24,147.2945098876953,148.0632589024532,143.89427154723307,145.0671108242576,75981900
2022-10-25,150.14283752441406,150.2906831379681,147.20582147413825,147.92528866954444,74732300
2022-10-26,147.19595336914062,149.7978764436125,145.9048346701109,148.78273318220164,88194300
2022-10-27,142.71157836914062,146.900281375259,142.0512434645865,145.934419951747,109180200
2022-10-28,153.49378967285156,155.2284000306861,145.68802050452555,146.06252959255997,164762400
2022-10-31,151.12840270996094,152.01543120421692,149.7288849047636,150.9510060343384,97943200
2022-11-01,148.47720336914062,153.20797707085114,146.9791368105924,152.8433183089133,80379300
2022-11-02,142.938232421875,149.97525166506418,142.90866631469993,146.80169249277182,93604600
2022-11-03,136.87693786621094,140.74039788163316,136.7488080444843,140.0110654914598,97918500
2022-11-04,136.6103973388672,140.84553006556408,132.66154945569053,140.27294531486436,140814800
2022-11-07,137.14349365234375,137.37054820183675,133.93505454893932,135.35664228494105,83374600
2022-11-08,137.71612548828125,139.62143813006875,135.7318340493266,138.6144923594343,89908500
2022-11-09,133.14529418945312,136.77824263467366,132.8688760001459,136.72887901579847,74917800
2022-11-10,144.99183654785156,144.99183654785156,137.7160881791185,139.43384265889435,118854000
2022-11-11,147.78564453125,148.09167786414133,142.5238023668343,143.955271925704,93979700
2022-11-14,146.38380432128906,148.35822845841318,145.544668037547,147.0649830587826,73374100
2022-11-15,148.12130737304688,151.6259135896167,146.66023757913166,150.2734377369584,89868300
2022-11-16,146.8872833251953,147.9534742124063,145.4064651591236,147.22294689122086,64218300
2022-11-17,148.79263305664062,149.5429089514445,144.28106579714384,144.55748402489598,80389400
2022-11-18,149.3553009033203,150.74727347635653,148.05218886107582,150.36226138845927,74829600
2022-11-21,146.11724853515625,148.44706955079,145.83096367172806,148.23976345815655,58724100
2022-11-22,148.25949096679688,148.49642726977405,145.05105196598853,146.23571841721474,51804100
2022-11-23,149.13815307617188,149.8884289191742,147.4302651381728,147.53885908183943,58301400
2022-11-25,146.21597290039062,146.97613037369675,145.23862757756845,146.41341229167975,35195900
2022-11-28,142.37574768066406,144.76479944722283,141.54649303051897,143.28398111610815,69246000
2022-11-29,139.36473083496094,142.95818228893546,138.55522474324414,142.4448277773216,83763800
2022-11-30,146.13699340820312,146.81817210889182,138.75265175216816,139.59177292691083,111380900
2022-12-01,146.4134063720703,147.22292742638413,144.735149018476,146.31469421224674,71250400
2022-12-02,145.91981506347656,146.10738776877085,143.7874333564375,144.09348175456344,65447400
2022-12-05,144.75491333007812,148.99004656094093,143.90591033158032,145.8803345082114,68826400
2022-12-06,141.08250427246094,145.41636538627455,140.10515873582997,145.1893107898035,64727200
2022-12-07,139.13766479492188,141.536582777895,138.20968308402922,140.37167982245785,69721100
2022-12-08,140.82582092285156,141.68470582050676,139.2956539918693,140.53953599940877,62128300
2022-12-09,140.3420867919922,143.70848393310538,139.09818980739163,140.51977775341376,76097000
2022-12-12,142.64230346679688,142.6521701663809,139.25615761520962,140.8751851031327,70462700
2022-12-13,143.60975646972656,148.05221126240446,142.39548971088675,147.58822033452066,93886200
2022-12-14,141.378662109375,144.78454109797417,139.35487413932952,143.49129555982842,82291200
2022-12-15,134.7544403076172,139.98666700994897,134.29044945457875,139.3054883080985,98931900
2022-12-16,132.78988647460938,135.8897316869335,132.01986228619933,134.94201656134896,160156900
2022-12-19,130.67726135253906,133.47107341378072,129.64070069453433,133.38222793972224,79592600
2022-12-20,130.608154296875,131.54600271059752,128.22896969448558,129.70978773625592,77432800
2022-12-21,133.71786499023438,135.06047393891612,131.05239555108,131.27945009767515,85928000
2022-12-22,130.53903198242188,132.83923763447277,128.6337201487229,132.63193156053958,77852100
2022-12-23,130.17379760742188,130.72663401357696,127.98218538040545,129.24581575552057,63814900
2022-12-27,128.3671875,129.72954501138923,127.07394206581392,129.6999298536339,69007800
2022-12-28,124.42821502685547,129.35440133807893,124.2603907760934,128.01179226832107,85438400
2022-12-29,127.95256805419922,128.81143780896,126.09661191364768,126.3532816511138,75703700
2022-12-30,128.26846313476562,128.28821159493137,125.80044037402875,126.76791156272077,77034200
2023-01-03,123.47061157226562,129.22605213593528,122.58211921528644,128.6139854814398,112117500
2023-01-04,124.74412536621094,127.01471627825023,123.48049504473303,125.26734659008874,89113600
2023-01-05,123.4212646484375,126.13609817024776,123.16459490202124,125.50428297135478,80962700
2023-01-06,127.96244049072266,128.62387085680967,123.2929310044788,124.39861137948095,87754700
2023-01-09,128.48562622070312,131.70394674213998,128.22895654270584,128.8015412677692,70790800
2023-01-10,129.0582275390625,129.58144872233615,126.48160347682453,128.5942366688145,63896200
2023-01-11,131.78292846679688,131.80266185993827,128.7916774670581,129.5715682785917,69458900
2023-01-12,131.70396423339844,132.5430854442494,129.75915527463124,132.16795510561155,71379600
2023-01-13,133.03668212890625,133.19463966232263,129.97633400317605,130.3415976184994,57809700
2023-01-17,134.20162963867188,135.53435707802646,132.41477795673228,133.1058234879157,63646600
2023-01-18,133.48095703125,136.83747220518643,133.3032510170013,135.0703691429246,69672800
2023-01-19,133.54019165039062,134.50765533885576,132.0593734264766,132.36540678256628,58280400
2023-01-20,136.10691833496094,136.25500917828725,132.5036004355903,133.55004278165805,80223600
2023-01-23,139.30548095703125,141.48722602727366,136.1365239219778,136.35371175932897,81760300
2023-01-24,140.7073211669922,141.32926952973608,138.50584268721101,138.5157093840139,66435100
2023-01-25,140.0458984375,140.60860145852004,137.03489874919626,139.0883015683729,65799300
2023-01-26,142.1190643310547,142.4053492196724,140.08539469738815,141.33915831562229,54105100
2023-01-27,144.06385803222656,145.34723680622537,141.25031251687773,141.3292912944412,70555800
2023-01-30,141.17132568359375,143.68871946900538,141.02324989890042,143.10626796433064,64015300
2023-01-31,142.44483947753906,142.49420309949798,140.4605484095562,140.87517571941848,65874500
2023-02-01,143.5702362060547,144.73515421762997,139.51280928282884,142.1289150988489,77663600
2023-02-02,148.891357421875,149.24673936752703,146.27523594496205,146.9958966630842,118339000
2023-02-03,152.52427673339844,155.36745253753844,145.93957351960248,146.13701293629845,154357300
2023-02-06,149.78968811035156,151.14217893420934,148.85183962560956,150.61895772492184,69858300
2023-02-07,152.67234802246094,153.24493285853742,148.71363285221915,148.71363285221915,83322600
2023-02-08,149.97726440429688,152.60325227526124,149.2368553096487,151.91220679965525,64120100
2023-02-09,148.940673828125,152.35643407265164,148.49643142830433,151.81346444457745,56007100
2023-02-10,149.30653381347656,149.63281307537432,147.53673245711806,147.77403058031547,57450700
2023-02-13,152.11447143554688,152.51983488560623,149.21751602061343,149.2471763928944,62199000
2023-02-14,151.4718017578125,152.03537903023067,149.15820209418638,150.40398304690967,61707600
2023-02-15,153.5778045654297,153.74588507311654,151.15544476328222,151.38284602819238,65573800
2023-02-16,151.97605895996094,154.5664988468429,151.6201193880744,151.77830301928833,68167900
2023-02-17,150.82916259765625,151.27408335489702,149.14834246660095,150.6314217151784,59144100
2023-02-21,146.80508422851562,149.5932807847483,146.73588170052264,148.5056831734524,58867200
2023-02-22,147.23020935058594,148.2584708875877,145.4999504020457,147.19065212608928,51011300
2023-02-23,147.7146759033203,148.64407457569817,145.57905341345287,148.39689471971093,48394200
2023-02-24,145.05502319335938,145.5296042594395,144.07618560082526,145.45050490064946,55469600
2023-02-27,146.25135803222656,147.48725716556407,145.7866587511589,146.0437354263551,44998500
2023-02-28,145.74713134765625,147.3982909462784,145.17367228142913,145.39119175781394,50547000
2023-03-01,143.6708221435547,145.56916169404062,143.37420328858403,145.1736799451875,55479000
2023-03-02,144.26402282714844,145.05500120850633,142.27668756957132,142.7512836503807,52238100
2023-03-03,149.3262939453125,149.4053933099208,145.66803508048022,146.3700174255545,70732300
2023-03-06,152.0947265625,154.53686499973716,151.72890516544965,152.05516933291133,87558000
2023-03-07,149.88987731933594,152.29245838395036,149.4251779626418,151.96617914925054,56182000
2023-03-08,151.14552307128906,151.73876071934626,150.11726157953802,151.08620232381537,47204800
2023-03-09,148.89126586914062,152.79670487641312,148.53532624571014,151.8277639907766,53833600
2023-03-10,146.8248291015625,149.23730682187812,145.94486944980744,148.51554589298388,68572400
2023-03-13,148.77259826660156,151.41247705797895,146.03384150790953,146.14260123729179,84457100
2023-03-14,150.86868286132812,151.66954312555754,148.40678132116508,149.57346291926225,73695900
2023-03-15,151.26419067382812,151.5212522938301,148.2288147892157,149.48449268664993,77167900
2023-03-16,154.09193420410156,154.69505367945354,149.9294186304983,150.4435569750594,76161100
2023-03-17,153.25149536132812,154.9718724178721,152.53961624045886,154.31931404263202,98944600
2023-03-20,155.62442016601562,156.03969557063917,152.4110822679711,153.32071734921686,73641400
2023-03-21,157.4832305908203,157.60187209543255,154.77413390443738,155.5453489444009,73938300
2023-03-22,156.04957580566406,160.31095376257457,156.02979719452793,157.50299444764113,75701800
2023-03-23,157.1371612548828,159.72761624709545,155.9012620500719,157.03829837049406,67622100
2023-03-24,158.44227600097656,158.53125712176995,156.06935559319226,157.06795670652497,59196500
2023-03-27,156.49452209472656,158.9564390941657,156.0891434767474,158.13580009435265,52390300
2023-03-28,155.87161254882812,156.7021483382564,154.2204529064242,156.18801000892674,45992200
2023-03-29,158.9564208984375,159.23326112130354,157.5524411719995,157.57220469744664,51305700
2023-03-30,160.52847290039062,160.63723263142947,159.45077243888025,159.70783403649028,49501700
2023-03-31,163.0398406982422,163.1387186836245,160.0835790272574,160.60759915912635,68749800
2023-04-03,164.29550170898438,164.4141432098461,162.36750188667764,162.41694087425697,56976200
2023-04-04,163.76161193847656,164.9579540581038,163.24747358574663,164.7206710388915,46278300
2023-04-05,161.91265869140625,163.18811497040738,159.9747774130157,162.88161441725998,51511700
2023-04-06,162.80255126953125,163.0991701273508,160.1725538630794,160.5976959928467,45390100
2023-04-10,160.2021942138672,160.2021942138672,158.2741945090455,159.59907481013732,47716900
2023-04-11,158.98606872558594,160.52846844172586,158.69933167596588,160.51858667978223,47644200
2023-04-12,158.29396057128906,160.2318418847326,157.97756316447288,159.40132132182822,50133100
2023-04-13,163.69239807128906,163.92969618258195,159.59909994312628,159.80673767634033,68445600
2023-04-14,163.34634399414062,164.44382316709542,161.9720245871667,162.73332768738865,49386500
2023-04-17,163.36611938476562,163.52431812616888,162.179658997566,163.22769925770336,41516200
2023-04-18,164.59210205078125,165.52150060084674,163.78134498824443,164.22628073979516,49923000
2023-04-19,165.73904418945312,166.26306428456468,163.67260909854727,163.92968580784367,47720200
2023-04-20,164.77008056640625,165.9763194310247,163.69238005042013,164.21640012100644,52456400
2023-04-21,163.1584930419922,164.57235465877127,162.63447292379246,163.1881534195007,58337300
2023-04-24,163.4649658203125,163.73192425907348,162.04120759579996,163.1386866366401,41949600
2023-04-25,161.92257690429688,164.43391748853472,161.88301968061162,163.32655661191464,48714100
2023-04-26,161.91265869140625,163.4155161732815,160.9634966614439,161.2205582348382,45498800
2023-04-27,166.51022338867188,166.65852525119462,163.32654598880194,163.32654598880194,64902300
2023-04-28,167.7659149169922,167.9340105056485,165.98623191391812,166.58935140303254,55209200
2023-05-01,167.6769256591797,168.52722497825897,166.7376452115908,167.37042504765017,52472900
2023-05-02,166.6387481689453,168.42834281753628,165.65002884530062,168.1712661379265,48425700
2023-05-03,165.56106567382812,168.9919233057137,165.27434367702065,167.58794352434566,65136000
2023-05-04,163.91976928710938,165.1556684360722,162.45646891900202,163.02992793451995,81235400
2023-05-05,171.6120147705078,172.33377562947254,168.8337008869275,169.05122033812108,113316400
2023-05-08,171.5428009033203,171.88885869773142,170.168481660933,170.53430297922057,55962800
2023-05-09,169.83236694335938,171.58238974232736,169.66428642470126,171.0979268022727,45326900
2023-05-10,171.6021270751953,172.0668263741992,169.96084934197563,171.06822526711633,53724500
2023-05-11,171.79000854492188,172.62052928198048,170.2278299661715,171.8888865269506,49514700
2023-05-12,170.85934448242188,172.3345646477211,169.30490042572876,171.89892389023944,45497800
2023-05-15,170.36427307128906,171.49297161869612,169.77021484316816,171.44346424843133,37266700
2023-05-16,170.36427307128906,171.42365827881974,170.09694535788182,170.28506430037106,42110300
2023-05-17,170.9781036376953,171.2157148171782,168.73060221741753,170.00782273724468,57951600
2023-05-18,173.31472778320312,173.50284672542747,170.86921174934298,171.2850464654308,65496700
2023-05-19,173.4236297607422,174.6414324508558,173.20580942819797,174.6414324508558,55772400
2023-05-22,172.47314453125,172.97809854709377,171.7305793150355,172.25532419255816,43570900
2023-05-23,169.8593292236328,171.66129487805824,169.58210606257185,171.4137731194303,50747300
2023-05-24,170.13653564453125,170.71078788094945,168.82962874348078,169.39397044171028,45143500
2023-05-25,171.27517700195312,172.17614480297772,169.98806071937864,170.70092465718818,56058300
2023-05-26,173.69094848632812,174.0275895351184,171.39395459047836,171.60187949980389,54835000
2023-05-30,175.54241943359375,177.21566879798618,174.81966018947244,175.20579349606086,55964400
2023-05-31,175.492919921875,177.57210865507508,175.00777185545402,175.57212869440465,99625300
2023-06-01,178.30474853515625,178.33444993394386,175.17607026429087,175.93844141740337,68901800
2023-06-02,179.15625,179.97802407047664,177.4830004559296,179.2354587774889,61945900
2023-06-05,177.79983520507812,183.11659785767154,176.27509267968756,180.81960374527281,121946500
2023-06-06,177.43350219726562,178.33446990727649,175.67113339582835,178.18596289670575,64848400
2023-06-07,176.05728149414062,179.41367589423808,175.56223798316736,176.67113061333816,61944600
2023-06-08,178.77999877929688,179.04731136486936,175.70082791608735,176.1364534617516,50214900
2023-06-09,179.16615295410156,180.42355258623877,178.83942242611607,179.70079329510486,48870700
2023-06-12,181.9680633544922,182.0670780867689,179.17602617310777,179.4730552624109,54274900
2023-06-13,181.49282836914062,182.32449774459167,180.63145759510397,180.98788948565831,54929100
2023-06-14,182.12648010253906,182.56212075064622,180.21561965950994,181.5522278943548,57462900
2023-06-15,184.1660919189453,184.67104599748652,181.95820196536692,182.136425495302,65433200
2023-06-16,183.08689880371094,185.1363862861082,182.44334825251562,184.87895397960628,101235600
2023-06-20,183.1759796142578,184.2551858622496,182.58193651385486,182.58193651385486,49799100
2023-06-21,182.1363983154297,183.5720213426237,180.77996894802234,183.06706733943585,49515700
2023-06-22,185.14627075195312,185.19577812392734,181.84927919785179,181.91859254012144,51245300
2023-06-23,184.82943725585938,185.70071866604846,183.17599374881706,183.71064919871634,53079300
2023-06-26,183.4334259033203,186.18586660248252,183.39381396241686,184.9779592329188,48088700
2023-06-27,186.19577026367188,186.5225008066865,183.8294627923201,184.04728315432985,50730800
2023-06-28,187.3739776611328,188.01752821246563,185.74034004157738,186.06705547946467,51216800
2023-06-29,187.7105712890625,188.1858238773272,187.06702084863718,187.20563240999925,46347300
2023-06-30,192.0471954345703,192.55213441538433,189.36405275409535,189.73039525314567,85069600
2023-07-03,190.55213928222656,191.9580609253223,189.85906633761323,191.85904618822673,31458200
2023-07-05,189.433349609375,191.06698713435688,188.7303811843197,189.6709759307026,46920300
2023-07-06,189.90858459472656,190.11650951153766,187.32445692665846,187.95811200082892,45094300
2023-07-07,188.789794921875,190.76007362639882,188.35416930217096,189.5125693591173,46778000
2023-07-10,186.74029541015625,188.10662020019882,185.18585168727856,187.38384586798722,59922200
2023-07-11,186.21556091308594,187.4234682366511,184.75023641356677,187.28485666382537,46638100
2023-07-12,187.88882446289062,189.79968522544766,186.60170827121757,187.79970514631046,60750200
2023-07-13,188.65118408203125,189.29474974345305,187.89872334590046,188.61158724645796,41342300
2023-07-14,188.7996826171875,189.28481555311026,187.75019286903466,188.3442359735881,41573900
2023-07-17,192.0669708251953,192.39370132812152,189.9085734412509,189.9976776399959,50520200
2023-07-18,191.80955505371094,192.4036133115075,190.51254346863507,191.43333225746687,48353800
2023-07-19,193.1659698486328,196.26493172677777,190.74024473686075,191.18579595006162,80507300
2023-07-20,191.21551513671875,194.52240222913113,190.59175546623806,193.15607727761312,59581200
2023-07-21,190.03729248046875,193.03725474426253,189.33432409540026,192.17588392818155,71917800
2023-07-24,190.83924865722656,192.9778399722658,190.34420521064493,191.49270963252084,45377800
2023-07-25,191.70065307617188,192.51253172271785,191.0075951507849,191.41353447405788,37283200
2023-07-26,192.5718994140625,193.70059786031172,191.40360413966724,191.75012548540775,47471900
2023-07-27,191.3046112060547,195.24515323301043,190.6412547294524,194.07685782549473,47460200
2023-07-28,193.88873291015625,194.68080550669023,192.21548351570434,192.74022840055838,48291400
2023-07-31,194.50259399414062,194.54220593555127,193.3243880114047,194.1164606567971,38824100
2023-08-01,193.67092895507812,194.77982161953312,193.3441984148306,194.29468863259882,35175100
2023-08-02,190.6709442138672,193.24516118654293,189.94818497968632,193.1065496196106,50389300
2023-08-03,189.27491760253906,190.46301890335675,188.79968010371752,189.67096144116343,61235200
2023-08-04,180.18592834472656,185.5224963676216,180.11661500704574,183.6809340478131,115799700
2023-08-07,177.07708740234375,181.3146590660809,175.59195672278545,180.32457194637539,97576100
2023-08-08,178.0176239013672,178.48296594319257,175.81962982094473,177.9087137403543,67823000
2023-08-09,176.423583984375,179.13641237321562,175.25527360727992,179.0770095774785,60378500
2023-08-10,176.20578002929688,178.95822060931928,175.8394526832055,177.70080592181807,54686900
2023-08-11,176.26524353027344,177.08812715930858,175.035887610981,175.7992882281701,51988100
2023-08-14,177.9209747314453,178.14899803745723,175.7894038505989,176.44374738395257,43675600
2023-08-15,175.92816162109375,177.94075085454938,175.53159812671015,177.34590561297395,43622600
2023-08-16,175.05572509765625,177.0088162608788,174.9863181633248,175.61092006059548,46964900
2023-08-17,172.50778198242188,175.98767489704687,171.99223724872292,175.6208528452633,66062900
2023-08-18,172.99359130859375,173.59836059602029,170.48528962334868,170.82237017622754,61114200
2023-08-21,174.3319854736328,174.61950689363672,172.25000423465377,173.56859991663836,46311900
2023-08-22,175.71005249023438,176.15619021692956,174.73846130997606,175.541512243613,42084200
2023-08-23,179.56671142578125,179.99303161559698,176.80064510070915,176.9890180826326,52722800
2023-08-24,174.86737060546875,179.54689311295104,174.50053343712446,179.12057292485625,54945800
2023-08-25,177.07826232910156,177.61362469655592,174.3121956960464,175.85881489972726,51449600
2023-08-28,178.64468383789062,179.04124736642365,177.018749166219,178.54553539179292,43820700
2023-08-29,182.5409698486328,183.31427930675537,177.9605961154563,178.1588778766287,53003900
2023-08-30,186.0407257080078,186.23902262970705,183.1556930836303,183.35397487739837,60813900
2023-08-31,186.25880432128906,187.49808420340318,185.87214960318659,186.22906281435257,60794500
2023-09-01,187.835205078125,188.2912516644068,186.66531684562548,187.86494658905943,45732600
2023-09-05,188.0731201171875,188.350717612699,186.00104769428793,186.66529992482816,45280000
2023-09-06,181.34133911132812,187.23039917082616,179.91368635412528,186.78424633825477,81755800
2023-09-07,176.0372772216797,176.68171202364425,172.05174773151387,173.6776828022984,112488800
2023-09-08,176.65191650390625,178.69426259870855,176.26526175899272,176.82047189213844,65551300
2023-09-11,177.82179260253906,178.75373349578624,175.8191120741523,178.52571023294755,58953100
2023-09-12,174.7880401611328,178.58519559094336,173.32073699502078,177.95068488711692,90370200
2023-09-13,172.7159881591797,175.77948480311008,172.48794973853728,174.99625134216151,84267900
2023-09-14,174.23284912109375,174.58976234555206,172.09136977434392,172.50776601489048,60895800
2023-09-15,173.5091094970703,174.98633670911127,172.32932763975032,174.9665039932106,109205100
2023-09-18,176.4437255859375,177.84163701778533,174.65915940995401,174.9664984209427,67257600
2023-09-19,177.5343017578125,178.08949677364237,175.61093679016653,175.99759154247158,51826900
2023-09-20,173.98500061035156,178.1588871164402,173.89576095445636,177.72265814247962,58436200
2023-09-21,172.4383544921875,174.78803946069445,172.36896268457267,173.05304760725463,63047900
2023-09-22,173.29098510742188,175.56135441857745,172.55734106823024,173.17201907467273,56725400
2023-09-25,174.56991577148438,175.4522824052414,172.6564598476282,172.7060340664089,46172700
2023-09-26,170.4852752685547,173.69747930093746,170.1878450472042,173.32074847329434,64588900
2023-09-27,168.96835327148438,171.55597002980713,167.60019869586014,171.13957384349305,66921800
2023-09-28,169.22616577148438,170.55467030699108,166.18248681585104,167.88773731405627,56294400
2023-09-29,169.74169921875,171.58574835004075,168.87915010499984,170.54475018871184,51814200
2023-10-02,172.25990295410156,172.80518912572896,169.46408028935463,169.75160169254372,52164500
2023-10-03,170.9214630126953,172.14092522120978,169.35502666679727,170.78266428098559,49594600
2023-10-04,172.17066955566406,172.7159556991738,169.50373697662062,169.6227029977764,53020300
2023-10-05,173.40997314453125,173.94533544106068,171.19908676207933,172.29956799243436,48527900
2023-10-06,175.9678497314453,176.46356172729125,171.69479961979252,172.30949278163357,57224100
2023-10-09,177.45497131347656,177.51445432768062,174.2923266162491,175.29365932051672,42390800
2023-10-10,176.860107421875,178.17870301308767,176.4238784890915,176.5726011495921,43698000
2023-10-11,178.25802612304688,178.30760034526705,176.07689649671707,176.67174177957318,47551100
2023-10-12,179.16021728515625,180.7762279340573,177.50452608120557,178.52570660256114,56743100
2023-10-13,177.31617736816406,180.3697497847248,176.61225971587282,179.8641290223829,51427100
2023-10-16,177.18728637695312,177.5441995976702,174.99623283045386,175.23418002024147,52517000
2023-10-17,175.63075256347656,176.88986525789463,173.3009152798367,175.1350405719026,57549400
2023-10-18,174.3319854736328,176.05706860986896,173.60825021874456,174.07422069011992,54764400
2023-10-19,173.95526123046875,176.31484005715805,173.68757251536525,174.53027383635083,59302900
2023-10-20,171.3973846435547,173.91559492791032,171.15943743932888,173.80653768363138,64189300
2023-10-23,171.51634216308594,172.51767489960218,168.4726633962427,169.4442697526279,55980100
2023-10-24,171.95257568359375,172.18059896074934,169.97963653831403,171.56592094062157,43816600
2023-10-25,169.63265991210938,171.57584256593557,169.18650699014253,170.4059694558874,57157000
2023-10-26,165.45875549316406,169.91025482669738,164.24921696829185,168.90890687614655,70625300
2023-10-27,166.77734375,167.5110029440003,165.39926501775972,165.47858075180807,58499100
2023-10-30,168.82957458496094,169.70203248533966,167.42175441803172,167.57047708446643,51131000
2023-10-31,169.30548095703125,169.43435579022267,166.4600837859852,167.89766069037708,44846000
2023-11-01,172.47802734375,172.73579212701503,168.66103905073186,169.5334969755198,56934900
2023-11-02,176.04718017578125,176.2553707597914,173.95527477340474,174.01475779740764,77334800
2023-11-03,175.13502502441406,175.3035803991637,171.86333827281126,172.74570493436423,79763700
2023-11-06,177.69290161132812,177.8911833660216,174.69881232122145,174.86735256910734,63841300
2023-11-07,180.26071166992188,180.87538968418906,177.4351473327296,177.64333789269085,70530000
2023-11-08,181.321533203125,181.87672821790486,180.03267898856913,180.78617090399572,49340300
2023-11-09,180.8456268310547,182.54095313093342,180.25076647408798,181.3909129702863,53763500
2023-11-10,185.04489135742188,185.2136688107188,182.19576071339824,182.63256439705196,66133400
2023-11-13,183.45654296875,184.67759686655458,182.87083578949566,184.46913200851657,43627500
2023-11-14,186.07733154296875,186.74245888927783,184.94561983989882,186.33543591459554,60108400
2023-11-15,186.6431884765625,188.12236184083608,186.414864785386,186.4843631662735,53790500
2023-11-16,188.33082580566406,189.57173837709286,187.27851922089127,188.19184420357837,54412900
2023-11-17,188.3109893798828,188.99597562451044,187.19913643084107,188.8669158544037,50922700
2023-11-20,190.0581817626953,190.51484429092645,188.4996033239707,188.50952517211448,46505100
2023-11-21,189.25405883789062,190.12766614172318,188.36060783923182,190.0184652287441,38134500
2023-11-22,189.91917419433594,191.52739194971423,189.44266803493824,190.09787347152113,39617700
2023-11-24,188.58892822265625,189.51215989530726,187.8741613770549,189.48237920572873,24048300
2023-11-27,188.4102325439453,189.28383984926063,187.52670339120002,188.53929229982836,40552600
2023-11-28,189.0157928466797,189.6908571482296,188.0230628104096,188.40030507150686,38415400
2023-11-29,187.99330139160156,190.69352857887446,187.5962153955331,189.5121772909601,43014200
2023-11-30,188.569091796875,188.93641225844013,186.82189215984647,188.45989087281944,48794400
2023-12-01,189.84970092773438,190.1673666680402,187.85430382511626,188.94631294335792,45679300
2023-12-04,188.0528564453125,188.66835941071503,186.08725507958516,188.59886103241988,43389500
2023-12-05,192.0138397216797,192.98671090530596,188.79738898570994,188.8271848225055,66628400
2023-12-06,190.92185974121094,193.3441084564195,190.71337975554792,193.03636454966008,41089700
2023-12-07,192.85768127441406,193.5823700079149,192.18261692775607,192.22233461466143,47477700
2023-12-08,194.28720092773438,194.56516412443645,192.26202318278135,192.78816888710017,53377300
2023-12-11,191.7755889892578,192.08334803730577,190.0283895071003,191.70610576075973,60943700
2023-12-12,193.2944793701172,193.30440121762786,190.32621099568146,191.67632450221151,52696900
2023-12-13,196.5208740234375,196.5605765657659,193.433482543182,193.67172809287342,70404200
2023-12-14,196.66976928710938,198.16878635020208,194.73394853732478,196.58042720970235,66831600
2023-12-15,196.1336669921875,196.95761953527563,195.56780363961917,196.09394931067894,128256700
2023-12-18,194.4658966064453,195.20052232582978,192.9768014723469,194.66443959475328,55751900
2023-12-19,195.50828552246094,195.51820737110475,194.46591579616017,194.73395718814848,40714100
2023-12-20,193.4136199951172,196.24289187855894,193.4136199951172,195.46856356116558,52242800
2023-12-21,193.26467895507812,195.64724016492798,192.09326476649224,194.67436895686498,46482500
2023-12-22,192.19253540039062,193.98937428927292,191.56711064871152,193.7610354812219,37122800
2023-12-26,191.64654541015625,192.48043504376977,191.42814358023,192.20247183256527,28919300
2023-12-27,191.74583435058594,192.0932959838613,189.70081253792972,191.09064392317032,48087700
2023-12-28,192.17269897460938,193.24484932489418,191.76567598880632,192.72862541967714,34049900
2023-12-29,191.1303253173828,192.98672576072192,190.33613820624774,192.4903607097449,42628800
2024-01-02,184.29042053222656,187.07006792285642,182.55314280656535,185.78943757371047,82488700
2024-01-03,182.9105224609375,184.52867738484042,182.0964765011294,182.88074176951616,58414500
2024-01-04,180.58753967285156,181.7589539428833,179.5650288616003,180.82578520690032,71983600
2024-01-05,179.86285400390625,181.43136956938284,178.86020193485106,180.66697820637782,62303300
2024-01-08,184.2110137939453,184.2507314848132,180.18053159891653,180.76623878240164,59144500
2024-01-09,183.7940673828125,183.80398923151574,181.40158398145778,182.58293533514995,42841800
2024-01-10,184.83642578125,185.0448906262594,182.58292413922769,183.00980597306068,46792900
2024-01-11,184.24078369140625,185.69017636593313,182.28510409693843,185.1838742981323,49128400
2024-01-12,184.56838989257812,185.38243589635255,183.84370111575322,184.70737150933715,40444700
2024-01-16,182.29502868652344,182.92043833380222,179.61464536328148,180.83571426310817,65603000
2024-01-17,181.3519287109375,181.6001112377356,178.98924135636386,179.95219077216925,47317400
2024-01-18,187.25868225097656,187.76496914507203,184.47903496158258,184.73713933247967,78005800
2024-01-19,190.16738891601562,190.55455307634924,187.44731794521132,187.95360487861367,68741000
2024-01-22,192.48043823242188,193.90997199821769,190.86228332421425,190.90200101096366,60133900
2024-01-23,193.7610626220703,194.3269260762536,192.42088601370864,193.60223731108647,42355600
2024-01-24,193.08599853515625,194.9523359132993,192.92715808853583,193.99930838143553,53631300
2024-01-25,192.75840759277344,194.84314692565724,191.70611607825748,193.80077725921535,54822100
2024-01-26,191.02113342285156,193.34411833566054,190.54462719280716,192.85769025735726,44594000
2024-01-29,190.3361358642578,190.80272021826386,188.20177223046258,190.614099077556,47145600
2024-01-30,186.67295837402344,190.4056331853674,186.10711010289756,189.5518847070131,55859400
2024-01-31,183.05943298339844,185.7398164976455,183.00980859435379,185.6802399646441,55467800
2024-02-01,185.50157165527344,185.59091374061754,182.4836784167144,182.65244073831812,64885400
2024-02-02,184.4989013671875,185.96813772334343,177.9468764270477,178.55244241438749,102518000
2024-02-05,186.31558227539062,187.87417583998953,184.48896248395178,186.78216664518396,69668800
2024-02-06,187.92381286621094,187.9337347140823,185.4122068995574,185.50154897397763,43490800
2024-02-07,188.03302001953125,189.66109684812312,187.23883287556598,189.2540738540102,53439000
2024-02-08,186.95094299316406,188.16205980044833,185.98799356738817,188.0131563419714,40962000
2024-02-09,187.71630859375,188.8494643803939,186.8714052160575,187.5174970927484,45155200
2024-02-12,186.02651977539062,187.53739935899367,185.66868027314752,187.288900125969,41781900
2024-02-13,183.92918395996094,185.09217370700773,182.4083698811328,184.6548126341336,56529500
2024-02-14,183.0445098876953,184.41623036442274,181.34478380471282,184.20749952407863,54630500
2024-02-15,182.75625610351562,183.3824789542038,180.26132954316023,182.4481195157763,65434500
2024-02-16,181.21554565429688,183.7403059011213,180.57938833891825,182.31888265706775,49701400
2024-02-20,180.47006225585938,181.33483464555084,178.91942962585208,180.69867728023533,53665600
2024-02-21,181.22552490234375,181.79209525720324,179.57548638259638,180.8478012209779,41529700
2024-02-22,183.26319885253906,183.84966853541172,181.36467634977905,182.37854224114136,52292200
2024-02-23,181.42431640625,183.92917764586625,181.13604881484736,183.89935895257477,45119700
2024-02-26,180.0724639892578,181.66284976948523,179.56551591408572,181.14598235368476,40867400
2024-02-27,181.53363037109375,182.81587949842793,178.48205308405986,180.01281656480094,54318900
2024-02-28,180.33091735839844,182.02070906977036,179.0486680197237,181.4143703487687,48953900
2024-02-29,179.66494750976562,181.47402922690614,178.45227002550848,180.1818301671186,136682600
2024-03-01,178.5814666748047,179.44623902736157,176.3151552102376,178.47212642137438,73488000
2024-03-04,174.0488739013672,175.8380562970389,172.74672514229152,175.0925585764457,81510100
2024-03-05,169.09873962402344,171.00721175997333,168.60174119797853,169.73489700267342,95132400
2024-03-06,168.104736328125,170.21201988746688,167.6673753032203,170.03309257401145,68587700
2024-03-07,167.9854736328125,169.70508399774383,167.47854068144582,168.13456709874717,71765100
2024-03-08,169.705078125,172.6572499858552,167.92583043526673,167.9854678195768,76114600
2024-03-11,171.71295166015625,173.33317133974063,171.01715691552084,171.90181348381185,60139500
2024-03-12,172.1900634765625,172.98526395951052,169.98338934079592,172.11054191154895,59825400
2024-03-13,170.10267639160156,172.15030736266894,169.73488726374302,171.7328305288075,52488700
2024-03-14,171.96145629882812,173.26358975503445,171.0171623179081,171.87200022180366,72913500
2024-03-15,171.58372497558594,171.58372497558594,169.2677105816515,170.14243263043366,121664700
2024-03-18,172.67713928222656,176.64319229534289,172.4783429395777,174.51603957790343,75604200
2024-03-19,175.02297973632812,175.54979689128342,171.9912860926869,173.29341963294198,55215200
2024-03-20,177.59742736816406,177.59742736816406,174.0389165846836,174.66513949599232,53423100
2024-03-21,170.3412322998047,176.42450322724187,169.81441519205438,175.98714219427453,106181300
2024-03-22,171.24578857421875,172.0111704512642,169.0391141931604,170.7289059277682,71106600
2024-03-25,169.82435607910156,170.90780893012868,168.43275148556643,169.54603819383198,54288300
2024-03-26,168.6912078857422,170.39093396328443,168.56198344496033,168.97946029150032,57388400
2024-03-27,172.26959228515625,172.55785986634996,169.08880538680637,169.3870074763491,60273300
2024-03-28,170.4505615234375,171.19605909940955,169.4863834451387,170.7189448975998,65672700
2024-04-01,169.00929260253906,170.22197004043582,168.46259127116116,170.16233265286536,46240500
2024-04-02,167.82643127441406,168.3234297194346,167.22009256480143,168.0649959882119,49329500
2024-04-03,168.63156127929688,169.6553768320082,167.56799252573734,167.7767233727702,47691700
2024-04-04,167.8065643310547,170.88794562795422,167.8065643310547,169.2677258236611,53704400
2024-04-05,168.56198120117188,169.3671161921521,167.93575835610383,168.57191570910442,42055200
2024-04-08,167.43878173828125,168.1842794442996,167.23005087422234,168.01530178433154,37425500
2024-04-09,168.65147399902344,169.05901642081855,167.3394058083934,167.68729566804038,42451200
2024-04-10,166.77279663085938,168.0749301271986,166.1068205360595,167.78667770328389,49709300
2024-04-11,173.98919677734375,174.40668878905643,167.15050896636146,167.32942111379162,91070300
2024-04-12,175.49014282226562,177.2892746522008,173.16419388744958,173.21388159504414,101593300
2024-04-15,171.6533203125,175.56967037066977,171.46445848220424,174.30729011068368,73531800
2024-04-16,168.36317443847656,172.7168698915991,167.25983743883052,170.71894188345593,73711200
2024-04-17,166.99148559570312,169.62557141471189,166.99148559570312,168.59182127268286,50901200
2024-04-18,166.0372314453125,167.62763251332663,165.55018268321453,167.02129381245496,43122900
2024-04-19,164.0094757080078,165.40106519259456,163.0950004513954,165.21221853676252,67772100
2024-04-22,164.84445190429688,166.2559257648484,163.78088304598398,164.52638076461832,48116400
2024-04-23,165.8980712890625,166.0471799196536,163.92996173620628,164.3573882766078,49537800
2024-04-24,168.00535583496094,168.2836737462142,165.21222704669103,165.540232667877,48251800
2024-04-25,168.87013244628906,169.58581142644354,167.14057238305094,168.51229295621184,50558300
2024-04-26,168.2836456298828,170.3113922398221,168.16435571128443,168.86016554035234,44838400
2024-04-29,172.4584503173828,174.97326108846298,172.06085765153782,172.3292258757486,68169400
2024-04-30,169.30747985839844,173.9395086711804,168.9794590883409,172.28947031289857,65934800
2024-05-01,168.2836456298828,171.67317804291875,168.09478382868932,168.56196349463553,50383100
2024-05-02,171.99127197265625,172.37893013348045,169.8641193422282,171.4743893691613,94214900
2024-05-03,182.27915954589844,185.8774235329829,181.56348055207545,185.52951854505613,163224100
2024-05-06,180.6191864013672,183.0942290168702,179.33692188523904,181.25534382134734,78569700
2024-05-07,181.30502319335938,183.79001537072006,180.23151991986552,182.34872294128857,77305800
2024-05-08,181.6429901123047,181.97101089337855,180.36072568018065,181.75233037266264,45057100
2024-05-09,183.46202087402344,183.55147695770702,181.0167817496789,181.46407733528633,48983000
2024-05-10,182.1979217529297,184.22841905381327,181.28220609270682,184.039301056681,50759500
2024-05-13,185.4128875732422,186.22907786103977,183.76061103045285,184.57680131825043,72044800
2024-05-14,186.55752563476562,187.42348620330452,185.42283282321628,186.63715506565202,52393600
2024-05-15,188.83688354492188,189.76254724660947,186.4978163614719,187.03531124896162,70400000
2024-05-16,188.95631408691406,190.21045865928463,188.7771592552961,189.58338637309936,52845200
2024-05-17,188.9861602783203,189.92178705781208,188.29936976198016,188.62783545187153,41282900
2024-05-20,190.15072631835938,191.02663488992152,188.1301769262196,188.44869465688268,44361300
2024-05-21,191.4546356201172,191.83285642957057,190.03128423275254,190.20049107683238,42309400
2024-05-22,190.01136779785156,191.92244369758092,189.38431073139583,191.37500087150013,34648500
2024-05-23,186.0100860595703,190.11090276702717,185.76124979940406,190.09099161364105,51005900
2024-05-24,189.0956573486328,189.6928704821682,187.16468542966413,187.94106857836448,36294600
2024-05-28,189.10560607910156,192.1015891258543,188.219749617586,190.61851957640835,52280100
2024-05-29,189.4042205810547,191.35510374397245,188.6278525845266,188.7273931739324,53068000
2024-05-30,190.39956665039062,191.2854232244703,189.7426503955058,189.8720349370489,49947900
2024-05-31,191.35508728027344,191.67360498875826,189.02598349107927,190.54886021384164,75158300
2024-06-03,193.12680053710938,194.0823384761381,191.62383496596826,192.0020557606219,50080500
2024-06-04,193.44532775878906,194.41081372828987,192.13146492648488,193.73397115741048,47471400
2024-06-05,194.95823669433594,195.9834409155792,193.96289161058436,194.49042328995185,54156800
2024-06-06,193.57470703125,195.58530834672572,193.2661524862918,194.77908126144504,41181800
2024-06-07,195.97349548339844,196.02326577578603,193.23629646745044,193.7439169991778,53103900
2024-06-10,192.22103881835938,196.3815891899795,191.25555286655262,195.98344204153506,97262100
2024-06-11,206.1857147216797,206.19567789204126,192.7286609927464,192.74855695795014,172373300
2024-06-12,212.0782012939453,219.1750019825869,205.9369082694312,206.40472171133436,198134300
2024-06-13,213.24273681640625,215.74104751612717,210.61502639534655,213.74040935969603,97862700
2024-06-14,211.50086975097656,214.16838712685717,210.31640674162668,212.8545395919822,70122700
2024-06-17,215.6614227294922,217.9308083607288,211.72981259041407,212.37678083551464,93728300
2024-06-18,213.29248046875,217.61228945527094,212.008492058615,216.5771221156608,79943300
2024-06-20,208.70394897460938,213.24273529474334,207.87782592387282,212.93416556238657,86172500
2024-06-21,206.52415466308594,210.90366690915465,206.14591867526494,209.41064929966387,246421400
2024-06-24,207.17111206054688,211.70988292620214,205.62832424046638,206.75306897426384,80727000
2024-06-25,208.0968017578125,210.3960464470149,207.6389363414956,208.1764159984445,56713900
2024-06-26,212.25733947753906,213.8598456726642,209.65948819693895,210.51548557795786,66213200
2024-06-27,213.1033935546875,214.73575892320002,211.36153961685812,213.69064352295018,49772700
2024-06-28,209.6395721435547,215.0642148828325,209.3210696212814,214.76560832661605,82542700
2024-07-01,215.7410430908203,216.4974998735104,210.933524598722,211.10273143743845,60402900
2024-07-02,219.24464416503906,219.35413272093265,214.09871241355896,215.14381249791867,58046200
2024-07-03,220.51870727539062,220.51870727539062,218.01043340115498,218.97591935149836,37369800
2024-07-05,225.28640747070312,225.39589603978789,220.61823649717394,220.61823649717394,60412400
2024-07-08,226.75953674316406,226.78939588229815,222.21080217009418,226.0329238568709,59085900
2024-07-09,227.61550903320312,228.33215871662,225.3162642938077,226.8690002119573,48076100
2024-07-10,231.8955078125,231.9950484021832,228.18287467129386,228.23264496613547,62627700
2024-07-11,226.51071166992188,231.30826757731523,224.7190872943915,230.31292238954973,64710600
2024-07-12,229.46685791015625,231.55708874298097,227.6155153743793,227.8544036714271,53046500
2024-07-15,233.3088836669922,236.12571210202407,232.00498402552307,235.37920328245679,62631300
2024-07-16,233.72694396972656,235.17019132901206,231.2485291999769,233.90609879782943,43234300
2024-07-17,227.81459045410156,230.38258262455565,225.58501197125685,228.38192926123955,57345900
2024-07-18,223.13645935058594,229.3673294560276,221.23536173419896,229.20807059344992,66034600
2024-07-19,223.26583862304688,225.74425318618754,222.24063446922685,223.773474302542,49151500
2024-07-22,222.91751098632812,226.71972163861233,222.05155036063144,225.95330160503406,48201800
2024-07-23,223.96258544921875,225.88360930378687,221.64342964759248,223.32556522126958,39960300
2024-07-24,217.522705078125,223.75357494115906,216.1192800710717,222.9572958470105,61777600
2024-07-25,216.47763061523438,219.82199105766173,213.6209795952312,217.9109149296213,51391200
2024-07-26,216.94541931152344,218.46829606182757,215.0044842643322,217.6819649471348,41601300
2024-07-29,217.22412109375,218.27918447457574,214.74570631572197,215.95008057489312,36311800
2024-07-30,217.78150939941406,219.30438617677734,215.11397665237357,218.16969337819762,41643800
2024-07-31,221.04623413085938,222.77814001369308,219.60298682237814,220.40921389598267,50036300
2024-08-01,217.3435516357422,223.43505864730554,216.0097928775357,223.3255700813178,62501000
2024-08-02,218.83657836914062,224.54986481713928,216.69659243938975,218.12987665236415,105568600
2024-08-05,208.29586791992188,212.506173331003,195.0876345333798,198.16324716744046,119548600
2024-08-06,206.26535034179688,209.01251239840335,200.13403637997632,204.34434168651262,69660500
2024-08-07,208.8433074951172,212.64551772150753,205.42926604632788,205.93688655864335,63516400
2024-08-08,212.3170623779297,213.2029189157903,207.85792055043288,212.1179963940502,47161100
2024-08-09,215.23342895507812,215.77090862412464,210.98330114399806,211.11270086651854,42201600
2024-08-12,216.76803588867188,218.7410960979999,214.8448035806853,215.31315848368175,38028100
2024-08-13,220.49493408203125,221.11275746457662,218.2428407360094,218.2428407360094,44155300
2024-08-14,220.943359375,222.24876826808693,218.93043078284688,219.7973936824548,41960600
2024-08-15,223.93284606933594,224.56064415441705,221.97970491871703,223.81327127421198,46414000
2024-08-16,225.25819396972656,226.03546056539557,222.86659157853387,223.1356500786779,44340200
2024-08-19,225.0987548828125,225.19841068626937,222.25873174304007,224.92935218120843,40687800
2024-08-20,225.71656799316406,226.3742597731608,224.66028342820331,224.9791698204466,30299000
2024-08-21,225.60696411132812,227.18143154067607,224.26170199000447,225.7265541171402,34765500
2024-08-22,223.74351501464844,227.5401669123529,223.11571691317775,226.9920904114928,43695300
2024-08-23,226.04541015625,227.42058109078098,223.544207780358,224.86955081625499,38677300
2024-08-26,226.3842315673828,226.48388737170686,223.1057623977585,225.9657045588355,30602200
2024-08-27,227.2312469482422,228.04838192077386,224.1022464634546,225.20835892301574,35934600
2024-08-28,225.69664001464844,229.05483047059747,224.8894645684117,227.1216236092518,38052200
2024-08-29,228.98507690429688,232.10411789712717,228.07827604001008,229.294003797999,51906300
2024-08-30,228.19786071777344,229.59295072736154,226.68318070354871,229.38369482859366,52990800
2024-09-03,221.9896697998047,228.19784265919515,220.39526831044307,227.7494219919808,50190600
2024-09-04,220.076416015625,221.00315112701452,216.71821006143196,220.88357632692316,43840200
2024-09-05,221.60104370117188,224.6901757794695,220.744055533832,220.85367082984084,36615400
2024-09-06,220.0465087890625,224.4510243839852,219.00018373655976,223.16553454066073,48423000
2024-09-09,220.13619995117188,220.49493955114087,215.95091475509392,220.04651885251477,67180000
2024-09-10,219.3389892578125,220.70418549359823,215.97082401031443,218.15315521125123,51591000
2024-09-11,221.88006591796875,222.3085524071335,217.126770108234,220.6842723421212,44587100
2024-09-12,221.9896697998047,222.7669363444001,219.05000630879996,221.72061131734026,37498200
2024-09-13,221.7206268310547,223.25522582753553,221.13269713278441,222.7968456308755,36766600
2024-09-16,215.56228637695312,216.45912779468063,213.1706839207783,215.7815017768951,59357400
2024-09-17,216.03062438964844,216.14023969143096,213.74865245933694,214.99427397716522,45519300
2024-09-18,219.91696166992188,221.9298901997397,216.777986478492,216.7879611815548,59894900
2024-09-19,228.06829833984375,229.014982798629,223.84316014627527,224.20189972925183,66781300
2024-09-20,227.40065002441406,232.27352055331795,226.82267984404155,229.1644542640561,318679900
2024-09-23,225.67672729492188,228.64628476177805,225.01903547850176,226.54367501316779,54146000
2024-09-24,226.5735626220703,228.5466380182851,224.93930782860403,227.8490778167103,43556100
2024-09-25,225.57705688476562,226.49383244586693,223.2352976856936,224.1420985437932,42308700
2024-09-26,226.72303771972656,227.69960067739044,224.62042810744603,226.50380712846774,36636700
2024-09-27,226.99209594726562,228.71604709249937,226.50382203896112,227.65976246799463,34026000
2024-09-30,232.18385314941406,232.18385314941406,228.84558136748996,229.23421467656505,54541900
2024-10-01,225.41763305664062,228.84557057238277,222.9562838134916,228.71603627902877,63285000
2024-10-02,225.98562622070312,226.57355589970402,222.2388023482828,225.09874435066007,32880600
2024-10-03,224.87950134277344,226.0155074417467,222.5377422537936,224.35135909006985,34044200
2024-10-04,226.0055694580078,227.20136306464835,223.3449237414969,227.1017072618697,37245100
2024-10-07,220.91346740722656,224.8994562199718,220.55472780586587,223.7136221153256,39505400
2024-10-08,224.9791717529297,225.1884276449642,222.46799461113406,223.51431968732726,31855700
2024-10-09,228.7359619140625,228.94523301761674,224.0424685900414,224.44106139019914,33591100
2024-10-10,228.2377166748047,228.6961120865482,226.37427173832708,226.98213565099735,28183500
2024-10-11,226.7529296875,228.60641499605356,226.54365859549918,228.49679970126073,31759200
2024-10-14,230.48980712890625,230.91829362955485,227.79926770980506,227.89890830734765,39882100
2024-10-15,233.03086853027344,236.65811760908664,231.5560417756155,232.79170373632726,64751400
2024-10-16,230.96810913085938,231.3069145139278,229.0349022193022,230.78874694170784,34082200
2024-10-17,231.33682250976562,233.0308799404877,229.71254238803704,232.6123377292532,32993800
2024-10-18,234.1768341064453,235.35269346424636,233.19029643777657,235.35269346424636,46431500
2024-10-21,235.6516571044922,236.02037141360947,233.62876897482323,233.62876897482323,36254500
2024-10-22,235.03382873535156,235.3925683333293,231.7852533575211,233.07072804715946,38846600
2024-10-23,229.95169067382812,234.31635331873264,226.96219904424217,233.26006870913344,52287000
2024-10-24,229.76235961914062,230.0114839114603,227.60992208421712,229.17441473320775,31109500
2024-10-25,230.5994110107422,232.40306843409212,228.76585988907573,228.935262581316,38802300
2024-10-28,232.5824432373047,233.9077863541258,231.73542973016842,232.50273684103132,36087100
2024-10-29,232.85150146484375,233.50919327337175,231.50623935322642,232.28350596136286,35417200
2024-10-30,229.29400634765625,232.65219696606212,228.74592985962587,231.79520878623467,47070900
2024-10-31,225.11868286132812,229.02495000446748,224.5805658660821,228.53666090957242,64370100
2024-11-01,222.12918090820312,224.56063636026596,219.4984290694042,220.1959740256502,65276700
2024-11-04,221.23233032226562,222.0095968952219,218.94039900502227,220.21591416091667,44944500
2024-11-05,222.66729736328125,223.1655459656629,220.36539125313263,221.02308305755813,28111300
2024-11-06,221.93984985351562,225.27812143912794,220.41521040716108,221.83023455712816,54561100
2024-11-07,226.68316650390625,227.08177448549134,223.78337136524107,223.8431587611439,42137700
2024-11-08,226.41383361816406,228.10973956989392,225.8651541338214,226.6233197345054,38328800
2024-11-11,223.69039916992188,225.15686291743452,220.96697301971395,224.4585504714927,42005600
2024-11-12,223.69039916992188,225.04712701721013,222.82249764582772,224.00963641496367,40398300
2024-11-13,224.5782470703125,226.10456392944064,222.2239257676591,223.4709176605461,48566200
2024-11-14,227.67079162597656,228.31922131738446,224.45853931227538,224.47849544461576,44923900
2024-11-15,224.4585418701172,226.3739196007606,223.73030286311794,225.8551667084814,47923700
2024-11-18,227.4712677001953,229.18712968944305,224.62812021676072,224.70792952115227,44686000
2024-11-19,227.73065185546875,229.60613257977118,226.11455519341968,226.43377721041003,36211800
2024-11-20,228.44891357421875,229.37666823104936,225.34639715216647,227.51117324017346,35169600
2024-11-21,227.97007751464844,229.60613029336434,225.16684213362325,228.3292117939797,42108300
2024-11-22,229.3168182373047,230.16477882059493,227.51117639639193,227.51117639639193,38168300
2024-11-25,232.30960083007812,232.68869124314412,229.1871434272115,230.9030055193102,90152800
2024-11-26,234.49432373046875,235.00310615337486,232.76849125195545,232.76849125195545,45986200
2024-11-27,234.36463928222656,235.12282010257627,233.24733940643014,233.9057547855541,33498400
2024-11-29,236.7588653564453,237.2377059705746,233.40695061340287,234.24492549364632,28481400
2024-12-02,239.013427734375,240.21053691361496,236.58928278806928,236.69901868412032,48137100
2024-12-03,242.06607055664062,242.1758064568113,238.32509471728144,239.232908507596,38861000
2024-12-04,242.42520141601562,243.5225604021956,240.66944226019712,242.28553892887177,44383900
2024-12-05,242.4551239013672,243.95151419061432,241.54732536132988,243.40284992887905,40033900
2024-12-06,242.25559997558594,244.04130085085734,241.49743440151175,242.32543882662802,36870600
2024-12-09,246.1562042236328,246.64503053466012,241.16823655952678,241.24804586880077,44649200
2024-12-10,247.1737518310547,247.612695417372,244.7495916510093,246.2958646584201,36914800
2024-12-11,245.89683532714844,250.19646101706442,245.66737785476369,247.3632990378159,45205800
2024-12-12,247.36329650878906,248.1414182384854,245.08876927344312,246.2958641332418,32777500
2024-12-13,247.5328826904297,248.69007959411312,245.647431564018,247.223631137632,33155300
2024-12-16,250.43588256835938,250.77507595019196,247.05404098232512,247.3932343641577,51694800
2024-12-17,252.8699951171875,253.21915892963332,249.1789022262073,249.47818331943677,51356400
2024-12-18,247.4530792236328,253.66808268004456,247.14382766353577,251.55318925842403,56774100
2024-12-19,249.1888885498047,251.3935770141874,246.49538898335234,246.90440599607692,60882300
2024-12-20,253.87759399414062,254.3863612366688,245.09876750312787,247.44310326755718,147495300
2024-12-23,254.6557159423828,255.03479114956258,252.8400883307868,254.15691915529422,40858800
2024-12-24,257.57867431640625,257.58862955018265,254.67565812568793,254.87518901917565,23234700
2024-12-26,258.39666748046875,259.47408555117545,257.0100282923795,257.56867823862046,27237100
2024-12-27,254.9749298095703,258.0774615569102,252.4510193654514,257.20952960207876,42355300
2024-12-30,251.59307861328125,252.88995321263158,250.14657107718884,251.62300520062965,35557500
2024-12-31,249.81736755371094,252.67048563095815,248.82974448856297,251.83251072711272,39480700
2025-01-02,243.26319885253906,248.5005651105234,241.23808511721737,248.3309608077005,55740700
2025-01-03,242.7743682861328,243.5923870862029,241.3079045417172,242.7743682861328,40244100
2025-01-06,244.41041564941406,246.73481040856498,242.61474424512696,243.72207367593157,45045600
2025-01-07,241.62713623046875,244.9590949760797,240.76920518354387,242.3952722906863,40856000
2025-01-08,242.11595153808594,243.12353076570005,239.47233471944105,241.33782978685954,37628900
2025-01-10,236.28004455566406,239.58207685657038,232.43930319937854,239.43242868693397,61710900
2025-01-13,233.83592224121094,234.10527676213235,229.16719172961072,232.96802072299363,49630700
2025-01-14,232.71861267089844,235.55177458449063,231.9105643637605,234.1850763475817,39435300
2025-01-15,237.2975616455078,238.38495013235746,233.86583756026477,234.07533889356793,39832000
2025-01-16,227.710693359375,237.4372302632713,227.4812511099753,236.77883010316478,71759100
2025-01-17,229.4265594482422,231.73099810398455,227.93016912923343,231.5614090278119,68488300
2025-01-21,222.10421752929688,223.87993275191027,218.85206818023312,223.46094530610958,98070400
2025-01-22,223.29136657714844,223.58066200952604,219.26108010259503,219.26108010259503,64126500
2025-01-23,223.1217803955078,226.4836658384098,221.76505253825962,224.19918327232872,60234800
2025-01-24,222.24388122558594,225.08702882156655,220.877182986192,224.23906824814947,54697900
2025-01-27,229.30685424804688,231.59133678218907,223.44099929694335,223.4809115633434,94863400
2025-01-28,237.68663024902344,239.61199368769647,230.25456145518996,230.2944737209622,75707600
2025-01-29,238.7839813232422,239.28277807440017,233.446849997024,233.55658589116152,45486100
2025-01-30,237.0182342529297,240.21053038482776,236.63915907674937,238.09563705158317,55658300
2025-01-31,235.4320831298828,246.59515764263173,232.87824601959832,246.59515764263173,101075100
2025-02-03,227.46128845214844,231.27210292869276,225.1568499027089,229.4365345420127,73063300
2025-02-04,232.23977661132812,232.5689843025687,226.10456727432145,226.70312948058964,45067300
2025-02-05,231.91058349609375,232.11009917003332,227.7206934550818,227.98006230899622,39620300
2025-02-06,232.6587677001953,233.23737378273856,229.875473186273,230.7334042435517,29925300
2025-02-07,227.08221435546875,233.43688010961284,226.71309440770742,232.04025529180169,39707200
2025-02-10,227.3518524169922,230.2880044885276,226.90244480659103,229.26935130196645,33115600
2025-02-11,232.3153533935547,234.92193591818142,227.83124330015124,227.90114370319637,53718400
2025-02-12,236.55978393554688,236.64967765066982,230.377888084301,230.89721134547665,45243300
2025-02-13,241.21368408203125,242.02262084431055,235.2614980047627,236.5997394445533,53614100
2025-02-14,244.2796630859375,245.22841586050225,240.67439035154717,240.93404435379279,40896200
2025-02-18,244.14984130859375,244.85890295305822,241.52328070167576,243.83025306858283,48822500
2025-02-19,244.54930114746094,245.68780753699892,242.84154918255663,244.33958470767533,32204200
2025-02-20,245.508056640625,246.4568094488268,243.9700649298591,244.61922281669615,32316900
2025-02-21,245.22842407226562,248.36431123309396,244.89885442060717,245.6278941258364,53197400
2025-02-24,246.77639770507812,248.53408727873096,244.09989957647335,244.609226181644,51326400
2025-02-25,246.71646118164062,249.67259136851834,244.58926106556868,247.67521063757022,48013300
2025-02-26,240.0452117919922,244.65915630674968,238.8168269352331,244.01001367840516,44433600
2025-02-27,236.98922729492188,242.14247324939222,236.74953612071198,239.09646458024955,41153600
2025-02-28,241.5232696533203,241.77294223985544,229.89851463379637,236.63967447024518,56833400
2025-03-03,237.71826171875,243.71040379171194,235.80077808405883,241.47333193183624,47184000
2025-03-04,235.6210174560547,239.75561031847352,234.3726544629493,237.39870037793833,53798100
2025-03-05,235.4312744140625,236.2402111793479,228.92979032203158,235.11168617953675,47227600
2025-03-06,235.0218048095703,237.54849020730907,232.8546485518437,234.13297099659667,45170400
2025-03-07,238.7569122314453,241.05388787370777,234.45254396930395,234.80209169163373,46273600
2025-03-10,227.1820831298828,235.85072354308846,223.92635798057333,235.23152514577004,72071200
2025-03-11,220.55078125,225.54423318142804,217.16522145004404,223.51689291637274,76137400
2025-03-12,216.69583129882812,221.4595886104368,214.6285501658544,219.85169651198805,62547500
2025-03-13,209.4053955078125,216.55602242060417,208.14705109128238,215.6671885752157,61368300
2025-03-14,213.21041870117188,213.66980775083542,209.30553558500114,210.97334672214788,60107600
2025-03-17,213.71974182128906,214.93814530685134,209.69502079955336,213.0306430192638,48073400
2025-03-18,212.4114532470703,214.8682229774316,211.21302787332291,213.87952928252258,42432400
2025-03-19,214.95811462402344,218.47349365471302,213.470060528986,213.93944620866878,54385400
2025-03-20,213.81961059570312,217.20517028159983,211.94206785632258,213.70975404736055,48862900
2025-03-21,217.98414611816406,218.5533916912833,211.0032951126973,211.2829271905112,94127800
2025-03-24,220.44091796875,221.1899357355996,218.29373979930335,220.71056863168138,44299500
2025-03-25,223.45697021484375,223.80651793975238,219.79177838679217,220.48087718007702,34493600
2025-03-26,221.2398681640625,224.7253029108424,220.18125884970436,223.21727075576553,34466100
2025-03-27,223.5568389892578,224.69534536875565,220.271139232742,221.1000540446544,37094800
2025-03-28,217.6146240234375,223.51688772665744,217.39491092445158,221.3796909591809,39818600
2025-03-31,221.83909606933594,225.32451569687797,215.9468137615173,216.72579102857173,65299300
2025-04-01,222.897705078125,223.3870536043053,218.61331487709137,219.5221267668628,36412700
2025-04-02,223.59678649902344,224.89508702876748,220.73055001137135,221.03016017035932,35905900
2025-04-03,202.9239044189453,207.2182761783418,200.9864426085102,205.27081771109022,103419000
2025-04-04,188.13330078125,199.61824028069563,187.09465424061224,193.6360793511012,125910900
2025-04-07,181.2223663330078,193.89573468350994,174.39131242893686,176.967935484531,160466300
2025-04-08,172.19419860839844,190.09072892121037,168.9884109270566,186.4554964395268,120859500
2025-04-09,198.58958435058594,200.3472738997123,171.6648855169899,171.72480450043201,184395900
2025-04-10,190.17062377929688,194.52491452460524,182.76034285398336,188.82240088513313,121880000
2025-04-11,197.89048767089844,199.27866665425725,185.81632494094944,185.856281088865,87435900
2025-04-14,202.25477600097656,212.6611277249045,200.8965565016436,211.1630921847052,101352900
2025-04-15,201.87527465820312,203.24347561495443,199.53834280484799,201.59564256833872,51343900
2025-04-16,194.0155792236328,200.4371508814261,192.11805840887246,198.10021911176236,59732400
2025-04-17,196.72203063964844,198.56961397436802,194.16538565496842,196.94174374665747,51334300
2025-04-21,192.9070281982422,193.54618940120912,189.56140949031536,193.01688474432112,46742500
2025-04-22,199.47842407226562,201.32599215129426,195.71335703344474,195.8631544964882,52976400
2025-04-23,204.33206176757812,207.7276030292648,202.5344160012944,205.7302222309065,52929200
2025-04-24,208.09710693359375,208.5565112075726,202.67422555441442,204.62166872266098,47311000
2025-04-25,209.00592041015625,209.47530610539675,205.92995222724628,206.0997277622984,38222300
2025-04-28,209.8647918701172,211.2230113707532,207.1883090170199,209.72497582911666,38743100
2025-04-29,210.9333953857422,211.96204522644123,208.09710321217068,208.41669143858087,36827600
2025-04-30,212.22171020507812,213.30029766677714,206.399343338795,209.02590396975114,52286500
2025-05-01,213.04063415527344,214.2790004444518,208.62640936955898,208.80618155790114,57365700
2025-05-02,205.08106994628906,206.71892151455646,201.89524528415058,205.82009105417706,101010600
2025-05-05,198.62953186035156,203.83271551835597,197.9504297070337,202.83402512431957,69018500
2025-05-06,198.25001525878906,200.38721199140494,196.7619763948813,197.9504203457911,51216500
2025-05-07,195.99298095703125,199.1788056079939,192.99690991055434,198.90915494694545,68536700
2025-05-08,197.2313690185547,199.78801395815432,194.42503624466005,197.46106353953903,50478900
2025-05-09,198.27000427246094,200.2773664943336,197.28129528859796,198.739389980464,36453900
2025-05-12,210.7899932861328,211.27000427246094,206.75,210.97000122070312,63775800
2025-05-13,212.92999267578125,213.39999389648438,209.0,210.42999267578125,51909300
2025-05-14,212.3300018310547,213.94000244140625,210.5800018310547,212.42999267578125,49325800
2025-05-15,211.4499969482422,212.9600067138672,209.5399932861328,210.9499969482422,45029500
2025-05-16,211.25999450683594,212.57000732421875,209.77000427246094,212.36000061035156,54737900
2025-05-19,208.77999877929688,209.47999572753906,204.25999450683594,207.91000366210938,46140500
2025-05-20,206.86000061035156,208.47000122070312,205.02999877929688,207.6699981689453,42496600
2025-05-21,202.08999633789062,207.0399932861328,200.7100067138672,205.1699981689453,59211800
2025-05-22,201.36000061035156,202.75,199.6999969482422,200.7100067138672,46742400
2025-05-23,195.27000427246094,197.6999969482422,193.4600067138672,193.6699981689453,78314800
