Price,Close,High,Low,Open,Volume
Ticker,MSFT,MSFT,MSFT,MSFT,MSFT
2020-05-26,173.95960998535156,178.68296499176597,173.50930858232218,178.529667786644,36073600
2020-05-27,174.18959045410156,174.36205351346214,169.19797123614876,172.6470716118272,39517100
2020-05-28,173.79672241210938,176.4314578184735,172.81948562359167,173.16439702519384,33810200
2020-05-29,175.5691680908203,176.54641939540448,172.84820877608945,175.070959536825,42130400
2020-06-01,175.16680908203125,175.32968189560512,173.85423636020056,174.88895604417246,22622400
2020-06-02,177.15960693359375,177.24583112660875,173.74882463044972,176.52726694636573,30794600
2020-06-03,177.59075927734375,178.14645071681335,175.88536796483194,177.07339945120424,27311000
2020-06-04,175.25302124023438,178.0506295184226,174.65901282929536,176.5751840844292,28761800
2020-06-05,179.35362243652344,179.86140663793083,174.3811558046037,174.96558860876283,39893600
2020-06-08,180.4650115966797,180.64705020721627,176.70931764506904,178.14644610396618,33211600
2020-06-09,181.84466552734375,182.706936794211,179.4111197061566,180.12010837438186,29783900
2020-06-10,188.58958435058594,190.19917591724314,183.00394300463498,183.1189232288996,43872300
2020-06-11,178.462646484375,187.55487139172058,178.2710322477645,185.03511567279585,52854700
2020-06-12,179.87098693847656,183.6841633450866,177.4182756432563,182.55361479083015,43373600
2020-06-15,181.02069091796875,182.82189647750297,176.2973214302196,176.84343722531378,32770200
2020-06-16,185.45663452148438,187.38238129288425,183.43507334347268,184.805128718821,42556700
2020-06-17,186.09854125976562,188.09136094484612,185.571591286918,186.855422406783,25687800
2020-06-18,188.09140014648438,188.25427296854198,185.86863420474447,185.86863420474447,23061600
2020-06-19,186.9704132080078,190.93688730881695,186.2231075527269,190.2662302616709,44441100
2020-06-22,192.16323852539062,192.3452625118136,187.04705023846324,187.58357584297067,32818900
2020-06-23,193.44705200195312,195.4015400419146,192.98716042377694,193.61950037935048,30917400
2020-06-24,189.54769897460938,194.730946874825,188.3213502696101,193.15011108737073,36740600
2020-06-25,191.94284057617188,192.20152774783602,187.27696899050756,189.50930990183528,27803900
2020-06-26,188.10092163085938,191.51170355685014,186.71170062651694,191.3584063734019,54675800
2020-06-29,190.1225128173828,190.2087370145891,185.4374747192305,187.57400155895849,26701600
2020-06-30,194.98001098632812,195.83270665462686,189.45186715239498,189.5859985624905,34310300
2020-07-01,196.12013244628906,197.70098256301688,193.31294846872325,194.6255211499115,32061200
2020-07-02,197.61476135253906,199.3010016273132,196.40757857155802,197.0590698637365,29315800
2020-07-06,201.8686065673828,202.2805909234431,199.36800289399446,200.0769914080946,31897600
2020-07-07,199.52133178710938,205.67223975704346,199.27223478705542,201.62911724228758,33600700
2020-07-08,203.90939331054688,204.3213631686129,199.9429188633993,201.26508188552464,33600000
2020-07-09,205.3369140625,207.31056807147002,202.6063642381437,207.2626608673324,33121700
2020-07-10,204.7141571044922,205.1069757258136,202.23271880356717,204.6662498986094,26177600
2020-07-13,198.3907928466797,206.7548760681711,197.84467703569644,205.49019605487902,38135600
2020-07-14,199.6171417236328,200.09618452631085,193.56203368055372,197.49019051020417,37591800
2020-07-15,199.3201141357422,202.47222382543762,196.4362818534303,200.77640828518986,32179400
2020-07-16,195.372802734375,197.07819383626625,193.8302844209537,196.79076524869717,29940700
2020-07-17,194.37640380859375,196.44585751522288,192.94885105600204,195.8997563460039,31635300
2020-07-20,202.73095703125,203.40161415385268,194.500989064933,196.40758503133026,36884800
2020-07-21,200.00038146972656,204.97284838282866,199.31055862517906,204.70458556764095,37990400
2020-07-22,202.87466430664062,203.40161441050364,199.655495494857,200.43154263907851,49605700
2020-07-23,194.0506591796875,202.0794215246209,193.6770063646899,198.5057661792105,67457000
2020-07-24,192.86257934570312,194.35719011749745,189.2314277677871,192.0194595793691,39827000
2020-07-27,195.3057861328125,195.42075174474633,192.44110447522505,193.0255373679359,30160900
2020-07-28,193.5524444580078,196.1201066823261,193.2841816769365,195.07579695463957,23251400
2020-07-29,195.50694274902344,196.07220973733158,193.54286436977003,194.0123315708133,19632600
2020-07-30,195.3536834716797,195.89022378527395,191.2051849351646,192.57524057476022,25079600
2020-07-31,196.4171142578125,196.50335306832557,190.66860093102648,195.83268148482023,51044000
2020-08-03,207.46385192871094,208.51775194929,201.61953846877378,202.65427268373514,78983000
2020-08-04,204.35009765625,205.76807505373037,201.4950062918798,205.19321777159206,49280100
2020-08-05,204.01475524902344,205.98840929669697,202.70218262142487,205.8925948865428,28806400
2020-08-06,207.28182983398438,207.30098102055055,202.68301593193615,203.4398971396391,32656800
2020-08-07,203.573974609375,206.6590106594798,202.08893936724513,205.84464686937295,27820400
2020-08-10,199.52133178710938,202.9991872906506,197.70097494382514,202.7979828765569,36716500
2020-08-11,194.85546875,198.9464840457062,194.62552292567963,198.4770314224895,36446500
2020-08-12,200.4219207763672,201.4662305288872,196.16801854790074,196.68537831820524,28013100
2020-08-13,199.9524688720703,202.49140457345376,199.4255188495774,200.66145750408137,22588900
2020-08-14,200.14407348632812,200.80515488112698,198.81233510377172,200.00994208877663,17958900
2020-08-17,201.46624755859375,202.3381090011182,200.16325050116794,200.8147563394942,20184800
2020-08-18,202.62554931640625,203.4590791946227,200.44111509683887,201.70578061484903,21336200
2020-08-19,201.3961944580078,203.7011668832375,200.96401670782853,203.11532137379675,27627600
2020-08-20,206.0829315185547,206.48629834281644,200.63745740917764,201.2425003182892,26981500
2020-08-21,204.58477783203125,207.6868712742593,204.42151129871056,205.3915117571103,36249300
2020-08-24,205.22821044921875,206.98574705184538,204.0180951120791,206.2846433660355,25460100
2020-08-25,207.8981475830078,208.032603228624,204.66159869274037,204.66159869274037,23043700
2020-08-26,212.39283752441406,213.29561749873142,208.75292140206946,209.25233440682175,39600800
2020-08-27,217.60780334472656,221.99683117871206,210.71211201268858,214.06391898104908,57602200
2020-08-28,219.84552001953125,221.50701058030987,217.60778267297653,219.14441634410528,26292900
2020-08-31,216.59938049316406,219.64385193055338,215.42768932110053,218.0111720750018,28774200
2020-09-01,218.2704620361328,218.443327279092,215.54291052585035,216.58014594729897,25725500
2020-09-02,222.4770050048828,223.63909728560728,218.34729021557558,218.9427344651928,34080800
2020-09-03,208.69528198242188,220.22970055127237,206.44794563306343,220.19129093318827,58400300
2020-09-04,205.76605224609375,209.71330358948268,197.0648156953769,206.58239950539593,59664100
2020-09-08,194.635009765625,201.71316552248584,194.19321854077597,198.32294873345126,52924300
2020-09-09,202.92324829101562,206.33267691327018,198.5150084494473,199.37937868506188,45679000
2020-09-10,197.23768615722656,206.23665976470147,196.02758532941417,204.94971039022184,35461500
2020-09-11,195.9507598876953,200.368613619327,193.27124556249714,198.99523155246928,33620100
2020-09-14,197.27610778808594,200.9160236183838,195.95074881259208,196.15243960847576,30375800
2020-09-15,200.51268005371094,201.47308182220445,198.73593092017074,200.16693483087056,21823900
2020-09-16,196.9303436279297,202.30858359355844,196.53657546959647,202.2797727190038,26328100
2020-09-17,194.8750762939453,196.2388446962725,192.04189473571662,192.12832735557808,34011300
2020-09-18,192.4548797607422,195.58578376166412,188.47881764601027,194.7694511786119,55225300
2020-09-21,194.51976013183594,194.68304132211108,188.603696606861,189.38161966417263,39839700
2020-09-22,199.2064971923828,199.85957789773718,194.0779561891913,196.93994884068002,33517100
2020-09-23,192.64691162109375,199.85953545082268,192.10908918653567,199.66744344885572,30803800
2020-09-24,195.14404296875,197.42980392911676,191.31203453305892,191.93630449222357,31202500
2020-09-25,199.5906524658203,200.76232884709236,194.5197189187621,195.48973384039306,29437300
2020-09-28,201.14651489257812,204.15257661161684,199.82115598560364,202.52949555123575,32004900
2020-09-29,199.05284118652344,201.75158213940978,198.62066337388762,201.060091777366,24221900
2020-09-30,202.0012664794922,203.58592322780046,198.3613362775362,199.50421650472714,33829100
2020-10-01,204.04693603515625,205.5163493514869,202.95207876701642,205.03614853818758,27158400
2020-10-02,198.02520751953125,202.63513811346894,197.4009376890908,199.76353206439967,33154800
2020-10-05,202.04930114746094,202.07811202421507,198.78392678785568,199.01442845645465,21331600
2020-10-06,197.75633239746094,201.85723741277462,196.70949798303576,200.55110507118815,28554300
2020-10-07,201.5211181640625,201.79002950465292,198.53426788040488,198.8608009861834,25681100
2020-10-08,202.24139404296875,202.8272396728094,200.07089145194567,202.1741588890125,19925800
2020-10-09,207.26425170898438,207.31227471636583,202.86561094591409,202.86561094591409,26458000
2020-10-12,212.6328887939453,214.99548296035098,208.2246493730552,210.12624026263376,40461400
2020-10-13,214.03506469726562,216.29201393457785,211.70128158649564,213.9006090823553,28950800
2020-10-14,212.1143035888672,215.34125363665,210.4528128800717,214.1695624812037,23421700
2020-10-15,210.9618377685547,211.63411601753762,207.4563628234982,208.50321179823604,22733100
2020-10-16,210.9618377685547,213.48768423648824,210.6353047125582,211.43242521555936,26057900
2020-10-19,205.7372283935547,213.49727494692658,205.25702760179578,211.6917152804522,27625800
2020-10-20,206.1501922607422,208.762485717726,204.6519681481178,207.25466286499275,22753500
2020-10-21,206.29428100585938,208.33032785047115,204.68079858489867,204.68079858489867,22724900
2020-10-22,206.38072204589844,207.50439028353233,203.3170382585862,205.45872995999608,22351500
2020-10-23,207.6676483154297,207.71567132968448,204.71922281863533,206.51516924614666,18879600
2020-10-26,201.76119995117188,207.7733095873984,199.8596086030923,205.38191862597685,37111600
2020-10-27,204.80564880371094,206.169417367795,202.0012777861424,203.21137857142563,36700300
2020-10-28,194.65419006347656,200.57026746118032,194.09717002917722,199.44659934305423,51195600
2020-10-29,196.61343383789062,199.1488936963982,195.31688570321097,195.9891786053807,31432600
2020-10-30,194.4525146484375,196.20043795376327,191.71536420515818,195.44172713182547,36953700
2020-11-02,194.31809997558594,197.15128238416838,192.1956055274786,196.20047931662495,30842200
2020-11-03,198.2556915283203,199.87877254655092,195.07676463678703,195.8162779581689,27512000
2020-11-04,207.82131958007812,209.6749024484813,204.00852372653503,205.54517228102782,42311800
2020-11-05,214.4480743408203,215.24520945533908,212.39281543088538,213.24757229869556,36080100
2020-11-06,214.8610382080078,215.47569462031802,209.3963509860523,213.45884548218757,25231900
2020-11-09,209.7421112060547,219.0868149545024,209.25231165082684,215.55254399338546,44395000
2020-11-10,202.65432739257812,207.9269372194206,201.41541583128847,206.00613410422966,44045100
2020-11-11,207.97499084472656,209.4059799972818,203.79723759234292,203.97971625987958,29440800
2020-11-12,206.90892028808594,210.43359235451078,205.9677308359219,208.60883520068344,21593900
2020-11-13,207.93653869628906,208.81050764229997,205.67960379897195,207.79248432257955,18621100
2020-11-16,208.6280517578125,209.11786599098707,206.02537142510928,206.3615032186207,24953300
2020-11-17,205.9677276611328,209.06020724200425,205.6027703741667,207.54278565365732,24154100
2020-11-18,203.2523193359375,207.19064241031913,203.10787311428473,205.7270059165811,28372800
2020-11-19,204.54263305664062,205.13001245633458,202.14496671501772,203.54120679291546,24792700
2020-11-20,202.58790588378906,205.38035653386234,202.21236921439393,204.3307815723391,22843100
2020-11-23,202.31826782226562,204.4174175093251,200.44058468637957,203.12711368188866,25683500
2020-11-24,205.92922973632812,206.30476641302658,201.11464942330534,201.8175740349854,33979700
2020-11-25,205.9388427734375,207.30618174725083,204.58114236322032,207.13286391770782,21012900
2020-11-27,207.24838256835938,208.24982332044297,206.10251031017262,206.88248452192116,14512200
2020-11-30,206.13143920898438,206.79583891993138,203.02120988917008,206.16032551411544,33064800
2020-12-01,208.1920928955078,209.26093033599784,205.43815230875452,206.55512379907677,30904500
2020-12-02,207.3832244873047,207.47952196924592,204.90853788508977,206.91140502741806,23724500
2020-12-03,206.29515075683594,208.35579062515012,205.72701909064625,206.6514250124484,25120900
2020-12-04,206.4106903076172,207.3928688175813,205.2744416994365,206.275882644911,24666000
2020-12-07,206.34329223632812,207.54693740584852,205.0915130143743,206.42032729032954,24620000
2020-12-08,207.99949645996094,208.9046399230216,204.99520300208576,206.035154128181,23284100
2020-12-09,203.9456329345703,207.248428105221,203.37751596182986,207.18103161854123,32440600
2020-12-10,202.71302795410156,205.1780899250581,202.5589579076847,203.9166726424927,26733300
2020-12-11,205.35147094726562,205.40925825216428,201.35537522834764,202.26051866363272,30979400
2020-12-14,206.25660705566406,208.1920776453613,204.9855655587694,205.1974082570739,28798400
2020-12-15,206.189208984375,207.43136416672996,204.36929832147732,207.19063516532586,27000600
2020-12-16,211.1482391357422,211.94746125395747,206.75734411421567,206.7862304214941,35023300
2020-12-17,211.28302001953125,212.69850766848936,209.83864606695616,211.71632926671745,32515800
2020-12-18,210.4838104248047,211.54302392971098,208.00912388033456,210.4838104248047,63354900
2020-12-21,214.33546447753906,215.6931795357418,209.222382974235,209.48237440287488,37181900
2020-12-22,215.6354217529297,217.26275222199794,213.62293074252594,214.4317766950902,22612200
2020-12-23,212.82366943359375,215.2694692754266,212.61182676702595,214.8361600730579,18699600
2020-12-24,214.4895477294922,215.31765611091257,212.9970249301617,213.20886763421802,10550600
2020-12-28,216.61758422851562,217.6478966815725,214.7495248859083,216.12648767772666,17933500
2020-12-29,215.8376007080078,218.75523481231053,215.2887462660052,217.9175026515497,17403200
2020-12-30,213.4591827392578,217.26271217529563,213.25697863485422,216.87753701202428,20272300
2020-12-31,214.1717987060547,214.73029181113705,211.5334032840312,213.47849793374098,20942100
2021-01-04,209.61717224121094,214.73025350519663,206.84396964667044,214.27768184031174,37130100
2021-01-05,209.81939697265625,210.41641490220238,207.70098464612286,209.20313130142958,23823000
2021-01-06,204.3789520263672,208.46172177562,204.08045037192136,204.30191697152077,35930700
2021-01-07,210.19493103027344,211.2059957874037,205.78478859916777,206.1025379552153,27694500
2021-01-08,211.47560119628906,212.40000699485586,208.9816523536104,210.57045783119477,22956200
2021-01-11,209.4246368408203,210.79197599818377,208.69281117002416,210.3682905451827,23031300
2021-01-12,206.9595184326172,209.04905897744794,205.40923785569663,208.4713035292935,23249300
2021-01-13,208.31724548339844,208.72166844329396,205.99661437960842,206.08328798688993,20087100
2021-01-14,205.12039184570312,209.3957416828586,204.85077651299363,207.9032187884738,29480800
2021-01-15,204.7641143798828,206.55513901499322,204.16711106582417,205.60186142550404,31746500
2021-01-19,208.41354370117188,208.93351188204568,204.74483605137272,205.8232972815894,30480900
2021-01-20,216.02056884765625,217.41679408925282,209.23200820542175,209.626807286122,37777300
2021-01-21,216.6272430419922,217.90792325863816,214.1718039707667,216.36725157275006,30709400
2021-01-22,217.57081604003906,221.53803901725374,217.42638455121454,218.6589155656127,30172700
2021-01-25,221.0181121826172,221.2588411868411,215.90503048377064,220.62331308938622,33152100
2021-01-26,223.71429443359375,225.49568036427337,221.5477332554915,223.2617227009555,49169600
2021-01-27,224.2631378173828,231.523532921582,221.60549486039383,229.17401545429064,69870600
2021-01-28,230.0695037841797,233.64192846865052,226.37191001582264,226.8726304301621,49111200
2021-01-29,223.35800170898438,229.19327031508718,222.7706223615719,227.2385520115361,42503100
2021-02-01,230.76284790039062,233.50716478639413,223.81059216925374,226.34306632826372,33314200
2021-02-02,230.62802124023438,233.3241891585009,229.83843770793905,232.3516492231437,25916300
2021-02-03,233.9885711669922,236.001061935911,230.3872602966129,230.6857765772008,27158100
2021-02-04,233.03530883789062,234.21970616270804,231.45612709773368,233.6612130884786,25296100
2021-02-05,233.21823120117188,234.25818215041332,231.50424205138432,233.24711750312878,18054800
2021-02-08,233.478271484375,234.6433917550074,231.87982720782202,234.1330473897,22211900
2021-02-09,234.7300262451172,235.68330363620066,232.42865770253408,232.90047711656726,23565000
2021-02-10,233.81527709960938,236.80030797228451,231.95684152422675,235.9144269891913,22186700
2021-02-11,235.42337036132812,236.05888384170802,233.17013544620877,235.7026095746687,15751100
2021-02-12,235.90481567382812,236.20331730768942,233.72861593005658,234.88411228720133,16561100
2021-02-16,234.6626434326172,237.00253712416128,233.91157007309272,235.94332356948152,26728500
2021-02-17,235.68565368652344,235.79181898578886,232.53932303148682,232.90607856108954,21653500
2021-02-18,235.28994750976562,235.42506564401617,232.4621127262459,233.36934079625917,16925600
2021-02-19,232.56829833984375,235.35753449724464,231.80583437322684,235.25136918771977,25262600
2021-02-22,226.33351135253906,229.6342670240594,224.29707854249543,229.14205411114955,36446900
2021-02-23,225.1367645263672,226.64237089057255,220.75504884923313,222.29926881223878,30228700
2021-02-24,226.3721160888672,226.99944711371288,221.01562101839454,221.9904007701566,26339700
2021-02-25,221.0059814453125,226.41072157821975,219.93468239989207,223.98824118126558,39542200
2021-02-26,224.2777862548828,227.1635267514781,221.53679520376923,223.45741667405005,37819200
2021-03-01,228.6787872314453,229.19030692771832,225.02092216552478,227.67503991012973,25324000
2021-03-02,225.71583557128906,229.02625214088684,225.3104811452354,228.74635509378146,22812500
2021-03-03,219.62582397460938,225.43593301334528,219.3362809171999,224.0654449168302,34029500
2021-03-04,218.8247528076172,224.38393217022352,216.44087146531615,218.8344135694477,44727800
2021-03-05,223.52496337890625,225.13673483710517,218.56417691491433,221.51748358243876,41872800
2021-03-08,219.4617919921875,225.23328846078326,219.2108624854744,223.30302070423056,35267400
2021-03-09,225.62896728515625,227.1731871785227,223.59253448008076,224.76035279937034,33080500
2021-03-10,224.31637573242188,228.7366899036803,223.9496202090389,228.7366899036803,29746800
2021-03-11,228.86216735839844,230.8310336985803,226.1404831560715,226.7678289200637,29907600
2021-03-12,227.53028869628906,227.5978551297582,225.09814744653752,225.8509506169985,22653700
2021-03-15,226.62306213378906,226.9898176853591,223.72766077324133,226.76784103788017,26034900
2021-03-16,229.42198181152344,231.69003760054653,227.71369071508823,228.04183270088785,28092200
2021-03-17,228.7753143310547,230.23267582514157,225.09815683124123,227.91634581988245,29562100
2021-03-18,222.67567443847656,226.02468994660006,222.29927284060432,224.45151711937265,34833000
2021-03-19,222.31857299804688,224.36465190721847,221.35343921420778,222.96521086600634,46430700
2021-03-22,227.76193237304688,228.6401929449053,222.11589371244168,222.24136581989566,30127000
2021-03-23,229.2964630126953,232.64547808309152,228.80425013420336,229.20960451533284,31638400
2021-03-24,227.25038146972656,229.70181452309288,227.11526334437207,229.55705036263132,25620100
2021-03-25,224.23919677734375,228.67881840978586,223.49605431080923,227.0959994735435,34061900
2021-03-26,228.23483276367188,228.45682413692484,223.47673028476513,223.47673028476513,25479900
2021-03-29,227.03810119628906,228.54370770582582,223.79525074237355,228.34102310949228,25227500
2021-03-30,223.7662811279297,225.69654875990918,223.0424307659374,225.38769886994126,24792000
2021-03-31,227.54959106445312,230.76348825734928,224.28743423812915,224.78930791758805,43623500
2021-04-01,233.90020751953125,234.3731137073442,229.7501287870753,230.15548325953267,30338000
2021-04-05,240.38589477539062,241.24486331170138,234.23798214468843,234.29588781932924,36910600
2021-04-06,239.21804809570312,240.70434756750984,238.27222115909885,238.976764662004,22931900
2021-04-07,241.18690490722656,242.18099143665538,238.5714008362418,239.16977901561057,22719800
2021-04-08,244.42015075683594,245.27911930566657,243.21373342832243,243.95689062618348,23625200
2021-04-09,246.92947387695312,247.0645920118145,243.63836428103437,244.0533647214043,24326800
2021-04-12,246.98739624023438,248.6860411667651,245.7423653814228,245.82923861645543,27148700
2021-04-13,249.47743225097656,250.15303770786932,247.87530657185542,248.29033650005647,23837500
2021-04-14,246.6785430908203,249.8055671609937,246.26354262788664,248.50266010078545,23070900
2021-04-15,250.4522247314453,250.86722520261156,248.74394848395266,248.93695757462353,25627500
2021-04-16,251.64895629882812,251.89990049073447,248.61845173903515,250.4232470797926,24878600
2021-04-19,249.7186737060547,252.36315996225727,248.83076723304154,251.1181292941508,23209300
2021-04-20,249.25547790527344,251.12783993340526,247.8849748766278,248.83081665434366,19722900
2021-04-21,251.49459838867188,251.59111767693693,248.28071520966049,249.91179398462032,24030400
2021-04-22,248.20343017578125,252.65268210086793,246.72676216379804,251.1374152232166,25606200
2021-04-23,252.04466247558594,252.39212592702822,248.29993896822205,248.88868584716414,21462600
2021-04-26,252.43075561523438,253.2897389098218,251.09889559610295,252.53693565833504,19763300
2021-04-27,252.8361053466797,254.01356977284848,251.05060190773284,252.45968902313274,31014200
2021-04-28,245.68447875976562,247.59545445029084,244.1306126199528,247.15147165780957,46903100
2021-04-29,243.70594787597656,247.1707896568467,240.31833329858696,246.55310456996946,40589000
2021-04-30,243.3874053955078,244.2560345472892,240.89737345000648,241.0324915767141,30945100
2021-05-03,243.07858276367188,245.48177106227146,242.36437849908148,244.56488223382027,19626600
2021-05-04,239.15048217773438,242.4512525173685,237.19126187004235,242.21961511888318,32756100
2021-05-05,237.87655639648438,240.8009109708136,237.24922524458495,240.3762496933787,21901300
2021-05-06,241.02285766601562,241.14832977149786,236.15858983586443,237.85722000753552,26491100
2021-05-07,243.65768432617188,245.43352697425988,242.41265348382987,243.35848047928084,27032900
2021-05-10,238.561767578125,242.9531293496134,238.50386190593224,242.1231136857128,29299900
2021-05-11,237.64488220214844,238.0019917084566,234.1125038239645,236.02346455009973,33641600
2021-05-12,230.66700744628906,235.85943266120447,229.7694399673375,233.7264802129871,36684400
2021-05-13,234.5564727783203,237.03687378235696,233.00260672790753,233.3693622947048,29624300
2021-05-14,239.4979248046875,240.49201135016557,236.93068032244304,237.0175388221205,23901100
2021-05-17,236.6314697265625,237.99231175630342,235.0293590024376,237.95371288869794,24970200
2021-05-18,234.60470581054688,237.81860285694455,234.4309740834804,237.6834847255692,20168000
2021-05-19,235.18515014648438,235.29156060461747,230.8126825741299,231.49950163598774,25739800
2021-05-20,238.43545532226562,239.85747908264446,235.90097082235815,235.99771295656814,21800700
2021-05-21,237.16822814941406,240.22509675114117,236.752269419578,239.48990667105087,21863100
2021-05-24,242.59512329101562,242.96272569888635,239.43184434731504,239.7027046181321,21411500
2021-05-25,243.5044403076172,244.5008222997272,242.63382013845728,243.55281137496547,17704300
2021-05-26,243.28196716308594,244.6846396440741,242.5661136971185,243.22391302197101,17771600
2021-05-27,241.173095703125,243.2722701493951,241.11505632611494,242.9723901943247,24426200
2021-05-28,241.53103637695312,243.8527149879426,241.41495761267623,242.80796182711416,18270200
2021-06-01,239.325439453125,243.08847840368188,238.89981241823648,243.03043902441425,23213300
2021-06-02,239.22869873046875,241.1344036342718,237.81634328369952,240.03161120736655,19406700
2021-06-03,237.69061279296875,238.30004104454875,235.06905429355336,237.21659992104807,25307700
2021-06-04,242.60482788085938,243.4367601972885,239.43188015326461,239.67372077128726,25281100
2021-06-07,245.5262451171875,245.7971054047232,241.6567955686447,241.82124540316434,23079200
2021-06-08,244.32672119140625,247.6544501102256,244.2686670500775,246.83218619035304,22455000
2021-06-09,245.31341552734375,247.1901008536791,244.94582787057382,245.52623642584226,17937600
2021-06-10,248.8442840576172,249.05710495769495,245.39080810777045,245.9905680475651,24563600
2021-06-11,249.47311401367188,250.05350786087087,248.2348617488238,249.56982664049914,18999700
2021-06-14,251.4077911376953,251.46583051139004,248.4186157846505,249.48272017164263,19150500
2021-06-15,249.927734375,251.5045398033916,249.26993503111808,251.29171889548186,18038900
2021-06-16,248.97970581054688,252.0752473620436,246.11630699620832,250.93376696845831,27220000
2021-06-17,252.3848419189453,253.2071058556438,247.6544551779523,247.7124945596903,27565500
2021-06-18,250.96279907226562,253.73912420146243,250.30499978120227,251.15628334448667,37202200
2021-06-21,254.0583953857422,254.91933258256324,249.50212668410757,251.3401093654806,26696100
2021-06-22,256.8443908691406,257.1152511503635,253.83587856405688,254.1454416058992,24694100
2021-06-23,256.6121826171875,258.1212654194927,255.79960184068116,257.30868464298635,19518700
2021-06-24,257.98583984375,259.10798359211515,256.8056567223274,257.4731390340408,21446900
2021-06-25,256.37030029296875,258.5275284641316,256.11880621457954,257.54082972226007,25611100
2021-06-28,259.9496154785156,260.1237336187573,257.2313295990359,257.50218987993065,19590000
2021-06-29,262.54217529296875,262.78401591676874,259.2338120914586,260.0947493609752,19937800
2021-06-30,262.0585021972656,262.5034806928627,260.80094272301073,261.85536433299154,21656500
2021-07-01,262.7356262207031,262.9677837431567,260.80090147610525,260.8105550251696,16725300
2021-07-02,268.588134765625,268.92671747250915,263.60622486064295,263.9157878795973,26458000
2021-07-06,268.59783935546875,270.2520207431101,265.347486439139,268.95575870913115,31565600
2021-07-07,270.793701171875,271.52890591143546,268.1044353611514,270.28100037232684,23260000
2021-07-08,268.3656311035156,269.6328732076894,265.89883981192884,267.8625838721146,24618600
2021-07-09,268.8686828613281,268.9750785451048,266.3341983320282,266.721137351801,23916700
2021-07-12,268.2689208984375,270.6389408273715,267.55305271970633,270.04886399300807,18931700
2021-07-13,271.8094787597656,273.61844159773335,268.3366515293652,268.46238383445865,26120100
2021-07-14,273.28955078125,274.4020115950531,271.3934992931169,273.13476926049077,23113700
2021-07-15,271.8577880859375,273.2894947180897,270.69694167916,272.79613056697673,22604200
2021-07-16,271.58697509765625,274.8276448188049,270.3390694215549,272.86390046289694,26186800
2021-07-19,267.96905517578125,271.2193785154485,265.4926099108282,269.8263743637179,32935600
2021-07-20,270.20361328125,271.79975498621775,267.243487349404,268.95570779341654,26259700
2021-07-21,272.21575927734375,272.3318380358486,268.2399141907731,269.7973534033063,24364300
2021-07-22,276.80108642578125,277.07194671214313,274.1698595633128,274.5761352320771,23384100
2021-07-23,280.2159118652344,280.5254454327153,277.14935971243716,277.9909603745016,22768100
2021-07-26,279.6160583496094,280.23518438607294,277.2847412077284,279.56770204369064,23176100
2021-07-27,277.1880187988281,280.1287791166295,273.7151914702879,279.983680666994,33604100
2021-07-28,276.8784484863281,280.68017537470826,274.5664383371537,279.5580315244061,33566900
2021-07-29,277.1493835449219,279.2001875234446,276.74307826542037,276.8978598232513,18168300
2021-07-30,275.6112060546875,277.3040901387708,274.6438437209256,275.86272970836336,20944800
2021-08-02,275.5241394042969,277.41047819028364,274.47937158051684,277.0138561017704,16267400
2021-08-03,277.7491149902344,277.85554021595306,274.7309487276619,276.1046164607868,17879000
2021-08-04,277.1589660644531,278.20370429882576,275.3596569388271,276.8784227475681,16191300
2021-08-05,280.0707702636719,280.17719548604225,276.7624071651543,277.51694870705825,13900200
2021-08-06,280.01275634765625,280.0514591158168,278.23281279258185,279.0937796351704,16589300
2021-08-09,278.91961669921875,282.03452513079264,278.4165988268657,280.2932844390192,16117600
2021-08-10,277.0912780761719,279.8095639589579,275.8917581909728,279.3742390862678,18616600
2021-08-11,277.5846252441406,279.2388065197493,276.5301743526626,277.8361193687977,13955900
2021-08-12,280.3512878417969,280.50606936455193,276.99453921603543,277.27508257112635,14561300
2021-08-13,283.2920837402344,283.34044005143994,279.85792951947155,280.0320771872381,18249000
2021-08-16,284.9849853515625,285.1978062726774,280.5544487724139,283.6210007464478,22507600
2021-08-17,283.5145568847656,283.8531396263092,281.5798321005821,282.8471039940551,20075300
2021-08-18,281.77960205078125,285.74368383432363,281.33374230637463,283.04927004788874,21813000
2021-08-19,287.6336669921875,288.3121287150756,279.7539809531887,279.80242982850876,29850500
2021-08-20,294.9901123046875,296.4245604190308,288.8840727593795,290.492972385742,40817600
2021-08-23,295.2710876464844,295.9979982657904,292.5572998323028,293.9141937393936,22830200
2021-08-24,293.30364990234375,296.2403682802,292.7027417213681,295.6297584904746,18175800
2021-08-25,292.7123718261719,295.2129312925075,291.17132489325707,294.9318509101062,20006100
2021-08-26,289.8822937011719,293.11946582740853,289.7466190833908,291.7237949064107,17666100
2021-08-27,290.4928894042969,291.60747985013455,287.691846089783,289.7853523702263,22605700
2021-08-30,294.24371337890625,294.85432301164025,291.7916028197827,291.8497533011795,16348100
2021-08-31,292.5864562988281,295.12579336805766,292.2181500836433,295.0482692281605,26285300
2021-09-01,292.5379943847656,295.7945704281934,292.2084650099204,293.5459857289312,18983800
2021-09-02,291.87890625,294.02086175989047,290.93876711303125,292.8965991015238,16285600
2021-09-03,291.8692321777344,293.2842768886712,291.016318792049,291.72382635847964,14747900
2021-09-07,290.938720703125,291.8207092025225,289.01969545610433,291.7431850784096,17180400
2021-09-08,290.96783447265625,291.3555143006934,288.3121965936231,290.5510793969682,15046800
2021-09-09,288.09893798828125,292.83840990404906,287.85663442395133,291.5590399856498,19927000
2021-09-10,286.6064147949219,290.68682918286163,286.28658702061455,289.23300741621466,19633400
2021-09-13,287.84698486328125,289.34928498060737,285.02656731514014,288.38974257927293,23652900
2021-09-14,290.56072998046875,292.1114785983669,288.9227556349355,290.3378000689103,21853400
2021-09-15,295.43585205078125,295.9204591056859,292.5282097213536,293.9238804057243,28356300
2021-09-16,295.8235778808594,295.91080361496756,291.50089055931244,294.40853334187324,19550800
2021-09-17,290.6383056640625,295.1257728874207,290.3087763307329,294.8059451626839,41372500
2021-09-20,285.2397766113281,289.52371713134244,280.60693311638306,287.20728059483235,38278700
2021-09-21,285.7243957519531,288.380063343939,285.01688816382256,286.58701077286617,22364100
2021-09-22,289.3879699707031,290.9774954954445,285.44329055858685,287.5949473188643,26626300
2021-09-23,290.3377990722656,291.63654253160206,288.37029545861924,289.6496652823487,18604600
2021-09-24,290.1343078613281,290.5704365513493,287.78879623094576,289.0487925731778,14999000
2021-09-27,285.1137390136719,287.3429197234869,283.9215949631837,287.0230920689048,23571700
2021-09-28,274.7916259765625,281.82813121572434,274.0453416183165,280.8782905595334,43186200
2021-09-29,275.2568359375,277.94154865399634,274.2973233335455,276.3229774852664,26353700
2021-09-30,273.24090576171875,278.9689361892325,272.9501237277574,276.9142066260927,32343600
2021-10-01,280.1998596191406,281.05277293433414,272.6302983139076,273.43473316733105,30086300
2021-10-04,274.394287109375,278.8914563280941,271.62234799634535,278.552225356997,31350700
2021-10-05,279.870361328125,281.45985757328907,275.3053401798689,275.3053401798689,24993000
2021-10-06,284.0863952636719,284.5904056402625,276.7203900908652,276.98206730927467,28002600
2021-10-07,285.7727966308594,287.5076982326449,284.8714345745503,286.09262428442867,20430500
2021-10-08,285.7727966308594,287.5076982326449,284.7163567619484,287.1006152773065,17685700
2021-10-11,285.171875,288.7967262653183,283.7374274853602,283.90220689654143,19298600
2021-10-12,283.8634948730469,286.34468116686594,283.34981246639074,286.2477538192174,17974100
2021-10-13,287.1878967285156,288.12803581492204,284.45470520992285,285.8310025775358,23416300
2021-10-14,293.4295959472656,293.9335766778313,288.6610491193376,289.99856943368576,27262900
2021-10-15,294.8446350097656,295.07726652415437,291.26823234850644,293.0322092404476,25384800
2021-10-18,297.82989501953125,298.72155568513193,293.3715029573013,294.2244163439284,22729300
2021-10-19,298.7409362792969,299.7779731077033,297.7620203649493,298.8572372635613,17682100
2021-10-20,297.9461669921875,300.1656759873755,296.6861706744592,299.6907408744911,16537100
2021-10-21,301.19305419921875,301.4450298115465,296.92848749122396,297.713578309162,16918100
2021-10-22,299.6423645019531,301.512941426498,298.32421737437426,300.8441810415646,17449300
2021-10-25,298.64404296875,299.87493462992757,297.0254418784071,299.83615777139573,17554500
2021-10-26,300.56298828125,302.7824969844961,299.0994950160424,301.42560307917466,28107300
2021-10-27,313.2209777832031,316.06076839704065,306.2716986940532,306.2716986940532,52588700
2021-10-28,314.3646240234375,314.8686047470485,311.4666535229836,314.3452208099456,26297900
2021-10-29,321.410888671875,321.77919489249734,313.9285519930589,314.15148196292967,34766000
2021-11-01,319.2301025390625,321.284832079321,316.3224597002652,321.1588294904815,27073200
2021-11-02,322.87432861328125,323.1844842535539,319.8406834588921,320.1411374922594,26487100
2021-11-03,323.7175598144531,324.58984672468614,320.47068615818483,323.62063247374465,21500100
2021-11-04,326.08245849609375,326.1793858408279,319.3658105568457,322.6417595935785,23992200
2021-11-05,325.714111328125,328.36007665808916,324.124615471267,328.08869787384174,22570100
2021-11-08,326.6155090332031,327.2551940040051,324.14402446343985,326.915963092176,20897000
2021-11-09,325.6075744628906,328.292287578706,324.23127706414436,326.73183708622446,21307400
2021-11-10,320.6160888671875,324.32819631868085,319.7632051014801,324.2700458250661,25500900
2021-11-11,322.1958923339844,323.4946359050316,320.335017501288,321.0522265953406,16849800
2021-11-12,326.35382080078125,326.84812952926194,323.5140301700109,323.6400327539822,23831000
2021-11-15,325.723876953125,327.4781525778822,323.74667137753664,327.1486232449633,16723000
2021-11-16,329.0579528808594,330.1822450060062,325.1810957230039,325.345845588492,20886800
2021-11-17,329.28125,332.26218849900704,328.1937488278737,329.1064793756621,19053400
2021-11-18,331.36883544921875,332.5146230191035,327.3392439560614,328.3684881553108,22463500
2021-11-19,333.155517578125,335.08780291493565,332.27194500113376,332.6991818854003,21963400
2021-11-22,329.9706726074219,339.5252157856874,329.6987972898086,334.6217110790579,31031100
2021-11-23,327.8830261230469,329.60169282759273,323.88256267855536,327.2712993049668,30427600
2021-11-24,328.1064147949219,328.3491616885023,324.2224644976349,326.52370030762717,21661300
2021-11-26,320.1151428222656,328.1257894703954,318.60040473573963,324.64966735700517,24217200
2021-11-29,326.8634948730469,329.19385871851557,325.02831445422294,325.22252378808867,28563500
2021-11-30,320.9987487792969,327.9801511598231,319.44516287846153,325.59153024619826,42885600
2021-12-01,320.5035095214844,329.4366054980514,319.8335554738166,325.40701369477864,33337600
2021-12-02,319.9306335449219,323.8145832007806,318.28966244474685,320.7171309796585,30766000
2021-12-03,313.6386413574219,323.04751138803783,308.803113564242,322.35808901688773,41779300
2021-12-06,316.7264099121094,317.9498636247727,309.9683453175888,314.55140742931803,30032600
2021-12-07,325.2031555175781,326.0575996501338,320.52298852662585,322.0183176149268,31021900
2021-12-08,325.2517395019531,325.766361779387,321.2027078986023,325.5818717523643,24761000
2021-12-09,323.4359436035156,326.72757583430194,322.48436518172974,324.707934863553,22214200
2021-12-10,332.6020812988281,333.04872727162575,325.0769278400669,325.2614178438245,38095700
2021-12-13,329.5531311035156,333.8157801871928,329.24240801109124,330.7959938410283,28899400
2021-12-14,318.8139953613281,324.93123368391133,314.7067080432587,323.5524185550446,44438700
2021-12-15,324.94097900390625,325.4653205800536,315.0854612577218,319.0762058810178,35381100
2021-12-16,315.4738464355469,326.9897740911703,313.64838511563244,325.97021939286674,35034800
2021-12-17,314.40576171875,315.4932926826738,308.04580502037743,311.5704946227537,47750300
2021-12-20,310.6286315917969,313.4347702108287,308.3565242739635,310.76455444045945,28326500
2021-12-21,317.79449462890625,318.2217314826185,310.52177839106776,313.9105447822028,24740600
2021-12-22,323.53302001953125,323.9310987851907,316.29915189162267,318.7751579583917,24831500
2021-12-23,324.9797668457031,326.6304572357532,323.07663988808696,323.09604896799726,19617800
2021-12-27,332.5146789550781,332.5438073945915,325.69832778706945,325.7274562265829,19947000
2021-12-28,331.3495178222656,333.8352437026062,330.4465064678382,333.1943883320542,15661500
2021-12-29,332.0291442871094,334.31094090954093,329.8249839842297,331.3979787884627,15042000
2021-12-30,329.4754943847656,333.1749544876973,328.99000062183825,331.990348520867,15994500
2021-12-31,326.5625305175781,329.51431124934464,326.1061651969411,328.6889955613775,18000800
2022-01-03,325.03802490234375,328.1937338819782,320.21221644666167,325.62062325578984,28865100
2022-01-04,319.4645690917969,325.47498337685073,316.6584013250783,325.1156931532872,32674300
2022-01-05,307.2009582519531,316.60982730031907,306.8125692690892,316.40589863776705,40054300
2022-01-06,304.7735290527344,309.45369542016715,302.4528549493808,304.06469758500975,39646100
2022-01-07,304.9288635253906,307.31748401408174,301.0934517930375,305.0356579061824,32720000
2022-01-10,305.15228271484375,305.58923901683147,295.85023392526864,300.51096286290857,44289500
2022-01-11,305.8416748046875,307.42435964932554,300.8993516399399,304.28808876960994,29386800
2022-01-12,309.0361633300781,314.0270530188489,307.88068590041127,310.3955694582875,34372200
2022-01-13,295.95697021484375,311.5704653903933,295.1801920885378,311.172356970201,45366000
2022-01-14,301.2003173828125,301.8023248577446,294.93743650779754,295.42293023044414,39846400
2022-01-18,293.8694152832031,300.8119712654015,292.9858129389681,295.24823082629985,42333200
2022-01-19,294.52960205078125,304.8026655825984,293.91790486518016,297.40374615872065,45933900
2022-01-20,292.8498229980469,302.6082350893692,292.4031770647772,300.10310048812516,35380700
2022-01-21,287.4414367675781,295.2870029567207,287.0336089676001,293.9082172607986,57984400
2022-01-24,287.7715759277344,288.49009723362104,268.0411017674154,283.72257443157116,85731500
2022-01-25,280.12017822265625,286.4315970589494,276.8965221990427,283.0622692025946,72848600
2022-01-26,288.1016540527344,299.5496034339811,284.5284276453755,299.05439039333135,90428900
2022-01-27,291.1408996582031,298.38445839019573,289.28630990590625,293.8790916253967,53481300
2022-01-28,299.3166198730469,299.5302383109327,285.907284705517,291.519591338495,49743700
2022-01-31,301.9576721191406,303.31704855180146,297.4814047993765,299.9865688837364,46444500
2022-02-01,299.8021240234375,301.6178659923273,296.27743449220986,301.4042475470351,40950400
2022-02-02,304.36572265625,305.97756540493566,299.91861310216416,300.64685370133134,36636000
2022-02-03,292.5099792480469,302.20044499578506,291.25739709798916,300.51090662551127,43730000
2022-02-04,297.06390380859375,299.8409137013529,291.26710752758504,291.5001350340584,35096500
2022-02-07,292.2187194824219,298.908808395224,291.1991647600581,297.2872757560172,28533300
2022-02-08,295.7239074707031,296.6948948289947,291.24766997242665,292.50994168533265,32421200
2022-02-09,302.1809997558594,302.8801119137957,298.47185017143323,300.8798801126251,31284700
2022-02-10,293.6071472167969,300.1515921967182,291.97589564951016,295.21898970549006,45386200
2022-02-11,286.4801025390625,295.4617351032537,285.6838858378648,294.393643142157,39175600
2022-02-14,286.4413146972656,288.15026219267463,282.89721622151654,285.2469893955168,36359500
2022-02-15,291.75262451171875,292.07303735866185,288.40270567819266,291.3059785446445,27058300
2022-02-16,291.41204833984375,292.7450469485756,285.7492094226368,290.3125590659392,29982100
2022-02-17,282.8788757324219,288.78493341445846,282.1685786207332,288.35681319555755,32461600
2022-02-18,280.154541015625,285.9243962532494,278.57829331636475,285.1362724036193,34264000
2022-02-22,279.95013427734375,283.66698245897277,276.8170890587822,277.30358657909636,41736100
2022-02-23,272.7013854980469,283.822744485048,272.53599292328806,282.34377260648654,37811200
2022-02-24,286.6346435546875,287.18925792799297,264.1876378573289,265.1509232671374,56989700
2022-02-25,289.28118896484375,289.59255454281833,283.77403278992335,287.16980609363816,32546700
2022-02-28,290.7212829589844,291.0618372631697,285.08763168422934,286.36225319102664,34627500
2022-03-01,286.9849548339844,291.86938019669464,284.26055037516176,288.39578010076116,31217800
2022-03-02,292.0834655761719,293.3288983898888,285.768735492575,287.3838815829672,31873000
2022-03-03,287.9287414550781,294.9440282601711,286.1092155593134,294.71051892315563,27314500
2022-03-04,282.0323486328125,287.6757380929094,279.41501910209644,286.34273954173915,32356500
2022-03-07,271.37811279296875,281.86700055685185,271.0083698414943,280.73832248678326,43157200
2022-03-08,268.4007873535156,276.2917658042031,262.70875831793444,270.2981105697339,48159500
2022-03-09,280.7091064453125,281.7794070706236,273.1975825478418,275.78575326233744,35204500
2022-03-10,277.877685546875,278.8604201652107,273.0029702694113,275.37708084695583,30628000
2022-03-11,272.5067138671875,281.6917889446051,271.8839828209792,280.18362889463543,27209300
2022-03-14,268.9748229980469,277.6928525683312,268.3715706632459,272.769498727811,30660700
2022-03-15,279.3955383300781,280.04745811524,271.2029361781825,272.77918349658523,34245100
2022-03-16,286.4400634765625,286.61519548142235,275.5522451059325,281.30262045302413,37826300
2022-03-17,287.2476501464844,287.62710284183214,281.55562216860625,285.36977649759285,30816600
2022-03-18,292.3169250488281,292.87153940935485,284.82488022884814,287.3935719777553,43390600
2022-03-21,291.0812072753906,292.0347531289524,286.9362387956348,290.8185092974234,28351200
2022-03-22,295.84893798828125,296.76355591312955,290.70178472073417,291.70396865624343,27599700
2022-03-23,291.40234375,295.04136624934927,289.6801528126932,292.3948179286676,25715400
2022-03-24,295.8878479003906,295.9851533596219,290.2639368009253,291.0617999957818,24484500
2022-03-25,295.4791564941406,297.25001477240545,291.2077232772877,296.9873167746891,22566500
2022-03-28,302.30963134765625,302.4069071163755,296.1116267591082,296.1116267591082,29578200
2022-03-29,306.8924255371094,307.29135714004815,300.7041605046977,305.4329327088514,30393400
2022-03-30,305.3842468261719,307.41783284188796,303.1658190479374,305.2869710648851,28163600
2022-03-31,299.9841003417969,306.6296731361935,299.5754590506944,305.423139087264,33422100
2022-04-01,301.064208984375,301.7550273107037,297.2889825923941,301.01554140488423,27110500
2022-04-04,306.4642639160156,306.6004677876779,301.3463002535531,301.71604313777794,24289600
2022-04-05,302.4847717285156,306.3670133210519,301.5020370122259,304.8102149635358,23156700
2022-04-06,291.41204833984375,298.709511987753,288.69738354865393,296.9483931362007,40110400
2022-04-07,293.2315979003906,295.45002606542477,288.3471720326163,288.6487982094901,31411200
2022-04-08,288.9503479003906,292.98827151302675,288.2789789248142,292.3266419900815,24361900
2022-04-11,277.556640625,284.7081321151136,277.30365235252583,283.9102985595844,34569300
2022-04-12,274.44305419921875,282.8886463462349,272.9154444392271,281.42915338423376,30966700
2022-04-13,279.8529052734375,280.7869724534047,273.7035678106113,275.09497366578125,21907200
2022-04-14,272.2732238769531,280.5242335633767,271.7770165344988,280.31017343940124,28221600
2022-04-18,272.9446105957031,274.8322237129934,270.823488125662,271.3781025319031,20778000
2022-04-19,277.5954895019531,278.44202017947026,270.89156871926275,271.8353751517887,22297700
2022-04-20,278.62689208984375,281.8767221982416,277.66363634073986,281.58480582125515,22906700
2022-04-21,273.22674560546875,285.3794446334665,272.4969992966275,280.7869066754208,29454600
2022-04-22,266.62982177734375,275.5521990967038,265.997380958645,274.0732276756162,29405800
2022-04-25,273.1392822265625,273.5187350091198,263.457965681407,265.9099332040966,35678900
2022-04-26,262.9228210449219,270.842988246751,262.7087608668474,270.006226446482,46518400
2022-04-27,275.5716857910156,283.1123981548155,271.62132788300465,274.4819359810064,63477700
2022-04-28,281.8086853027344,283.12223513793305,273.8592991750537,277.4885830009722,33646600
2022-04-29,270.0256652832031,282.05190353666177,269.03322069217677,280.816180408871,37073900
2022-05-02,276.787841796875,277.24515055689216,268.7606344111212,270.2103872128274,35151100
2022-05-03,274.1706237792969,276.45716875082513,272.58463663535474,276.29174647907155,25978600
2022-05-04,282.1491394042969,283.0248290854527,269.256953889885,274.9586911173627,33599300
2022-05-05,269.8602600097656,278.617217956907,266.9315345722031,277.82909411714115,43260400
2022-05-06,267.3110046386719,271.7089326257257,263.9444195820846,267.3888311961461,37780300
2022-05-09,257.43505859375,265.0049601103205,256.20910482547714,262.7670830134219,47726000
2022-05-10,262.22216796875,266.3573969626913,257.9118069909057,264.35302951992776,39336400
2022-05-11,253.51390075683594,264.0319770440954,252.29765669315228,258.50537114514697,48975900
2022-05-12,248.45433044433594,252.86199751589103,243.2682642428535,250.7311356508223,51033800
2022-05-13,254.0684814453125,255.93664514422863,248.4543102823503,250.40030052588787,34925100
2022-05-16,254.4382781982422,258.64162514041436,248.87274373595713,252.9398570793875,32550900
2022-05-17,259.6145935058594,261.083796106576,255.37231887699087,258.9237455156358,28828800
2022-05-18,247.79443359375,257.0789268616346,246.5168434618955,256.49376403299016,31356000
2022-05-19,246.877685546875,251.29563365430175,245.64886146376114,247.61887889967733,32692300
2022-05-20,246.31201171875,252.1440854849092,240.3434168359691,250.87622783351006,39199300
2022-05-23,254.20191955566406,255.03089783384317,247.16052990489024,249.16958121795471,33175400
2022-05-24,253.19737243652344,254.8650611795236,247.2287771351608,251.51018917910025,29043900
2022-05-25,256.025634765625,258.03467104715224,250.7689908290444,251.7540144546174,28547900
2022-05-26,259.322021484375,260.50207954120907,254.962601479869,255.78181755125436,25002100
2022-05-27,266.4803771972656,266.5779092758022,260.94090038268376,261.8381538375639,26910800
2022-05-31,265.1442565917969,267.9725081076461,262.27698629457734,265.7879325526635,37827700
2022-06-01,265.6807861328125,270.8204042043572,263.35965869320427,268.3920122715917,25292200
2022-06-02,267.7872314453125,267.8555068785204,255.12835897127664,257.90785959544843,44008200
2022-06-03,263.340087890625,266.685257307547,261.7699312309948,263.62292204667295,28059000
2022-06-06,262.1014709472656,267.39713259398246,260.6093223682843,265.32958342703967,22400300
2022-06-07,265.75872802734375,266.3731474633337,259.3610157079516,260.04371058407725,22860700
2022-06-08,263.7204284667969,266.24635182283305,262.94020151963724,264.9882563323359,17372300
2022-06-09,258.2394714355469,265.96352496663144,258.08342604184816,261.155493463589,26439700
2022-06-10,246.7313995361328,254.13361548711075,246.28277272145993,254.13361548711075,31422800
2022-06-13,236.26683044433594,242.85960728455794,235.55489376186938,239.04633149317976,46135800
2022-06-14,238.44163513183594,239.66071172890824,235.53534580987517,237.82721576489354,28651500
2022-06-15,245.53179931640625,248.98423293014517,240.3239071262525,242.16715053653422,33111700
2022-06-16,238.90980529785156,241.2991929411064,237.0080483932736,239.89481403270756,33169200
2022-06-17,241.52349853515625,244.30299969377677,237.99305675469424,238.64648015773886,43084800
2022-06-21,247.4628448486328,248.4478535525514,243.33747821445448,244.06892429949633,29928300
2022-06-22,246.867919921875,250.8079842631734,244.1761889667899,245.65859044340866,25939900
2022-06-23,252.45614624023438,252.9535390674792,247.35554827697968,249.24755773293674,25861400
2022-06-24,261.0774230957031,261.35049502859584,255.24535067432754,255.33312060676354,33923200
2022-06-27,258.3370056152344,261.6626207863299,256.76681929024653,261.57485083215533,24615100
2022-06-28,250.13502502441406,260.30699308121547,249.97897964734233,257.449484659957,27295500
2022-06-29,253.82156372070312,255.48925252724635,249.4328721549821,251.21760245906665,20069800
2022-06-30,250.4763641357422,253.10958173531176,246.64359410118547,250.69092282728204,31730900
2022-07-01,253.15829467773438,253.34359669075232,248.31126009966542,250.04723876402525,22837700
2022-07-05,256.34747314453125,256.4742618926065,248.43810234221337,249.8229717887662,22941000
2022-07-06,259.62432861328125,261.36029271245513,255.90858506525944,257.225193906022,23824400
2022-07-07,261.7601623535156,262.4038384700445,258.4637739518754,258.56130604758283,20859900
2022-07-08,261.0384826660156,261.46760008401816,256.77659490153445,258.23948707310194,19658800
2022-07-11,257.9664306640625,259.936448193075,255.69405468636,259.0782133051506,19455200
2022-07-12,247.39456176757812,259.36102351623987,245.80488089647312,259.3025102122522,35868500
2022-07-13,246.46807861328125,247.27754741494883,241.9721226645982,244.00066829745631,29497400
2022-07-14,247.79443359375,248.82820836055416,239.8558059029623,244.371271225714,25102800
2022-07-15,250.36911010742188,253.92880829772642,248.46735333614538,249.39384869842797,29774100
2022-07-18,247.96022033691406,254.3871896347029,247.03372494810176,253.32415823997417,20975000
2022-07-19,253.10958862304688,253.2948906690836,247.40430351046794,251.20781699798198,25012600
2022-07-20,255.78184509277344,258.31753116539926,252.50498045439292,253.4704798991619,22788300
2022-07-21,258.2882080078125,258.3369889320587,250.6714193737388,253.36315017839348,22404700
2022-07-22,253.9191131591797,258.76616483133637,252.66104703870553,258.6783948528817,21881300
2022-07-25,252.42686462402344,255.03082534353942,250.45684754814727,254.5431947023472,21056000
2022-07-26,245.66836547851562,253.4509629497861,243.39601928294323,253.43143867174322,39348000
2022-07-27,262.0917663574219,263.3693565432231,252.44644558531357,254.69929727249698,45994000
2022-07-28,269.5719909667969,270.9666075420693,261.2432507771247,263.0767468611036,33459300
2022-07-29,273.79486083984375,275.02369966023457,269.78655099255263,270.83008777613486,32152800
2022-08-01,271.1324462890625,274.3215405283766,269.0161158388109,270.9471442318351,21539600
2022-08-02,268.0213317871094,271.01539127951946,265.6416917082196,269.1721330389586,22754200
2022-08-03,275.4820861816406,276.4866042234115,269.76703895640605,269.91335197508243,23518900
2022-08-04,276.6329040527344,276.779187317559,273.2390132583336,274.8286644195843,18098700
2022-08-05,275.9112243652344,276.6329083245919,271.78585765777035,272.24423173637746,16774600
2022-08-08,273.38531494140625,278.8467853762037,272.41005342671457,277.02302134312987,18739200
2022-08-09,275.3162536621094,276.07695628719955,270.74227577451177,272.7220847897705,23405200
2022-08-10,282.0065612792969,282.6404751722234,279.8414800012585,281.041062115649,24687800
2022-08-11,279.9195556640625,284.0059038855235,279.4221925187229,283.654824018225,20065900
2022-08-12,284.6885681152344,284.6885681152344,279.84151760890535,281.3434285473414,22619700
2022-08-15,286.2099609375,286.9023881899572,282.93306719484826,283.80106411686256,18085700
2022-08-16,285.4687805175781,286.7658949577714,283.23545314932466,284.76659105891446,18102900
2022-08-17,284.7162780761719,286.70026023465556,282.90820846554277,283.1720772873246,18253400
2022-08-18,283.59228515625,285.29283236609757,282.52696760957303,283.6118210483233,17186200
2022-08-19,279.6634216308594,282.69315545045663,279.0867995860452,282.35108343721635,20570000
2022-08-22,271.45379638671875,276.057018930121,270.93581193768017,275.68562822594475,25061100
2022-08-23,270.17352294921875,272.53864848293165,269.15708983535205,270.17352294921875,17527400
2022-08-24,269.5382385253906,270.9455981450401,268.8736304974872,269.1668478166237,18137000
2022-08-25,272.5289306640625,272.69506033851854,268.2970680087891,271.04336749973436,16583400
2022-08-26,262.0128479003906,273.98516104382645,261.9053557314031,272.75371357624687,27549300
2022-08-29,259.2176208496094,261.3384133088157,257.86889873044487,259.82356155223977,20338500
2022-08-30,257.0088806152344,260.99638024255165,254.7512471057002,260.6250193047335,22767100
2022-08-31,255.54287719726562,261.0550115354996,255.40603646622787,259.37402993103416,24791800
2022-09-01,254.49708557128906,254.97599822937116,249.62021152580633,253.0017697518368,23263400
2022-09-02,250.2554931640625,258.73872314316543,248.70153970994355,255.7676569567466,22855400
2022-09-06,247.5092010498047,251.98536617249096,246.2288991777228,250.39234088968416,21328200
2022-09-07,252.239501953125,252.96271777248035,247.47990196744675,248.92634851905373,24126700
2022-09-08,252.65975952148438,254.5264664937185,249.01431675656787,251.67267486738547,20319900
2022-09-09,258.46502685546875,259.2175910438313,254.38957204307812,254.5948032645478,22084700
2022-09-12,260.6054382324219,261.3873213270638,259.149223843225,259.7551646004535,18747700
2022-09-13,246.2777862548828,254.49713337678742,245.88684468142785,252.97249852255345,33353300
2022-09-14,246.50254821777344,248.46697913300935,244.1960453177988,247.78285007642683,23913000
2022-09-15,239.817626953125,245.7011523048836,238.48845541290487,244.10811197636048,31530900
2022-09-16,239.19212341308594,239.739426682432,236.57286716463537,238.72299354259306,39791800
2022-09-19,238.97711181640625,239.58305259776108,235.3903068619585,236.9735791811867,26826900
2022-09-20,236.95401000976562,237.9899789735556,234.20771098725592,236.58263419492624,26660300
2022-09-21,233.5333709716797,242.0459353368341,233.48450141158338,238.73278197769002,28625600
2022-09-22,235.517333984375,238.33205339630862,232.18464499812544,232.47783250945622,31061200
2022-09-23,232.5266876220703,235.66392801449047,229.8683449899013,234.10995973648943,34176000
2022-09-26,232.06735229492188,235.97667813661488,231.52981700911016,231.67642567591042,27694200
2022-09-27,231.05093383789062,236.31874980621944,229.1842271718102,234.53999939236823,27018700
2022-09-28,235.60533142089844,236.83676384447796,229.40903786274086,231.44188934103624,29029700
2022-09-29,232.11624145507812,234.5107007527724,229.0962905663997,233.47473170328885,27484200
2022-09-30,227.6204833984375,235.08729490470347,227.45433884538363,232.88829919380572,35694800
2022-10-03,235.2827911376953,236.13306477222778,229.34061381655428,230.0736124429844,28880400
2022-10-04,243.23826599121094,244.6847124207283,239.42666423266377,239.53417129307422,34888400
2022-10-05,243.551025390625,244.89974773560505,238.56664330825308,240.41379938760141,20347100
2022-10-06,241.19564819335938,244.66517820045487,240.50175113967794,242.30980557091354,20239900
2022-10-07,228.93014526367188,235.84965435537447,227.8843933578398,235.43916198528814,37769600
2022-10-10,224.05323791503906,229.24286559802218,221.59035845242354,227.76710045738744,29743600
2022-10-11,220.30030822753906,223.86756241928063,219.0297742301736,222.460202601454,30474000
2022-10-12,220.63258361816406,222.69475365624942,218.8831668147149,220.29051163189263,21903900
2022-10-13,228.93014526367188,230.74798252431322,214.16266509998607,214.8663450017115,42551800
2022-10-14,223.3788604736328,231.86210470725837,223.16384637445358,230.20062941125624,30198600
2022-10-17,232.1455535888672,233.543145410167,229.80973186429202,230.4743250492662,28142300
2022-10-18,233.0935516357422,238.40045426951124,230.03449941447604,237.7261080934971,26329600
2022-10-19,231.1193389892578,234.17839122462001,228.97898071038742,231.6666422196203,19985700
2022-10-20,230.79681396484375,235.8398477825105,229.5458309126481,230.42543815781005,21811000
2022-10-21,236.63150024414062,237.49155674439498,229.18423891588736,229.41880384674636,26299700
2022-10-24,241.64524841308594,242.22187050260015,235.83012812748396,238.2343556148709,24911200
2022-10-25,244.97792053222656,245.349296366253,240.25740753672832,241.654984441584,34775500
2022-10-26,226.07630920410156,232.8980782788824,224.84486208169866,225.92970054468063,82543200
2022-10-27,221.60992431640625,228.39260751726937,220.66191153974984,225.80267001633032,40424600
2022-10-28,230.52317810058594,231.23664083896048,220.92579044336952,221.11148581601782,40647700
2022-10-31,226.8679656982422,229.59471401953846,225.91017009167064,228.46100590128756,28357300
2022-11-01,222.9977264404297,230.3961330494715,222.17677155998481,229.28197573661194,30592300
2022-11-02,215.1106414794922,226.05674989064616,215.0519890701954,224.25846374077017,38407000
2022-11-03,209.39328002929688,215.41364582533683,209.12939634093038,215.10089257795497,36633900
2022-11-04,216.37142944335938,216.5668927691409,208.5918638089294,212.61847990192896,36789100
2022-11-07,222.7045440673828,223.2323114758451,216.263932484972,216.95784447375866,33498000
2022-11-08,223.68186950683594,226.3988500523262,220.72055607119086,223.51572493107818,28192500
2022-11-09,219.4207000732422,223.4473161844384,219.2447875531126,222.21586889194765,27852900
2022-11-10,237.47198486328125,237.81405682631365,229.6728842873468,230.09312964083236,46268000
2022-11-11,241.50840759277344,242.36846415623495,236.44582224816557,237.4818062509244,34620200
2022-11-14,236.0744171142578,238.3809199560676,233.78746507725594,236.5044453426639,31123300
2022-11-15,236.48489379882812,241.40086983358165,234.58886838654172,240.09124926054272,31390100
2022-11-16,236.9161376953125,238.94492249208088,235.63222768224927,237.95502625687746,24093300
2022-11-17,236.8671417236328,238.40588369087442,232.89780598377683,233.04481287972584,23123500
2022-11-18,236.4163055419922,238.88612602549412,234.26991517757338,238.6606955166367,27613500
2022-11-21,237.22975158691406,239.7975713884962,236.38687726926875,236.62208827098848,26394700
2022-11-22,240.15040588378906,240.42482869254758,235.9164432951424,238.73908003593303,19665700
2022-11-23,242.649658203125,243.3357153118494,239.40557641014553,240.2288449406148,19508500
2022-11-25,242.5614471435547,243.7473426215973,241.81657234254652,242.385023917818,9200800
2022-11-28,236.94552612304688,241.7381448542194,236.00465217547287,241.17950375189517,24778200
2022-11-29,235.54400634765625,237.95500887957246,233.46622937626154,236.59269030692607,17956300
2022-11-30,250.05906677246094,250.24528544964286,235.0833583607036,235.7792257930801,47594200
2022-12-01,249.6180419921875,251.01955743594272,245.92311452831746,248.81436449904433,26041500
2022-12-02,249.94149780273438,250.96078050717315,244.71763842454288,244.84505437069396,21528500
2022-12-05,245.2174835205078,248.76540456584152,243.1201003411884,246.99143656571283,23435300
2022-12-06,240.23861694335938,246.84440035606815,238.925305612841,245.82511774482512,22463700
2022-12-07,239.50355529785156,241.25791720433986,237.386581396251,239.9544013330992,20481500
2022-12-08,242.47320556640625,243.78653182088883,238.21963705324325,239.96418847025336,22611800
2022-12-09,240.5326385498047,243.36508571705198,239.29773591127204,239.8269756263799,20609700
2022-12-12,247.48147583007812,247.51087720956804,242.24782091194535,242.5222437571335,30665100
2022-12-13,251.8036651611328,258.6642659863142,248.03032872531384,256.4786638130333,42196900
2022-12-14,252.09768676757812,257.3607430640229,249.24563331830728,252.00948262912812,35410900
2022-12-15,244.0511474609375,249.13779490116903,242.41440605143725,248.66735792808984,35560400
2022-12-16,239.8171844482422,244.8646200764153,238.66067548722324,243.60031603967155,86102000
2022-12-19,235.66162109375,240.32683894372457,233.95628142011975,239.98380294125394,29696400
2022-12-20,236.9847412109375,238.07263700939967,233.67204653626635,234.63252639957287,25150800
2022-12-21,239.5623779296875,240.72868248783374,235.32841482024025,236.8769522629541,23690600
2022-12-22,233.44662475585938,237.17095355808544,229.21264718155905,236.45548020048759,28651700
2022-12-23,233.97586059570312,234.11307199880326,229.2812565600642,231.40804078557704,21207000
2022-12-27,232.24114990234375,234.1719052708598,231.13364810480823,233.94648971244112,16688600
2022-12-28,229.85951232910156,234.94615982143847,229.5066808569475,232.17251532323996,17457100
2022-12-29,236.21046447753906,237.102346111506,230.95720418697826,230.95720418697826,19770700
2022-12-30,235.04417419433594,235.18138560256986,231.9470996028593,233.46623552218477,21938500
2023-01-03,234.8089599609375,240.8560876090647,232.67236512033801,238.23926029311136,25740000
2023-01-04,224.5376739501953,228.23258683276063,221.46020498304858,227.65433977112923,50623400
2023-01-05,217.8828582763672,223.01851293325473,217.34380812885354,222.67547694258565,39585600
2023-01-06,220.45065307617188,221.2641259418122,214.98178843353912,218.55909499293537,43613600
2023-01-09,222.59707641601562,226.63503997806498,221.9012238905733,221.9404207414047,27369800
2023-01-10,224.2926483154297,226.70365108395583,222.80291366553493,223.22434339433113,27033900
2023-01-11,231.07479858398438,231.2512068231541,226.50759585204494,226.68400409121466,28669300
2023-01-12,233.76023864746094,235.12255719396836,228.90881734615303,230.57496007171358,27269500
2023-01-13,234.46591186523438,234.60312327325482,230.2417446380463,232.2803248107226,21333300
2023-01-17,235.56362915039062,236.11247480825548,232.36853985579916,233.2310201495425,29831300
2023-01-18,231.1140594482422,237.5532311501442,230.82984111032275,236.75936394413972,30028700
2023-01-19,227.31130981445312,230.82982947150802,226.0862024706812,229.124474665205,28623000
2023-01-20,235.43621826171875,235.9458670784951,229.8399216164332,230.18295763742017,35389800
2023-01-23,237.74920654296875,240.28762508379944,234.87754747647304,236.2986837989115,31934000
2023-01-24,237.219970703125,239.09193825120215,235.65184232831297,237.67081677077388,40234400
2023-01-25,235.8184356689453,238.45486876012572,226.30179634476667,229.81050516547126,66526600
2023-01-26,243.06126403808594,243.36508822534608,237.1807495855516,238.7978850780299,33454500
2023-01-27,243.2180938720703,244.85483535106292,241.9145779733684,244.0315668744898,26498900
2023-01-30,237.87660217285156,240.70904919223483,237.37674890448233,239.64074443439745,25867400
2023-01-31,242.87503051757812,243.01224191489177,238.11181350380332,238.60185634491216,26541100
2023-02-01,247.71669006347656,250.09829141866163,240.58166651738924,243.06128243617087,31259900
2023-02-02,259.3307189941406,259.4189231304734,252.12708209516663,253.66582404083547,39940400
2023-02-03,253.20518493652344,258.93869313209495,251.98007762592465,254.37148948900116,29077300
2023-02-06,251.65660095214844,253.1561309156688,249.70623992968441,252.31327154852002,22518000
2023-02-07,262.2317810058594,263.41767657007773,254.90072770646373,255.34177832539393,50841400
2023-02-08,261.4183044433594,271.2485641308872,260.9086406689903,267.75946096567276,54686000
2023-02-09,258.3702087402344,268.5239129821001,257.5665312216428,268.3474748100803,42375100
2023-02-10,257.8605651855469,258.8308405007959,255.46915357779656,256.32182338936,25818500
2023-02-13,265.9168701171875,269.1315501475347,261.82989942164016,262.31016177286494,44630900
2023-02-14,266.7499694824219,269.4941978010345,263.91750711977755,267.24001239002024,37047900
2023-02-15,264.6178283691406,266.00321414410365,261.53263664657936,263.63528781822424,28922400
2023-02-16,257.572998046875,262.08285555326694,257.3273629104609,259.41034406969123,29603600
2023-02-17,253.55441284179688,255.54896896604592,251.53038170033267,254.86120856943893,30000100
2023-02-21,248.25856018066406,251.0293321879578,247.197414411427,250.03695647259957,28397400
2023-02-22,247.11878967285156,249.89938146855127,245.9692189291674,249.6537463098398,22491100
2023-02-23,250.32186889648438,252.35572011024465,246.1067613934901,251.0980693615476,29219100
2023-02-24,244.86875915527344,246.61768014977395,243.76831852746525,245.5958445657205,24990900
2023-02-27,245.79237365722656,248.40593539561652,245.03581315561252,248.05222016040298,21190000
2023-02-28,245.0652618408203,247.09912797283138,244.38730646348327,244.72138164422634,22491000
2023-03-01,241.97027587890625,246.5489036451056,241.49864560005906,246.38187354348958,27565300
2023-03-02,246.72576904296875,247.01069921844766,241.3217957785109,242.24538633521718,24808200
2023-03-03,250.83279418945312,251.15703440077357,247.00089167817626,247.78692719116086,30760100
2023-03-06,252.3852081298828,255.57846519382255,251.5107475643761,251.9528878516763,24109800
2023-03-07,249.7126922607422,253.1908944468832,248.96596678774188,251.82514859412282,21473200
2023-03-08,249.2705535888672,250.0958841157782,246.4310117820294,249.60461380322926,17340200
2023-03-09,247.91464233398438,255.02822642305847,247.18755691928234,251.3535343083889,26653400
2023-03-10,244.24974060058594,248.37640772413764,243.2770350955159,246.69627185590122,28333900
2023-03-13,249.48670959472656,253.4070520212103,241.43969960963778,243.08054062729633,33339700
2023-03-14,256.2366943359375,256.51180442173194,251.39276284004723,252.26722311111715,33620300
2023-03-15,260.8055725097656,261.8274231030396,254.6843339357489,255.44090936840504,46028000
2023-03-16,271.3777160644531,271.7314162751919,258.68327877053844,260.57957486476903,54768800
2023-03-17,274.5513000488281,278.38320221583945,271.4956133158903,273.4017443911038,69527400
2023-03-20,267.4770202636719,272.63535806521134,265.13856899607947,272.14408779839806,43466600
2023-03-21,269.0,270.19870089061436,264.81436689289745,270.0808008005152,34558700
2023-03-22,267.5360107421875,276.1332417111231,267.4279156750732,268.62661650670384,34873300
2023-03-23,272.8122253417969,276.15285736950943,270.39518387262524,273.0873355091436,36610900
2023-03-24,275.67144775390625,275.73039779634655,270.4737991238302,272.3995704746585,28172000
2023-03-27,271.5545654296875,276.54585829331256,270.70956495396155,275.60262774915475,26840200
2023-03-28,270.4246520996094,271.318767617221,267.30015029600474,270.9748724204844,21878600
2023-03-29,275.6124572753906,276.2314626149595,273.5491161384135,274.0895014430885,25087000
2023-03-30,279.09063720703125,279.4934824393244,276.56553072790194,279.26751729823314,25053400
2023-03-31,283.2664489746094,284.21951457614847,278.05899567842283,278.77626112609994,32766000
2023-04-03,282.21514892578125,283.23696956652316,278.99241693897744,281.5175235068159,24883300
2023-04-04,282.16607666015625,285.37900445898305,280.6824603528717,282.21522169396127,25824300
2023-04-05,279.3755798339844,282.1365164147506,277.98038902724386,280.8592256779027,22064800
2023-04-06,286.5088195800781,286.9804198360611,277.1058996745783,278.2652902835456,29770300
2023-04-10,284.33746337890625,284.54378852713467,279.7391501821954,284.16058326709117,23103000
2023-04-11,277.8919372558594,280.98696405070535,276.72274155917825,280.76096892424965,27276600
2023-04-12,278.5404052734375,281.9989671295164,277.037119461826,279.8177259533784,27403400
2023-04-13,284.77960205078125,284.8385520958966,278.2260721624306,278.6387224782379,24222700
2023-04-14,281.1441650390625,283.4433063088322,278.7369287176148,281.98913551237405,20987900
2023-04-17,283.7577209472656,286.5088526923991,281.16382928530817,284.86799665280347,23836200
2023-04-18,283.3352355957031,286.66606271139386,281.99899473668074,286.47937759362446,20161800
2023-04-19,283.41387939453125,284.00337983189127,279.5721416256665,280.99680766230375,17150300
2023-04-20,281.1146545410156,283.9836860604295,280.1026390020825,280.26968408422516,23244400
2023-04-21,280.77081298828125,281.27188830738805,278.11794135985355,280.03390753424685,21676400
2023-04-24,276.8504638671875,279.974965874203,273.85372692501556,277.16488406665934,26611000
2023-04-25,270.6113586425781,276.6834526548498,270.56221361928937,274.6299462973571,45772200
2023-04-26,290.2130126953125,294.3396952159119,287.6191210991788,291.5198084868981,64599200
2023-04-27,299.50787353515625,299.87143878760514,290.0951466606812,290.8025771762299,46462600
2023-04-28,301.8954772949219,303.53630353885956,298.0144293789497,298.70221989068983,36446700
2023-05-01,300.2250671386719,303.2119985982661,299.8222219430723,301.61045281580516,21294100
2023-05-02,300.0777282714844,303.7818955393081,298.60391737135024,302.3867046786464,26404400
2023-05-03,299.0853576660156,303.2218452657529,298.78077247368105,301.26659903403873,22360800
2023-05-04,300.0777282714844,302.3867046786464,298.1028120701816,300.8932237762644,22519900
2023-05-05,305.2261657714844,306.52312628098895,298.9575532936322,300.3822488512361,28181200
2023-05-08,303.2611389160156,304.7840947802389,300.7458374723301,304.71530974445443,21318600
2023-05-09,301.63995361328125,304.62688532818095,300.9619982242948,302.62249417879684,21340800
2023-05-10,306.8572082519531,307.5351635672236,302.29823611574494,303.231631560639,30078000
2023-05-11,304.6956787109375,305.68805440207467,300.9129210456276,304.6858736936846,31680200
2023-05-12,303.5755615234375,305.226222486931,301.2469451669451,305.1279624328462,19758100
2023-05-15,304.0570068359375,304.48932710036144,302.2196607045156,303.7033066112777,16336500
2023-05-16,306.29718017578125,308.2327862505442,304.4205241349901,304.4205241349901,26730300
2023-05-17,309.1921691894531,309.61557800525054,305.9820752690315,307.5083603764243,24315000
2023-05-18,313.6429443359375,314.1550015459057,308.91645194585186,309.71404716104996,27276000
2023-05-19,313.46575927734375,313.8694852016011,311.5259215707128,311.8902515376422,27529500
2023-05-22,316.26220703125,317.65062125464465,313.1407616913175,313.72172423013296,24115700
2023-05-23,310.43292236328125,317.7786905434151,310.4230658616671,315.12987593584427,30797200
2023-05-24,309.0445251464844,311.6539439435322,307.82349084026635,309.91105592821606,23384900
2023-05-25,320.9296875,321.89466299286516,315.10031838769214,318.29069949526894,43301700
2023-05-26,327.79296875,328.29513945011763,318.92091576078735,319.0587565244424,36630600
2023-05-30,326.1387023925781,330.5993405431039,325.45926485538513,330.09716979193047,29503100
2023-05-31,323.36187744140625,330.79626374577583,322.3180799641337,327.2021566585661,45950600
2023-06-01,327.4877014160156,328.42316754915356,319.74806391564715,320.9395286349785,26773900
2023-06-02,330.26446533203125,332.3323168692786,327.45809753507444,329.13207974387075,25864000
2023-06-05,330.7962646484375,333.37614376930503,329.535864541666,330.08728771023425,21307100
2023-06-06,328.57086181640625,330.2349878378433,327.08400256878656,330.19559188251617,20396200
2023-06-07,318.4285888671875,329.368464259654,317.5620581330694,326.57195237701546,40717100
2023-06-08,320.2797546386719,321.63862942191327,318.3989962118977,318.97995875467535,23277700
2023-06-09,321.78631591796875,324.9373006235263,319.44275282521363,320.0138588489328,22514900
2023-06-12,326.7688293457031,327.01500142897544,320.1812619933123,323.5488792643075,24260300
2023-06-13,329.1715087890625,331.82032311090893,325.3312298625047,329.34874549714056,22951300
2023-06-14,332.1748352050781,333.84881777710495,327.7141972305495,329.22076952524964,26003800
2023-06-15,342.77008056640625,344.4834289788281,332.0369816851605,332.3126932693469,38899100
2023-06-16,337.0884094238281,346.088476963345,336.71425302671787,345.94077969470817,46533600
2023-06-20,332.87396240234375,336.84225617717664,330.7174920084204,334.1146796290697,26375400
2023-06-21,328.4526672363281,332.5588311731775,326.98549110544155,331.21963929473736,25117800
2023-06-22,334.5085144042969,334.9122402862619,328.23605360829237,329.0041094190213,23556800
2023-06-23,329.8903503417969,332.7853371103675,328.3444121418227,329.24045228657593,23084700
2023-06-26,323.56866455078125,330.9636551501701,323.4603331837818,328.61026513447996,21520600
2023-06-27,329.4472351074219,331.0030296985232,324.2579075361374,326.7787076649522,24354100
2023-06-28,330.7076110839844,332.80500222166694,328.6988382978553,329.53582946293454,20259500
2023-06-29,329.91986083984375,330.96362821714007,327.527075062663,329.5850703650796,16997000
2023-06-30,335.3258361816406,337.48230643910676,332.0369801390501,332.5785468035808,26823800
2023-07-03,332.8148498535156,335.68029693733763,331.41660903960724,333.9964880500449,12508700
2023-07-05,332.972412109375,336.41882187846574,329.6047942488933,329.9592676867089,18172400
2023-07-06,336.04461669921875,337.7382820361676,330.3629751576873,332.13540234854474,28161200
2023-07-07,332.0566711425781,336.55670498898127,331.84003846145146,334.12452308964015,21185300
2023-07-10,326.7491760253906,330.0971410096197,322.5741063466411,329.4767824384207,32791400
2023-07-11,327.37939453125,327.7634074291619,321.9931471069892,325.99098010741216,26698200
2023-07-12,332.0369567871094,336.4188023518634,330.53038466322164,331.4461377080676,29995300
2023-07-13,337.41339111328125,338.47684155339823,333.82911027190704,334.3608505171208,20567200
2023-07-14,339.953857421875,346.0490818076083,339.0381043039025,342.2678814702268,28302200
2023-07-17,340.43634033203125,341.67702731455745,336.96039139033553,340.3870878805487,20363900
2023-07-18,353.9856872558594,361.16407540289185,336.93090392473795,340.534837675606,64872700
2023-07-19,349.6431579589844,356.910163452278,347.0435961042432,356.2110430741519,39732900
2023-07-20,341.558837890625,352.48888441717673,340.08180538839645,348.15626175403366,33778400
2023-07-21,338.5063781738281,344.9363933202969,334.6267028122205,343.80400747725736,69368900
2023-07-24,339.8258361816406,341.6081500253585,337.06872038252897,340.5545261109339,26678100
2023-07-25,345.6059875488281,346.50205770801625,339.78647478990905,341.79521773437693,41637700
2023-07-26,332.59820556640625,339.3925798836245,328.00955380229783,336.21202538513404,58383700
2023-07-27,325.6561584472656,336.1036882550132,324.01171554866875,335.2667271305917,39635300
2023-07-28,333.1890869140625,334.8039906913591,328.0687240684187,328.56106838340247,28484900
2023-07-31,330.7765808105469,332.52932517386967,328.2557505534437,331.7612693303981,25446000
2023-08-01,331.19012451171875,333.3564512189415,328.5905625133595,330.0577387535238,18311900
2023-08-02,322.4855041503906,328.5216498452857,321.3629447652297,328.5216498452857,27761300
2023-08-03,321.6583557128906,324.82905395091615,320.9592352774214,321.0084576833229,18253700
2023-08-04,322.76116943359375,330.00849183831787,322.22942927216775,326.79839796975773,23727700
2023-08-07,325.0555114746094,326.0401999902519,322.50517182513227,323.34216307349016,17741500
2023-08-08,321.05767822265625,323.71634923267544,318.05439027271234,321.9537483771396,22327600
2023-08-09,317.296142578125,322.10139655564694,316.13418746953784,321.47121162839164,22373300
2023-08-10,317.9854431152344,323.2338495332389,316.2622382780474,321.0281269074305,20113700
2023-08-11,316.0948486328125,317.47340645136524,314.32239139441043,315.356332296055,24342600
2023-08-14,319.07843017578125,319.0981131252165,315.1790425656813,316.4690119861492,18836100
2023-08-15,316.9317932128906,320.112347555103,315.98650076532334,318.05435241024975,16966300
2023-08-16,316.1621398925781,320.1289875880266,315.57006992613054,316.55684316556676,20698900
2023-08-17,312.688720703125,317.6127097168365,312.02756935768224,316.3003145091052,21257200
2023-08-18,312.29400634765625,314.1688694839408,307.4291913799028,310.3303071193683,24744800
2023-08-21,317.6225891113281,318.50080167384647,312.84661003586535,313.7248225983837,24040000
2023-08-22,318.19488525390625,321.7669995051517,317.2081120302946,321.1946842855857,16102000
2023-08-23,322.6748962402344,324.84580972840274,319.1817100325212,319.5369641096459,21166400
2023-08-24,315.73785400390625,328.57578427329713,315.7279766344483,328.44749892606876,23281400
2023-08-25,318.7080383300781,321.05653339298726,314.58330321702437,317.21800107114086,21684100
2023-08-28,319.4185485839844,321.83612524691614,317.46472649074093,321.3526159371164,14808500
2023-08-29,324.0661926269531,324.6286605824637,317.62256478776396,317.62256478776396,19284600
2023-08-30,324.4411926269531,325.4476905236703,322.1321467834745,324.3227846525076,15222100
2023-08-31,323.4247741699219,326.5331035397422,322.4577256512088,324.84572990136996,26411000
2023-09-01,324.3128967285156,327.59883836815857,322.457758218764,326.92783979218484,14931200
2023-09-05,329.13818359375,330.42100680175923,324.31287838153,324.64837765053704,18553900
2023-09-06,328.47711181640625,330.03620043198475,325.81281177247035,328.97049848276976,17535800
2023-09-07,325.54638671875,328.67444125152036,324.67802138664604,326.9081387064647,18381000
2023-09-08,329.8487243652344,331.7137404938382,325.10234685290214,325.7240188957701,19530100
2023-09-11,333.4701843261719,333.94384636953174,330.9933736107888,332.779430943847,16583300
2023-09-12,327.38177490234375,332.33539626234364,327.09563232037993,331.3782249333898,17565500
2023-09-13,331.6150817871094,332.39464124119496,326.7897752963841,326.9279079195498,16544400
2023-09-14,334.2200927734375,336.3514963717111,332.11826105249173,334.6641226422745,20267000
2023-09-15,325.85223388671875,332.9372579435442,325.289765958544,332.4636260999671,37666900
2023-09-18,324.70758056640625,326.02985301542014,322.04328093184256,323.46423672175285,16834200
2023-09-19,324.3030090332031,325.0332416851502,320.21778360821713,321.8558307484151,16505900
2023-09-20,316.5272521972656,325.23059969956495,316.2707116235492,325.15167108778996,21436500
2023-09-21,315.30364990234375,321.046677345135,310.8335683618871,315.0372319704766,35529500
2023-09-22,312.8170166015625,317.1982925065449,311.96837589582117,317.0700071580314,21447900
2023-09-25,313.34002685546875,313.46831221282724,310.83361404365974,312.40258010087473,17836000
2023-09-26,308.0113830566406,311.70190497196,305.91939869950795,310.96182511532044,26297600
2023-09-27,308.6528015136719,310.14280858680456,305.5937985326922,308.1692621621633,19410100
2023-09-28,309.4915466308594,311.3072056214611,305.3569647044063,306.8765736803031,19683600
2023-09-29,311.5736389160156,315.2444364365429,310.81383439055213,313.5471853224512,24140300
2023-10-02,317.5436096191406,317.63244570904936,311.0111757318988,312.0966322948684,20570000
2023-10-03,309.244873046875,317.1390587858504,307.09368454641833,316.5864380793077,21033500
2023-10-04,314.7411804199219,315.80691237012786,309.8467936401809,309.87639563246836,20720100
2023-10-05,315.1358947753906,315.74771949407113,310.73489445489207,314.86947683543065,16965600
2023-10-06,322.93145751953125,324.8359228657201,312.1163998758835,312.363093214424,25645500
2023-10-09,325.4575500488281,325.9311819206421,318.9053614253998,320.45460260529177,19891200
2023-10-10,324.0465087890625,326.720656085552,323.3360307858184,326.58249336445317,20557100
2023-10-11,328.023193359375,328.4178966562557,324.786578142663,326.82917598535187,20063200
2023-10-12,326.77984619140625,329.2171774212292,324.37211695571347,326.197653564225,19313100
2023-10-13,323.39520263671875,329.41449526956706,322.04329801120366,327.9836921494348,21072400
2023-10-16,328.24029541015625,331.6940020700412,326.22726938220796,326.6712993129767,22158000
2023-10-17,327.66796875,329.0494454701595,323.0794785194293,325.23063727753015,18338500
2023-10-18,325.74371337890625,331.15124180050987,323.95765614917667,328.0922386062229,23153600
2023-10-19,326.937744140625,332.42420139961934,326.5331634650962,327.75675274742485,25052100
2023-10-20,322.3492126464844,327.5297719167904,321.14534814482755,327.33240523235037,25012600
2023-10-23,324.9642028808594,328.3291035769389,320.0994175521123,321.16511950696747,24374700
2023-10-24,326.1581726074219,327.450843201344,323.2669341104162,326.91797719567256,31153600
2023-10-25,336.1640930175781,341.62094848109837,333.1544162082352,340.45653303242403,55053800
2023-10-26,323.5531311035156,337.11138741830564,322.61568436698997,336.0358080707796,37828500
2023-10-27,325.4477233886719,332.2663310024127,324.0563693205719,326.059518061042,29856500
2023-10-30,332.8485412597656,334.9602508419378,327.4410120549132,329.00013092872786,22828100
2023-10-31,333.637939453125,334.5161822328496,330.2631912926322,334.36817224579886,20265300
2023-11-01,341.4926452636719,342.82479524967096,335.15754738848574,335.29571010602456,28158800
2023-11-02,343.712890625,344.21612454156855,340.2098272647779,342.64715857381447,24348100
2023-11-03,348.13360595703125,349.7026019942071,342.7359548361638,345.00555147993623,23624000
2023-11-06,351.81427001953125,352.810920650958,348.6763382726154,348.775021621636,23828300
2023-11-07,355.7613220214844,357.6657869707327,352.8996859136411,354.6462635454595,25833900
2023-11-08,358.3960876464844,359.057208917739,355.78111421518867,356.89617290299117,26767800
2023-11-09,355.9192810058594,359.9650577521111,355.59362893748545,357.5079716401421,24847300
2023-11-10,364.78045654296875,365.204761785169,356.29420112932536,356.70862900321885,28042100
2023-11-13,361.83001708984375,363.59634968321416,361.0603351402409,363.3496563645731,19986500
2023-11-14,365.37249755859375,367.0302994013767,362.4911367128115,366.10273019534225,27683900
2023-11-15,365.5208740234375,368.94203087910716,362.9895794473633,367.1127890598003,26860100
2023-11-16,371.94793701171875,372.12590947641365,366.02514736390873,366.79639155264005,27182300
2023-11-17,365.6988830566406,370.1681406109191,362.8808648558553,369.41666104402844,40157000
2023-11-20,373.20367431640625,374.61761697588884,366.83595346489807,367.0534854259764,52465100
2023-11-21,368.8826904296875,371.9973289708727,366.954565050594,371.4535142101286,28423100
2023-11-22,373.6090087890625,375.5272365976485,370.76132914847926,373.7573191505412,23345300
2023-11-24,373.19378662109375,373.7277342076605,370.92951089344206,373.0949029680178,10176600
2023-11-27,374.36053466796875,376.36777927950243,371.9776106304941,372.5510875373221,22179200
2023-11-28,378.4046325683594,378.70125333384794,373.91558054196696,374.1034504184605,20453100
2023-11-29,374.59783935546875,379.98665110815534,373.20366140430053,379.4527337290247,28963400
2023-11-30,374.6571960449219,375.8239447266378,371.255803480385,374.24189676114656,30554400
2023-12-01,370.3065490722656,373.91557582374776,367.1424534634021,372.53129531051445,33020400
2023-12-04,364.9967956542969,365.37250519603646,358.8268127510661,364.9572361643586,32063300
2023-12-05,368.3388366699219,368.89254883397666,361.51628808242225,362.3369890872158,23065000
2023-12-06,364.6606140136719,369.98023426556915,363.8992672788477,369.3474332518956,21182100
2023-12-07,366.78656005859375,367.28094818096685,362.20852121741024,364.09708746588205,23118900
2023-12-08,370.02972412109375,370.2571233325587,364.0970669863145,365.05618109677266,20144800
2023-12-11,367.132568359375,367.429219306122,361.990950541345,364.3442425802933,27708800
2023-12-12,370.1780090332031,370.2175685270605,366.301993361596,366.6876305328375,24838300
2023-12-13,370.1680908203125,373.4014078665919,366.6084909494342,371.7995652934086,30955500
2023-12-14,361.8228454589844,369.5649795287377,360.0430604780347,369.1200181959737,43277500
2023-12-15,366.5689697265625,368.2202088944094,362.168904067831,362.7325136796333,78478200
2023-12-18,368.4674072265625,368.813484896194,364.5419649068583,365.30334181505793,21802900
2023-12-19,369.0705871582031,369.0705871582031,365.68895952374146,367.3204340997758,20603700
2023-12-20,366.4601745605469,371.809456608222,366.3711883371166,370.79101848445333,26316700
2023-12-21,369.347412109375,370.2076424400769,365.8866959536453,368.3784007227526,17708000
2023-12-22,370.3757629394531,370.96903467399375,368.52675633726045,369.48587042516914,17091100
2023-12-26,370.4548645019531,372.70927284710115,369.3078805824845,370.7910447615306,12673100
2023-12-27,369.8714904785156,370.8503691813732,368.6256229112042,369.4957507248787,14905400
2023-12-28,371.06793212890625,372.2346808060371,369.9605076099309,371.15691836613945,14327000
2023-12-29,371.8193664550781,372.92679083929943,369.2881020982719,371.77980696276984,18723000
2024-01-02,366.70733642578125,371.680878310716,362.6533489440639,369.6637668979749,25258600
2024-01-03,366.4404296875,369.0705777416299,364.3738912539091,364.86827930524817,23083500
2024-01-04,363.81024169921875,368.91232945000587,363.04889504674566,366.5096110262484,20901500
2024-01-05,363.6224365234375,367.88405940220275,362.38646631091734,364.8287446578594,20987000
2024-01-08,370.4845275878906,370.988813066157,364.86828645661416,365.1550098059731,23134000
2024-01-09,371.5721740722656,371.76991118457596,367.0237980384077,367.83460167151895,20830000
2024-01-10,378.4738464355469,379.8581572234937,372.096258198453,372.14568493728495,25514200
2024-01-11,380.3129577636719,386.29504112370273,376.1106593210736,381.6675761983364,27850800
2024-01-12,384.10986328125,384.3174978189153,380.33273123391484,381.1632995596287,21645700
2024-01-16,385.8896789550781,389.6074871447162,383.26942804485134,389.24164477659747,27202300
2024-01-17,385.0986633300781,385.73146439966996,380.4909626708054,383.6253964652766,22234100
2024-01-18,389.4492492675781,389.56789757510035,385.74133878224427,387.32338662433057,23392100
2024-01-19,394.1953430175781,394.1953430175781,389.0833577969474,391.31800122328355,29272000
2024-01-22,392.05963134765625,396.1234867411943,389.17239178292385,395.53021503062706,27016900
2024-01-23,394.42279052734375,394.89741393072353,389.5085719753557,391.30815176623645,20525900
2024-01-24,398.04168701171875,401.07723674810927,395.95538401589334,397.03314629680017,24867000
2024-01-25,400.3257751464844,402.44177048645173,398.0120426913666,399.7819603610059,21021200
2024-01-26,399.3963317871094,401.61121081981145,397.9131676038507,399.83139569486946,17803300
2024-01-29,405.1213684082031,405.3784598651388,399.7918504359062,401.50244405119065,24510200
2024-01-30,404.0039978027344,408.41393048382605,401.88803277214015,407.6328191397312,33477600
2024-01-31,393.11761474609375,410.6585244475091,392.7517723927337,402.39234000988097,47871100
2024-02-01,399.2480163574219,403.4206527472509,397.2902287972473,397.3198908735355,30657700
2024-02-02,406.60455322265625,408.018495957255,399.03052385280495,399.2777179046602,28245000
2024-02-05,401.09698486328125,406.5451503675642,399.45561305568305,405.2992829313639,25352300
2024-02-06,400.9388427734375,403.39101855797185,398.3878135111435,401.3244799668953,18382600
2024-02-07,409.40277099609375,409.6499650445578,402.8274153419617,402.86697483873127,22340500
2024-02-08,409.4620361328125,410.89577347726316,407.89978324873107,409.40271198373665,21225300
2024-02-09,415.82977294921875,416.0967618057892,410.4310639420329,410.58927173757974,22032800
2024-02-12,410.5991516113281,416.01762504580444,410.09486617050925,415.83965259906256,21202900
2024-02-13,401.759521484375,405.4674319451174,398.86241468639423,400.39500560681336,27824900
2024-02-14,405.64263916015625,405.9893567916934,400.76888180370327,404.2359976573727,20401200
2024-02-15,402.7402038574219,405.2860649354581,400.49154229797136,404.30537605508795,21825500
2024-02-16,400.263671875,404.45394000272717,399.64950189121174,404.12702357209685,22281100
2024-02-20,399.0056457519531,400.68965547755954,394.27055684913546,399.4513996951192,24307900
2024-02-21,398.4013671875,398.51034941803397,393.4879766336977,396.41027241644326,18631100
2024-02-22,407.78240966796875,408.9513159326477,404.7313605611897,406.33613530267354,27009900
2024-02-23,406.4846496582031,411.9527756521701,405.12752632093805,411.7645886082764,16295900
2024-02-26,403.71099853515625,408.28758685257475,403.53266673551263,407.5941515550284,16193500
2024-02-27,403.651611328125,404.4837156428337,400.0557114543386,404.1567991647498,14835800
2024-02-28,403.8893127441406,405.45445472615467,401.51186772663095,404.3449824000404,13183100
2024-02-29,409.75372314453125,410.3084593316979,402.1062540147567,404.80069987993255,31947300
2024-03-01,411.59625244140625,411.9627713431054,407.0196635688865,407.40598368145766,17800300
2024-03-04,411.0216369628906,413.42879866896584,408.44605918838874,409.5555314036571,17596000
2024-03-05,398.866943359375,410.35796297341943,396.8758486343361,410.0706791695835,26919200
2024-03-06,398.31219482421875,401.35335816221044,394.6469759902315,399.1839316978577,22344100
2024-03-07,405.2959899902344,405.92996122894976,398.46079390642615,402.3043446808418,18718500
2024-03-08,402.4034423828125,406.5639942145303,400.53118498928256,404.12708488667965,17971700
2024-03-11,400.7193908691406,401.8684959158896,397.4900401967336,399.9665518757127,16120800
2024-03-12,411.3782958984375,411.66557971021905,402.96807213356095,403.79026068759885,22457000
2024-03-13,411.20001220703125,414.2510613457713,407.5843111404895,414.17182627227476,17115900
2024-03-14,421.22491455078125,423.8004927118293,414.06283197899603,416.2916924630243,34157300
2024-03-15,412.5075988769531,418.62952831732593,408.9116991847294,415.3506293663728,45049800
2024-03-18,413.39910888671875,416.77707411837673,409.8923602232522,410.3579455831781,20106000
2024-03-19,417.45068359375,417.7082504608342,411.6457249805596,413.90430223487067,19837900
2024-03-20,421.2347717285156,421.9578936817544,416.7077018080513,418.03510823968844,17860100
2024-03-21,425.3359069824219,426.7722957944647,423.1466792053097,425.7915766495499,21296200
2024-03-22,424.71185302734375,425.8213254638717,422.06695538505966,425.66285531367333,17636500
2024-03-25,418.8870544433594,423.39432359578046,417.64879867030754,421.2446982721868,18060500
2024-03-26,417.6883850097656,421.98760494943645,417.3912157495225,421.61117039922806,16725600
2024-03-27,417.4704895019531,420.4621347429845,415.073243298201,420.4522190231072,16705000
2024-03-28,416.7671813964844,417.9063706755069,415.1822079413489,417.0049168339557,21871200
2024-04-01,420.58099365234375,423.8698081123032,418.253066843913,419.9668236498753,16316000
2024-04-02,417.48040771484375,418.41157846327263,413.91422508584526,416.1628866591322,17912000
2024-04-03,416.4997253417969,419.2833219106777,415.1524873360607,415.7864888048433,16502300
2024-04-04,413.953857421875,424.6424895808556,413.64677241260966,420.9970416568271,19370900
2024-04-05,421.52203369140625,422.50275274464576,414.3896991298408,416.0638232237435,16544300
2024-04-08,420.600830078125,423.26555903906655,419.3229415986936,421.175397711729,14272400
2024-04-09,422.27490234375,423.7211765083397,417.6586815570047,422.43340269794294,12512300
2024-04-10,419.2833251953125,420.0460798769914,415.7567751324305,418.2233709862432,16216600
2024-04-11,423.909423828125,425.33589688609106,418.39174889077384,421.8192626102262,17966400
2024-04-12,417.9360656738281,421.1852474824693,415.82607308443,420.06585947169174,19232100
2024-04-15,409.75372314453125,422.80988521460824,409.54567440120263,422.5919509817317,20273500
2024-04-16,410.6848449707031,414.46896182763265,409.8428552388163,410.6749594816062,16765600
2024-04-17,407.9705810546875,414.944445667743,406.4747584853447,413.3297553873522,15855500
2024-04-18,400.47174072265625,408.0201737333556,400.15477020238865,406.7720021700929,21029900
2024-04-19,395.3701171875,401.67037838778936,394.03279488372993,400.23398957432255,30276500
2024-04-22,397.19281005859375,399.06506725448133,392.0317685818269,396.3210731778114,20286900
2024-04-23,403.7407531738281,404.36483895374073,399.2731164319855,400.4420226888204,15734500
2024-04-24,405.2167053222656,408.5946705531457,402.95812809887644,405.7120076101216,15065300
2024-04-25,395.2908935546875,396.13291356518926,384.3843265310709,390.327954514582,40586500
2024-04-26,402.5024719238281,409.1197034555493,401.94773576133974,408.2975149317784,29694700
2024-04-29,398.4707336425781,402.50250195684066,395.43948573178295,401.4425476908758,19582100
2024-04-30,385.67205810546875,398.38153147568886,385.51358797981476,397.71781312224874,28781400
2024-05-01,391.2293701171875,397.9456678723463,386.6428661349504,388.92124454675456,23562500
2024-05-02,394.10211181640625,396.1724717048869,390.94208087323796,393.92381025223517,17709400
2024-05-03,402.8392639160156,403.32465048849417,398.0843437724287,398.50041099944804,17446700
2024-05-06,409.6546325683594,410.0409526402596,402.55198432258595,404.9195438147948,16996600
2024-05-07,405.49407958984375,410.77401898833904,405.2464284421319,410.76410326855756,20018200
2024-05-08,406.68280029296875,408.3569244004072,402.88876793839216,404.33507234714784,11792300
2024-05-09,408.44610595703125,408.8423417605904,405.2563578574711,406.71254786446275,14689700
2024-05-10,410.84332275390625,411.477324178815,407.9309429487919,409.0602466503411,13402300
2024-05-13,409.8329162597656,414.41942017019113,406.9601691065583,414.0826182503801,15440200
2024-05-14,412.6462707519531,413.56752582141957,407.68333177957805,408.1489171745,15109300
2024-05-15,419.8609313964844,420.58538800605515,414.095139906024,414.7203513205961,22239500
2024-05-16,417.7868347167969,422.18315151911617,417.151719986036,418.59066930665216,17530100
2024-05-17,417.0127868652344,419.7021893979302,414.84938085500266,419.32507581561083,15352200
2024-05-20,422.103759765625,423.52287221703216,416.79445965158396,417.01278697375295,16272100
2024-05-21,425.7756042480469,429.6756950854867,421.6174819616407,423.58239750259565,21453300
2024-05-22,427.24432373046875,429.1199579656232,423.8801327186548,426.8176027078419,18073700
2024-05-23,423.7511291503906,430.3009184683396,422.183164058962,429.6757070386861,17211700
2024-05-24,426.8870849609375,427.7802311569624,421.180834455013,423.9396813142882,11845800
2024-05-28,427.0458679199219,427.54206361225715,423.3541707575322,426.3611154416687,15718000
2024-05-29,425.90460205078125,427.6611238088633,422.4510693064345,422.4510693064345,15517100
2024-05-30,411.51495361328125,421.07165731955763,411.08820229599854,421.07165731955763,28424800
2024-05-31,411.9714660644531,413.5791353622515,401.43227374743395,413.5791353622515,47995300
2024-06-03,410.3736572265625,413.2615196687407,405.8086812773789,412.3683735171778,17484700
2024-06-04,412.9042663574219,413.2714463024523,406.5628712460692,409.2919473930987,14348900
2024-06-05,420.7839050292969,420.8533494133481,413.13254520571803,414.6310659745161,16988000
2024-06-06,421.28997802734375,422.07397569799485,417.3799535645987,420.7838790172518,14861300
2024-06-07,420.6250915527344,423.03659533238357,419.78155282449774,422.9572173477245,13621700
2024-06-10,424.6144714355469,424.82286513391676,420.66477334419267,421.4686078947135,14003000
2024-06-11,429.3879089355469,429.52685827022987,422.01444801185045,422.24270893937995,14551100
2024-06-12,437.70416259765625,440.02635491441,429.95358793616725,432.00784546900513,22366200
2024-06-13,438.2201843261719,440.01644063600304,436.02700779586485,437.49575798146077,15960600
2024-06-14,439.2026672363281,439.7683376003339,433.39717151476515,434.94529966913103,13582000
2024-06-17,444.9585266113281,447.5089797746042,437.3667384679764,439.22250553797545,20790000
2024-06-18,442.9440002441406,446.71510596015264,441.50505079959896,446.2883546158251,17112500
2024-06-20,442.308837890625,443.1325093875715,437.9125211824865,442.90424847377636,19877400
2024-06-21,446.3578186035156,447.15171963768364,443.11270951249037,443.9760852156284,34486200
2024-06-24,444.2638854980469,449.3052206448714,443.0134626029418,446.37765380757656,15913700
2024-06-25,447.5188903808594,447.98531552571586,443.3508346061679,444.8394216277891,16747500
2024-06-26,448.71966552734375,450.1487114593878,444.7798707523325,445.5837053034348,16507000
2024-06-27,449.4044189453125,452.6991654227889,448.3326193512516,448.7395034299803,14806300
2024-06-28,443.5493469238281,451.9151991305475,443.0134470896372,449.6227774267188,28362300
2024-07-01,453.2549133300781,453.8900280472802,442.2691337894114,445.2463078469115,17662800
2024-07-02,455.7855224609375,456.0931613731061,449.6624541774822,449.7517960549086,13979800
2024-07-03,457.26416015625,457.5122579984809,454.39616484845857,454.70380374999445,9932800
2024-07-05,464.0024719238281,464.7864695275555,455.47783432563756,456.11294900666536,16000300
2024-07-08,462.6925354003906,464.14144858333964,460.9260800009118,463.00017429743497,12962300
2024-07-09,456.04351806640625,463.7742246843102,454.5152269456782,463.4467488725584,17207200
2024-07-10,462.7024841308594,462.91087784219644,455.36869724486377,457.71075666628917,18196100
2024-07-11,451.2403869628906,461.2436790661222,448.1143297880847,459.457386639418,23111200
2024-07-12,450.0990905761719,452.8877078833818,447.22116168053736,450.8731546278995,16324300
2024-07-15,450.5059814453125,453.7808911637112,447.99523247056425,449.85099950163277,14429400
2024-07-16,446.09979248046875,450.84342238707205,443.26156747821994,450.764044396858,17175700
2024-07-17,440.1454162597656,441.46531376189114,435.8384412822571,439.22249954002416,21778000
2024-07-18,437.0193786621094,441.2668124744543,431.0948010273652,440.95917357547034,20794800
2024-07-19,433.7842102050781,437.7835768044072,428.71310445556236,429.80474110268796,20940400
2024-07-22,439.5698547363281,441.2172281155517,435.5705185548157,438.4286106688719,15808800
2024-07-23,441.4653015136719,444.9783753997072,439.7286166377608,440.5225176097392,13107100
2024-07-24,425.63665771484375,438.12095826115956,424.3366274271562,437.0987963490377,26805800
2024-07-25,415.216552734375,426.52980855641556,414.3333401430881,425.5374171635106,29943800
2024-07-26,422.0342712402344,425.6565240052853,414.0951402007918,415.0180872010169,23583800
2024-07-29,423.4831848144531,428.86192913835873,421.4686315229256,428.29625878283395,15125800
2024-07-30,419.7021789550781,425.7855127211385,414.18445497765873,424.4656455012434,32687600
2024-07-31,415.16693115234375,418.5708262456948,409.07363367025533,417.3005665174137,42891400
2024-08-01,413.93634033203125,424.20759683358074,409.94693801865395,417.58836350695543,30296400
2024-08-02,405.3819580078125,411.84243578824686,401.2635397070065,409.35152365396425,29437900
2024-08-05,392.1434326171875,397.9886321568055,382.6462402085907,386.20895177644206,40709200
2024-08-06,396.56951904296875,402.5834388839359,395.4679791086585,396.9565662320286,24946500
2024-08-07,395.39849853515625,406.95985229689995,394.44581127033643,405.53083654236127,20650900
2024-08-08,399.6260986328125,402.77196243732243,396.8970222599762,399.3780007807365,20203000
2024-08-09,402.9307556152344,404.9453089972664,399.1993844500031,400.9559063701233,19276700
2024-08-12,403.7146911621094,405.64986625772775,401.16423832317224,403.9627889802462,16762900
2024-08-13,410.8599548339844,411.79280513110314,406.4537347921751,406.47357171655057,19414300
2024-08-14,413.6882629394531,414.54173528870035,409.3118435327495,411.64393908583247,18267000
2024-08-15,418.5796203613281,418.6591414148161,415.22923848625584,417.35676799168647,20752100
2024-08-16,416.0345458984375,418.8878379189571,414.87134183677813,418.15215435686315,22775600
2024-08-19,419.07672119140625,419.2954420190991,414.03622098500824,416.52167114516885,15234000
2024-08-20,422.3276672363281,423.3814956474892,419.18608502114756,419.2457333961214,16387600
2024-08-21,421.67156982421875,423.9183962597862,419.2656405890008,421.6118911043651,16067300
2024-08-22,413.13153076171875,424.30613578026436,412.1969990352219,421.8902550651885,19361900
2024-08-23,414.36431884765625,416.8199448280934,409.69166039420327,414.5532154876874,18493800
2024-08-26,411.08349609375,414.85144695028356,408.9460150702165,413.94673947074824,13152800
2024-08-27,411.43145751953125,411.9484202096587,407.8623548739229,410.4571501735566,13492900
2024-08-28,408.2103576660156,412.58474406521935,404.939496621488,412.46544730687265,14882700
2024-08-29,410.71563720703125,419.59365733541364,408.2103145266043,412.52505209065583,17045200
2024-08-30,414.7122802734375,415.0602190186727,409.7314285183125,413.18123450252676,24308300
2024-09-03,407.0570983886719,417.43634095322227,404.66112073149435,415.47780496274754,20313600
2024-09-04,406.5202331542969,408.8466109265116,402.01659855552833,403.5476443909062,15135800
2024-09-05,406.01318359375,410.69576288507244,403.7663270914325,405.2476455783769,14195500
2024-09-06,399.36212158203125,408.2600144548305,398.4673353023376,406.6792718819864,19609500
2024-09-09,403.3587646484375,406.2717051556254,399.80953429314275,404.8699075277366,15295100
2024-09-10,411.7894287109375,413.9070069368657,405.32725776034073,405.82434783346355,19594300
2024-09-11,420.57794189453125,421.52239474938517,407.19625641616165,413.08181573237965,19266900
2024-09-12,424.514892578125,424.8827343519594,417.30708702498356,420.84636566939764,17418800
2024-09-13,428.083984375,429.3167579290349,422.98383586069434,423.35167762504557,15874600
2024-09-16,428.8296203613281,431.0068771042965,425.72778345078893,428.09393683099876,13834700
2024-09-17,432.6174621582031,439.27848092894993,429.75421863095636,437.6679140298658,18874200
2024-09-18,428.3027038574219,433.49232491922675,427.90503790639565,432.46832068384987,18898000
2024-09-19,436.1368408203125,438.93048428402824,434.3572500672092,438.66206659768085,21706600
2024-09-20,432.73675537109375,436.6836515284863,431.6928784161533,434.6754186759471,55167100
2024-09-23,430.9870300292969,433.9198431554934,427.88519293448667,431.75253779309,15128900
2024-09-24,426.6722717285156,430.82793711748263,423.62013164821116,430.47996802683457,17015800
2024-09-25,429.5951232910156,430.5992548420044,426.07574778788546,427.3283940093525,13396400
2024-09-26,428.7998046875,432.766573468399,426.6324994108163,432.5578041483432,14492000
2024-09-27,425.5289611816406,429.33668800604624,424.98217425530135,429.0085915782672,14896100
2024-09-30,427.7956848144531,427.9150119120048,422.8943842039572,425.7178520466358,16807300
2024-10-01,418.24163818359375,425.9863098334652,416.37257469880086,425.95648564338745,19092900
2024-10-02,414.7023620605469,420.3592494217051,414.2847930567838,420.12062555956777,16582300
2024-10-03,414.11578369140625,417.1082451347957,411.8788784861643,415.19943635003835,13686400
2024-10-04,413.6385498046875,417.30707662196244,412.55489718933603,415.80585503539044,19169700
2024-10-07,407.156494140625,414.6824138383572,406.61962843429865,413.57888857865095,20919800
2024-10-08,412.2964172363281,413.24090045920747,405.79450128292336,408.50859351504334,19229300
2024-10-09,415.0304260253906,417.9334453367463,411.8888131930908,413.4397317591671,14974300
2024-10-10,413.4198303222656,414.9210519137125,410.74548354781774,412.81339505205864,13848400
2024-10-11,413.89703369140625,414.70231708134946,410.84489374484957,413.7180885691892,14144900
2024-10-14,416.7006530761719,421.5721293976272,415.09005586184196,415.3386008817118,16653100
2024-10-15,416.3029479980469,420.02120204810905,412.84322081195853,419.7229298265709,18900200
2024-10-16,413.69818115234375,413.93677464609624,408.0910216693982,412.7537283462629,15508900
2024-10-17,414.2947082519531,420.0410676802283,413.17127995027164,419.9018679111856,14820000
2024-10-18,415.7263488769531,417.2076674979936,413.8374127793913,414.7122961104646,17145300
2024-10-21,416.3427429199219,416.5216880571269,411.3420182082338,413.6982202013397,14206100
2024-10-22,425.02191162109375,428.07402123533683,415.6070255834921,416.0543883901565,25482200
2024-10-23,422.1288757324219,428.5711433507003,420.0709156477079,428.35242251551375,19654400
2024-10-24,422.25811767578125,423.5008427798279,419.94166109145596,422.85460145374896,13581600
2024-10-25,425.658203125,430.0027653012564,424.0874119188817,424.2763085648032,16899100
2024-10-28,424.1072998046875,429.4261695906152,423.81897907057987,429.1478003666399,14882400
2024-10-29,429.43609619140625,430.64899709836675,423.32186444879665,425.5090727531412,17644100
2024-10-30,430.0127258300781,435.9479823564893,429.5852356603292,434.8941538571239,29749100
2024-10-31,403.9850769042969,413.7379809491165,403.93534969689097,412.9426186903331,53971000
2024-11-01,407.981689453125,413.0818383039077,405.12839737386855,406.6296190582037,24230400
2024-11-04,406.0827941894531,408.03140902561756,403.2096294840388,407.414991879503,19672300
2024-11-05,409.0653381347656,412.4853201284023,405.7050045203228,405.99332524640585,17626000
2024-11-06,417.7345886230469,418.0030366685823,408.13080518207255,410.0197716507701,26681800
2024-11-07,422.9540100097656,424.3657590257446,417.43632288625736,418.8281688837221,19901800
2024-11-08,420.08087158203125,424.01781631688647,419.3252849907069,422.84469107033385,16891400
2024-11-11,415.5772399902344,422.3376526429211,413.5789282483213,420.060971682132,24503300
2024-11-12,420.5679931640625,421.969790701444,414.77193671429194,415.81581365023004,19401200
2024-11-13,422.7253723144531,426.8313104637277,415.7760330857976,419.1860937392156,21502200
2024-11-14,424.4055480957031,425.6780973820496,417.5556327945319,422.526533184943,30246900
2024-11-15,412.5847473144531,420.3393400677491,411.23267692258383,417.3767027455775,28247600
2024-11-18,413.34033203125,415.9649517435253,409.7016291897124,412.4554971706168,24742000
2024-11-19,415.3584899902344,415.5076109291685,409.154785870871,410.7057043157201,18133500
2024-11-20,413.0718688964844,414.86141123218795,408.19044109637775,414.4438422518667,19191700
2024-11-21,411.2887268066406,418.1722655525636,408.7186214344056,417.8933391524707,20780200
2024-11-22,415.40289306640625,415.80135498920845,409.48564079067086,409.79445106089474,24814600
2024-11-25,417.1860656738281,419.46727321033643,413.2611532266888,416.7776323033626,27691100
2024-11-26,426.350830078125,427.396826920373,417.24585120009374,417.98300734363517,23458900
2024-11-27,421.3699645996094,425.59374633298364,420.4036784238945,423.48184026594765,18332400
2024-11-29,421.83819580078125,423.25277076525435,416.1998692026867,418.4811073183322,16271900
2024-12-02,429.3293762207031,431.3416287639885,419.6963985253484,419.95541246483856,20207200
2024-12-03,429.5485534667969,430.8136785324232,426.10178307894205,428.19374634076934,18302000
2024-12-04,435.7447204589844,437.98610309109085,430.973057365549,431.3715193088951,26009400
2024-12-05,440.9248046875,442.9570002031869,434.4995257845279,436.2428234590915,21697800
2024-12-06,441.87115478515625,444.3914637865622,440.0780304611881,440.605999369761,18821000
2024-12-09,444.311767578125,446.61291802797285,438.8129196876974,440.904882933204,19144400
2024-12-10,441.6320495605469,447.89796761162455,439.9086948512907,442.6880177694449,18469500
2024-12-11,447.2704162597656,448.6252234428676,442.34933339299914,442.34933339299914,19200200
2024-12-12,447.83819580078125,454.4129240722559,447.389907127457,447.389907127457,20834800
2024-12-13,445.5569763183594,449.7010474581427,443.8734464678006,446.722508676707,20177800
2024-12-16,449.86041259765625,450.4481492573408,443.57458224663304,445.55695084461104,23598800
2024-12-17,452.7194519042969,453.5462901057899,447.84819595840975,449.2826833242326,22733500
2024-12-18,435.71484375,450.9163784238889,435.34623528561843,449.59148560028365,24444500
2024-12-19,435.356201171875,441.4826409757379,434.64892893973837,439.92861811038824,22963700
2024-12-20,434.9278869628906,442.04052591747404,426.98840977197597,431.4512325197303,64263700
2024-12-23,433.5830383300781,435.97384050264867,431.1722932989543,435.06732205874545,19152500
2024-12-24,437.64739990234375,437.91638528778583,432.52710135873434,432.98533109593694,7164500
2024-12-26,436.43206787109375,439.2512462781778,434.9577555797017,437.3983540840164,8194200
2024-12-27,428.881103515625,433.5531436249425,424.71711987555517,432.9355230391817,18117700
2024-12-30,423.2029113769531,425.91249514442245,420.2841404099869,424.42821148968693,13158700
2024-12-31,419.88568115234375,425.09566152109494,419.0489019483089,424.4680695178944,13246500
2025-01-02,416.97686767578125,424.43820240788705,413.2611726539346,423.90026204092493,16896500
2025-01-03,421.7286071777344,422.40599553232005,417.93320162542307,419.4672816518615,16662900
2025-01-06,426.21136474609375,432.6565862275622,423.85044657634234,426.3607841744266,20573600
2025-01-07,420.7523498535156,429.00063686122985,419.18835553907815,427.356962317073,18139100
2025-01-08,422.9339599609375,425.3347334633813,419.9255373117582,421.8381668103431,15054600
2025-01-10,417.345458984375,423.0833778600729,413.4304875422897,423.0036976315441,20201100
2025-01-13,415.5921936035156,416.8971739621178,410.71096634455273,413.6496498082875,17604800
2025-01-14,414.0780334472656,418.13242259689986,409.1469793562449,416.2098216251219,16935900
2025-01-15,424.67724609375,426.51019531397225,416.6680304830878,417.5247525233758,19637800
2025-01-16,422.953857421875,427.8450559110229,422.76461308505725,427.0581034768278,15300000
2025-01-17,427.3868408203125,432.81597982276594,426.53014915865293,432.4274589059452,26197500
2025-01-21,426.85888671875,429.2496888722742,423.9699995165458,428.55238804454143,26085700
2025-01-22,444.4910888671875,445.5569677171093,434.33014218783535,435.8841650351672,27803800
2025-01-23,444.9991149902344,445.03897030447143,439.8090775364838,440.30716256200645,18389300
2025-01-24,442.3592834472656,444.9393603072831,439.70946738545626,443.4550766157881,15549500
2025-01-27,432.8956604003906,433.5332238334213,421.8780219291722,422.3860783898249,35647800
2025-01-28,445.4872741699219,446.66274757404807,429.72785612913765,432.93552501884864,23491700
2025-01-29,440.6358947753906,445.16848684550723,438.7132938317083,444.97921209968376,23581400
2025-01-30,413.4006042480469,421.24045777086803,411.57762641112805,417.1661258658952,54586300
2025-01-31,413.4703369140625,419.0787791378778,413.32091748728266,417.3753368711932,34223400
2025-02-03,409.3462219238281,413.819015846871,407.09486781879804,410.02361028085903,25679100
2025-02-04,410.7906494140625,412.3347312724244,408.1707172498281,411.1094311345796,20532100
2025-02-05,411.7071228027344,412.2450327338191,408.828176805576,410.77072053658367,16316700
2025-02-06,414.2274475097656,416.59833715024297,412.41441067873023,412.41441067873023,16309800
2025-02-07,408.1806945800781,417.0466023053385,406.5370200109021,414.8849302333569,22886800
2025-02-10,410.6412048339844,413.86878595463395,409.3461959746536,412.12548842823685,20817900
2025-02-11,409.86419677734375,410.91016314142485,407.73237833536206,408.07110289586285,18140600
2025-02-12,407.473388671875,409.1768308737253,402.82126135721137,405.6503805324544,19121700
2025-02-13,408.9676513671875,409.4258810673793,404.8036375500993,405.4412009596675,23891700
2025-02-14,406.86572265625,407.3438952203064,404.3255012113121,406.22818963820515,22758500
2025-02-18,408.07110595703125,409.0274206742818,404.943117468385,406.43737251439387,21423100
2025-02-19,413.1814270019531,413.8986706302125,406.0887013451084,406.3178313932664,24114200
2025-02-20,415.3674621582031,418.5416276159257,411.78404435480104,414.52900508229465,23508700
2025-02-21,407.4619445800781,417.28390907488637,407.14255413255484,416.57521868274245,27524800
2025-02-24,403.2596740722656,408.6198287275297,398.58825743588903,407.7614192904554,26443700
2025-02-25,397.17083740234375,401.18349019975926,395.9730546936776,400.3649855487621,29387400
2025-02-26,398.99749755859375,402.860400830509,393.5275288045757,397.28064827533655,19619000
2025-02-27,391.8106994628906,404.9964840093174,391.45137377356565,400.53467393026557,21127400
2025-02-28,396.26251220703125,396.9013540385077,385.86162375466716,391.94046026830176,32845700
2025-03-03,387.778076171875,398.0891633417286,385.4523593369203,398.0891633417286,23007700
2025-03-04,387.8978576660156,391.86058386063223,380.30181761040467,382.6974135187692,29342900
2025-03-05,400.2851257324219,400.9339589862258,388.09750890861034,388.62653647287385,23433100
2025-03-06,396.1627197265625,401.4130601425524,391.9604125552081,393.557486671848,23304600
2025-03-07,392.5892639160156,394.07652376953155,384.83351327034705,391.601087821307,22034100
2025-03-10,379.46337890625,385.69193466137494,376.5287638766263,385.1329632711281,32840100
2025-03-11,379.7528381347656,385.29265558349334,376.2193166501511,378.30548307291184,30380200
2025-03-12,382.5676574707031,384.5140963348653,378.2555969008229,382.2482670126177,24253600
2025-03-13,378.0758972167969,384.6139126915579,376.75833925298997,382.4578672121625,20473000
2025-03-14,387.84796142578125,389.51491455417886,378.81455773398244,379.0840519928303,19952800
2025-03-17,387.98773193359375,391.99036302361236,384.8634626840814,385.9913968692823,22474300
2025-03-18,382.81719970703125,386.6601507855219,380.4016513456866,386.36071271152235,19486900
2025-03-19,387.1093444824219,388.9659214939022,383.29633715100766,384.8235322758774,19185500
2025-03-20,386.131103515625,391.07204471614995,382.5776297310475,385.0331131975468,18470500
2025-03-21,390.54302978515625,391.0221306945889,382.09851071654674,382.5177544739553,39675900
2025-03-24,392.35968017578125,394.67543616141086,389.09568331150246,394.67543616141086,21004500
2025-03-25,394.4358825683594,395.63366532055824,391.9205113732519,393.19816458592396,15775000
2025-03-26,389.2554016113281,394.5856126855185,387.85797313035886,394.27618318122023,16108400
2025-03-27,389.8642578125,391.5212195564284,386.6900923994873,389.4151007040484,13766800
2025-03-28,378.1058349609375,388.4169222438939,376.2392666189567,387.36882809704144,21632000
2025-03-31,374.7021179199219,376.3790320336197,366.5670283067677,371.8573344110368,35184700
2025-04-01,381.4896545410156,382.1484487727996,372.54608191207893,373.96346276032,19689500
2025-04-02,381.43975830078125,384.3743428432238,375.92985398533636,377.2773862564683,16092600
2025-04-03,372.42626953125,376.788287190408,368.67318036225987,374.10321411915555,30198000
2025-04-04,359.18060302734375,373.9035742050073,358.8212773354498,363.4627502923482,49209900
2025-04-07,357.2042236328125,370.32015981776436,344.1581969485817,350.2370336524557,50425000
2025-04-08,353.9102783203125,372.9652928837084,349.6081786868937,367.585185716996,35868900
2025-04-09,389.7744140625,392.50941370351666,352.45294739016697,352.8921435234206,50199700
2025-04-10,380.65118408203125,383.19649903483815,367.12599611378243,381.3598744812396,38024400
2025-04-11,387.7381896972656,389.3352333779351,378.19571053548395,379.9425037151649,23839200
2025-04-14,387.0993347167969,393.92679674338564,383.5059256339463,392.4994245329486,19251200
2025-04-15,385.0231628417969,391.17187833074144,383.4560325474498,387.79806728846995,17199900
2025-04-16,370.92901611328125,380.9106912763521,367.32564600100716,379.97244183574617,21967800
2025-04-17,367.1060485839844,373.6340726815441,366.2176953329466,373.0651098854367,20943700
2025-04-21,358.4619140625,363.8121077971333,355.01825440362086,362.1551460624454,20807300
2025-04-22,366.1478271484375,367.09606804173376,359.20055908423666,362.7141283475077,19485000
2025-04-23,373.7039489746094,379.6929540391626,372.33643389707953,375.3708716590499,20545500
2025-04-24,386.59027099609375,387.7381880213899,374.5024768665421,375.01155205300716,22232300
2025-04-25,391.1319580078125,391.44138750936105,383.8952433175299,386.29083932956814,18973200
2025-04-28,390.4432067871094,392.0202980494585,385.9315006090283,391.241728610284,16579400
2025-04-29,393.31793212890625,394.3759872470841,389.66463540586307,390.5829324517716,14974000
2025-04-30,394.53570556640625,395.93313400867555,383.73552563819743,389.58477271143016,36461100
2025-05-01,424.6204528808594,436.1892106723326,424.12136912560175,430.3199808366381,58938100
2025-05-02,434.48236083984375,438.63474141621873,429.20204608174254,430.948839257634,30757400
2025-05-05,435.3707275390625,438.6946118778074,431.3181395047298,432.07675654489867,20136100
2025-05-06,432.5159606933594,436.92787448428356,430.3798980651205,431.408009380462,15104200
2025-05-07,432.555908203125,437.3171563878889,430.319992206568,433.04500054847074,23295300
2025-05-08,437.3670654296875,442.85698666150637,434.86165526525525,437.12748451655574,23491300
2025-05-09,437.9260559082031,439.93235195021686,435.08127232610667,439.19371771814804,15324200
2025-05-12,448.4367370605469,448.5465208630377,438.9740982732109,445.12281367736733,22821900
2025-05-13,448.3169860839844,449.8441812103938,444.54388351816056,446.9594623818115,23618800
2025-05-14,452.1099853515625,453.0682176126866,447.3187935842875,447.3187935842875,19902800
2025-05-15,453.1300048828125,456.19000244140625,450.42999267578125,450.7699890136719,21992300
2025-05-16,454.2699890136719,454.3599853515625,448.7300109863281,452.04998779296875,23849800
2025-05-19,458.8699951171875,459.5899963378906,450.79998779296875,450.8800048828125,21336500
2025-05-20,458.1700134277344,458.3399963378906,454.32000732421875,455.5899963378906,15441800
2025-05-21,452.57000732421875,457.7799987792969,451.80999755859375,454.57000732421875,19216900
2025-05-22,454.8599853515625,460.25,453.8999938964844,454.95001220703125,18025600
2025-05-23,450.17999267578125,453.69000244140625,448.9100036621094,449.9800109863281,16876000
