Price,Close,High,Low,Open,Volume
Ticker,PTT.BK,PTT.BK,PTT.BK,PTT.BK,PTT.BK
2020-05-26,28.34224510192871,28.727853878825698,28.149440713480214,28.34224510192871,47875500
2020-05-27,28.14944076538086,28.342245154184837,27.763831987772903,28.14944076538086,39041200
2020-05-28,27.378225326538086,28.34224734507816,27.378225326538086,28.149442941370143,74678900
2020-05-29,27.378225326538086,27.5710297302461,26.992616519122056,27.378225326538086,92200800
2020-06-01,27.76383399963379,28.149442805184258,27.571029596858555,27.571029596858555,57097800
2020-06-02,28.535049438476562,28.535049438476562,27.57102749798749,27.95663627418312,53305400
2020-06-04,29.30626678466797,29.499071171409206,28.72785362444426,29.113462397926735,112629200
2020-06-05,30.463096618652344,31.23431425456759,28.920661346821845,29.30627016477947,172777600
2020-06-08,31.42711639404297,32.0055295792094,31.04150760393201,31.23431199898749,120902300
2020-06-09,30.077486038208008,31.23431242429293,29.884681640527187,31.04150802661211,116567300
2020-06-10,30.270288467407227,30.46309285254995,29.691875311979064,30.46309285254995,66057000
2020-06-11,29.691871643066406,30.270284727022247,29.30626292042918,30.077480365703632,55341900
2020-06-12,28.727853775024414,29.113462550528094,28.34224499952073,28.727853775024414,93979600
2020-06-15,28.14944076538086,28.727853931792794,27.763831987772903,28.342245154184837,74051700
2020-06-16,29.30626678466797,29.691875558150443,28.72785362444426,29.113462397926735,78565000
2020-06-17,29.30626678466797,29.306266784667972,28.535049237703024,28.9206580111855,77566900
2020-06-18,29.113462448120117,29.30626683519376,28.535049286899188,28.72785367397283,34172200
2020-06-19,29.499069213867188,29.499069213867188,28.920656092026654,29.306264839920342,48335300
2020-06-22,29.691871643066406,29.691871643066406,29.11345855911057,29.30626292042918,43698000
2020-06-23,29.88468360900879,29.88468360900879,29.499074788247388,29.88468360900879,27061200
2020-06-24,28.920658111572266,30.077484436035157,28.727853724161786,30.077484436035157,45653000
2020-06-25,28.727853775024414,28.727853775024414,27.956636224017046,28.535049387272572,50161000
2020-06-26,28.535049438476562,29.306266990867822,28.535049438476562,29.113462602770007,32050100
2020-06-29,28.727853775024414,28.920658162776252,28.14944061176889,28.14944061176889,35798700
2020-06-30,29.113462448120117,29.499071222267403,28.920658061046474,29.113462448120117,48960900
2020-07-01,29.691871643066406,29.691871643066406,28.920654197791954,29.30626292042918,51477700
2020-07-02,30.077486038208008,30.65589923125047,29.499072845165546,29.691877242846367,85892400
2020-07-03,30.270288467407227,30.65589723769267,29.884679697121786,30.270288467407227,45900700
2020-07-07,31.04151153564453,31.619924794072688,30.655902696692422,30.655902696692422,98297800
2020-07-08,30.463096618652344,31.23431425456759,30.07748780069472,30.84870543660997,75150800
2020-07-09,30.270288467407227,30.65589723769267,30.077484082264505,30.46309285254995,52227100
2020-07-10,29.499069213867188,30.07748233570772,29.306264839920342,29.884677961760875,51049000
2020-07-13,28.920658111572266,29.884680048624677,28.920658111572266,29.691875661214194,51480300
2020-07-14,29.30626678466797,29.306266784667972,28.535049237703024,28.72785362444426,33133600
2020-07-15,29.88468360900879,30.07748801938949,29.306270377866685,29.499074788247388,44600300
2020-07-16,29.499069213867188,29.884677961760875,29.113460465973496,29.884677961760875,37275700
2020-07-17,29.88468360900879,30.07748801938949,29.306270377866685,29.691879198628087,27833900
2020-07-20,29.691871643066406,30.077480365703632,29.499067281747795,29.691871643066406,25566500
2020-07-21,31.04151153564453,31.234315955120582,30.077489438264266,30.077489438264266,65615400
2020-07-22,30.463096618652344,31.427118663546402,30.07748780069472,31.041509845588777,65462200
2020-07-23,30.65589714050293,30.848701525034397,30.077483986908536,30.463092755971466,36524100
2020-07-24,29.691871643066406,30.270284727022247,29.691871643066406,30.077480365703632,42731400
2020-07-29,29.691871643066406,29.88467600438502,29.499067281747795,29.691871643066406,29212400
2020-07-30,29.30626678466797,30.077484331632917,29.306266784667972,29.691875558150443,37445600
2020-07-31,30.077486038208008,30.27029043588883,28.72785525444226,29.499072845165546,75399200
2020-08-03,29.691871643066406,30.077480365703632,29.499067281747795,30.077480365703632,35058600
2020-08-04,29.30626678466797,30.077484331632917,29.306266784667972,29.88467994489168,60854500
2020-08-05,30.077486038208008,30.27029043588883,29.306268447484726,29.499072845165546,61561600
2020-08-06,29.88468360900879,30.463096840150897,29.691879198628087,29.88468360900879,34953700
2020-08-07,29.499069213867188,29.884677961760875,29.113460465973496,29.69187358781403,59234200
2020-08-10,29.113462448120117,29.691875609341047,29.113462448120117,29.499071222267403,23190400
2020-08-11,28.920658111572266,29.691875661214194,28.920658111572266,29.30626688639323,61644200
2020-08-13,29.499069213867188,29.884677961760875,29.113460465973496,29.113460465973496,61045300
2020-08-14,29.113462448120117,29.691875609341047,28.920658061046474,29.499071222267403,38129200
2020-08-17,29.30626678466797,29.499071171409206,29.113462397926735,29.306266784667972,20152300
2020-08-18,29.30626678466797,29.499071171409206,29.113462397926735,29.306266784667972,31995400
2020-08-19,28.727853775024414,29.49907132603178,28.727853775024414,29.49907132603178,55437600
2020-08-20,27.956636428833008,28.72785398549047,27.956636428833008,28.535049596326104,49667200
2020-08-21,28.14944076538086,28.535049542988816,27.95663637657688,28.342245154184837,35237700
2020-08-24,28.34224510192871,28.727853878825698,27.95663632503172,28.149440713480214,40119000
2020-08-25,28.727853775024414,29.113462550528094,28.535049387272572,28.535049387272572,40673600
2020-08-26,28.535049438476562,28.92065821467219,28.342245050378747,28.72785382657438,32468600
2020-08-27,28.727853775024414,29.306266938279936,28.535049387272572,28.727853775024414,66120700
2020-08-28,28.34224510192871,29.11346265572269,28.149440713480214,28.920658267274195,60845600
2020-08-31,27.76383399963379,28.72785601350996,27.76383399963379,28.342247207959492,58945200
2020-09-01,27.956636428833008,28.149440817997373,27.763832039668642,27.956636428833008,32744800
2020-09-02,28.14944076538086,28.14944076538086,27.763831987772903,27.95663637657688,31752700
2020-09-03,27.76383399963379,28.149442805184258,27.76383399963379,27.956638402409023,33798000
2020-09-08,26.99261474609375,27.57102791922433,26.99261474609375,27.378223528180804,38232100
2020-09-09,27.185420989990234,27.37822539417456,26.028594564884266,26.41420337325292,52814100
2020-09-10,27.185420989990234,27.57102979835889,26.992616585805905,27.185420989990234,33592600
2020-09-11,26.99261474609375,27.378223528180804,26.99261474609375,26.99261474609375,22348300
2020-09-14,26.99261474609375,27.378223528180804,26.99261474609375,27.185419137137277,30045200
2020-09-15,27.185420989990234,27.37822539417456,26.60700777743725,26.992616585805905,45036600
2020-09-16,27.185420989990234,27.37822539417456,26.992616585805905,27.185420989990234,37845700
2020-09-17,27.571025848388672,27.571025848388672,26.992612718702198,27.185417095264356,32618600
2020-09-18,27.185420989990234,27.57102979835889,26.992616585805905,27.57102979835889,56531100
2020-09-21,26.99261474609375,27.378223528180804,26.799810355050223,27.185419137137277,30099100
2020-09-22,26.414201736450195,26.79981052092392,26.221397344213333,26.607006128687058,53563000
2020-09-23,25.835790634155273,26.60700826502558,25.835790634155273,26.60700826502558,53308400
2020-09-24,25.064571380615234,25.835788961557242,25.064571380615234,25.450180171086238,65105400
2020-09-25,25.064571380615234,25.450180171086238,24.871766985379733,25.064571380615234,43553600
2020-09-28,25.835790634155273,25.835790634155273,25.064573003284966,25.257377411002544,43085800
2020-09-29,25.64298439025879,25.83578878417051,25.450179996347067,25.83578878417051,34346000
2020-09-30,24.813291549682617,25.782560750842094,24.813291549682617,25.5887069106102,55633600
2020-10-01,25.58870506286621,25.782558889100045,24.81328975793087,25.20099741039854,35311400
2020-10-02,25.00714111328125,25.58870253452035,24.619433499121854,25.39484872744065,46626700
2020-10-05,25.00714111328125,25.39484872744065,24.813287306201552,25.20099492036095,33832700
2020-10-06,25.58870506286621,25.782558889100045,25.20099741039854,25.394851236632377,67785500
2020-10-07,25.58870506286621,25.58870506286621,25.007143584164705,25.394851236632377,43231700
2020-10-08,25.58870506286621,26.170266541567717,25.394851236632377,25.58870506286621,55614500
2020-10-09,25.782560348510742,25.976414185717587,25.394852674097045,25.782560348510742,38909600
2020-10-12,26.55797576904297,26.75182960677321,25.588706580391765,25.782560418122006,78586500
2020-10-14,25.782560348510742,26.364121860131284,25.588706511303894,26.170268022924436,60663600
2020-10-15,25.58870506286621,25.97641271533388,25.394851236632377,25.58870506286621,61294100
2020-10-16,25.39484977722168,25.782557407408273,25.200995962128385,25.588703592314975,49334500
2020-10-19,25.200998306274414,25.394852139399603,25.00714447314923,25.200998306274414,37145300
2020-10-20,25.00714111328125,25.20099492036095,24.425579692042152,24.813287306201552,54014500
2020-10-21,25.00714111328125,25.20099492036095,24.619433499121854,25.00714111328125,49705800
2020-10-22,25.00714111328125,25.39484872744065,24.425579692042152,24.813287306201552,38068700
2020-10-26,25.00714111328125,25.00714111328125,24.425579692042152,24.813287306201552,32681300
2020-10-27,24.813291549682617,25.007145389914513,24.425583869218826,24.61943770945072,47632800
2020-10-28,24.425582885742188,25.007144383021764,24.425582885742188,24.61943671816871,51605900
2020-10-29,24.037874221801758,24.231728046171128,23.65016657306302,24.037874221801758,52314400
2020-10-30,24.037874221801758,24.231728046171128,23.65016657306302,24.037874221801758,56732200
2020-11-02,24.037874221801758,24.231728046171128,23.65016657306302,24.037874221801758,30857500
2020-11-03,25.39484977722168,25.39484977722168,24.23172688666191,24.23172688666191,65590200
2020-11-04,25.200998306274414,25.588705972524792,25.00714447314923,25.200998306274414,45413600
2020-11-05,26.36412239074707,26.36412239074707,25.588707026313333,25.78256086742177,82258200
2020-11-06,26.36412239074707,26.75183007296394,25.78256086742177,26.36412239074707,60023200
2020-11-09,26.94568634033203,27.721101774586188,26.751832481768492,26.751832481768492,93598600
2020-11-10,29.659637451171875,29.85349129072202,28.108806734770734,28.49651441387102,176251200
2020-11-11,29.659637451171875,30.047345130272163,28.884222092971306,29.85349129072202,110716000
2020-11-12,28.88422203063965,29.46578354803508,28.496514352376032,29.27192970890327,100172800
2020-11-13,29.078073501586914,29.46578114827474,28.302658208211263,28.496512031555177,71186700
2020-11-16,29.078073501586914,29.659634971618654,29.078073501586914,29.46578114827474,48351600
2020-11-17,29.078073501586914,29.46578114827474,28.884219678243003,29.078073501586914,66524600
2020-11-18,29.465782165527344,29.465782165527344,28.690366845381888,28.690366845381888,56396500
2020-11-19,29.27193260192871,29.659640318510547,29.078078743637793,29.46578646021963,51648000
2020-11-20,29.659637451171875,29.85349129072202,29.078075932521447,29.27192977207159,67251700
2020-11-23,31.40431785583496,31.40431785583496,30.04734115836061,30.04734115836061,138790200
2020-11-24,31.01661491394043,31.985884130001065,31.01661491394043,31.59817644357681,162888600
2020-11-25,32.17973327636719,32.56744090620294,31.210464201777814,31.98587946144931,195748500
2020-11-26,32.567440032958984,32.567440032958984,31.985878603799,32.37358622323899,83353600
2020-11-27,32.37358856201172,32.56744238573634,32.179734738287095,32.179734738287095,54491000
2020-11-30,31.01661491394043,32.17973797321319,30.8227610707283,31.985884130001065,108599500
2020-12-01,31.792024612426758,32.17973222965148,31.210463186589685,31.404316995202045,55254600
2020-12-02,31.792024612426758,32.17973222965148,31.210463186589685,31.210463186589685,73399900
2020-12-03,32.76129913330078,32.95515297432623,31.598176087148094,32.179737610224436,96101000
2020-12-04,33.342857360839844,33.5367111827052,32.95514971710915,32.95514971710915,92410000
2020-12-08,33.53670883178711,34.11827025661579,32.7612935986822,32.95514740695843,117678700
2020-12-09,33.342857360839844,33.73056500457054,32.95514971710915,33.5367111827052,71762300
2020-12-14,32.76129913330078,33.73056833842803,32.76129913330078,33.14900681535168,77686300
2020-12-15,33.14900207519531,33.342855888500544,32.37358682197437,32.76129444858484,64379400
2020-12-16,32.95514678955078,33.53670820348403,32.76129298490637,33.34285439883961,52564400
2020-12-17,32.76129913330078,33.14900681535168,32.76129913330078,33.14900681535168,35362500
2020-12-18,33.14900207519531,33.53670970180578,32.76129444858484,32.76129444858484,134028200
2020-12-21,31.40431785583496,32.76129455330931,31.40431785583496,32.3735869254595,106732300
2020-12-22,31.985881805419922,32.373589463667436,31.016612659801133,31.598174147172408,97200700
2020-12-23,31.210466384887695,32.373589355753076,31.210466384887695,31.792027870320386,122121200
2020-12-24,31.985881805419922,32.179735634543675,31.598174147172408,31.598174147172408,45405500
2020-12-25,32.567440032958984,32.761293842678974,31.985878603799,31.985878603799,32414000
2020-12-28,31.792024612426758,33.14900127271327,31.79202461242676,32.76129365548855,60698100
2020-12-29,32.95514678955078,32.95514678955078,31.792023961684286,31.985877766328702,41046600
2020-12-30,32.95514678955078,33.53670820348403,32.76129298490637,33.53670820348403,67293300
2021-01-04,32.95514678955078,33.1490005941952,31.598170157039867,31.792023961684286,74638600
2021-01-05,32.567440032958984,32.95514765239897,31.985878603799,32.761293842678974,75867500
2021-01-06,33.14900207519531,33.730563515111015,32.95514826189007,33.342855888500544,88565400
2021-01-07,32.95514678955078,33.53670820348403,32.76129298490637,33.34285439883961,63128900
2021-01-08,33.14900207519531,33.730563515111015,32.5674406352796,33.14900207519531,83698400
2021-01-11,33.342857360839844,33.342857360839844,32.95514971710915,33.1490035389745,45553200
2021-01-12,33.92441940307617,34.1182732282366,32.955150277273994,33.342857927594864,101081900
2021-01-13,34.505977630615234,34.89368524444237,34.118270016788095,34.118270016788095,129830400
2021-01-14,34.11827087402344,34.69983230937611,34.11827087402344,34.50597849759189,66527800
2021-01-15,33.53670883178711,34.699831681444465,33.34285502351088,34.31212406489201,124773600
2021-01-18,32.95514678955078,33.53670820348403,32.56743918026195,33.34285439883961,82965000
2021-01-19,31.792024612426758,32.95514746410091,31.79202461242676,32.76129365548855,154588600
2021-01-20,31.792024612426758,32.37358603826384,31.79202461242676,31.985878421039118,93360500
2021-01-21,31.598175048828125,32.17973655279429,31.40432121417274,32.17973655279429,73920700
2021-01-22,30.62890625,31.59817543512658,30.62890625,31.59817543512658,105024200
2021-01-25,31.01661491394043,31.404322600364683,30.628907227516173,30.628907227516173,78808700
2021-01-26,30.82275390625,31.016607704402514,30.43504630994497,30.82275390625,66223400
2021-01-27,30.43505096435547,30.822758619952356,30.43505096435547,30.628904792153914,53759100
2021-01-28,29.853490829467773,30.241198502577742,29.853490829467773,30.241198502577742,78536000
2021-01-29,29.27193260192871,30.241201893383305,29.27193260192871,30.047348035092384,99172400
2021-02-01,30.43505096435547,30.43505096435547,28.690366514169487,29.078074169766374,161452500
2021-02-02,30.047346115112305,31.016615344632058,30.047346115112305,30.822761498728106,123434300
2021-02-03,29.659637451171875,30.62890664892259,29.465783611621735,30.43505280937245,103367800
2021-02-04,29.659637451171875,30.047345130272163,29.465783611621735,30.047345130272163,92014700
2021-02-05,30.241199493408203,30.62890717922113,29.85349180759528,30.047345650501743,103580800
2021-02-08,31.210466384887695,31.59817404184282,30.435051070977444,30.628904899455005,128518800
2021-02-09,31.792024612426758,32.37358603826384,31.5981708038144,31.79202461242676,135090700
2021-02-10,31.598175048828125,31.9858827181389,31.21046737951735,31.792028883483514,73597200
2021-02-11,31.210466384887695,31.98588169879795,31.01661255641013,31.792027870320386,63452700
2021-02-15,31.985881805419922,32.179735634543675,31.598174147172408,31.598174147172408,84832900
2021-02-16,31.985881805419922,32.56744329279119,31.985881805419922,32.373589463667436,69476400
2021-02-17,31.598175048828125,31.9858827181389,31.40432121417274,31.792028883483514,46059200
2021-02-18,31.40431785583496,32.17973311153459,31.016610227985147,31.598171669759868,78147700
2021-02-19,31.01661491394043,31.210468757152555,30.628907227516173,31.01661491394043,60699900
2021-02-22,31.01661491394043,31.404322600364683,30.628907227516173,31.01661491394043,51572700
2021-02-23,31.40431785583496,31.98587929760968,31.016610227985147,31.210464041910054,98305000
2021-02-24,30.62890625,31.59817543512658,30.62890625,31.404321598101262,88002400
2021-02-25,31.01661491394043,31.59817644357681,30.8227610707283,31.210468757152555,106429500
2021-03-01,31.01661491394043,31.210468757152555,30.8227610707283,31.01661491394043,55518400
2021-03-02,30.82275390625,31.21046150255503,30.628900108097483,30.82275390625,54742000
2021-03-03,31.792024612426758,31.79202461242676,31.016609377977325,31.016609377977325,76191500
2021-03-04,31.649606704711914,32.045226788520814,31.649606704711914,31.84741674661636,85198500
2021-03-05,32.045223236083984,32.63865329601146,31.84741321610816,31.84741321610816,90370700
2021-03-08,33.232086181640625,33.62770625523158,32.83646610804966,32.83646610804966,126615700
2021-03-09,32.63865280151367,33.42989286942915,32.4408427845348,33.42989286942915,95147400
2021-03-10,32.836463928222656,32.836463928222656,32.243033857230685,32.440843880894676,79871400
2021-03-11,32.836463928222656,33.232083975550644,32.638653904558666,33.034273951886654,61501400
2021-03-12,33.03427505493164,33.232085085200694,32.63865499439354,33.03427505493164,63249100
2021-03-15,32.63865280151367,33.23208285245028,32.4408427845348,33.03427283547141,80602500
2021-03-16,32.24303436279297,32.63865441632417,32.04522433602737,32.63865441632417,63962400
2021-03-17,32.045223236083984,32.24303325605981,31.64960319613233,32.045223236083984,94213200
2021-03-18,32.045223236083984,32.63865329601146,32.045223236083984,32.24303325605981,48932200
2021-03-19,32.045223236083984,32.045223236083984,31.451793176156503,31.64960319613233,80270400
2021-03-22,32.045223236083984,32.24303325605981,31.64960319613233,32.045223236083984,34058900
2021-03-23,31.847414016723633,32.04522404167223,31.649603991775038,31.847414016723633,35990800
2021-03-24,31.847414016723633,31.847414016723633,31.451793966826443,31.649603991775038,45431600
2021-03-25,31.847414016723633,32.04522404167223,31.649603991775038,31.847414016723633,41435200
2021-03-26,31.847414016723633,32.04522404167223,31.649603991775038,31.847414016723633,23495900
2021-03-29,32.24303436279297,32.44084438955857,31.847414309261765,32.04522433602737,49691200
2021-03-30,32.24303436279297,32.63865441632417,32.04522433602737,32.44084438955857,45195300
2021-03-31,32.44084167480469,32.63865168501691,32.045221654380235,32.045221654380235,57139700
2021-04-01,32.24303436279297,32.63865441632417,32.24303436279297,32.44084438955857,52230600
2021-04-02,32.045223236083984,32.63865329601146,32.045223236083984,32.63865329601146,40479900
2021-04-05,31.649606704711914,32.24303683042526,31.649606704711914,32.045226788520814,28921000
2021-04-07,31.253984451293945,31.649604507639438,31.0561744231212,31.45179447946669,83189600
2021-04-08,30.858366012573242,31.253986089657513,30.858366012573242,31.05617605111538,37568700
2021-04-09,31.05617332458496,31.451793366936364,30.858363303409263,30.858363303409263,51489000
2021-04-12,30.858366012573242,31.253986089657513,30.660555974031105,31.05617605111538,37609500
2021-04-16,31.451786041259766,31.649596016362025,31.05616609105524,31.253976066157502,60260500
2021-04-19,31.451786041259766,31.649596016362025,31.253976066157502,31.451786041259766,30128300
2021-04-20,31.451786041259766,31.84740599146429,31.253976066157502,31.451786041259766,34410000
2021-04-21,31.05617332458496,31.253983345760663,30.858363303409263,31.253983345760663,40084200
2021-04-22,30.858366012573242,31.253986089657513,30.858366012573242,31.05617605111538,36460500
2021-04-23,30.66055679321289,30.85836683704007,30.46274674938571,30.85836683704007,33893600
2021-04-26,30.66055679321289,30.85836683704007,30.46274674938571,30.660556793212887,34829000
2021-04-27,30.858366012573242,30.858366012573242,30.462745935488968,30.660555974031105,26567400
2021-04-28,31.05617332458496,31.253983345760663,30.66055328223356,30.858363303409263,35232600
2021-04-29,32.045223236083984,32.24303325605981,31.253983156180677,31.451793176156503,77856600
2021-04-30,31.649606704711914,32.24303683042526,31.649606704711914,32.045226788520814,53259900
2021-05-05,31.253984451293945,32.440844620330424,31.0561744231212,32.24303459215768,97820000
2021-05-06,31.451786041259766,31.84740599146429,31.05616609105524,31.451786041259766,51747300
2021-05-07,32.045223236083984,32.045223236083984,31.451793176156503,31.64960319613233,43201900
2021-05-10,32.045223236083984,32.440843276035636,31.64960319613233,32.24303325605981,39373600
2021-05-11,31.847414016723633,32.04522404167223,31.451793966826443,31.649603991775038,45648500
2021-05-12,31.451786041259766,31.84740599146429,31.253976066157502,31.649596016362025,57783300
2021-05-13,31.649606704711914,31.649606704711914,31.056176578998564,31.253986620903014,76074000
2021-05-14,31.847414016723633,32.04522404167223,31.25398394187785,31.847414016723633,75052100
2021-05-17,31.451786041259766,32.04521596656655,31.451786041259766,31.84740599146429,57341500
2021-05-18,31.649606704711914,32.045226788520814,31.451796662807464,31.649606704711914,61374500
2021-05-19,31.451786041259766,31.451786041259766,31.05616609105524,31.253976066157502,53432200
2021-05-20,30.858366012573242,31.45179612819965,30.660555974031105,31.45179612819965,76811700
2021-05-21,30.46274185180664,30.85836187585608,30.067121827757205,30.660551863831362,108867200
2021-05-24,30.264936447143555,30.858366573558136,30.06712640500536,30.46274648928175,53404300
2021-05-25,30.66055679321289,30.85836683704007,30.46274674938571,30.660556793212887,47606200
2021-05-27,30.66055679321289,31.05617688086725,30.46274674938571,30.85836683704007,201215000
2021-05-28,31.05617332458496,31.253983345760663,30.858363303409263,31.056173324584964,47154300
2021-05-31,31.253984451293945,31.253984451293945,30.858364394948453,31.0561744231212,32629600
2021-06-01,32.836463928222656,32.836463928222656,31.649603786238707,31.649603786238707,139641800
2021-06-02,32.836463928222656,33.232083975550644,32.638653904558666,33.034273951886654,90445900
2021-06-04,32.63865280151367,33.03427283547141,32.4408427845348,32.63865280151367,76905100
2021-06-07,32.63865280151367,33.03427283547141,32.4408427845348,32.83646281849254,65914800
2021-06-08,32.045223236083984,32.836463315987295,32.045223236083984,32.63865329601146,49609300
2021-06-09,32.24303436279297,32.63865441632417,32.24303436279297,32.24303436279297,36053500
2021-06-10,32.24303436279297,32.44084438955857,32.04522433602737,32.24303436279297,28605300
2021-06-11,32.836463928222656,32.836463928222656,32.243033857230685,32.440843880894676,38833600
2021-06-14,32.836463928222656,33.034273951886654,32.638653904558666,33.034273951886654,26194000
2021-06-15,32.24303436279297,32.83646444308977,32.24303436279297,32.63865441632417,55556800
2021-06-16,32.63865280151367,33.23208285245028,32.24303276755593,32.4408427845348,117516500
2021-06-17,32.44084167480469,33.034271705441355,32.44084167480469,32.63865168501691,36768900
2021-06-18,31.649606704711914,32.63865691423416,31.649606704711914,32.44084687232971,122846500
2021-06-21,31.451786041259766,31.649596016362025,31.253976066157502,31.451786041259766,71785600
2021-06-22,31.649606704711914,32.24303683042526,31.649606704711914,31.649606704711914,50246400
2021-06-23,31.649606704711914,32.045226788520814,31.649606704711914,31.84741674661636,31244600
2021-06-24,31.649606704711914,31.84741674661636,31.253986620903014,31.649606704711914,43225600
2021-06-25,31.451786041259766,32.04521596656655,31.451786041259766,31.649596016362025,41171000
2021-06-28,31.451786041259766,31.649596016362025,31.253976066157502,31.451786041259766,30819800
2021-06-29,31.253984451293945,31.649604507639438,31.253984451293945,31.45179447946669,38739300
2021-06-30,31.05617332458496,31.451793366936364,31.056173324584964,31.253983345760663,41053800
2021-07-01,30.858366012573242,31.253986089657513,30.858366012573242,31.05617605111538,57676100
2021-07-02,30.66055679321289,31.253986924694427,30.46274674938571,31.05617688086725,102326100
2021-07-05,30.858366012573242,31.05617605111538,30.462745935488968,30.660555974031105,37405700
2021-07-06,30.858366012573242,31.253986089657513,30.858366012573242,31.05617605111538,20708400
2021-07-07,30.66055679321289,31.05617688086725,30.660556793212887,30.85836683704007,32207000
2021-07-08,29.473695755004883,30.660555986750047,29.275885716380692,30.462745948125853,127566500
2021-07-09,29.473695755004883,30.067125870877465,29.275885716380692,29.473695755004886,57764800
2021-07-12,29.275882720947266,29.8693127761016,29.275882720947266,29.671502757716823,52279800
2021-07-13,29.86931610107422,30.067126141478685,29.275885979860824,29.275885979860824,44033500
2021-07-14,29.6715030670166,30.067123107910156,29.473693046569824,29.86931308746338,43594900
2021-07-15,29.473695755004883,29.86931583225327,29.275885716380692,29.86931583225327,80596200
2021-07-16,29.6715030670166,29.6715030670166,29.275883026123047,29.473693046569824,25437600
2021-07-19,28.880266189575195,29.473696316758247,28.880266189575195,29.2758862743639,67501000
2021-07-20,28.28683090209961,28.880260921024778,28.089020895791222,28.682450914716387,139101700
2021-07-21,28.48464584350586,28.682455884085762,28.089025762346058,28.28683580292596,71498400
2021-07-22,28.68245506286621,28.880265097782527,28.48464502794989,28.682455062866207,25587300
2021-07-23,28.28683090209961,28.682450914716387,28.089020895791222,28.484640908408,41631800
2021-07-27,28.089021682739258,28.48464170643981,27.891211670888982,28.286831694589534,38861800
2021-07-29,28.089021682739258,28.286831694589534,27.693401659038706,28.089021682739258,58569300
2021-07-30,27.49559783935547,27.89121795215195,27.29778778295723,27.693407895753708,80028700
2021-08-02,27.693403244018555,27.693403244018555,27.09997317450387,27.49559322084699,67631700
2021-08-03,27.89121437072754,28.089024401725606,27.495594308731405,27.693404339729472,42044900
2021-08-04,27.693403244018555,28.089023290361677,27.693403244018555,27.891213267190114,51778500
2021-08-05,27.297779083251953,27.69339906996575,27.297779083251953,27.49558907660885,63568300
2021-08-06,27.297779083251953,27.49558907660885,26.90215909653816,27.297779083251953,69864700
2021-08-09,27.297779083251953,27.49558907660885,27.09996908989506,27.49558907660885,51686900
2021-08-10,27.49559783935547,27.89121795215195,27.29778778295723,27.49559783935547,79799300
2021-08-11,27.297779083251953,27.69339906996575,27.09996908989506,27.69339906996575,81840800
2021-08-13,27.693403244018555,27.891213267190114,27.09997317450387,27.49559322084699,74494100
2021-08-16,27.89121437072754,27.89121437072754,27.495594308731405,27.495594308731405,45881900
2021-08-17,28.48464584350586,28.48464584350586,27.693405681186253,27.891215721766155,112879000
2021-08-18,28.28683090209961,28.880260921024778,28.28683090209961,28.484640908408,83022700
2021-08-19,27.89121437072754,28.286834432723676,27.89121437072754,28.089024401725606,47716600
2021-08-20,27.693403244018555,28.286833313533236,27.49559322084699,27.891213267190114,56414400
2021-08-23,28.48464584350586,28.880265924665665,27.693405681186253,27.891215721766155,87545600
2021-08-24,29.275882720947266,30.06712279448638,29.078072702562487,29.275882720947266,142064800
2021-08-25,29.473695755004883,29.86931583225327,29.078075677756498,29.473695755004886,88846900
2021-08-26,29.275882720947266,29.671502757716823,29.275882720947266,29.671502757716823,45226100
2021-08-27,29.86931610107422,29.869316101074222,29.275885979860824,29.47369602026529,66171000
2021-08-30,30.66055679321289,30.660556793212887,30.06712666173135,30.06712666173135,97994200
2021-08-31,30.264936447143555,30.660556531419942,30.06712640500536,30.46274648928175,98277700
2021-09-01,29.6715030670166,30.46274314880371,29.6715030670166,30.264933128356933,83087800
2021-09-02,30.067123413085938,30.26493343554045,29.4736933457224,29.67150336817691,53803000
2021-09-03,30.264936447143555,30.46274648928175,29.86931636286717,30.264936447143555,49420400
2021-09-06,30.067123413085938,30.26493343554045,29.67150336817691,30.067123413085938,28381900
2021-09-07,29.6715030670166,30.264933128356933,29.6715030670166,29.86931308746338,75256800
2021-09-08,29.473695755004883,29.86931583225327,29.275885716380692,29.473695755004886,41794200
2021-09-09,29.473695755004883,29.86931583225327,29.275885716380692,29.275885716380692,52432500
2021-09-10,30.067123413085938,30.26493343554045,29.275883323267884,29.67150336817691,41561200
2021-09-13,30.264936447143555,30.46274648928175,29.86931636286717,30.06712640500536,62065800
2021-09-14,30.858366012573242,30.858366012573242,30.264935896946835,30.462745935488968,75280400
2021-09-15,30.858366012573242,31.253986089657513,30.660555974031105,30.858366012573242,59325300
2021-09-16,31.451786041259766,31.451786041259766,31.05616609105524,31.05616609105524,81297200
2021-09-17,30.858366012573242,31.84741620528392,30.858366012573242,31.649606166741787,141093900
2021-09-20,30.858366012573242,31.05617605111538,30.462745935488968,30.660555974031105,75862900
2021-09-21,31.253984451293945,31.253984451293945,30.660554366775706,30.660554366775706,57929900
2021-09-22,31.253984451293945,31.45179447946669,31.0561744231212,31.253984451293945,44421800
2021-09-23,31.649606704711914,31.84741674661636,31.253986620903014,31.451796662807464,63355900
2021-09-27,32.045223236083984,32.24303325605981,31.64960319613233,31.84741321610816,114666600
2021-09-28,32.045223236083984,32.440843276035636,31.84741321610816,32.24303325605981,104953600
2021-09-29,32.00445556640625,32.20830560186107,31.800605530951437,32.00445556640625,90070800
2021-09-30,31.80060577392578,32.004455810938126,31.596755736913437,31.80060577392578,63650300
2021-10-01,31.596755981445312,31.800606020035282,31.392905942855343,31.596755981445312,38212800
2021-10-04,31.80060577392578,32.20830584795047,31.80060577392578,31.80060577392578,53749600
2021-10-05,32.41215133666992,32.41215133666992,32.004451319856464,32.004451319856464,42021700
2021-10-06,32.616004943847656,32.819854974746704,32.20830488204956,32.41215491294861,67639600
2021-10-07,32.20830154418945,32.616001563736155,32.0044515344161,32.616001563736155,77452800
2021-10-08,32.41215133666992,32.616001345076654,32.20830132826319,32.41215133666992,25810400
2021-10-11,32.616004943847656,32.819854974746704,32.41215491294861,32.616004943847656,58294200
2021-10-12,32.616004943847656,32.819854974746704,32.20830488204956,32.616004943847656,40520000
2021-10-14,32.20830154418945,32.616001563736155,32.0044515344161,32.4121515539628,51400700
2021-10-15,32.00445556640625,32.616005672770704,31.800605530951437,32.412155637315884,51076700
2021-10-18,32.616004943847656,32.616004943847656,32.20830488204956,32.20830488204956,39184000
2021-10-19,32.20830154418945,32.8198515735095,32.0044515344161,32.616001563736155,54502400
2021-10-20,32.20830154418945,32.4121515539628,32.0044515344161,32.20830154418945,43860200
2021-10-21,32.616004943847656,32.616004943847656,32.20830488204956,32.41215491294861,45160800
2021-10-25,32.20830154418945,32.616001563736155,32.0044515344161,32.4121515539628,23571500
2021-10-26,32.00445556640625,32.412155637315884,31.59675549549662,32.20830560186107,54563900
2021-10-27,31.596755981445312,32.00445605862525,31.596755981445312,32.00445605862525,35816700
2021-10-28,31.18905258178711,31.596752615535962,30.985202564912683,31.392902598661536,57779100
2021-10-29,30.98520278930664,31.392902826008044,30.98520278930664,31.18905280765734,49185600
2021-11-01,30.98520278930664,31.392902826008044,30.577502752605238,30.98520278930664,54152100
2021-11-02,30.98520278930664,31.18905280765734,30.781352770955937,30.98520278930664,38169900
2021-11-03,30.781352996826172,31.189053036519237,30.57750297697964,30.985203016672706,26751000
2021-11-04,30.57750701904297,30.781357065836588,30.169806925455728,30.57750701904297,57080200
2021-11-05,30.373655319213867,30.78135539061271,30.373655319213867,30.57750535491329,34196500
2021-11-08,31.18905258178711,31.18905258178711,30.577502531163834,30.577502531163834,52474600
2021-11-09,31.18905258178711,31.800602632410385,31.18905258178711,31.18905258178711,68309500
2021-11-10,31.39290428161621,31.596754309418912,30.985204226010808,31.18905425381351,40667200
2021-11-11,30.98520278930664,31.392902826008044,30.98520278930664,31.18905280765734,27612600
2021-11-12,30.57750701904297,31.18905715942383,30.57750701904297,31.18905715942383,34319600
2021-11-15,30.98520278930664,31.18905280765734,30.577502752605238,30.577502752605238,27749200
2021-11-16,30.781352996826172,31.392903056365768,30.781352996826172,30.781352996826172,57516600
2021-11-17,30.98520278930664,31.392902826008044,30.98520278930664,30.98520278930664,45437900
2021-11-18,30.781352996826172,31.189053036519237,30.781352996826172,30.985203016672706,37107700
2021-11-19,30.781352996826172,31.189053036519237,30.57750297697964,30.985203016672706,40590100
2021-11-22,30.373655319213867,30.78135539061271,30.169805283514446,30.78135539061271,93525700
2021-11-23,30.1698055267334,30.781355638761777,30.1698055267334,30.577505601418984,55594000
2021-11-24,30.781352996826172,30.985203016672706,30.57750297697964,30.57750297697964,40737600
2021-11-25,30.781352996826172,31.189053036519237,30.57750297697964,30.985203016672706,30842500
2021-11-26,30.1698055267334,30.781355638761777,29.965955489390602,30.577505601418984,68866700
2021-11-29,29.354406356811523,30.169806533389618,29.354406356811523,29.965956489245094,76252300
2021-11-30,28.946704864501953,29.965955035787232,28.946704864501953,29.762105001530177,121299400
2021-12-01,29.965957641601562,30.16980769358525,28.946707381683144,29.150557433666826,64936900
2021-12-02,30.373655319213867,30.373655319213867,29.354405140716757,29.55825517641618,61302400
2021-12-03,29.965957641601562,30.577507797552617,29.965957641601562,30.373657745568934,36459300
2021-12-07,30.57750701904297,30.781357065836588,30.169806925455728,30.37365697224935,61053200
2021-12-08,30.57750701904297,30.985207112630206,30.57750701904297,30.57750701904297,34299900
2021-12-09,30.57750701904297,30.781357065836588,30.169806925455728,30.57750701904297,52624400
2021-12-13,30.57750701904297,30.985207112630206,30.169806925455728,30.781357065836588,84879300
2021-12-14,30.781352996826172,30.781352996826172,30.37365295713311,30.57750297697964,36242300
2021-12-15,30.57750701904297,30.781357065836588,30.37365697224935,30.57750701904297,38990500
2021-12-16,30.57750701904297,30.781357065836588,30.169806925455728,30.57750701904297,35239100
2021-12-17,30.98520278930664,30.98520278930664,30.577502752605238,30.577502752605238,67784100
2021-12-20,30.373655319213867,30.78135539061271,30.169805283514446,30.57750535491329,39688100
2021-12-21,30.1698055267334,30.577505601418984,30.1698055267334,30.577505601418984,21118200
2021-12-22,30.57750701904297,30.57750701904297,30.37365697224935,30.57750701904297,9297200
2021-12-23,30.98520278930664,30.98520278930664,30.577502752605238,30.577502752605238,41667500
2021-12-24,30.98520278930664,31.18905280765734,30.781352770955937,30.98520278930664,19817700
2021-12-27,30.781352996826172,30.985203016672706,30.57750297697964,30.985203016672706,29699300
2021-12-28,30.98520278930664,30.98520278930664,30.781352770955937,30.781352770955937,18096900
2021-12-29,31.18905258178711,31.18905258178711,30.78135254803826,30.78135254803826,42015700
2021-12-30,30.98520278930664,31.392902826008044,30.98520278930664,31.392902826008044,45388600
2022-01-04,30.98520278930664,31.392902826008044,30.98520278930664,31.18905280765734,59500200
2022-01-05,31.80060577392578,31.80060577392578,30.9852056258764,31.189055662888748,76590500
2022-01-06,30.98520278930664,31.800602862709447,30.98520278930664,31.800602862709447,71677600
2022-01-07,31.596755981445312,31.596755981445312,31.189055904265373,31.392905942855343,59556500
2022-01-10,31.39290428161621,31.596754309418912,30.985204226010808,31.596754309418912,34789500
2022-01-11,31.80060577392578,31.80060577392578,31.189055662888748,31.189055662888748,35007100
2022-01-12,32.00445556640625,32.20830560186107,31.800605530951437,32.00445556640625,36693300
2022-01-13,32.00445556640625,32.20830560186107,31.59675549549662,32.20830560186107,41109600
2022-01-14,31.596755981445312,31.800606020035282,31.392905942855343,31.800606020035282,34315800
2022-01-17,31.596755981445312,32.00445605862525,31.392905942855343,31.800606020035282,32721000
2022-01-18,30.98520278930664,31.596752844358743,30.98520278930664,31.596752844358743,45708100
2022-01-19,31.80060577392578,32.004455810938126,31.189055662888748,31.189055662888748,94167200
2022-01-20,32.20830154418945,32.20830154418945,31.80060152464275,32.20830154418945,45122000
2022-01-21,31.596755981445312,32.00445605862525,31.189055904265373,31.800606020035282,69342700
2022-01-24,31.39290428161621,31.596754309418912,30.985204226010808,31.39290428161621,63689200
2022-01-25,31.18905258178711,31.392902598661536,30.985202564912683,31.18905258178711,39626500
2022-01-26,31.80060577392578,31.80060577392578,31.189055662888748,31.392905699901092,51285800
2022-01-27,31.596755981445312,31.596755981445312,30.985205865675404,31.392905942855343,53237100
2022-01-28,31.596755981445312,31.800606020035282,31.392905942855343,31.596755981445312,33797400
2022-01-31,31.80060577392578,32.20830584795047,31.596755736913437,31.80060577392578,69888200
2022-02-01,31.596755981445312,32.20830609721522,31.596755981445312,32.20830609721522,29896300
2022-02-02,31.596755981445312,31.800606020035282,31.189055904265373,31.596755981445312,35655800
2022-02-03,31.596755981445312,31.800606020035282,31.392905942855343,31.392905942855343,50852600
2022-02-04,32.41215133666992,32.616001345076654,31.800601311449736,31.800601311449736,107894100
2022-02-07,32.616004943847656,32.819854974746704,32.20830488204956,32.616004943847656,88542300
2022-02-08,32.819854736328125,33.02370476574631,32.61600470690994,32.61600470690994,103839300
2022-02-09,33.023704528808594,33.227554556764204,32.20830441698616,32.81985450085298,132279000
2022-02-10,33.023704528808594,33.227554556764204,32.81985450085298,33.023704528808594,68752900
2022-02-11,32.819854736328125,33.02370476574631,32.61600470690994,32.819854736328125,52130700
2022-02-14,33.023704528808594,33.63525461267542,33.023704528808594,33.227554556764204,75857700
2022-02-15,32.819854736328125,33.2275547951645,32.61600470690994,33.02370476574631,57052600
2022-02-17,32.616004943847656,33.02370500564575,32.616004943847656,32.819854974746704,35510200
2022-02-18,32.20830154418945,32.616001563736155,32.20830154418945,32.616001563736155,63088500
2022-02-21,31.596755981445312,32.20830609721522,31.392905942855343,32.20830609721522,81379000
2022-02-22,31.80060577392578,32.004455810938126,31.392905699901092,31.80060577392578,79687700
2022-02-23,31.39290428161621,31.800604337221618,31.18905425381351,31.800604337221618,91735100
2022-02-24,31.596755981445312,31.800606020035282,31.189055904265373,31.392905942855343,76774900
2022-02-25,31.80060577392578,32.004455810938126,31.596755736913437,31.80060577392578,39802200
2022-02-28,32.20830154418945,32.4121515539628,32.0044515344161,32.20830154418945,75534700
2022-03-01,31.80060577392578,32.61600592197516,31.80060577392578,32.412155884962814,59172500
2022-03-02,32.41215133666992,32.81985135348338,32.004451319856464,32.41215133666992,100744400
2022-03-03,33.28590774536133,33.493944668769835,32.86983389854431,33.28590774536133,142534500
2022-03-04,32.037689208984375,33.07787392356179,32.037689208984375,33.07787392356179,103829500
2022-03-07,32.037689208984375,32.869836980646305,31.82965226606889,32.66180003773082,117744600
2022-03-08,31.82965087890625,32.245724746604374,30.99750314351001,32.037687812755316,112177000
2022-03-09,32.2457275390625,32.2457275390625,31.621616683467742,32.03769058719758,81740400
2022-03-10,32.2457275390625,32.2457275390625,31.82965363533266,32.03769058719758,64666100
2022-03-11,32.869834899902344,33.077871829648565,31.82965025117126,32.03768718091747,89337900
2022-03-14,32.869834899902344,32.869834899902344,32.66179797015613,32.66179797015613,24802800
2022-03-15,32.2457275390625,32.45376449092742,31.82965363533266,32.2457275390625,60174700
2022-03-16,32.45376205444336,32.45376205444336,32.0376881819505,32.45376205444336,41795600
2022-03-17,32.661800384521484,32.869837329645826,32.45376343939714,32.661800384521484,54709700
2022-03-18,32.45376205444336,32.869835926936226,32.45376205444336,32.66179899068979,61983100
2022-03-21,32.45376205444336,32.66179899068979,32.24572511819693,32.66179899068979,34846800
2022-03-22,32.661800384521484,33.07787427477017,32.2457264942728,32.2457264942728,89193800
2022-03-23,32.661800384521484,32.869837329645826,32.45376343939714,32.661800384521484,40523000
2022-03-24,32.869834899902344,32.869834899902344,32.245724110663694,32.66179797015613,76967400
2022-03-25,32.45376205444336,32.869835926936226,32.24572511819693,32.66179899068979,33546900
2022-03-28,32.45376205444336,32.869835926936226,32.45376205444336,32.45376205444336,23921800
2022-03-29,32.2457275390625,32.66180144279234,32.03769058719758,32.45376449092742,36520900
2022-03-30,32.2457275390625,32.45376449092742,32.03769058719758,32.2457275390625,42685600
2022-03-31,32.037689208984375,32.453763094815336,32.037689208984375,32.453763094815336,38098600
2022-04-01,32.2457275390625,32.45376449092742,32.03769058719758,32.03769058719758,40102700
2022-04-04,32.2457275390625,32.45376449092742,32.03769058719758,32.2457275390625,35910600
2022-04-05,32.037689208984375,32.453763094815336,32.037689208984375,32.24572615189986,45728000
2022-04-07,31.82965087890625,32.037687812755316,31.62161394505719,32.037687812755316,68030700
2022-04-08,31.41357421875,32.037684964817885,31.413574218750004,31.829648049461923,53592600
2022-04-11,31.41357421875,31.62161113410596,31.205537303394042,31.413574218750004,26445000
2022-04-12,30.789466857910156,31.413577672597523,30.789466857910156,31.2055407343684,52893300
2022-04-18,30.99750518798828,31.205542135558673,30.78946824041789,30.99750518798828,61554400
2022-04-19,31.41357421875,31.829648049461923,30.99750038803808,31.205537303394042,55317000
2022-04-20,31.20554542541504,31.621619364420575,31.20554542541504,31.413582394917807,27315600
2022-04-21,31.41357421875,31.413574218750004,31.205537303394042,31.413574218750004,19730200
2022-04-22,30.99750518798828,31.205542135558673,30.78946824041789,31.205542135558673,39360500
2022-04-25,30.789466857910156,30.997503796139277,30.58142991968103,30.789466857910156,41645800
2022-04-26,30.581432342529297,30.997506251951464,30.581432342529297,30.78946929724038,36076200
2022-04-27,30.373394012451172,30.789467903032694,30.373394012451172,30.581430957741933,44241500
2022-04-28,30.99750518798828,30.99750518798828,30.37339434527711,30.581431292847498,52595000
2022-04-29,31.20554542541504,31.413582394917807,30.99750845591227,30.99750845591227,40607100
2022-05-03,30.99750518798828,31.413579083129065,30.78946824041789,31.205542135558673,32133300
2022-05-05,31.20554542541504,31.621619364420575,30.99750845591227,31.413582394917807,40723300
2022-05-06,30.99750518798828,31.205542135558673,30.99750518798828,30.99750518798828,30300400
2022-05-09,30.789466857910156,31.413577672597523,30.789466857910156,31.2055407343684,41035800
2022-05-10,30.789466857910156,30.997503796139277,30.58142991968103,30.789466857910156,84699200
2022-05-11,30.581432342529297,30.997506251951464,30.373395387818213,30.78946929724038,50440000
2022-05-12,30.373394012451172,30.789467903032694,30.16535706716041,30.581430957741933,68386000
2022-05-13,30.16535186767578,30.78946259597252,30.16535186767578,30.78946259597252,39847200
2022-05-17,30.789466857910156,30.789466857910156,30.165356043222786,30.37339298145191,78725500
2022-05-18,30.581432342529297,30.997506251951464,30.581432342529297,30.78946929724038,53076800
2022-05-19,30.16535186767578,30.373388777108026,30.16535186767578,30.16535186767578,33653100
2022-05-20,30.581432342529297,30.78946929724038,30.373395387818213,30.373395387818213,31182100
2022-05-23,31.20554542541504,31.413582394917807,30.58143451690674,30.58143451690674,62122800
2022-05-24,30.789466857910156,31.2055407343684,30.58142991968103,30.997503796139277,60315400
2022-05-25,30.581432342529297,30.997506251951464,30.581432342529297,30.78946929724038,33843300
2022-05-26,30.789466857910156,30.997503796139277,30.58142991968103,30.789466857910156,32512900
2022-05-27,31.20554542541504,31.20554542541504,30.789471486409504,30.99750845591227,36074200
2022-05-30,31.621614456176758,31.621614456176758,31.20554058175338,31.41357751896507,61181000
2022-05-31,31.82965087890625,31.82965087890625,31.20554007735907,31.62161394505719,82813300
2022-06-01,31.82965087890625,32.037687812755316,31.62161394505719,31.62161394505719,52395000
2022-06-02,31.621614456176758,31.82965139338845,31.41357751896507,31.41357751896507,30230400
2022-06-06,31.82965087890625,32.037687812755316,31.62161394505719,31.62161394505719,38003100
2022-06-07,31.621614456176758,31.82965139338845,31.41357751896507,31.82965139338845,34007000
2022-06-08,31.621614456176758,31.82965139338845,31.41357751896507,31.82965139338845,32084300
2022-06-09,31.41357421875,31.829648049461923,31.205537303394042,31.62161113410596,36018700
2022-06-10,31.20554542541504,31.413582394917807,30.99750845591227,31.20554542541504,39593300
2022-06-13,30.373394012451172,30.997504848323455,30.373394012451172,30.997504848323455,69982900
2022-06-14,30.373394012451172,30.581430957741933,30.16535706716041,30.373394012451172,29172400
2022-06-15,29.957319259643555,30.581430077552795,29.957319259643555,30.581430077552795,64502900
2022-06-16,28.91713523864746,30.16535690362505,28.91713523864746,29.957319959462115,181631200
2022-06-17,27.8769474029541,28.709095086624373,27.8769474029541,28.709095086624373,252882700
2022-06-20,27.668914794921875,27.87695174826715,27.460877841576597,27.668914794921875,44082000
2022-06-21,28.08498764038086,28.29302458586516,27.876950694896557,28.08498764038086,66612500
2022-06-22,28.08498764038086,28.08498764038086,27.668913749412255,27.876950694896557,60696200
2022-06-23,27.668914794921875,28.084988701612428,27.460877841576597,27.87695174826715,95160600
2022-06-24,27.668914794921875,27.87695174826715,27.25284088823132,27.87695174826715,101170400
2022-06-27,28.293025970458984,28.50106292612412,27.668915103463565,27.876952059128705,60386500
2022-06-28,29.125173568725586,29.125173568725586,28.084988798413956,28.293025752476282,103017000
2022-06-29,29.125173568725586,29.333210522787912,28.709099660600934,28.91713661466326,87925800
2022-06-30,28.293025970458984,29.33321074878468,28.293025970458984,29.33321074878468,73497500
2022-07-01,28.709096908569336,28.709096908569336,28.293023040329203,28.50105997444927,26783100
2022-07-04,28.501056671142578,28.709093581150917,28.084982851125897,28.709093581150917,69448200
2022-07-05,28.501056671142578,28.501056671142578,28.084982851125897,28.29301976113424,57879800
2022-07-06,28.293025970458984,28.50106292612412,27.876952059128705,28.293025970458984,60256300
2022-07-07,28.91713523864746,29.12517218281039,27.876950517832803,28.293024406158665,73502900
2022-07-08,28.709096908569336,29.125170776809473,28.50105997444927,28.917133842689406,54322900
2022-07-11,28.293025970458984,28.70909988178926,28.084989014793845,28.50106292612412,49444500
2022-07-12,28.08498764038086,28.29302458586516,27.876950694896557,28.08498764038086,44995200
2022-07-14,28.08498764038086,28.29302458586516,27.668913749412255,27.668913749412255,68303400
2022-07-15,27.8769474029541,28.293021244789237,27.460873561118966,28.08498432387167,46734000
2022-07-18,28.709096908569336,28.709096908569336,27.876949172089066,27.876949172089066,61647600
2022-07-19,28.501056671142578,28.709093581150917,28.29301976113424,28.501056671142578,58599300
2022-07-20,28.501056671142578,28.709093581150917,28.29301976113424,28.501056671142578,62716500
2022-07-21,28.501056671142578,28.501056671142578,28.084982851125897,28.29301976113424,19639400
2022-07-22,28.709096908569336,28.709096908569336,28.293023040329203,28.50105997444927,31604300
2022-07-25,28.501056671142578,28.709093581150917,28.29301976113424,28.501056671142578,19818200
2022-07-26,28.709096908569336,28.917133842689406,28.50105997444927,28.709096908569336,30315100
2022-07-27,28.91713523864746,28.91713523864746,28.501061350321596,28.501061350321596,29089000
2022-08-01,29.333209991455078,29.541246941749087,28.709099140573056,28.917136090867064,88917000
2022-08-02,29.333209991455078,29.541246941749087,28.917136090867064,29.333209991455078,53686100
2022-08-03,29.333209991455078,29.541246941749087,29.12517304116107,29.333209991455078,27271900
2022-08-04,29.125173568725586,29.541247476850238,28.91713661466326,29.541247476850238,32575400
2022-08-05,29.54124641418457,29.54124641418457,28.709098627869515,28.917135574448277,53854700
2022-08-08,30.373394012451172,30.373394012451172,29.1251723407066,29.333209285997363,80742100
2022-08-09,30.16535186767578,30.581425686540275,29.957314958243533,30.16535186767578,46983100
2022-08-10,30.581432342529297,30.581432342529297,30.16535843310713,30.16535843310713,45477700
2022-08-11,30.789466857910156,30.789466857910156,30.165356043222786,30.789466857910156,51073400
2022-08-15,30.789466857910156,30.997503796139277,30.37339298145191,30.58142991968103,34452500
2022-08-16,31.20554542541504,31.20554542541504,30.789471486409504,30.99750845591227,75762700
2022-08-17,31.41357421875,31.62161113410596,30.99750038803808,31.205537303394042,89352700
2022-08-18,30.99750518798828,31.413579083129065,30.78946824041789,31.205542135558673,45521500
2022-08-19,30.789466857910156,31.2055407343684,30.789466857910156,30.997503796139277,38474800
2022-08-22,30.581432342529297,31.20554320666255,30.581432342529297,30.78946929724038,52110800
2022-08-23,31.20554542541504,31.413582394917807,30.58143451690674,30.58143451690674,47634400
2022-08-24,31.41357421875,31.829648049461923,31.205537303394042,31.413574218750004,96869700
2022-08-25,31.41357421875,31.62161113410596,31.205537303394042,31.413574218750004,42514900
2022-08-26,31.621614456176758,31.621614456176758,31.20554058175338,31.41357751896507,35083300
2022-08-29,31.20554542541504,31.413582394917807,30.789471486409504,31.20554542541504,64898600
2022-08-30,31.621614456176758,31.621614456176758,31.20554058175338,31.20554058175338,49033400
2022-08-31,31.20554542541504,31.413582394917807,30.99750845591227,31.413582394917807,76636200
2022-09-01,30.581432342529297,31.20554320666255,30.373395387818213,30.997506251951464,68865000
2022-09-02,30.581432342529297,30.78946929724038,30.373395387818213,30.581432342529297,35303200
2022-09-05,30.789466857910156,30.997503796139277,30.37339298145191,30.58142991968103,37083900
2022-09-06,30.99750518798828,31.205542135558673,30.78946824041789,30.78946824041789,20756500
2022-09-07,30.789466857910156,30.997503796139277,30.58142991968103,30.789466857910156,36279400
2022-09-08,30.16535186767578,30.581425686540275,30.16535186767578,30.581425686540275,67305800
2022-09-09,30.581432342529297,30.78946929724038,30.16535843310713,30.373395387818213,36255000
2022-09-12,30.99750518798828,31.205542135558673,30.581431292847498,30.78946824041789,56435400
2022-09-13,30.789466857910156,30.997503796139277,30.58142991968103,30.789466857910156,44958500
2022-09-14,30.581432342529297,30.78946929724038,30.373395387818213,30.581432342529297,41145900
2022-09-15,30.581432342529297,30.997506251951464,30.581432342529297,30.78946929724038,42997100
2022-09-16,30.581432342529297,30.997506251951464,30.581432342529297,30.78946929724038,96082500
2022-09-19,30.581432342529297,30.997506251951464,30.581432342529297,30.78946929724038,31788500
2022-09-20,30.789466857910156,30.997503796139277,30.58142991968103,30.789466857910156,53669000
2022-09-21,30.789466857910156,30.997503796139277,30.58142991968103,30.789466857910156,46103900
2022-09-22,30.99750518798828,31.205542135558673,30.581431292847498,30.78946824041789,60802000
2022-09-23,30.789466857910156,30.997503796139277,30.789466857910156,30.997503796139277,38769800
2022-09-26,30.789466857910156,30.997503796139277,30.37339298145191,30.789466857910156,55859200
2022-09-27,30.581432342529297,30.78946929724038,30.581432342529297,30.581432342529297,55111300
2022-09-28,30.193233489990234,30.624565396990096,30.193233489990234,30.408899443490167,49151800
2022-09-29,29.54623031616211,30.62455988974467,29.3305644014456,30.408893975028157,96070900
2022-09-30,29.330564498901367,29.761896329767563,29.330564498901367,29.330564498901367,75492000
2022-10-03,29.330564498901367,29.546230414334467,29.11489858346827,29.330564498901367,55553600
2022-10-04,29.76190185546875,29.97756781094316,29.546235899994336,29.76190185546875,51217300
2022-10-05,29.76190185546875,29.97756781094316,29.546235899994336,29.76190185546875,69696700
2022-10-06,29.76190185546875,30.19323376641757,29.76190185546875,29.76190185546875,71940600
2022-10-07,29.76190185546875,29.97756781094316,29.546235899994336,29.76190185546875,58567500
2022-10-10,29.76190185546875,29.97756781094316,29.330569944519926,29.76190185546875,87348000
2022-10-11,29.76190185546875,29.76190185546875,29.546235899994336,29.546235899994336,20949500
2022-10-12,29.76190185546875,30.19323376641757,29.76190185546875,29.76190185546875,38256500
2022-10-17,29.54623031616211,29.761896230878623,29.3305644014456,29.761896230878623,91968100
2022-10-18,29.54623031616211,29.761896230878623,29.3305644014456,29.54623031616211,69784400
2022-10-19,29.54623031616211,29.761896230878623,29.54623031616211,29.54623031616211,10486300
2022-10-20,29.977567672729492,29.977567672729492,29.546235763769356,29.546235763769356,33038700
2022-10-21,29.977567672729492,30.408899581689628,29.977567672729492,29.977567672729492,24070000
2022-10-25,30.193233489990234,30.624565396990096,30.193233489990234,30.408899443490167,67017600
2022-10-26,30.193233489990234,30.408899443490167,29.977567536490305,30.193233489990234,41593100
2022-10-27,30.62456512451172,30.62456512451172,29.977567269768514,30.19323322134958,32737400
2022-10-28,31.055896759033203,31.055896759033203,30.408898909886677,30.408898909886677,53733200
2022-10-31,31.055896759033203,31.27156270874871,30.840230809317692,31.055896759033203,52149800
2022-11-01,31.055896759033203,31.27156270874871,30.840230809317692,31.055896759033203,60355400
2022-11-02,31.055896759033203,31.27156270874871,30.840230809317692,31.27156270874871,59855100
2022-11-03,30.84023094177246,31.05589689241423,30.624564991130697,30.84023094177246,43601200
2022-11-04,31.055896759033203,31.27156270874871,31.055896759033203,31.055896759033203,60730300
2022-11-07,30.84023094177246,31.271562843055992,30.624564991130697,31.05589689241423,78978600
2022-11-08,30.62456512451172,30.84023107609279,30.40889917293065,30.84023107609279,28564500
2022-11-09,30.193233489990234,30.624565396990096,30.193233489990234,30.624565396990096,51277300
2022-11-10,29.54623031616211,29.977562145595133,29.3305644014456,29.761896230878623,64884000
2022-11-11,29.977567672729492,30.19323362720956,29.546235763769356,29.761901718249423,54886600
2022-11-14,29.330564498901367,29.977562245200662,28.89923266803517,29.761896329767563,102696100
2022-11-15,28.89923858642578,29.330570505626163,28.683572626825587,29.114904546025972,85702900
2022-11-16,28.89923858642578,29.114904546025972,28.683572626825587,28.89923858642578,56698100
2022-11-17,28.46790313720703,28.89923500292229,28.46790313720703,28.68356907006466,71697700
2022-11-18,28.89923858642578,28.89923858642578,28.2522407076252,28.467906667225396,71033500
2022-11-21,28.683568954467773,28.899234886456252,28.467903022479295,28.683568954467773,39724000
2022-11-22,28.683568954467773,28.899234886456252,28.467903022479295,28.683568954467773,44381500
2022-11-23,29.114904403686523,29.33057036223235,28.467906528049046,28.467906528049046,68409800
2022-11-24,29.114904403686523,29.33057036223235,28.683572486594873,29.33057036223235,53964000
2022-11-25,29.114904403686523,29.114904403686523,28.683572486594873,29.114904403686523,36071400
2022-11-28,28.683568954467773,28.899234886456252,28.252237090490816,28.467903022479295,62644300
2022-11-29,28.683568954467773,28.899234886456252,28.467903022479295,28.683568954467773,55324600
2022-11-30,28.683568954467773,29.11490081844473,28.467903022479295,28.683568954467773,88354200
2022-12-01,28.683568954467773,29.11490081844473,28.683568954467773,28.899234886456252,56433700
2022-12-02,28.46790313720703,28.89923500292229,28.46790313720703,28.68356907006466,28119000
2022-12-06,28.25223731994629,28.683569187426382,28.25223731994629,28.683569187426382,60085700
2022-12-07,27.820905685424805,28.46790349206259,27.605239749878876,28.25223755651666,112248500
2022-12-08,27.389572143554688,27.820903988335075,27.389572143554688,27.820903988335075,77577900
2022-12-09,27.605239868164062,28.036571741104126,27.173907995224,27.38957393169403,72581800
2022-12-13,27.605239868164062,27.820905804634094,27.38957393169403,27.820905804634094,65611400
2022-12-14,27.389572143554688,27.820903988335075,27.389572143554688,27.60523806594488,50389300
2022-12-15,27.17391014099121,27.605242047991073,26.95824418749128,27.389576094491144,96837000
2022-12-16,26.958242416381836,27.17390835571289,26.742576477050783,26.958242416381836,74996800
2022-12-19,26.958242416381836,26.958242416381836,26.526910537719726,26.742576477050783,47133700
2022-12-20,26.958242416381836,27.17390835571289,26.742576477050783,26.742576477050783,48572100
2022-12-21,26.742578506469727,27.173910417864402,26.52691255077239,26.958244462167066,76194000
2022-12-22,27.17391014099121,27.17391014099121,26.742578233991352,26.742578233991352,30432600
2022-12-23,27.17391014099121,27.389576094491144,26.95824418749128,27.17391014099121,37979900
2022-12-26,27.820905685424805,27.820905685424805,27.17390787878702,27.17390787878702,39661000
2022-12-27,28.03657341003418,28.252239359342138,27.820907460726225,28.03657341003418,80790200
2022-12-28,28.25223731994629,28.25223731994629,27.820905452466192,28.03657138620624,49817800
2022-12-29,28.25223731994629,28.467903253686337,28.03657138620624,28.25223731994629,61347100
2022-12-30,28.683568954467773,28.899234886456252,28.252237090490816,28.467903022479295,94398400
2023-01-03,28.25223731994629,28.89923512116643,28.25223731994629,28.467903253686337,46133500
2023-01-04,27.605239868164062,28.036571741104126,27.605239868164062,28.036571741104126,54885800
2023-01-05,27.820905685424805,27.820905685424805,27.605239749878876,27.605239749878876,32895800
2023-01-06,28.03657341003418,28.252239359342138,27.820907460726225,27.820907460726225,53655400
2023-01-09,28.46790313720703,28.68356907006466,28.252237204349402,28.252237204349402,48532500
2023-01-10,28.683568954467773,28.683568954467773,28.252237090490816,28.683568954467773,39536000
2023-01-11,28.89923858642578,28.89923858642578,28.467906667225396,28.683572626825587,45429000
2023-01-12,29.114904403686523,29.114904403686523,28.683572486594873,28.899238445140696,41011700
2023-01-13,29.114904403686523,29.33057036223235,28.683572486594873,29.114904403686523,70859700
2023-01-16,29.114904403686523,29.33057036223235,28.899238445140696,29.114904403686523,67881400
2023-01-17,28.89923858642578,29.330570505626163,28.683572626825587,29.114904546025972,81911800
2023-01-18,28.89923858642578,29.114904546025972,28.683572626825587,28.683572626825587,33231900
2023-01-19,28.89923858642578,28.89923858642578,28.467906667225396,28.683572626825587,24592400
2023-01-20,28.683568954467773,29.11490081844473,28.467903022479295,28.899234886456252,64287500
2023-01-23,29.114904403686523,29.114904403686523,28.683572486594873,28.683572486594873,15055100
2023-01-24,28.89923858642578,29.330570505626163,28.89923858642578,29.114904546025972,15614500
2023-01-25,28.89923858642578,29.114904546025972,28.683572626825587,28.89923858642578,13118000
2023-01-26,28.683568954467773,28.899234886456252,28.467903022479295,28.683568954467773,50612800
2023-01-27,28.683568954467773,28.899234886456252,28.467903022479295,28.683568954467773,27506500
2023-01-30,28.683568954467773,28.899234886456252,28.683568954467773,28.683568954467773,18635300
2023-01-31,28.683568954467773,28.899234886456252,28.467903022479295,28.683568954467773,35789700
2023-02-01,28.683568954467773,28.899234886456252,28.467903022479295,28.683568954467773,30502600
2023-02-02,28.46790313720703,28.68356907006466,28.46790313720703,28.46790313720703,18714300
2023-02-03,28.46790313720703,28.46790313720703,28.036571271491773,28.46790313720703,51993500
2023-02-06,28.25223731994629,28.467903253686337,28.03657138620624,28.25223731994629,34777800
2023-02-07,28.03657341003418,28.467905308650092,28.03657341003418,28.252239359342138,33722000
2023-02-08,28.25223731994629,28.467903253686337,28.03657138620624,28.25223731994629,42268500
2023-02-09,28.03657341003418,28.252239359342138,27.820907460726225,28.252239359342138,41334100
2023-02-10,28.03657341003418,28.03657341003418,27.820907460726225,27.820907460726225,29947400
2023-02-13,27.820905685424805,28.036571620970733,27.820905685424805,27.820905685424805,18038400
2023-02-14,28.25223731994629,28.25223731994629,27.820905452466192,28.03657138620624,59581000
2023-02-15,28.25223731994629,28.25223731994629,28.03657138620624,28.03657138620624,15754100
2023-02-16,28.25223731994629,28.467903253686337,28.03657138620624,28.25223731994629,24067400
2023-02-17,28.89923858642578,28.89923858642578,28.03657474802501,28.03657474802501,58417200
2023-02-20,28.46790313720703,28.89923500292229,28.252237204349402,28.89923500292229,43001100
2023-02-21,28.683568954467773,28.683568954467773,28.252237090490816,28.467903022479295,38438700
2023-02-22,28.25223731994629,28.683569187426382,28.25223731994629,28.467903253686337,35863900
2023-02-23,27.820905685424805,28.25223755651666,27.820905685424805,28.25223755651666,48150200
2023-02-24,28.03657341003418,28.03657341003418,27.820907460726225,28.03657341003418,22536100
2023-02-27,27.605239868164062,28.036571741104126,27.605239868164062,27.820905804634094,44190500
2023-02-28,27.389572143554688,28.03656991072527,27.389572143554688,27.820903988335075,75359100
2023-03-01,27.605239868164062,28.036571741104126,27.605239868164062,27.605239868164062,36462800
2023-03-02,27.781633377075195,28.002122530861506,27.561144223288885,27.781633377075195,60011300
2023-03-03,27.781633377075195,28.002122530861506,27.781633377075195,27.781633377075195,19908100
2023-03-07,28.002119064331055,28.44309731731265,27.78162993784026,28.002119064331055,42108700
2023-03-08,27.781633377075195,28.002122530861506,27.781633377075195,27.781633377075195,24125500
2023-03-09,27.340656280517578,27.781634607622703,27.340656280517578,27.781634607622703,58118800
2023-03-10,27.120166778564453,27.120166778564453,26.67918845696178,27.120166778564453,26879800
2023-03-13,26.679189682006836,27.340657194783866,26.679189682006836,26.89967885293251,51544100
2023-03-14,26.017719268798828,26.89967585418184,26.017719268798828,26.679186707836088,110899000
2023-03-15,26.679189682006836,27.120168023858188,26.458700511081158,26.458700511081158,63129600
2023-03-16,26.238210678100586,26.458699843462774,26.017721512738394,26.238210678100586,51758200
2023-03-17,26.458698272705078,26.67918742497762,26.238209120432536,26.238209120432536,95312200
2023-03-20,26.458698272705078,26.67918742497762,26.017719968159994,26.238209120432536,50034500
2023-03-21,27.120166778564453,27.120166778564453,26.458699296160443,26.458699296160443,34149100
2023-03-22,27.781633377075195,27.781633377075195,27.34065506950257,27.34065506950257,47338800
2023-03-23,27.56114387512207,27.78163302612305,27.340654724121094,27.56114387512207,37963400
2023-03-24,27.340656280517578,27.781634607622703,27.340656280517578,27.781634607622703,24768200
2023-03-27,27.56114387512207,27.56114387512207,27.12016557312012,27.56114387512207,21350800
2023-03-28,27.781633377075195,28.002122530861506,27.561144223288885,27.781633377075195,22263200
2023-03-29,28.002119064331055,28.002119064331055,27.561140811349464,28.002119064331055,26832100
2023-03-30,27.56114387512207,28.002122177124026,27.56114387512207,27.78163302612305,38196200
2023-03-31,27.781633377075195,28.002122530861506,27.561144223288885,27.561144223288885,20385200
2023-04-03,28.002119064331055,28.222608190821852,27.561140811349464,28.002119064331055,88734400
2023-04-04,27.781633377075195,28.002122530861506,27.561144223288885,27.781633377075195,34517100
2023-04-05,27.56114387512207,27.56114387512207,27.12016557312012,27.56114387512207,39472700
2023-04-07,27.56114387512207,27.56114387512207,27.340654724121094,27.340654724121094,15385800
2023-04-10,27.781633377075195,27.781633377075195,27.34065506950257,27.34065506950257,22580200
2023-04-11,27.781633377075195,28.002122530861506,27.561144223288885,27.561144223288885,33670600
2023-04-12,27.781633377075195,28.002122530861506,27.34065506950257,28.002122530861506,39285600
2023-04-17,27.781633377075195,28.002122530861506,27.561144223288885,28.002122530861506,27799200
2023-04-18,27.781633377075195,27.781633377075195,27.561144223288885,27.561144223288885,8998200
2023-04-19,27.340656280517578,27.781634607622703,27.340656280517578,27.561145444070142,37178600
2023-04-20,26.899675369262695,27.561142796375712,26.899675369262695,27.340653654004708,31693300
2023-04-21,27.120166778564453,27.34065593936579,26.67918845696178,26.899677617763114,36070500
2023-04-24,27.340656280517578,27.340656280517578,26.899677953412457,26.899677953412457,17726300
2023-04-25,27.340656280517578,27.340656280517578,27.120167116965018,27.340656280517578,11618700
2023-04-26,26.899675369262695,27.340653654004708,26.899675369262695,27.1201645116337,30213700
2023-04-27,27.120166778564453,27.120166778564453,26.67918845696178,26.899677617763114,24268400
2023-04-28,27.340656280517578,27.561145444070142,27.120167116965018,27.120167116965018,30317000
2023-05-02,27.340656280517578,27.561145444070142,27.120167116965018,27.340656280517578,34330700
2023-05-03,26.899675369262695,27.1201645116337,26.458697084520683,27.1201645116337,76260200
2023-05-08,27.340656280517578,27.561145444070142,26.899677953412457,27.120167116965018,51404200
2023-05-09,27.781633377075195,27.781633377075195,27.34065506950257,27.561144223288885,58405400
2023-05-10,28.222610473632812,28.44309961795807,27.7816321849823,27.7816321849823,46012300
2023-05-11,28.443099975585938,28.6635891226835,28.22261082848837,28.22261082848837,37154600
2023-05-12,28.443099975585938,28.6635891226835,28.22261082848837,28.443099975585938,35997800
2023-05-15,28.443099975585938,28.6635891226835,28.22261082848837,28.6635891226835,46728900
2023-05-16,28.443099975585938,28.6635891226835,28.22261082848837,28.443099975585938,38638800
2023-05-17,28.002119064331055,28.44309731731265,27.78162993784026,28.44309731731265,38755000
2023-05-18,27.781633377075195,28.443100838434127,28.002122530861506,28.002122530861506,26434300
2023-05-19,27.56114387512207,28.002122177124026,27.56114387512207,28.002122177124026,21238600
2023-05-22,27.56114387512207,27.78163302612305,26.899676422119143,27.340654724121094,51009500
2023-05-23,27.781633377075195,27.781633377075195,27.34065506950257,27.561144223288885,33718300
2023-05-24,27.781633377075195,28.002122530861506,27.561144223288885,27.781633377075195,11832000
2023-05-25,27.56114387512207,28.002122177124026,27.56114387512207,27.78163302612305,26468100
2023-05-26,27.340656280517578,27.781634607622703,27.340656280517578,27.561145444070142,8197000
2023-05-29,27.340656280517578,27.561145444070142,27.120167116965018,27.340656280517578,43824300
2023-05-30,27.120166778564453,27.34065593936579,26.899677617763114,27.34065593936579,24932500
2023-05-31,26.458698272705078,26.899676577250162,26.458698272705078,26.899676577250162,59120500
2023-06-01,26.458698272705078,26.67918742497762,26.238209120432536,26.458698272705078,17753900
2023-06-02,26.679189682006836,26.89967885293251,26.458700511081158,26.458700511081158,17069900
2023-06-06,27.120166778564453,27.120166778564453,26.67918845696178,26.899677617763114,21804800
2023-06-07,27.120166778564453,27.120166778564453,26.67918845696178,26.899677617763114,23931000
2023-06-08,28.002119064331055,27.78162993784026,26.899673431877076,26.899673431877076,70895500
2023-06-09,28.002119064331055,28.222608190821852,27.78162993784026,28.002119064331055,21710400
2023-06-12,27.781633377075195,28.002122530861506,27.781633377075195,27.781633377075195,5939500
2023-06-13,27.781633377075195,28.002122530861506,27.561144223288885,27.781633377075195,22574700
2023-06-14,27.781633377075195,28.002122530861506,27.781633377075195,27.781633377075195,4761700
2023-06-15,27.56114387512207,28.002122177124026,27.56114387512207,27.78163302612305,13090800
2023-06-16,28.002119064331055,28.222608190821852,27.561140811349464,27.78162993784026,44010400
2023-06-19,27.781633377075195,28.222611684647816,27.781633377075195,28.002122530861506,15303600
2023-06-20,27.781633377075195,28.222611684647816,27.561144223288885,28.002122530861506,31338400
2023-06-21,28.002119064331055,28.222608190821852,27.78162993784026,28.002119064331055,28363300
2023-06-22,27.781633377075195,28.222611684647816,27.781633377075195,28.002122530861506,33735200
2023-06-23,28.002119064331055,28.002119064331055,27.561140811349464,27.78162993784026,21021500
2023-06-26,27.781633377075195,28.002122530861506,27.781633377075195,27.781633377075195,7318600
2023-06-27,27.781633377075195,28.002122530861506,27.561144223288885,28.002122530861506,30779800
2023-06-28,27.56114387512207,27.78163302612305,27.340654724121094,27.78163302612305,50943100
2023-06-29,28.884077072143555,28.884077072143555,27.56114224441179,27.781631382367085,84534700
2023-06-30,29.545547485351562,29.98652580602845,28.884080004336226,29.104569164674672,168226000
2023-07-03,29.545547485351562,29.766036645690004,29.325058325013117,29.766036645690004,48102400
2023-07-04,29.766036987304688,29.766036987304688,29.325058661566842,29.545547824435765,37024800
2023-07-05,29.986520767211914,29.986520767211914,29.54554252063527,29.766031643923593,17656100
2023-07-06,29.766036987304688,29.98652615017361,29.325058661566842,29.766036987304688,54063100
2023-07-07,29.766036987304688,29.766036987304688,29.325058661566842,29.545547824435765,33761200
2023-07-10,29.986520767211914,29.986520767211914,29.54554252063527,29.766031643923593,22586700
2023-07-11,29.986520767211914,30.207009890500238,29.54554252063527,29.986520767211914,33770600
2023-07-12,30.20701026916504,30.20701026916504,29.76603201706044,30.20701026916504,40729100
2023-07-13,30.20701026916504,30.42749939521734,29.98652114311274,30.20701026916504,53489000
2023-07-14,30.86848258972168,30.86848258972168,30.427504267011372,30.427504267011372,67013900
2023-07-17,30.42750358581543,30.868481898653336,30.207014429396477,30.868481898653336,90240700
2023-07-18,30.647993087768555,30.868482246673363,30.207014769958935,30.427503928863747,56844000
2023-07-19,30.42750358581543,30.868481898653336,30.42750358581543,30.647992742234383,46472400
2023-07-20,29.986520767211914,30.647988137076883,29.986520767211914,30.42749901378856,37481400
2023-07-21,30.647993087768555,30.647993087768555,29.986525611054127,30.207014769958935,45646900
2023-07-24,30.42750358581543,30.868481898653336,30.42750358581543,30.647992742234383,41856200
2023-07-25,30.86848258972168,30.86848258972168,30.427504267011372,30.647993428366526,24748700
2023-07-26,30.86848258972168,30.86848258972168,30.427504267011372,30.647993428366526,25716000
2023-07-27,30.647993087768555,31.088971405578175,30.427503928863747,30.647993087768555,81782000
2023-07-31,30.86848258972168,30.86848258972168,30.647993428366526,30.86848258972168,4704300
2023-08-02,31.088966369628906,31.088966369628906,30.647988123251192,30.86847724644005,24657000
2023-08-03,30.647993087768555,31.088971405578175,30.647993087768555,30.868482246673363,43519900
2023-08-04,30.647993087768555,31.088971405578175,30.647993087768555,30.868482246673363,40792500
2023-08-07,30.647993087768555,30.868482246673363,30.427503928863747,30.868482246673363,42066100
2023-08-08,30.647993087768555,30.868482246673363,30.427503928863747,30.647993087768555,31401000
2023-08-09,30.86848258972168,31.088971751076837,30.427504267011372,30.647993428366526,44663500
2023-08-10,31.529949188232422,31.529949188232422,30.868481722745027,30.868481722745027,67528400
2023-08-11,31.529949188232422,31.529949188232422,31.088970877907492,31.309460033069957,50153400
2023-08-15,31.750438690185547,31.750438690185547,31.30946037504408,31.52994953261481,28887500
2023-08-16,31.529949188232422,31.750438343394883,31.309460033069957,31.529949188232422,41009300
2023-08-17,31.750438690185547,31.750438690185547,31.30946037504408,31.30946037504408,21896800
2023-08-18,31.750438690185547,31.97092784775628,31.52994953261481,31.750438690185547,48856700
2023-08-21,31.750438690185547,31.97092784775628,31.52994953261481,31.750438690185547,45399900
2023-08-22,31.970928192138672,32.19141735208446,31.750439032192887,31.970928192138672,73642000
2023-08-23,31.529949188232422,31.970927498557348,31.309460033069957,31.750438343394883,102724900
2023-08-24,31.309459686279297,31.750437991719853,31.309459686279297,31.529948838999577,28170000
2023-08-25,31.309459686279297,31.529948838999577,31.08897053355902,31.309459686279297,40568400
2023-08-28,31.529949188232422,31.750438343394883,31.309460033069957,31.529949188232422,37590800
2023-08-29,31.750438690185547,31.750438690185547,31.30946037504408,31.52994953261481,49805300
2023-08-30,31.309459686279297,31.750437991719853,31.08897053355902,31.529948838999577,56155200
2023-08-31,30.647993087768555,31.529949723387794,30.427503928863747,31.309460564482983,96686000
2023-09-01,30.86848258972168,31.088971751076837,30.427504267011372,30.647993428366526,52576100
2023-09-04,30.647993087768555,31.309460564482983,30.647993087768555,31.088971405578175,46316700
2023-09-05,30.647993087768555,30.868482246673363,30.427503928863747,30.647993087768555,19970100
2023-09-06,31.088966369628906,31.309455492817765,30.647988123251192,30.647988123251192,69316900
2023-09-07,30.86848258972168,31.30946091243199,30.86848258972168,31.088971751076837,38540300
2023-09-08,30.86848258972168,30.86848258972168,30.647993428366526,30.86848258972168,22924100
2023-09-11,30.42750358581543,30.868481898653336,30.42750358581543,30.647992742234383,21912900
2023-09-12,30.42750358581543,30.647992742234383,30.207014429396477,30.647992742234383,43144300
2023-09-13,30.647993087768555,30.868482246673363,29.986525611054127,30.427503928863747,78765400
2023-09-14,30.647993087768555,30.868482246673363,30.427503928863747,30.647993087768555,17508900
2023-09-15,30.86848258972168,31.088971751076837,30.427504267011372,30.647993428366526,21441700
2023-09-18,29.986520767211914,30.868477260365207,29.766031643923593,30.868477260365207,100544600
2023-09-19,29.986520767211914,29.986520767211914,29.54554252063527,29.766031643923593,47534400
2023-09-20,29.325056076049805,29.986523506336642,28.884077789191913,29.986523506336642,79813700
2023-09-21,29.325056076049805,29.325056076049805,28.663588645762967,29.10456693262086,37673300
2023-09-22,29.545547485351562,29.98652580602845,29.104569164674672,29.325058325013117,84432400
2023-09-25,29.545547485351562,29.766036645690004,29.325058325013117,29.545547485351562,42607200
2023-09-26,29.766036987304688,29.98652615017361,29.545547824435765,29.545547824435765,42290100
2023-09-27,29.986520767211914,29.986520767211914,29.54554252063527,29.986520767211914,35652100
2023-09-28,29.545547485351562,30.207014966366895,29.545547485351562,29.98652580602845,70700700
2023-09-29,29.545547485351562,29.98652580602845,29.545547485351562,29.766036645690004,38018000
2023-10-02,29.325056076049805,29.766034362907696,29.10456693262086,29.54554521947875,90928100
2023-10-03,28.663589477539062,29.10456777719351,28.44310032771184,29.10456777719351,116721500
2023-10-04,29.160907745361328,29.160907745361328,28.256693551706714,28.482747100120367,48695800
2023-10-05,28.93485450744629,28.93485450744629,28.708800956606865,28.708800956606865,8903200
2023-10-06,28.70880126953125,29.16090837613804,28.482747716227852,28.934854822834644,25355300
2023-10-09,29.160907745361328,29.386961293774984,28.934854196947676,29.160907745361328,22990300
2023-10-10,29.386962890625,29.613016451322114,29.160909329927883,29.386962890625,14840300
2023-10-11,30.29117774963379,30.29117774963379,29.160909923154918,29.386963488450693,53942000
2023-10-12,30.29117774963379,30.29117774963379,29.839070619042243,30.065124184338014,39114000
2023-10-16,30.065120697021484,30.743281314247533,29.839067157946133,30.291174236096833,53092000
2023-10-17,29.839069366455078,30.06512292226156,29.6130158106486,30.06512292226156,23630600
2023-10-18,30.743282318115234,30.743282318115234,29.83906813228832,29.83906813228832,48688700
2023-10-19,30.29117774963379,30.517231314929564,30.065124184338014,30.29117774963379,35703400
2023-10-20,30.065120697021484,30.291174236096833,29.839067157946133,30.065120697021484,36614900
2023-10-24,29.613014221191406,30.06512130853784,29.613014221191406,29.839067764864623,38262000
2023-10-25,29.613014221191406,30.06512130853784,29.38696067751819,29.839067764864623,31823600
2023-10-26,29.613014221191406,29.839067764864623,29.38696067751819,29.613014221191406,61162200
2023-10-27,30.29117774963379,30.29117774963379,29.386963488450693,29.613017053746468,54078799
2023-10-30,30.065120697021484,30.517227775172184,30.065120697021484,30.065120697021484,23839900
2023-10-31,30.065120697021484,30.291174236096833,29.613013618870784,30.065120697021484,28287500
2023-11-01,29.839069366455078,30.06512292226156,29.6130158106486,30.06512292226156,15017000
2023-11-02,30.29117774963379,30.29117774963379,29.613017053746468,29.839070619042243,53122200
2023-11-03,30.517227172851562,30.743280707465278,30.291173638237847,30.517227172851562,32488700
2023-11-06,30.065120697021484,30.517227775172184,30.065120697021484,30.517227775172184,33418800
2023-11-07,30.065120697021484,30.291174236096833,29.839067157946133,29.839067157946133,27651300
2023-11-08,29.839069366455078,30.06512292226156,29.6130158106486,30.06512292226156,43540700
2023-11-09,30.065120697021484,30.291174236096833,29.613013618870784,29.839067157946133,48471900
2023-11-10,29.839069366455078,30.06512292226156,29.6130158106486,30.06512292226156,36165300
2023-11-13,30.065120697021484,30.065120697021484,29.386960079795436,29.839067157946133,27920800
2023-11-14,30.517227172851562,30.743280707465278,29.839066569010416,30.065120103624132,80936100
2023-11-15,30.969335556030273,31.195389100234873,30.51722846762107,30.74328201182567,39113400
2023-11-16,31.195388793945312,31.421442335930422,30.51722816798998,30.74328170997509,54842200
2023-11-17,30.969335556030273,31.195389100234873,30.51722846762107,30.969335556030273,58530500
2023-11-20,31.195388793945312,31.421442335930422,30.969335251960203,31.195388793945312,50396700
2023-11-21,31.42144012451172,31.647493650587343,31.195386598436095,31.42144012451172,51895800
2023-11-22,31.42144012451172,31.42144012451172,30.96933307236047,31.195386598436095,27252800
2023-11-23,30.969335556030273,31.421442644439473,30.969335556030273,31.195389100234873,29494000
2023-11-24,31.195388793945312,31.195388793945312,30.969335251960203,31.195388793945312,13088300
2023-11-27,31.42144012451172,31.42144012451172,30.96933307236047,31.195386598436095,28951500
2023-11-28,31.42144012451172,31.647493650587343,31.195386598436095,31.647493650587343,59310700
2023-11-29,31.647497177124023,31.647497177124023,31.421443625858853,31.647497177124023,35925700
2023-11-30,31.42144012451172,31.647493650587343,31.195386598436095,31.647493650587343,84135200
2023-12-01,31.873552322387695,31.873552322387695,31.195391634677318,31.195391634677318,62257800
2023-12-04,32.32565689086914,32.55171043556054,31.87354980148636,31.87354980148636,77737900
2023-12-06,32.32565689086914,32.32565689086914,31.87354980148636,32.09960334617775,55977900
2023-12-07,32.09960174560547,32.09960174560547,31.647494678765955,32.09960174560547,66960800
2023-12-08,32.32565689086914,32.32565689086914,32.09960334617775,32.09960334617775,27906100
2023-12-12,32.32565689086914,32.32565689086914,32.09960334617775,32.32565689086914,23832200
2023-12-13,32.32565689086914,32.55171043556054,32.09960334617775,32.09960334617775,47823600
2023-12-14,32.32565689086914,32.55171043556054,32.09960334617775,32.32565689086914,65749400
2023-12-15,32.32565689086914,32.55171043556054,32.09960334617775,32.32565689086914,63439100
2023-12-18,32.32565689086914,32.32565689086914,32.09960334617775,32.32565689086914,18612400
2023-12-19,32.32565689086914,32.32565689086914,31.87354980148636,32.32565689086914,33109200
2023-12-20,31.873552322387695,32.32565944752795,31.873552322387695,32.09960588495782,56196100
2023-12-21,31.647497177124023,32.099604279654365,31.421443625858853,31.873550728389194,73762000
2023-12-22,31.873552322387695,31.873552322387695,31.421445197247444,31.64749875981757,24537400
2023-12-25,32.09960174560547,32.09960174560547,31.647494678765955,31.647494678765955,19204200
2023-12-26,32.32565689086914,32.32565689086914,31.87354980148636,31.87354980148636,34982300
2023-12-27,32.32565689086914,32.55171043556054,32.09960334617775,32.09960334617775,52394400
2023-12-28,32.32565689086914,32.55171043556054,32.09960334617775,32.32565689086914,57344100
2024-01-03,31.873552322387695,32.09960588495782,31.64749875981757,32.09960588495782,32190700
2024-01-04,32.09960174560547,32.32565527902523,31.647494678765955,31.87354821218571,80609500
2024-01-05,31.873552322387695,32.32565944752795,31.873552322387695,31.873552322387695,21692900
2024-01-08,32.09960174560547,32.09960174560547,31.647494678765955,32.09960174560547,29953100
2024-01-09,31.873552322387695,32.09960588495782,31.64749875981757,32.09960588495782,51337400
2024-01-10,31.873552322387695,32.09960588495782,31.64749875981757,31.873552322387695,27180000
2024-01-11,31.647497177124023,31.873550728389194,31.647497177124023,31.873550728389194,8032800
2024-01-12,30.969335556030273,31.873549732848673,30.969335556030273,31.647496188644073,77705300
2024-01-15,30.29117774963379,30.969338445521114,30.29117774963379,30.969338445521114,60579100
2024-01-16,30.517227172851562,30.743280707465278,30.065120103624132,30.291173638237847,44606100
2024-01-17,30.29117774963379,30.517231314929564,29.839070619042243,30.517231314929564,83651300
2024-01-18,30.517227172851562,30.743280707465278,30.291173638237847,30.291173638237847,56301400
2024-01-19,30.969335556030273,31.195389100234873,30.74328201182567,30.74328201182567,55437000
2024-01-22,30.743282318115234,30.969335864571967,30.517228771658505,30.969335864571967,20909000
2024-01-23,30.743282318115234,30.969335864571967,30.291175225201776,30.969335864571967,38875800
2024-01-24,30.969335556030273,30.969335556030273,30.51722846762107,30.74328201182567,28836900
2024-01-25,30.969335556030273,31.195389100234873,30.74328201182567,30.969335556030273,21760400
2024-01-26,30.743282318115234,31.195389411028696,30.743282318115234,30.969335864571967,16987200
2024-01-29,31.195388793945312,31.195388793945312,30.74328170997509,31.195388793945312,28776500
2024-01-30,30.743282318115234,30.969335864571967,30.743282318115234,30.969335864571967,35241900
2024-01-31,30.517227172851562,30.969334242078993,30.517227172851562,30.743280707465278,47266600
2024-02-01,30.969335556030273,30.969335556030273,30.51722846762107,30.74328201182567,36959700
2024-02-02,30.743282318115234,30.969335864571967,30.743282318115234,30.969335864571967,19403200
2024-02-05,30.743282318115234,30.969335864571967,30.517228771658505,30.743282318115234,27945300
2024-02-06,30.969335556030273,31.195389100234873,30.74328201182567,30.969335556030273,20578900
2024-02-07,31.647497177124023,31.647497177124023,30.969336523328508,30.969336523328508,43166300
2024-02-08,31.42144012451172,31.873547176662967,31.42144012451172,31.647493650587343,39944600
2024-02-09,31.647497177124023,31.647497177124023,31.421443625858853,31.647497177124023,15907400
2024-02-12,31.42144012451172,31.647493650587343,31.42144012451172,31.42144012451172,6057800
2024-02-13,31.647497177124023,31.873550728389194,31.421443625858853,31.647497177124023,27500600
2024-02-14,31.42144012451172,31.647493650587343,31.195386598436095,31.42144012451172,23687100
2024-02-15,31.42144012451172,31.647493650587343,31.195386598436095,31.42144012451172,25626000
2024-02-16,32.32565689086914,32.55171043556054,31.647496256794966,31.87354980148636,86147000
2024-02-19,32.32565689086914,32.55171043556054,32.09960334617775,32.32565689086914,37320000
2024-02-20,32.32565689086914,32.55171043556054,32.09960334617775,32.32565689086914,23171400
2024-02-21,32.55171203613281,32.55171203613281,32.09960492451986,32.32565848032634,41840800
2024-02-22,32.55171203613281,32.77776559193929,32.32565848032634,32.32565848032634,41100400
2024-02-23,32.55171203613281,32.55171203613281,32.09960492451986,32.32565848032634,48602500
2024-02-27,32.32565689086914,32.55171043556054,32.09960334617775,32.32565689086914,47957600
2024-02-28,32.09960174560547,32.32565527902523,32.09960174560547,32.09960174560547,41754200
2024-02-29,32.05281066894531,32.52073491228758,31.81884854727418,32.286772790616446,72863600
2024-03-01,31.81884765625,32.28677188648897,31.81884765625,32.05280977136948,32854700
2024-03-04,32.05281066894531,32.05281066894531,31.584886425603045,31.81884854727418,42686500
2024-03-05,32.05281066894531,32.05281066894531,31.584886425603045,31.81884854727418,27978000
2024-03-06,32.05281066894531,32.286772790616446,31.584886425603045,31.81884854727418,28711800
2024-03-07,32.286773681640625,32.286773681640625,31.818849425384965,32.0528115535128,56735600
2024-03-08,31.81884765625,32.05280977136948,31.584885541130514,32.05280977136948,46329600
2024-03-11,31.584888458251953,31.818850594979747,31.584888458251953,31.584888458251953,36316500
2024-03-12,31.584888458251953,31.584888458251953,31.584888458251953,31.584888458251953,0
2024-03-13,32.05281066894531,32.05281066894531,31.584886425603045,31.584886425603045,24096500
2024-03-14,32.52073287963867,32.75469498668643,31.818846558495395,31.818846558495395,65262600
2024-03-15,32.52073287963867,32.52073287963867,32.52073287963867,32.52073287963867,0
2024-03-18,32.05281066894531,32.75469703395871,32.05281066894531,32.52073491228758,42992200
2024-03-19,32.286773681640625,32.286773681640625,32.0528115535128,32.0528115535128,9841600
2024-03-20,32.286773681640625,32.286773681640625,32.286773681640625,32.286773681640625,0
2024-03-21,32.05281066894531,32.05281066894531,31.584886425603045,31.81884854727418,20317100
2024-03-22,32.05281066894531,32.05281066894531,32.05281066894531,32.05281066894531,0
2024-03-25,31.584888458251953,32.05281273170754,31.350926321524163,31.818850594979747,69549100
2024-03-26,31.584888458251953,31.584888458251953,31.584888458251953,31.584888458251953,0
2024-03-27,31.584888458251953,31.584888458251953,31.350926321524163,31.350926321524163,6680800
2024-03-28,31.584888458251953,31.584888458251953,31.584888458251953,31.584888458251953,0
2024-03-29,31.81884765625,31.81884765625,31.35092342601103,31.35092342601103,12813100
2024-04-01,31.584888458251953,31.818850594979747,31.350926321524163,31.818850594979747,39930400
2024-04-02,31.81884765625,31.81884765625,31.35092342601103,31.35092342601103,35655800
2024-04-03,32.286773681640625,32.52073580976846,31.818849425384965,31.818849425384965,40357800
2024-04-04,32.286773681640625,32.286773681640625,32.286773681640625,32.286773681640625,0
2024-04-05,32.52073287963867,32.52073287963867,32.052808665543154,32.28677077259091,25086500
2024-04-09,32.52073287963867,32.52073287963867,32.52073287963867,32.52073287963867,0
2024-04-10,32.52073287963867,32.52073287963867,32.52073287963867,32.52073287963867,0
2024-04-11,32.52073287963867,32.9886570937342,32.52073287963867,32.75469498668643,33644800
2024-04-17,32.52073287963867,32.52073287963867,32.52073287963867,32.52073287963867,0
2024-04-18,32.52073287963867,32.52073287963867,32.52073287963867,32.52073287963867,0
2024-04-19,32.52073287963867,32.52073287963867,32.52073287963867,32.52073287963867,0
2024-04-22,31.584888458251953,31.584888458251953,31.350926321524163,31.584888458251953,15080400
2024-04-23,31.81884765625,32.05280977136948,31.35092342601103,31.584885541130514,24988300
2024-04-24,31.81884765625,31.81884765625,31.81884765625,31.81884765625,0
2024-04-25,31.584888458251953,31.818850594979747,31.584888458251953,31.584888458251953,6503500
2024-04-26,31.584888458251953,32.05281273170754,31.350926321524163,31.818850594979747,32118100
2024-04-29,31.584888458251953,31.818850594979747,31.11696418479637,31.584888458251953,56874300
2024-04-30,31.584888458251953,31.584888458251953,31.350926321524163,31.584888458251953,17428200
2024-05-02,31.116962432861328,31.584886679972026,31.116962432861328,31.35092455641668,39656500
2024-05-03,31.584888458251953,31.584888458251953,31.11696418479637,31.11696418479637,32885000
2024-05-07,31.584888458251953,31.584888458251953,31.584888458251953,31.584888458251953,0
2024-05-08,31.584888458251953,31.818850594979747,31.350926321524163,31.584888458251953,63054700
2024-05-09,31.584888458251953,31.818850594979747,31.350926321524163,31.584888458251953,20770900
2024-05-10,31.584888458251953,31.584888458251953,31.350926321524163,31.584888458251953,11790800
2024-05-13,31.584888458251953,31.584888458251953,31.350926321524163,31.584888458251953,4738100
2024-05-14,31.81884765625,31.81884765625,31.35092342601103,31.35092342601103,16463600
2024-05-15,31.81884765625,31.81884765625,31.81884765625,31.81884765625,0
2024-05-16,31.81884765625,31.81884765625,31.81884765625,31.81884765625,0
2024-05-17,31.584888458251953,31.818850594979747,31.584888458251953,31.818850594979747,10665700
2024-05-20,31.584888458251953,31.584888458251953,31.584888458251953,31.584888458251953,0
2024-05-21,31.584888458251953,31.584888458251953,31.584888458251953,31.584888458251953,0
2024-05-23,31.35092544555664,31.584887575747363,31.35092544555664,31.35092544555664,35105600
2024-05-24,31.35092544555664,31.35092544555664,31.35092544555664,31.35092544555664,0
2024-05-27,31.35092544555664,31.584887575747363,30.8830011851752,31.584887575747363,55968100
2024-05-28,30.88300132751465,31.350925590052746,30.88300132751465,31.350925590052746,66022900
2024-05-29,30.649038314819336,31.116962563900547,30.41507619027873,30.88300043935994,83231800
2024-05-30,30.649038314819336,30.649038314819336,30.649038314819336,30.649038314819336,0
2024-05-31,30.649038314819336,30.649038314819336,30.649038314819336,30.649038314819336,0
2024-06-04,30.415077209472656,31.116963606614334,30.415077209472656,30.649039341853218,35393400
2024-06-05,30.649038314819336,30.88300043935994,30.41507619027873,30.649038314819336,19277800
2024-06-06,29.94715118408203,30.649037539958954,29.71318906545639,30.649037539958954,63670200
2024-06-07,29.94715118408203,29.94715118408203,29.94715118408203,29.94715118408203,0
2024-06-10,30.181114196777344,30.181114196777344,29.713189945664517,29.94715207122093,23058700
2024-06-11,29.94715118408203,30.415075421333313,29.94715118408203,29.94715118408203,24149300
2024-06-12,29.94715118408203,30.181113302707672,29.94715118408203,29.94715118408203,29755300
2024-06-13,29.71319007873535,29.947152205339567,29.479227952131136,29.947152205339567,32166200
2024-06-14,29.71319007873535,29.947152205339567,29.479227952131136,29.479227952131136,23980700
2024-06-17,29.71319007873535,29.71319007873535,29.71319007873535,29.71319007873535,0
2024-06-18,29.71319007873535,29.71319007873535,29.71319007873535,29.71319007873535,0
2024-06-19,29.71319007873535,29.71319007873535,29.71319007873535,29.71319007873535,0
2024-06-20,30.181114196777344,30.415076322333757,29.94715207122093,30.415076322333757,25575700
2024-06-21,29.94715118408203,30.181113302707672,29.71318906545639,30.181113302707672,35584700
2024-06-24,29.94715118408203,29.94715118408203,29.94715118408203,29.94715118408203,0
2024-06-25,29.94715118408203,29.94715118408203,29.94715118408203,29.94715118408203,0
2024-06-26,29.94715118408203,29.94715118408203,29.94715118408203,29.94715118408203,0
2024-06-27,30.415077209472656,30.649039341853218,30.415077209472656,30.649039341853218,13045100
2024-06-28,30.415077209472656,30.649039341853218,30.415077209472656,30.415077209472656,21755800
2024-07-01,30.415077209472656,30.415077209472656,30.415077209472656,30.415077209472656,0
2024-07-02,30.415077209472656,30.415077209472656,30.415077209472656,30.415077209472656,0
2024-07-03,30.649038314819336,30.649038314819336,30.41507619027873,30.41507619027873,10114800
2024-07-04,30.649038314819336,30.88300043935994,30.649038314819336,30.649038314819336,13980500
2024-07-05,30.88300132751465,30.88300132751465,30.649039196245596,30.88300132751465,4758600
2024-07-08,30.88300132751465,30.88300132751465,30.649039196245596,30.88300132751465,13042600
2024-07-09,30.88300132751465,30.88300132751465,30.88300132751465,30.88300132751465,0
2024-07-10,31.116962432861328,31.116962432861328,30.649038185750634,30.88300030930598,17480800
2024-07-11,31.116962432861328,31.116962432861328,31.116962432861328,31.116962432861328,0
2024-07-12,31.116962432861328,31.116962432861328,31.116962432861328,31.116962432861328,0
2024-07-15,31.116962432861328,31.116962432861328,31.116962432861328,31.116962432861328,0
2024-07-16,29.94715118408203,30.649037539958954,29.94715118408203,30.415075421333313,40206600
2024-07-17,29.94715118408203,29.94715118408203,29.94715118408203,29.94715118408203,0
2024-07-18,30.415077209472656,30.649039341853218,30.181115077092098,30.181115077092098,14775000
2024-07-19,30.181114196777344,30.64903844789017,30.181114196777344,30.64903844789017,21537500
2024-07-23,29.94715118408203,30.415075421333313,29.94715118408203,30.181113302707672,22822100
2024-07-24,29.71319007873535,30.181114331943782,29.71319007873535,29.947152205339567,23816000
2024-07-25,29.71319007873535,29.947152205339567,29.479227952131136,29.71319007873535,25980600
2024-07-26,29.71319007873535,29.947152205339567,29.71319007873535,29.947152205339567,18522800
2024-07-30,29.71319007873535,29.71319007873535,29.71319007873535,29.71319007873535,0
2024-07-31,29.94715118408203,30.181113302707672,29.71318906545639,29.71318906545639,33634100
2024-08-01,29.71319007873535,30.181114331943782,29.71319007873535,29.947152205339567,24674200
2024-08-02,29.71319007873535,29.71319007873535,29.71319007873535,29.71319007873535,0
2024-08-05,29.24526596069336,29.94715234375,29.24526596069336,29.71319021606445,37553100
2024-08-06,29.71319007873535,29.71319007873535,29.24526582552692,29.24526582552692,15129500
2024-08-07,29.94715118408203,29.94715118408203,29.71318906545639,29.71318906545639,12872100
2024-08-08,29.94715118408203,29.94715118408203,29.94715118408203,29.94715118408203,0
2024-08-09,31.116962432861328,31.35092455641668,30.181113938639935,30.181113938639935,82898900
2024-08-13,32.05281066894531,32.05281066894531,30.883000060589644,31.116962182260778,84608600
2024-08-14,31.584888458251953,32.28677486843533,31.350926321524163,32.05281273170754,71902700
2024-08-15,31.584888458251953,31.584888458251953,31.584888458251953,31.584888458251953,0
2024-08-16,32.05281066894531,32.286772790616446,31.81884854727418,32.05281066894531,33174800
2024-08-19,32.05281066894531,32.05281066894531,32.05281066894531,32.05281066894531,0
2024-08-20,32.05281066894531,32.286772790616446,31.81884854727418,32.286772790616446,30248300
2024-08-21,32.05281066894531,32.05281066894531,31.81884854727418,32.05281066894531,22283900
2024-08-22,32.05281066894531,32.05281066894531,32.05281066894531,32.05281066894531,0
2024-08-23,32.286773681640625,32.52073580976846,32.0528115535128,32.0528115535128,45905800
2024-08-26,32.52073287963867,32.52073287963867,32.28677077259091,32.28677077259091,15942500
2024-08-27,32.286773681640625,32.52073580976846,32.0528115535128,32.52073580976846,45996900
2024-08-28,31.85564422607422,32.57419259207589,31.85564422607422,32.33467647007533,53671900
2024-08-29,32.09516143798828,32.09516143798828,31.855645307854044,31.855645307854044,6356600
2024-08-30,32.09516143798828,32.33467756812252,31.855645307854044,32.09516143798828,63780300
2024-09-02,32.09516143798828,32.09516143798828,32.09516143798828,32.09516143798828,0
2024-09-03,32.09516143798828,32.09516143798828,32.09516143798828,32.09516143798828,0
2024-09-04,32.09516143798828,32.09516143798828,32.09516143798828,32.09516143798828,0
2024-09-05,32.334678649902344,32.574194788049766,31.376614097312643,31.61613023546007,104377100
2024-09-06,33.29273986816406,33.53225598232351,32.5741915256857,32.5741915256857,75294800
2024-09-09,33.29273986816406,33.29273986816406,33.29273986816406,33.29273986816406,0
2024-09-10,32.334678649902344,33.05322706434462,32.334678649902344,32.81371092619719,56443000
2024-09-11,31.61612892150879,32.33467730608854,31.37661279331554,32.33467730608854,111564700
2024-09-12,31.61612892150879,31.855645049702037,31.61612892150879,31.61612892150879,33553800
2024-09-13,31.61612892150879,31.855645049702037,31.37661279331554,31.61612892150879,47273100
2024-09-16,31.61612892150879,31.61612892150879,31.61612892150879,31.61612892150879,0
2024-09-17,31.61612892150879,31.61612892150879,31.61612892150879,31.61612892150879,0
2024-09-18,31.61612892150879,31.61612892150879,31.61612892150879,31.61612892150879,0
2024-09-19,31.61612892150879,31.61612892150879,31.61612892150879,31.61612892150879,0
2024-09-20,31.61612892150879,31.61612892150879,31.61612892150879,31.61612892150879,0
2024-09-23,31.85564422607422,32.09516034807478,31.61612810407366,32.09516034807478,30278900
2024-09-24,32.334678649902344,32.334678649902344,31.85564637360749,32.095162511754914,38595900
2024-09-25,32.09516143798828,32.574193698256764,32.09516143798828,32.33467756812252,28629800
2024-09-26,32.09516143798828,32.33467756812252,31.855645307854044,32.09516143798828,32310700
2024-09-27,32.09516143798828,32.09516143798828,32.09516143798828,32.09516143798828,0
2024-09-30,32.57419204711914,32.57419204711914,32.09515981113209,32.09515981113209,27238000
2024-10-01,32.57419204711914,32.57419204711914,32.57419204711914,32.57419204711914,0
2024-10-02,32.09516143798828,32.574193698256764,32.09516143798828,32.574193698256764,17749300
2024-10-03,32.09516143798828,32.33467756812252,32.09516143798828,32.09516143798828,9085400
2024-10-04,32.09516143798828,32.09516143798828,32.09516143798828,32.09516143798828,0
2024-10-07,32.57419204711914,32.57419204711914,32.334675929125616,32.57419204711914,15970700
2024-10-08,32.334678649902344,32.574194788049766,32.334678649902344,32.574194788049766,14942600
2024-10-09,32.09516143798828,32.574193698256764,32.09516143798828,32.33467756812252,15564000
2024-10-10,32.09516143798828,32.33467756812252,32.09516143798828,32.33467756812252,7270600
2024-10-11,32.8137092590332,33.29274151098989,32.334677007076515,32.574193133054855,118991700
2024-10-15,32.09516143798828,32.813709828391005,32.09516143798828,32.813709828391005,37933300
2024-10-16,32.09516143798828,32.09516143798828,32.09516143798828,32.09516143798828,0
2024-10-17,32.334678649902344,32.574194788049766,32.095162511754914,32.095162511754914,26255800
2024-10-18,32.334678649902344,32.574194788049766,32.334678649902344,32.334678649902344,14803700
2024-10-21,32.57419204711914,32.57419204711914,32.334675929125616,32.57419204711914,19053500
2024-10-22,32.57419204711914,32.57419204711914,32.57419204711914,32.57419204711914,0
2024-10-24,32.09516143798828,32.33467756812252,32.09516143798828,32.09516143798828,10521700
2024-10-25,32.09516143798828,32.09516143798828,32.09516143798828,32.09516143798828,0
2024-10-28,32.8137092590332,32.8137092590332,31.855644755119823,32.09516088109817,75145700
2024-10-29,32.8137092590332,32.8137092590332,32.8137092590332,32.8137092590332,0
2024-10-30,32.09516143798828,32.574193698256764,32.09516143798828,32.33467756812252,34992500
2024-10-31,32.09516143798828,32.33467756812252,32.09516143798828,32.09516143798828,17976900
2024-11-01,32.334678649902344,32.334678649902344,32.095162511754914,32.095162511754914,18419000
2024-11-04,32.09516143798828,32.574193698256764,32.09516143798828,32.33467756812252,9630000
2024-11-05,32.334678649902344,32.81371092619719,32.334678649902344,32.334678649902344,30125100
2024-11-06,32.09516143798828,32.33467756812252,32.09516143798828,32.33467756812252,16566200
2024-11-07,32.09516143798828,32.33467756812252,32.09516143798828,32.09516143798828,7865000
2024-11-08,31.85564422607422,32.33467647007533,31.85564422607422,32.09516034807478,17067700
2024-11-11,31.61612892150879,32.095161177895285,31.61612892150879,31.855645049702037,15618100
2024-11-12,31.61612892150879,31.855645049702037,31.61612892150879,31.61612892150879,10463600
2024-11-13,31.376611709594727,31.855643949435866,31.376611709594727,31.616127829515296,18111000
2024-11-14,31.137096405029297,31.61612865741436,31.137096405029297,31.376612531221827,35789000
2024-11-15,31.137096405029297,31.376612531221827,31.137096405029297,31.137096405029297,10765100
2024-11-18,30.897579193115234,31.37661142866741,30.897579193115234,31.37661142866741,23568700
2024-11-19,31.137096405029297,31.376612531221827,30.897580278836763,31.137096405029297,28461900
2024-11-20,30.897579193115234,31.137095310891322,30.897579193115234,30.897579193115234,14781400
2024-11-21,31.61612892150879,31.855645049702037,30.897580536929045,31.137096665122293,37966000
2024-11-22,32.334678649902344,32.334678649902344,31.85564637360749,31.85564637360749,21975600
2024-11-25,31.85564422607422,32.33467647007533,31.85564422607422,32.33467647007533,38123400
2024-11-26,31.61612892150879,32.095161177895285,31.37661279331554,31.855645049702037,21457400
2024-11-27,31.137096405029297,31.376612531221827,31.137096405029297,31.376612531221827,11700600
2024-11-28,30.897579193115234,31.37661142866741,30.897579193115234,31.137095310891322,20784500
2024-11-29,30.897579193115234,31.37661142866741,30.897579193115234,31.137095310891322,18006700
2024-12-02,30.897579193115234,30.897579193115234,30.658063075339147,30.897579193115234,24802600
2024-12-03,30.897579193115234,31.137095310891322,30.897579193115234,30.897579193115234,17691100
2024-12-04,30.897579193115234,31.37661142866741,30.658063075339147,31.137095310891322,30338600
2024-12-06,30.897579193115234,31.137095310891322,30.658063075339147,30.897579193115234,24310500
2024-12-09,30.658063888549805,30.8975800126791,30.658063888549805,30.658063888549805,12600200
2024-12-11,30.897579193115234,31.137095310891322,30.658063075339147,30.897579193115234,33668400
2024-12-12,30.418548583984375,30.897580845149484,30.418548583984375,30.65806471456693,21679200
2024-12-13,30.418548583984375,30.65806471456693,30.418548583984375,30.418548583984375,5701800
2024-12-16,30.658063888549805,31.137096136808395,30.41854776442051,30.41854776442051,23994800
2024-12-17,30.897579193115234,30.897579193115234,30.658063075339147,30.897579193115234,18774500
2024-12-18,31.137096405029297,31.137096405029297,30.65806415264423,30.897580278836763,29184800
2024-12-19,30.418548583984375,31.13709697573204,30.418548583984375,30.897580845149484,35334500
2024-12-20,29.69999885559082,30.418547215000274,29.220966615984516,30.418547215000274,78567400
2024-12-23,29.939516067504883,29.939516067504883,29.460483810424805,29.699999938964844,18484200
2024-12-24,30.179031372070312,30.179031372070312,29.699999128069194,29.939515250069753,16269300
2024-12-25,30.179031372070312,30.418547494070868,29.939515250069753,30.179031372070312,14585100
2024-12-26,29.939516067504883,30.658064453125,29.939516067504883,30.179032196044922,16854100
2024-12-27,30.418548583984375,30.65806471456693,29.939516322819266,30.17903245340182,21344300
2024-12-30,30.418548583984375,30.65806471456693,30.418548583984375,30.418548583984375,12242200
2025-01-02,30.418548583984375,30.65806471456693,30.17903245340182,30.418548583984375,15869400
2025-01-03,30.658063888549805,30.658063888549805,30.41854776442051,30.41854776442051,11683300
2025-01-06,30.658063888549805,31.137096136808395,30.658063888549805,30.8975800126791,21436600
2025-01-07,30.658063888549805,30.658063888549805,30.179031640291214,30.658063888549805,27710300
2025-01-08,30.179031372070312,30.658063616071427,30.179031372070312,30.658063616071427,23137600
2025-01-09,30.179031372070312,30.658063616071427,29.939515250069753,30.179031372070312,19876400
2025-01-10,29.939516067504883,30.41854832458496,29.699999938964844,30.179032196044922,32576800
2025-01-13,29.939516067504883,30.179032196044922,29.699999938964844,29.939516067504883,23360500
2025-01-14,28.9814510345459,29.93951553155568,28.741934910293455,29.93951553155568,74724200
2025-01-15,29.939516067504883,29.939516067504883,28.981451553344726,28.981451553344726,27152600
2025-01-16,29.69999885559082,30.17903109519712,29.460482735787668,29.93951497539397,47515200
2025-01-17,29.46048355102539,29.93951580388759,29.46048355102539,29.699999677456493,32420200
2025-01-20,29.46048355102539,29.699999677456493,29.22096742459429,29.699999677456493,18689100
2025-01-21,29.939516067504883,29.939516067504883,29.220967681884765,29.699999938964844,40292900
2025-01-22,29.939516067504883,30.179032196044922,29.699999938964844,29.939516067504883,20600800
2025-01-23,29.220966339111328,29.93951469171243,29.220966339111328,29.69999857417873,44482600
2025-01-24,29.46048355102539,29.699999677456493,29.22096742459429,29.22096742459429,26775900
2025-01-27,29.46048355102539,29.93951580388759,29.22096742459429,29.46048355102539,19802900
2025-01-28,29.69999885559082,29.93951497539397,29.460482735787668,29.460482735787668,15403000
2025-01-29,29.69999885559082,29.93951497539397,29.460482735787668,29.69999885559082,4736300
2025-01-30,29.69999885559082,29.69999885559082,29.460482735787668,29.69999885559082,4855300
2025-01-31,30.179031372070312,30.418547494070868,29.699999128069194,29.699999128069194,40135000
2025-02-03,29.69999885559082,29.69999885559082,29.220966615984516,29.69999885559082,50620400
2025-02-04,29.46048355102539,29.93951580388759,28.98145129816319,29.699999677456493,39102300
2025-02-05,28.74193572998047,29.460484123229982,28.74193572998047,29.460484123229982,35088900
2025-02-06,28.9814510345459,29.220967158798345,28.741934910293455,28.741934910293455,38887600
2025-02-07,29.46048355102539,29.46048355102539,28.741935171732088,28.98145129816319,41157300
2025-02-10,28.9814510345459,29.46048328305079,28.741934910293455,29.220967158798345,48121500
2025-02-11,29.220966339111328,29.46048245664503,28.981450221577628,28.981450221577628,14977900
2025-02-13,28.9814510345459,29.46048328305079,28.9814510345459,29.220967158798345,30759000
2025-02-14,29.69999885559082,29.69999885559082,28.981450496181363,28.981450496181363,58961600
2025-02-17,29.939516067504883,30.179032196044922,29.699999938964844,30.179032196044922,41727400
2025-02-18,30.179031372070312,30.179031372070312,29.460483006068635,29.699999128069194,39307100
2025-02-19,30.179031372070312,30.658063616071427,29.939515250069753,30.179031372070312,40329100
2025-02-20,30.179031372070312,30.418547494070868,29.699999128069194,29.939515250069753,43379300
2025-02-21,30.897579193115234,30.897579193115234,30.17903083978697,30.41854695756306,53283400
2025-02-24,30.897579193115234,31.137095310891322,30.658063075339147,30.897579193115234,35309900
2025-02-25,30.897579193115234,31.37661142866741,30.897579193115234,31.137095310891322,56817200
2025-02-26,30.658063888549805,31.137096136808395,30.658063888549805,30.8975800126791,42289400
2025-02-27,30.418548583984375,30.897580845149484,30.418548583984375,30.65806471456693,27707600
2025-02-28,30.179031372070312,30.658063616071427,29.699999128069194,30.179031372070312,78835600
2025-03-03,29.69999885559082,30.418547215000274,29.69999885559082,30.418547215000274,43412100
2025-03-04,29.46048355102539,29.93951580388759,29.22096742459429,29.699999677456493,40053400
2025-03-05,29.69999885559082,29.93951497539397,29.460482735787668,29.460482735787668,43113200
2025-03-06,29.75,30.25,29.5,29.75,52970100
2025-03-07,29.75,30.0,29.5,29.75,37345200
2025-03-10,28.25,29.75,28.0,29.5,92884400
2025-03-11,28.0,28.25,27.0,28.0,126369200
2025-03-12,27.25,28.25,27.25,28.0,88194200
2025-03-13,27.25,27.75,27.0,27.25,40928000
2025-03-14,29.0,29.25,27.25,27.5,92957300
2025-03-17,29.5,29.5,28.5,29.0,78375800
2025-03-18,29.5,30.0,29.0,29.75,58312500
2025-03-19,29.75,30.0,29.25,29.5,57656100
2025-03-20,30.75,31.25,29.5,29.5,97709700
2025-03-21,31.75,32.0,31.25,31.75,82292500
2025-03-24,32.25,32.25,31.25,31.75,60701300
2025-03-25,32.5,32.5,32.0,32.25,55017000
2025-03-26,32.5,32.75,32.25,32.5,30966300
2025-03-27,32.5,32.75,32.25,32.5,29589700
2025-03-28,32.0,32.5,32.0,32.25,27547300
2025-03-31,32.0,32.25,31.5,32.0,40124600
2025-04-01,32.0,32.25,31.75,32.0,24892400
2025-04-02,32.25,32.25,31.75,31.75,32787700
2025-04-03,32.25,32.25,31.5,31.75,36044100
2025-04-04,31.5,32.25,31.0,31.75,61283900
2025-04-08,30.25,30.75,29.5,30.0,73333600
2025-04-09,30.5,30.5,30.0,30.0,51082000
2025-04-10,30.75,31.75,30.75,31.25,85360700
2025-04-11,31.5,31.5,30.25,30.75,53493900
2025-04-16,31.0,31.5,30.5,31.25,42868900
2025-04-17,30.75,31.25,30.75,31.0,17112300
2025-04-18,31.0,31.5,30.75,31.0,36229600
2025-04-21,30.75,31.0,30.25,31.0,39254200
2025-04-22,30.5,30.75,30.25,30.5,22245800
2025-04-23,30.5,31.0,30.5,30.75,36211500
2025-04-24,30.25,30.75,30.25,30.5,13586800
2025-04-25,30.5,30.5,30.25,30.5,9162000
2025-04-28,30.75,30.75,30.5,30.5,15194900
2025-04-29,30.75,31.0,30.5,30.75,11992100
2025-04-30,31.0,31.0,30.5,30.75,27889300
2025-05-02,31.25,31.25,30.75,31.0,31531400
2025-05-06,30.75,31.25,30.5,31.0,19733400
2025-05-07,31.5,31.5,30.75,30.75,52060700
2025-05-08,31.0,31.5,31.0,31.25,36019200
2025-05-09,31.25,31.25,30.75,31.25,29798300
2025-05-13,31.0,31.75,31.0,31.25,81889800
2025-05-14,31.25,31.25,31.0,31.0,36743400
2025-05-15,31.0,31.25,30.75,31.25,49774200
2025-05-16,31.25,31.25,30.75,31.0,30926700
2025-05-19,31.0,31.25,30.75,31.0,32321500
2025-05-20,30.75,31.0,30.75,31.0,10621300
2025-05-21,30.75,31.0,30.5,31.0,57019900
2025-05-22,30.5,30.75,30.25,30.5,32095000
2025-05-23,30.5,30.75,30.25,30.75,26930600
2025-05-26,30.25,30.75,30.25,30.5,21260502
