Date,Price,Close,High,Low,Open,Volume,Ticker
2020-05-26,76.97087860107422,78.79593363516429,76.91498194748448,78.61610319118871,125522000,AAPL
2020-05-27,77.30622100830078,77.4520328550853,76.08627697001077,76.82748410104101,112945200,AAPL
2020-05-28,77.34024810791016,78.60150836399505,76.7035440312258,76.98057986946539,133560800,AAPL
2020-05-29,77.2649154663086,78.04499886732665,76.90767976403508,77.5832675133885,153532400,AAPL
2020-06-01,78.21510314941406,78.33661177403135,77.08749955314255,77.21873094429264,80791200,AAPL
2020-06-02,78.57721710205078,78.60152031661278,77.50550986167497,77.94780315128399,87642800,AAPL
2020-06-03,79.00978088378906,79.27224371259338,78.32447033961016,78.89799500589793,104491200,AAPL
2020-06-04,78.3293228149414,79.13127678381436,77.95507416852828,78.83237030887165,87560400,AAPL
2020-06-05,80.56021118164062,80.62096548871577,78.55046137346189,78.5796222542504,137250400,AAPL
2020-06-08,81.03653717041016,81.07056314819836,79.54441498185327,80.25645380649277,95654400,AAPL
2020-06-09,83.59550476074219,83.98919153470604,80.68416273702039,80.71575616737768,147712400,AAPL
2020-06-10,85.74623107910156,86.21525273105746,84.10586415417485,84.54572491407342,166651600,AAPL
2020-06-11,81.62950134277344,85.31364412865861,81.52743824020874,84.88836389660872,201662400,AAPL
2020-06-12,82.33424377441406,84.52139908925585,81.22122799958797,83.77290920023673,200146000,AAPL
2020-06-15,83.35249328613281,84.00621035316378,80.82268254803616,80.98550738644816,138808800,AAPL
2020-06-16,85.56151580810547,85.83370137590062,83.77291228895632,85.41084628969108,165428800,AAPL
2020-06-17,85.44245147705078,86.3683467952298,85.32094282724987,86.30759247032934,114406400,AAPL
2020-06-18,85.47644805908203,85.89443796728098,84.86647247366753,85.39868077004574,96820400,AAPL
2020-06-19,84.98800659179688,86.65024395832843,83.8774158013372,86.18365491665244,264476000,AAPL
2020-06-22,87.21160125732422,87.35498054805204,85.33550774901583,85.3816816208449,135445200,AAPL
2020-06-23,89.07312774658203,90.4947803881452,88.03787170937105,88.45829429442931,212155600,AAPL
2020-06-24,87.50081634521484,89.62236023563854,87.12656759285979,88.70132250891346,192623200,AAPL
2020-06-25,88.66240692138672,88.70129056885204,86.89567429690982,87.65631942729962,137522400,AAPL
2020-06-26,85.93819427490234,88.77906661891221,85.78994989080277,88.55792002381165,205256800,AAPL
2020-06-29,87.91879272460938,88.01357302520984,85.3671112421525,85.84585558837018,130646000,AAPL
2020-06-30,88.65269470214844,88.9394607092836,87.48621480460635,87.50565292250278,140223200,AAPL
2020-07-01,88.48500061035156,89.2748066128043,88.43640161382518,88.73045038740587,110737200,AAPL
2020-07-02,88.48500061035156,90.0305940593183,88.37078963118077,89.39389009933322,114041600,AAPL
2020-07-06,90.85199737548828,91.3210188724847,89.88478608277487,89.91637951083226,118655600,AAPL
2020-07-07,90.57011413574219,92.01120488127154,90.45832825923631,91.23112145924068,112424400,AAPL
2020-07-08,92.67951965332031,92.71111309340714,91.46200043450004,91.54949053137899,117092000,AAPL
2020-07-09,93.07806396484375,93.6272780523232,92.02822738668674,93.57381394650133,125642800,AAPL
2020-07-10,93.24088287353516,93.2992120729912,92.05982226682518,92.67222323886368,90257200,AAPL
2020-07-13,92.81072998046875,97.16317034048585,92.59687358818513,94.54830204332501,191649200,AAPL
2020-07-14,94.34660339355469,94.53858170931154,91.25542322619387,92.19103384207206,170989200,AAPL
2020-07-15,94.99545288085938,96.47542722006055,93.79494692925732,96.22511971933456,153198000,AAPL
2020-07-16,93.82652282714844,94.68437336507236,93.22626996352706,93.86540647447868,110577600,AAPL
2020-07-17,93.63697052001953,94.43406675668288,93.16308394375518,94.27853958226679,92186800,AAPL
2020-07-20,95.61029052734375,95.74881216241437,93.37939358732925,93.72448140194915,90318000,AAPL
2020-07-21,94.29071807861328,96.4778739103337,94.04041054119061,96.40253913610066,103433200,AAPL
2020-07-22,94.55558776855469,95.23846569726479,93.90430327124304,93.9917859277632,89001600,AAPL
2020-07-23,90.25176239013672,94.36604333190014,89.44008553110294,94.28827601915101,197004400,AAPL
2020-07-24,90.02816772460938,90.37325548035092,86.65508713174927,88.44613048133,185438800,AAPL
2020-07-27,92.161865234375,92.25421298171179,90.86901902055509,91.09259075129832,121214000,AAPL
2020-07-28,90.64788055419922,91.90914086643643,90.64301546203014,91.7317355771427,103625600,AAPL
2020-07-29,92.38543701171875,92.57013249165894,91.09501603040513,91.13146713399918,90329200,AAPL
2020-07-30,93.50333404541016,93.60782969927278,91.1484959328642,91.55676319653618,158130000,AAPL
2020-07-31,103.29205322265625,103.44272272989053,98.00885320518057,100.0113203728721,374336800,AAPL
2020-08-03,105.89476776123047,108.51935112132352,104.87895742584206,105.1778638999422,308151200,AAPL
2020-08-04,106.60196685791016,107.69554467867292,105.36014463163505,106.08433883614123,173071600,AAPL
2020-08-05,106.98836517333984,107.30914978579867,105.85590367757412,106.32250015172326,121776800,AAPL
2020-08-06,110.72109985351562,111.2168571833951,106.73076025201287,107.32129046502143,202428800,AAPL
2020-08-07,108.2037582397461,110.69917615288762,107.40522480472758,110.24147880055945,198045600,AAPL
2020-08-10,109.77649688720703,110.79657580812425,107.12039705946748,109.65233223130258,212403600,AAPL
2020-08-11,106.51174926757812,109.53789844079104,106.25125017767719,109.03881778751953,187902400,AAPL
2020-08-12,110.05159759521484,110.30965976352992,107.41010462326905,107.60486600059996,165598000,AAPL
2020-08-13,111.99925231933594,113.00472456165949,110.94508601296111,111.43443386689364,210082000,AAPL
2020-08-14,111.89942169189453,111.98949901322317,110.08567574687753,111.82395110215055,165565200,AAPL
2020-08-17,111.60726928710938,113.04852867975069,110.97915755635789,113.02418165118854,119561600,AAPL
2020-08-18,112.53726196289062,112.96330892543267,111.02296903312585,111.35893868376326,105633600,AAPL
2020-08-19,112.67847442626953,114.09538682492261,112.58353067113143,112.9462768876478,145538000,AAPL
2020-08-20,115.17876434326172,115.2931886914799,112.7028193742301,112.71986303729176,126907200,AAPL
2020-08-21,121.11421203613281,121.59868597251888,116.1282420708619,116.14041187069935,338054800,AAPL
2020-08-24,122.5627670288086,125.41363550271217,120.69303108379322,125.32841718543504,345937600,AAPL
2020-08-25,121.55728912353516,121.90299909151933,119.83119107466611,121.43313191060219,211495600,AAPL
2020-08-26,123.21036529541016,123.66806272085745,121.80805955440918,122.87683252443458,163022400,AAPL
2020-08-27,121.73744201660156,124.1476490247268,120.5907617170358,123.81411631076067,155552400,AAPL
2020-08-28,121.54026794433594,123.13246125062976,121.31628565950032,122.71371757611423,187630000,AAPL
2020-08-31,125.66197967529297,127.57067726252296,122.7015674433427,124.24020792932492,225702700,AAPL
2020-09-01,130.6674041748047,131.27118380524524,127.11296048915095,129.28457897882038,151948100,AAPL
2020-09-02,127.9601821899414,134.36793159802133,123.67537209267218,133.9881416796695,200119000,AAPL
2020-09-03,117.7155532836914,125.46717239071351,117.34550374738473,123.58770382002211,257599600,AAPL
2020-09-04,117.79348754882812,120.4617572800833,107.98710202760628,116.92678671535833,332607200,AAPL
2020-09-08,109.86654663085938,115.8750237924831,109.73021220865846,110.96696230424361,231366600,AAPL
2020-09-09,114.24876403808594,116.02111927354656,112.24269366983658,114.19033711230628,176940500,AAPL
2020-09-10,110.51901245117188,117.34550401835627,109.55493113746954,117.20916958731428,182274400,AAPL
2020-09-11,109.06803131103516,112.21347869736357,107.12038789476668,111.57075280375336,180860300,AAPL
2020-09-14,112.34005737304688,112.89513537305015,109.84707652105583,111.71681216004912,140150100,AAPL
2020-09-15,112.51534271240234,115.71921650157876,110.63586682482071,115.23230572686505,184642000,AAPL
2020-09-16,109.19461822509766,112.96331066061114,109.1069778434127,112.21347126407375,154679000,AAPL
2020-09-17,107.45147705078125,109.26278591004208,105.86415043956644,106.84771238414066,178011000,AAPL
2020-09-18,104.04309844970703,107.97733869117779,103.31273223375831,107.50990847358545,287104900,AAPL
2020-09-21,107.19830322265625,107.3054242127271,100.4010239357237,101.80332967507266,195713800,AAPL
2020-09-22,108.88301086425781,109.9055267053134,106.30238909052137,109.73023848769446,183055400,AAPL
2020-09-23,104.31578063964844,109.17514872406446,103.97493710920857,108.69797818298632,150718700,AAPL
2020-09-24,105.38700103759766,107.36385819012885,102.25129351440843,102.41684144459643,167743300,AAPL
2020-09-25,109.34069061279297,109.49650563867307,104.851372337576,105.59147885116779,149981400,AAPL
2020-09-28,111.9505386352539,112.30111503190352,109.82760709095112,111.99923269077127,137672400,AAPL
2020-09-29,111.10333251953125,112.2913963783167,110.59694842102935,111.55129711355788,99382200,AAPL
2020-09-30,112.77828216552734,114.19032800652033,110.64561781826201,110.81116571454996,142675200,AAPL
2020-10-01,113.73262023925781,114.6382745821108,112.79775243851745,114.56036707463188,116120400,AAPL
2020-10-02,110.06130981445312,112.34979643192956,109.28225702161913,109.93471568590569,144712000,AAPL
2020-10-05,113.4502182006836,113.59629292893594,110.57744740695462,110.9280237828925,106243800,AAPL
2020-10-06,110.19767761230469,113.0801892267211,109.31149621483338,112.6711784272963,161498200,AAPL
2020-10-07,112.06739807128906,112.52509543882869,111.14226303933226,111.61944100062698,96849000,AAPL
2020-10-08,111.96027374267578,113.35283896768823,111.59021676910432,113.20676423757683,83477200,AAPL
2020-10-09,113.90792083740234,113.93713429847533,111.9115834611595,112.26215985337453,100506900,AAPL
2020-10-12,121.14342498779297,121.90300475026318,116.1574550435818,116.91703480605202,240226800,AAPL
2020-10-13,117.92982482910156,122.10752146708244,116.51778611511698,121.99066017012335,262330500,AAPL
2020-10-14,118.0174789428711,119.80930768028661,116.48857885052384,117.83245040358545,150712000,AAPL
2020-10-15,117.55001068115234,118.02718121016164,115.05702963037932,115.61210767464269,112559200,AAPL
2020-10-16,115.90425872802734,118.36803393931339,115.69975705683035,118.10509791229572,115393800,AAPL
2020-10-19,112.94384002685547,117.26760316923634,112.63221739110126,116.81964609469402,120639300,AAPL
2020-10-20,114.43379211425781,115.8653112278617,112.60300253020057,113.15808061203983,124423700,AAPL
2020-10-21,113.81053924560547,115.60236752064498,113.40152850485114,113.6157704572297,89946000,AAPL
2020-10-22,112.7198715209961,114.94992429837153,111.59023468508376,114.3753655822656,101988000,AAPL
2020-10-23,112.02847290039062,113.4989460580051,111.28836617190187,113.34313098688261,82572600,AAPL
2020-10-26,112.03820037841797,113.49893306950727,109.92500143875907,111.02542482103557,111850700,AAPL
2020-10-27,113.547607421875,114.20980646740922,111.54153712055215,112.46666475299311,92276800,AAPL
2020-10-28,108.28897094726562,112.4082400407623,108.19159026240904,112.03819046643926,143937800,AAPL
2020-10-29,112.3011245727539,113.86897819384106,109.26279802021777,109.42835336524011,146129200,AAPL
2020-10-30,106.01024627685547,109.0583059665517,104.90008997174331,108.15265135662641,190272600,AAPL
2020-11-02,105.922607421875,107.78261086326383,104.51056860371104,106.25371073951881,122866900,AAPL
2020-11-03,107.54887390136719,108.57138225685797,105.88363963985061,106.78929414309684,107624400,AAPL
2020-11-04,111.94081115722656,112.56405650493748,109.40887600344215,111.15201788927038,138235500,AAPL
2020-11-05,115.91400909423828,116.4885678267502,113.81055784373574,114.8622797541516,126387100,AAPL
2020-11-06,115.78233337402344,116.2798340294687,113.28504322305884,115.42139495905278,114457900,AAPL
2020-11-09,113.47036743164062,119.00146077117734,113.20698522415755,117.54796519416685,154515300,AAPL
2020-11-10,113.12894439697266,114.7092525422394,111.33401722344382,112.71923542912484,138023400,AAPL
2020-11-11,116.56271362304688,116.69928328623824,113.58743745496243,114.31906384026838,112295000,AAPL
2020-11-12,116.28955078125,117.57721266130524,115.66523032076788,116.68951003006755,103162300,AAPL
2020-11-13,116.33834075927734,116.7382926065819,114.98239392252158,116.51393137193214,81581900,AAPL
2020-11-16,117.35289001464844,118.02598131332323,115.25555928981679,116.00669253232006,91183000,AAPL
2020-11-17,116.46514129638672,117.7137822164983,116.04567528955357,116.62122513264414,74271000,AAPL
2020-11-18,115.13847351074219,116.88462258409794,115.10920964823985,115.70426632741369,76322100,AAPL
2020-11-19,115.73353576660156,116.14324474635212,113.94836564306064,114.7092558747369,74113000,AAPL
2020-11-20,114.46539306640625,115.86036112610928,114.41662243532618,115.73354855431413,73604300,AAPL
2020-11-23,111.06087493896484,114.7385207767759,110.96332625053886,114.30929761671617,127959300,AAPL
2020-11-24,112.34854125976562,113.01188278583413,109.83174481299207,111.11941434226163,113874200,AAPL
2020-11-25,113.18748474121094,113.88984730295674,112.34855250829112,112.71924799503968,76499200,AAPL
2020-11-27,113.7337417602539,114.61169479519093,113.37281088768742,113.71423500058307,46691300,AAPL
2020-11-30,116.13349914550781,118.00646092624498,113.94836962549256,114.1044534951316,169410200,AAPL
2020-12-01,119.7136001586914,120.4452266191373,117.06999077471228,118.04549272197347,127728200,AAPL
2020-12-02,120.06475830078125,120.34765470402952,117.92840706667509,119.03072137520432,89004200,AAPL
2020-12-03,119.92818450927734,120.7476023862672,119.21606497499924,120.49396985375188,78967600,AAPL
2020-12-04,119.25508117675781,119.85013780093243,118.5429616709057,119.59650527854147,78260400,AAPL
2020-12-07,120.71835327148438,121.51826448637165,119.25510050455729,119.31362823363807,86712000,AAPL
2020-12-08,121.33290100097656,121.9182079857445,120.07450289170544,121.3231513423879,82225500,AAPL
2020-12-09,118.7966079711914,122.86444868955574,118.03571775825858,121.47923792024274,115089200,AAPL
2020-12-10,120.22083282470703,120.83540368650691,117.20653600869163,117.54796013053175,81312200,AAPL
2020-12-11,119.41118621826172,119.75261038065898,117.5967521638208,119.43069298076075,86939800,AAPL
2020-12-14,118.7966079711914,120.32814549895028,118.56248962317086,119.596519149209,79184500,AAPL
2020-12-15,124.74718475341797,124.76669895990952,121.08905249761035,121.29390701083688,157243700,AAPL
2020-12-16,124.67888641357422,125.22516505635238,123.45950912702416,124.28869163586886,98208600,AAPL
2020-12-17,125.54707336425781,126.40551967508249,124.9032386311393,125.74217073899736,94359800,AAPL
2020-12-18,123.55706024169922,125.93728698989182,123.03028838222276,125.80071733474844,192541500,AAPL
2020-12-21,125.08858489990234,125.16662682589052,120.42568773818081,121.95722518388207,121251600,AAPL
2020-12-22,128.649169921875,131.11718805054522,126.47379039741485,128.38578029311114,168904800,AAPL
2020-12-23,127.75173950195312,129.18571364711548,127.57614141408989,128.92233884278792,88223700,AAPL
2020-12-24,128.73699951171875,130.19050284332158,127.8883175389933,128.1029291687596,54930100,AAPL
2020-12-28,133.3413848876953,133.97545530087663,130.2392804588712,130.70753218566256,124486200,AAPL
2020-12-29,131.5659637451172,135.3899301990958,131.04894882181017,134.66806816994003,121047300,AAPL
2020-12-30,130.44407653808594,132.65846936156456,130.13190887795975,132.25851012889285,96452100,AAPL
2020-12-31,129.4393310546875,131.43911264182535,128.49309315567558,130.79527790714135,99116600,AAPL
2021-01-04,126.23968505859375,130.33678943220556,123.65460393221329,130.24899784708666,143301900,AAPL
2021-01-05,127.80049133300781,128.5126183969194,125.28369478714089,125.732432185154,97664900,AAPL
2021-01-06,123.49854278564453,127.83953083739338,123.28393117035725,124.59110762597568,155088000,AAPL
2021-01-07,127.71270751953125,128.4053204209461,124.72767407409188,125.21542502622191,109578200,AAPL
2021-01-08,128.81503295898438,129.38082586513295,127.03961229986527,129.1857135709603,105158200,AAPL
2021-01-11,125.82022094726562,126.98107049808904,125.35198424007667,126.0250828794601,100384500,AAPL
2021-01-12,125.64463806152344,126.51283409054386,123.75216213905773,125.35198453697099,91951100,AAPL
2021-01-13,127.68345642089844,128.2297351603127,125.3422575705574,125.60563239385975,88636800,AAPL
2021-01-14,125.75196075439453,127.79075627059156,125.60562652996778,127.59565885633445,90221800,AAPL
2021-01-15,124.02530670166016,127.02985423644121,123.88873703575999,125.6251291671953,111598500,AAPL
2021-01-19,124.69839477539062,125.55684110809314,123.8301987834441,124.64961670921872,90757300,AAPL
2021-01-20,128.79551696777344,129.24425439918255,125.40077446290326,125.50808026921992,104319500,AAPL
2021-01-21,133.51695251464844,136.24836106173234,130.31730718048644,130.52216914763383,120150900,AAPL
2021-01-22,135.66302490234375,136.42391501700993,131.71224014697756,132.94136689721347,114459400,AAPL
2021-01-25,139.4187469482422,141.53558454599184,133.1950392958399,139.56508118226773,157611700,AAPL
2021-01-26,139.65283203125,140.76490341435823,137.90667558906043,140.0820551764804,98390600,AAPL
2021-01-27,138.5797576904297,140.76488667679246,136.97018597217604,139.91619014600965,140843800,AAPL
2021-01-28,133.73153686523438,138.51150456888308,133.35109176240107,136.1020139559467,142621100,AAPL
2021-01-29,128.7272186279297,133.39011584373532,127.0200905501982,132.50240567092084,177523800,AAPL
2021-02-01,130.85382080078125,132.06344848329783,127.72245323542478,130.47337566526852,106239800,AAPL
2021-02-02,131.68299865722656,132.97065334502736,131.31230319506753,132.4048604919866,83305400,AAPL
2021-02-03,130.6587371826172,132.44390758674706,130.33681974400568,132.43414304059044,89880900,AAPL
2021-02-04,134.0242156982422,134.03396535939603,131.2928071922982,132.96092211829657,84183100,AAPL
2021-02-05,133.60897827148438,134.2537751308866,132.72972066845895,134.1853957164029,75693800,AAPL
2021-02-08,133.75552368164062,133.80437463624327,131.81136898331476,132.89579458373277,71297200,AAPL
2021-02-09,132.87623596191406,134.70316008517767,132.71993379523988,133.47218176230825,76774200,AAPL
2021-02-10,132.27056884765625,133.83371027926714,131.3033734097846,133.33545130799016,73046600,AAPL
2021-02-11,132.0165557861328,133.2475195180307,130.68789013114852,132.76880394646017,64280000,AAPL
2021-02-12,132.25103759765625,132.40735473658407,130.6097523605829,131.25454937824293,60145100,AAPL
2021-02-16,130.1212158203125,132.87623338492867,129.73042314316442,132.36822526546072,80576300,AAPL
2021-02-17,127.82537078857422,129.17357959912786,126.48694111313472,128.2259277405819,97918500,AAPL
2021-02-18,126.72144317626953,127.00475491652134,124.47443299245604,126.22318421251387,96856700,AAPL
2021-02-19,126.87773895263672,127.69839634917041,125.83239992851125,127.2392241428884,87668800,AAPL
2021-02-22,123.0969009399414,126.73119158884104,122.70611563671171,125.06058423119387,103916400,AAPL
2021-02-23,122.96012115478516,123.79053522480318,115.6622326225289,120.9085077307379,158273000,AAPL
2021-02-24,122.4618911743164,122.66705180728367,119.41378182324772,122.06134159193573,111039900,AAPL
2021-02-25,118.20233917236328,123.5463093432761,117.76271033657684,121.80732245880864,148199500,AAPL
2021-02-26,118.46612548828125,121.97340694279767,118.40750284268555,119.76547611682196,164560400,AAPL
2021-03-01,124.84565734863281,124.98243108447949,119.96085977236707,120.89874001257695,116307900,AAPL
2021-03-02,122.23717498779297,125.75422768741775,122.12970884679918,125.45137262840403,102260900,AAPL
2021-03-03,119.2476806640625,122.81358452353464,119.03274836980684,121.93431943503865,112966300,AAPL
2021-03-04,117.3621597290039,120.75221089719713,115.88695602840484,118.94483704068907,178155000,AAPL
2021-03-05,118.62242126464844,119.13044438108311,114.86112866250235,118.19256415106085,153766600,AAPL
2021-03-08,113.67902374267578,118.21211585349621,113.53247830668076,118.14372897717995,154376600,AAPL
2021-03-09,118.3000259399414,119.24767787685906,116.05302349253789,116.28749169278657,129525800,AAPL
2021-03-10,117.21562194824219,119.35515851076174,116.69782707332043,118.88622205333715,111943300,AAPL
2021-03-11,119.14997100830078,120.37117029395523,118.46610238977786,119.71660926571059,103026500,AAPL
2021-03-12,118.24141693115234,118.37819067624436,116.41450728444738,117.62593507823823,88105100,AAPL
2021-03-15,121.13319396972656,121.14296565074109,117.64544920841006,118.61264438141345,92403800,AAPL
2021-03-16,122.67680358886719,124.28878824765125,121.8463895081631,122.80380564002117,115227900,AAPL
2021-03-17,121.88548278808594,122.96013686622555,119.52123487184643,121.19184236079936,111932600,AAPL
2021-03-18,117.75293731689453,120.34188170191756,117.54777669894918,120.04879084564699,121229700,AAPL
2021-03-19,117.2253646850586,118.63218870661474,116.9225096345994,117.13744191051595,185549500,AAPL
2021-03-22,120.54702758789062,121.0159714098922,117.48914715086833,117.55753401515928,111912300,AAPL
2021-03-23,119.71661376953125,121.37744187905922,119.32582849269843,120.48841264153353,95467100,AAPL
2021-03-24,117.32306671142578,120.06832806693622,117.30353080035886,119.99016951544908,88530500,AAPL
2021-03-25,117.8115463256836,118.85690017985242,116.25818424833348,116.7857432897759,98844700,AAPL
2021-03-26,118.41726684570312,118.68105009974973,116.18002856883523,117.57708103155676,94071200,AAPL
2021-03-29,118.59310913085938,119.755693282019,117.94831975836384,118.84712067934997,80819200,AAPL
2021-03-30,117.13744354248047,117.62592328414752,116.12140478537988,117.3426041395475,85671900,AAPL
2021-03-31,119.33560180664062,120.67403152206795,118.35864232800027,118.84712206732044,118323800,AAPL
2021-04-01,120.166015625,121.31882810556307,119.66776420491013,120.81081245730563,75089100,AAPL
2021-04-05,122.99920654296875,123.25321810824464,120.23440927913929,121.01597988601445,88651200,AAPL
2021-04-06,123.30207824707031,124.20087934870516,122.75498322061618,123.58539744394426,80171300,AAPL
2021-04-07,124.95313262939453,124.97266854154003,122.25672208309726,122.93082658307411,83466700,AAPL
2021-04-08,127.35640716552734,127.38571475016,125.55880574105429,125.9788910589324,88844600,AAPL
2021-04-09,129.9356231689453,129.97469499267643,126.48695706989602,126.80935551775305,106686700,AAPL
2021-04-12,128.21615600585938,129.7890612236751,127.62021018029645,129.4666628353656,91420000,AAPL
2021-04-13,131.3326416015625,131.5573529909673,128.89024316451298,129.38850198628998,91266500,AAPL
2021-04-14,128.98797607421875,131.88954730756276,128.62650578894565,131.83093211613695,87222800,AAPL
2021-04-15,131.40103149414062,131.88951116512257,130.56084586376303,130.73670629706913,89347100,AAPL
2021-04-16,131.06893920898438,131.5671833740766,130.20920975653553,131.20571299394445,84922400,AAPL
2021-04-19,131.7332305908203,132.34871991709494,130.26779117185836,130.4338725171409,94264200,AAPL
2021-04-20,130.04307556152344,132.40731568848526,128.7730252699242,131.90907172571517,94812300,AAPL
2021-04-21,130.424072265625,130.6683121013284,128.27476469287822,129.31033921110608,68847100,AAPL
2021-04-22,128.90003967285156,131.05911183417535,128.38225232698375,129.97468618567086,84566500,AAPL
2021-04-23,131.22518920898438,132.0067447760847,129.1149534004929,129.1149534004929,78657500,AAPL
2021-04-26,131.61598205566406,131.9481447004186,130.48270548356416,131.72344819452212,66905100,AAPL
2021-04-27,131.29356384277344,132.29006653400396,131.0200164227833,131.89927385743493,66015800,AAPL
2021-04-28,130.50225830078125,131.9090824360274,130.0137785264441,131.215434597292,107760100,AAPL
2021-04-29,130.404541015625,133.91183671153877,129.39827399165063,133.32565508852434,151101000,AAPL
2021-04-30,128.43109130859375,130.4826971366181,128.0500777328737,128.74371056977085,109839500,AAPL
2021-05-03,129.48623657226562,130.98099867978124,128.79260350923943,128.99775670531434,75135100,AAPL
2021-05-04,124.9042739868164,128.4604135210105,123.78076904048892,128.1673226815826,137564700,AAPL
2021-05-05,125.14851379394531,127.44435959905208,125.02150429281544,126.22316026424471,84000900,AAPL
2021-05-06,126.75072479248047,126.76048902041141,124.20085257038014,124.94334384163355,78128300,AAPL
2021-05-07,127.42597198486328,128.45350987129697,126.71156944514985,128.05228747592136,78973300,AAPL
2021-05-10,124.13780975341797,126.77028959754912,124.0986641002731,126.64307929080063,88071200,AAPL
2021-05-11,123.21794128417969,123.57023731070763,120.1450702711453,120.8594655388421,126142800,AAPL
2021-05-12,120.14505004882812,121.97507024694492,119.63617145947643,120.7615847905906,112172300,AAPL
2021-05-13,122.29801177978516,123.45278244324763,121.6031932189441,121.91635098532697,105861300,AAPL
2021-05-14,124.7249984741211,125.15559325754263,123.15920944295783,123.5506585673164,81918000,AAPL
2021-05-17,123.5702133178711,124.21610541801878,122.49373395056179,124.10845673466083,74244600,AAPL
2021-05-18,122.18054962158203,124.27479315232019,122.11204660763335,123.85398679055868,63342900,AAPL
2021-05-19,122.02400970458984,122.2490879012354,120.233135080965,120.5267237775913,92612000,AAPL
2021-05-20,124.58798217773438,124.98921955050378,122.42523508929487,122.55246033737806,76857100,AAPL
2021-05-21,122.7481918334961,125.26324257721592,122.53289444071314,125.08709084369087,79295400,AAPL
2021-05-24,124.3824691772461,125.20451299175396,123.24727505830785,123.31577808732766,63092900,AAPL
2021-05-25,124.18675994873047,125.57640468540349,123.61915910320705,125.08708769015121,72009500,AAPL
2021-05-26,124.13780975341797,124.66626487146893,123.71700331494795,124.2454584329989,56575900,AAPL
2021-05-27,122.60138702392578,124.91092845931593,122.40566621059594,123.73658864679605,94625600,AAPL
2021-05-28,121.9457015991211,123.11026047811285,121.88698685438862,122.88517484618893,71311100,AAPL
2021-06-01,121.62276458740234,122.66988658829085,121.29003772089115,122.40566275113609,67637100,AAPL
2021-06-02,122.38609313964844,122.56224486317687,121.3976932979945,121.62277149311544,59278900,AAPL
2021-06-03,120.89859008789062,122.1805785667547,120.49735272094428,122.01421513150538,76229200,AAPL
2021-06-04,123.19834899902344,123.46258031804118,121.20196528333545,121.41726266438081,75169300,AAPL
2021-06-07,123.20812225341797,123.61914040368376,122.16100031844385,123.47234607394033,71057600,AAPL
2021-06-08,124.03016662597656,125.71339992147556,123.51149976456149,123.89316056697146,74403800,AAPL
2021-06-09,124.41181945800781,125.01856587063828,123.81486132504213,124.49011076278654,56877900,AAPL
2021-06-10,123.41365051269531,125.44917995366876,123.24728706405148,124.30418997670186,71186400,AAPL
2021-06-11,124.62713623046875,124.71521582863545,123.40386240122137,123.82466889713331,53522400,AAPL
2021-06-14,127.69021606445312,127.74893082128202,124.35312881388705,125.08709313933291,96906500,AAPL
2021-06-15,126.86817169189453,127.80765254019511,126.6235169320033,127.1617603902723,62746300,AAPL
2021-06-16,127.36724090576172,128.09142425066744,125.7133875464811,127.58253825336777,91815000,AAPL
2021-06-17,128.97219848632812,129.71595852379107,126.87795430920667,127.02475612675201,96721700,AAPL
2021-06-18,127.6706314086914,128.69816933296693,127.45533405078574,127.91528613971695,108953300,AAPL
2021-06-21,129.4712677001953,129.57891636339633,126.4473392510089,127.51403013838598,79663300,AAPL
2021-06-22,131.11534118652344,131.2132090384515,128.8058002468752,129.3049053861556,74783600,AAPL
2021-06-23,130.8413543701172,131.4481082905956,130.38140225586088,130.90986486619562,60214200,AAPL
2021-06-24,130.5575408935547,131.76123786596312,130.0877931066075,131.57529790019714,68711000,AAPL
2021-06-25,130.26400756835938,131.02732938057292,129.97041880999774,130.6065302752054,70783700,AAPL
2021-06-28,131.89828491210938,132.35823709699443,130.49886672631996,130.55758148480862,62111300,AAPL
2021-06-29,133.4151153564453,133.57169796299607,131.47745413113225,131.9178296460844,64556100,AAPL
2021-06-30,134.03163146972656,134.47200692367426,132.96492567634033,133.25851428981784,63261400,AAPL
2021-07-01,134.3350372314453,134.3937519835152,132.85731295249462,133.67936427909643,52485800,AAPL
2021-07-02,136.96751403808594,137.00665222554704,134.8047596004936,134.95154646914781,78852600,AAPL
2021-07-06,138.9834747314453,140.08930404867277,137.07517066561473,137.07517066561473,108181800,AAPL
2021-07-07,141.47897338867188,141.79212374224406,139.60980728509813,140.4709819568287,104911600,AAPL
2021-07-08,140.17738342285156,140.97984319492215,137.66232556002745,138.55287238610808,105575500,AAPL
2021-07-09,142.00741577148438,142.5358635061349,139.60000625630684,139.6978741376513,99890800,AAPL
2021-07-12,141.41041564941406,143.1915090210594,140.92110625270328,143.08386035648152,76299700,AAPL
2021-07-13,142.5260772705078,144.30717110195238,140.55905836364727,140.95050000905363,100827100,AAPL
2021-07-14,145.9610137939453,146.37204690308326,144.52244270958388,144.93347581872183,127050800,AAPL
2021-07-15,145.30532836914062,146.79283326062594,143.9450487115604,146.04908828115288,106820300,AAPL
2021-07-16,143.26002502441406,146.55796605066817,142.76093474422927,145.28577338362382,93251400,AAPL
2021-07-19,139.40426635742188,140.98963920959875,138.64094477148268,140.67647397816722,121434600,AAPL
2021-07-20,143.02516174316406,143.95486174482718,139.90337965759247,140.3926891605558,96350000,AAPL
2021-07-21,142.29116821289062,143.0055706916612,141.53764248479146,142.41839343589814,74993500,AAPL
2021-07-22,143.6612548828125,145.03131534477524,142.69241681379228,142.81964204688137,77338200,AAPL
2021-07-23,145.3836212158203,145.540203823437,143.77868681909763,144.39522150375126,71447400,AAPL
2021-07-26,145.80447387695312,146.62651038671302,144.54204679960304,145.09986688786083,72434100,AAPL
2021-07-27,143.63192749023438,146.0197604502271,142.438011010238,145.93167338372012,104818600,AAPL
2021-07-28,141.88018798828125,143.8276453050716,139.49235507835914,141.7138245389889,118931200,AAPL
2021-07-29,142.5260772705078,143.41662418623008,141.48874347089355,141.59639216326153,56699500,AAPL
2021-07-30,142.74136352539062,143.2013156357775,141.02878032832388,141.29301163126834,70440600,AAPL
2021-08-02,142.40863037109375,143.8080482684257,142.14439907981702,143.23066668557712,62880000,AAPL
2021-08-03,144.20932006835938,144.87477392978525,142.07592253384598,142.6924573832884,64786600,AAPL
2021-08-04,143.8080596923828,144.63009607216787,143.15238675142038,144.12122494137196,56368300,AAPL
2021-08-05,143.9156951904297,144.67901674920688,143.044724953746,143.83740388535773,46397700,AAPL
2021-08-06,143.22967529296875,144.18035929772682,142.72983713831988,143.4354998007159,54126800,AAPL
2021-08-09,143.1806640625,143.77851671947906,142.62202319396428,143.2884740483459,48908700,AAPL
2021-08-10,142.70042419433594,144.768404754264,142.40639561637695,143.52369224868931,69023100,AAPL
2021-08-11,142.9552001953125,143.79807390233603,142.6317703473361,143.14141874004835,48493500,AAPL
2021-08-12,145.92483520507812,146.08165237292843,142.9355733706551,143.27860905596413,72282600,AAPL
2021-08-13,146.13067626953125,146.46390157302739,145.31720394282482,146.00326043676097,59375000,AAPL
2021-08-16,148.1104736328125,148.17908677655805,143.55308334263998,145.58185197110114,103296000,AAPL
2021-08-17,147.198974609375,148.65929174841725,146.1208750829786,147.2381714308299,92229700,AAPL
2021-08-18,143.4452667236328,147.71843868222086,143.23944225684676,146.81676211636082,86326000,AAPL
2021-08-19,143.77850341796875,145.05261723602476,141.6223188554431,142.1417628423952,86960300,AAPL
2021-08-20,145.23883056640625,145.54265459061057,143.85690682252826,144.50376665433245,60549600,AAPL
2021-08-23,146.72854614257812,147.19898280077066,144.94478409144247,145.3564180367249,60131800,AAPL
2021-08-24,146.64036560058594,147.85567682100066,146.1797242886901,146.4737528853132,48606400,AAPL
2021-08-25,145.40542602539062,147.32639940143548,144.85658076220975,146.8265464293222,58991300,AAPL
2021-08-26,144.60174560546875,146.1502818209155,144.5723442495669,145.3956270795529,48597200,AAPL
2021-08-27,145.6406707763672,145.7876775785145,143.90591573646046,144.54296515231704,55802400,AAPL
2021-08-30,150.07066345214844,150.43330519965164,145.65048392374376,146.0327166106354,90956700,AAPL
2021-08-31,148.80636596679688,149.75704998771127,148.27711148354751,149.61983863185333,86453100,AAPL
2021-09-01,149.47279357910156,151.89360530226858,149.30618088399424,149.78642803218395,80313700,AAPL
2021-09-02,150.59010314941406,151.63880161817733,149.36499650174582,150.80572311579687,71115500,AAPL
2021-09-03,151.22715759277344,151.55058752098978,150.0412478559802,150.69790318117794,57808700,AAPL
2021-09-07,153.5695037841797,154.1281443948446,151.31530554653125,151.88375657723626,82278300,AAPL
2021-09-08,152.02101135253906,153.91256855272437,150.91351032460727,153.85376583529663,74420200,AAPL
2021-09-09,151.00172424316406,153.00109134257815,150.88410385737802,152.39344334318108,57305700,AAPL
2021-09-10,146.0032958984375,152.38364527408532,145.73866870260662,151.913208557541,140893200,AAPL
2021-09-13,146.5717315673828,148.4044859422113,145.78766048638957,147.63022528348688,102404300,AAPL
2021-09-14,145.1702117919922,148.06147503126564,143.98431710126377,147.35581250665328,109296300,AAPL
2021-09-15,146.0620880126953,146.46392651146115,143.45505793692854,145.60144679799546,83281300,AAPL
2021-09-16,145.82687377929688,146.00329689602742,144.28814775543293,145.48385292412618,68034100,AAPL
2021-09-17,143.15122985839844,145.85627435363685,142.85720133218834,145.85627435363685,129868800,AAPL
2021-09-20,140.09336853027344,141.95552426414204,138.4566281851567,140.93624232616293,123478900,AAPL
2021-09-21,140.57363891601562,141.72035197127602,139.93658940079635,141.06368160615847,75834000,AAPL
2021-09-22,142.9454345703125,143.5138708346114,140.83824238540038,141.5733062965506,76404300,AAPL
2021-09-23,143.90586853027344,144.1508897567525,142.73956509944767,143.72944547065592,64838200,AAPL
2021-09-24,143.99407958984375,144.53312930531135,142.66116345473728,142.75917793206216,53477900,AAPL
2021-09-27,142.47496032714844,143.05322187803952,140.95584044871157,142.572974815072,74150700,AAPL
2021-09-28,139.08389282226562,141.86733117108918,138.8682728841963,140.39720338693283,108972300,AAPL
2021-09-29,139.98558044433594,141.57331379089658,139.20150923995394,139.63274915010976,74602000,AAPL
2021-09-30,138.6820526123047,141.50470270899655,138.46643267686778,140.79904018482358,89056700,AAPL
2021-10-01,139.80914306640625,140.07377024882607,136.3396481559879,139.07407919128337,94639600,AAPL
2021-10-04,136.36907958984375,139.37794889395659,135.51641009222305,138.93689850768203,98322000,AAPL
2021-10-05,138.29983520507812,139.40733636302537,136.58468595582545,136.7121018284855,80861100,AAPL
2021-10-06,139.172119140625,139.31912596056787,135.61440454885152,136.69250441148458,83221100,AAPL
2021-10-07,140.4364013671875,141.3478883774017,139.87776058117706,140.2109859591421,61732700,AAPL
2021-10-08,140.0541534423828,141.3086611617573,139.7209281008109,141.16165438015548,58773200,AAPL
2021-10-11,139.96595764160156,141.9261279382809,138.9858724932619,139.43671824165966,64452200,AAPL
2021-10-12,138.69183349609375,140.3971869093365,138.2311923147278,140.37758102047312,73035900,AAPL
2021-10-13,138.10379028320312,138.5840223945528,136.42783823964862,138.42722014967543,78762700,AAPL
2021-10-14,140.8970489501953,141.0146693485301,138.69185715657107,139.27991428350313,69907100,AAPL
2021-10-15,141.95550537109375,142.0143080772975,140.65199054890746,140.90682221567036,67940300,AAPL
2021-10-18,143.6315155029297,143.91573368311097,140.30902666123893,140.59324484142022,85589200,AAPL
2021-10-19,145.79745483398438,146.1992933162076,143.63147512671546,144.08230590025846,76378900,AAPL
2021-10-20,146.28749084472656,146.76773790846218,145.17019447320249,145.73864560326368,58418800,AAPL
2021-10-21,146.5030975341797,146.65991471899258,144.9251601299109,145.8464423970493,61421000,AAPL
2021-10-22,145.72886657714844,147.18918391188018,145.6798593275794,146.7089517488773,58883400,AAPL
2021-10-25,145.6798553466797,146.3953133151153,144.68016431145858,145.71905217231605,50720600,AAPL
2021-10-26,146.3463134765625,147.83603205253846,146.04247453516768,146.35610894373843,60893400,AAPL
2021-10-27,145.88568115234375,146.74814591850827,145.53284989871335,146.38551919710656,56094900,AAPL
2021-10-28,149.53160095214844,150.1196430787896,146.73835224713616,146.83636674569945,100077900,AAPL
2021-10-29,146.81675720214844,146.95396852377547,143.4942691703326,144.2881357422398,124953200,AAPL
2021-11-01,145.99346923828125,146.7187225723951,144.8565670408628,146.02287059210153,74588300,AAPL
2021-11-02,147.03236389160156,148.5514987152831,145.6896371991665,145.69944762084313,69122000,AAPL
2021-11-03,148.47311401367188,148.94355072762525,146.83637350572047,147.39501429949382,54511500,AAPL
2021-11-04,147.95367431640625,149.39438585976856,147.64003986144715,148.5613223792471,60394600,AAPL
2021-11-05,148.4836883544922,149.3866809675717,147.28623804705754,149.08241350820953,65463900,AAPL
2021-11-08,147.6592254638672,148.76834300613436,147.38440226384824,148.6112968984832,55020900,AAPL
2021-11-09,148.0223846435547,148.63091960276915,147.28624784705661,147.42365944999992,56787900,AAPL
2021-11-10,145.185791015625,147.35494715999016,145.11709270904024,147.24697984100837,65187100,AAPL
2021-11-11,145.13668823242188,146.6678499743664,144.95019789623214,146.20655148055175,41000000,AAPL
2021-11-12,147.2174835205078,147.6198934064929,144.7538705611493,145.68630708992023,63804000,AAPL
2021-11-15,147.227294921875,149.07254847745102,146.6678240123391,147.59045079012714,59222800,AAPL
2021-11-16,148.20884704589844,148.689795053766,146.57952764951963,147.16844296622529,59256200,AAPL
2021-11-17,150.65283203125,152.13491516803506,148.19904307692684,148.20885284111802,88807000,AAPL
2021-11-18,154.9518585205078,155.73707397326015,150.2209612525499,150.86876512432602,137827700,AAPL
2021-11-19,157.58233642578125,158.04364996719235,153.63663942388337,154.7359321301873,117305600,AAPL
2021-11-22,158.0436553955078,162.6371414846842,158.0240208888666,158.6914443472637,117467900,AAPL
2021-11-23,158.42645263671875,158.8092431604203,156.11988475240108,158.14180469691394,96041900,AAPL
2021-11-24,158.94662475585938,159.14292486333943,156.68913607799328,157.7786188977565,69463600,AAPL
2021-11-26,153.91146850585938,157.48418491516793,153.46978945346842,156.62046131710616,76959800,AAPL
2021-11-29,157.2780303955078,158.21046701420008,155.85482110847963,156.42410182794367,88748200,AAPL
2021-11-30,162.24453735351562,162.460471991212,156.96397844815215,157.0326917313919,174048100,AAPL
2021-12-01,161.724365234375,167.15214650000996,161.48879604685143,164.38426470939336,152052500,AAPL
2021-12-02,160.73300170898438,161.16487100269978,154.88317666704097,155.80580379875286,136739200,AAPL
2021-12-03,158.84849548339844,161.91083461668495,156.76768701566778,160.98820747292035,118023100,AAPL
2021-12-06,162.26417541503906,164.77685309775336,161.24339074597364,161.25320051090569,107497000,AAPL
2021-12-07,168.0158233642578,168.4084385672728,165.22832281817514,165.95464971119893,120405400,AAPL
2021-12-08,171.84371948242188,172.70745783428183,167.54467720151092,168.94825202328335,116998900,AAPL
2021-12-09,171.33338928222656,173.48291120059469,170.7052197926491,171.67692579015227,108923700,AAPL
2021-12-10,176.13296508789062,176.3096456774387,171.4609563916024,171.971348678727,115402700,AAPL
2021-12-13,172.49156188964844,178.76344615470973,172.2854370179631,177.77210578512478,153237000,AAPL
2021-12-14,171.1076202392578,174.45459210584534,169.02681191245964,172.01061281459928,139380400,AAPL
2021-12-15,175.98574829101562,176.18204841367742,169.12494892495155,171.87319557243478,131063300,AAPL
2021-12-16,169.0758514404297,177.79171370813177,167.59376845508785,175.96609431359246,150185800,AAPL
2021-12-17,167.9765625,170.26349541805016,166.55336801671226,166.78892215220165,195432700,AAPL
2021-12-20,166.61224365234375,167.4269032535666,164.36457991536943,165.16941477721542,107499100,AAPL
2021-12-21,169.7923583984375,169.99846825027308,165.99388352764822,168.3887835557928,91185900,AAPL
2021-12-22,172.39340209960938,172.60933673314887,168.9679072100419,169.84145550872807,92135300,AAPL
2021-12-23,173.0215606689453,173.5810317235857,172.03023535098566,172.59951616954052,68356600,AAPL
2021-12-27,176.99668884277344,177.08502164182448,173.79695375988817,173.8165732862966,74919600,AAPL
2021-12-28,175.97592163085938,177.97822179969552,175.2299751821839,176.8298503690715,79144300,AAPL
2021-12-29,176.06427001953125,177.29116449792193,174.84718530534158,176.0151912450478,62348900,AAPL
2021-12-30,174.9060821533203,177.23228437904302,174.79811483502314,176.1526111960713,59773000,AAPL
2021-12-31,174.28773498535156,175.91703952431234,173.9834525641687,174.79811232201894,64062300,AAPL
2022-01-03,178.64566040039062,179.4995892112378,174.42515503160624,174.5429321185891,104487900,AAPL
2022-01-04,176.37835693359375,179.55847298837972,175.80907606705392,179.25420553725706,99310400,AAPL
2022-01-05,171.6867218017578,176.83967914737053,171.41189860813105,176.29003276011701,94537600,AAPL
2022-01-06,168.82069396972656,172.05969865170314,168.46734773211566,169.50775193820877,96904000,AAPL
2022-01-07,168.9875030517578,170.92108956994355,167.8685761052164,169.69419533133515,86709100,AAPL
2022-01-10,169.00717163085938,169.31143906710747,165.06147477041716,165.95465755063788,106765600,AAPL
2022-01-11,171.84371948242188,171.94186203720994,167.66246923468782,169.13474234713826,76138300,AAPL
2022-01-12,172.2854461669922,173.90494104881037,171.58857842094562,172.8645368239584,74805200,AAPL
2022-01-13,169.00717163085938,173.35527850038557,168.61455640929785,172.53080900021536,84505800,AAPL
2022-01-14,169.87094116210938,170.56780897043643,167.92752915815203,168.17290810016,80440800,AAPL
2022-01-18,166.66134643554688,169.35068950665382,166.27855596311068,168.33972966979056,90956700,AAPL
2022-01-19,163.1573486328125,167.91770571060235,162.87271567304091,166.85766697028808,94815000,AAPL
2022-01-20,161.46914672851562,166.54358123585433,161.14524474165466,163.89349177041368,91420500,AAPL
2022-01-21,159.40792846679688,163.25546724898456,159.29996116779535,161.38076913756592,122848900,AAPL
2022-01-24,158.63255310058594,159.2999915243486,151.8404666623007,157.06213706108227,162294600,AAPL
2022-01-25,156.82655334472656,159.7514654895658,154.1175758189767,156.04133790955973,115798400,AAPL
2022-01-26,156.73822021484375,161.35134029387297,154.90279093312674,160.47779205545413,108275300,AAPL
2022-01-27,156.2769012451172,160.8114981245685,155.35427426622283,159.44719215998208,121954600,AAPL
2022-01-28,167.1815643310547,167.2011988377615,159.79075260205332,162.64696676990783,179935700,AAPL
2022-01-31,171.54930114746094,171.76523578487254,166.37670956776643,167.0147037152971,115541600,AAPL
2022-02-01,171.38241577148438,171.60816013472234,169.12492720889244,170.7935005023778,86213900,AAPL
2022-02-02,172.5897216796875,172.62899069570594,170.12612259885077,171.51987313267702,84914300,AAPL
2022-02-03,169.7040557861328,172.98232955327137,168.9384747506924,171.2548523641826,89418100,AAPL
2022-02-04,169.41903686523438,171.09957339010344,167.73850034036528,168.72126637937606,82465400,AAPL
2022-02-07,168.7016143798828,170.95214191132882,168.00384392494493,169.88093057527257,77251200,AAPL
2022-02-08,171.81703186035156,172.3280745287334,168.47561748502244,168.7704503704667,74829200,AAPL
2022-02-09,173.2419891357422,173.60560775677658,171.885767258212,173.01595715476017,71285000,AAPL
2022-02-10,169.15367126464844,172.45576547110866,168.59350246849255,171.1388626912715,90865900,AAPL
2022-02-11,165.73367309570312,170.09715694195197,165.14400744238606,169.3600823732159,98670700,AAPL
2022-02-14,165.96954345703125,166.65747672658372,163.68951891129095,164.48555705147456,86185500,AAPL
2022-02-15,169.8121337890625,169.969379951066,167.3159146994891,168.02350743268553,62527400,AAPL
2022-02-16,169.57627868652344,170.3526572392932,167.11936365193407,168.88834547600229,61177400,AAPL
2022-02-17,165.96954345703125,168.94732353481027,165.56660575778602,168.0824845697611,69589300,AAPL
2022-02-18,164.4167938232422,167.6009468216719,163.3259227044928,166.8933689298829,82772700,AAPL
2022-02-22,161.4881134033203,163.81726398261975,159.35549802549073,162.13672755479107,91162800,AAPL
2022-02-23,157.31137084960938,163.28657531432245,156.9968785115613,162.68708741626082,90009200,AAPL
2022-02-24,159.9353790283203,160.04348391166852,149.38046449387545,149.95047069736393,141147500,AAPL
2022-02-25,162.00900268554688,162.27433874391238,158.097582687372,161.0163992959612,91974200,AAPL
2022-02-28,162.2743377685547,162.569170605232,159.63069449285575,160.249841950296,95056600,AAPL
2022-03-01,160.38742065429688,163.72883431123614,159.17862257926774,161.86156976875884,83474400,AAPL
2022-03-02,163.6895294189453,164.4757453471119,160.14174297698963,161.5569286485252,79724800,AAPL
2022-03-03,163.36520385742188,165.9990247912093,162.69693011047048,165.56660530985462,76678400,AAPL
2022-03-04,160.35794067382812,162.69692876038988,159.30638875818744,161.65519910712737,83737200,AAPL
2022-03-07,156.55462646484375,162.17604917250483,156.2990977080652,160.54465401699207,96418800,AAPL
2022-03-08,154.7266845703125,160.0729341178279,153.1149488975309,156.08290647641851,131148300,AAPL
2022-03-09,160.1417236328125,160.59380261054181,156.66273844037977,158.69705635061237,91454900,AAPL
2022-03-10,155.7880859375,157.62585374072557,153.2918516527838,157.43912578291366,105342000,AAPL
2022-03-11,152.06341552734375,156.53500490118736,151.83738349184966,156.19103072019064,96970100,AAPL
2022-03-14,148.0242156982422,151.4638968278343,147.51318815597864,148.83991330847238,108732100,AAPL
2022-03-15,152.41717529296875,152.88891376980982,147.78835583208624,148.29938335493543,92964300,AAPL
2022-03-16,156.83961486816406,157.24255250796213,151.79803572553402,154.34339594526026,102300200,AAPL
2022-03-17,157.8518829345703,158.22533884354678,154.9134219533723,155.8765285127207,75615400,AAPL
2022-03-18,161.1539764404297,161.6453594768953,157.00670241299437,157.74377696769278,123511700,AAPL
2022-03-21,162.52984619140625,163.48313041290612,160.20068056976743,160.69206357071295,95811400,AAPL
2022-03-22,165.91058349609375,166.50023417031582,162.06796436975657,162.6576150439786,81532000,AAPL
2022-03-23,167.27662658691406,169.66474104201137,164.76073274272346,165.09488461775757,98062700,AAPL
2022-03-24,171.07009887695312,171.1388847047802,167.27662120536306,168.11196337652208,90131400,AAPL
2022-03-25,171.70887756347656,172.25922412685,169.7728273342969,170.88335771841636,80546200,AAPL
2022-03-28,172.57373046875,172.701479862601,169.03576656556126,169.202835000459,90371900,AAPL
2022-03-29,175.87583923339844,175.92496554492044,173.3009816876461,173.6449558432296,100589400,AAPL
2022-03-30,174.70632934570312,176.51461532464543,173.6547624474948,175.4728856845117,92633200,AAPL
2022-03-31,171.60081481933594,174.9618735812638,171.39442730950734,174.77514559518622,103049300,AAPL
2022-04-01,171.3059539794922,171.86613784627107,168.97680315531144,171.0307806751932,78751300,AAPL
2022-04-04,175.3647918701172,175.4139331761271,171.43372732246453,171.56149171892602,76468400,AAPL
2022-04-05,172.0430145263672,175.22718178273516,171.41404488266946,174.44096597915822,73401800,AAPL
2022-04-06,168.86868286132812,170.63766465296877,167.19798366759716,169.38954763944744,89058800,AAPL
2022-04-07,169.17333984375,170.37231557194565,166.92281228589906,168.21023335572733,77594700,AAPL
2022-04-08,167.15867614746094,168.8195531941642,166.28401495074868,168.8195531941642,76575500,AAPL
2022-04-11,162.89349365234375,166.11696550956904,162.64780210837338,165.8024881311143,72246700,AAPL
2022-04-12,164.7705535888672,166.94245808323757,163.7681280552551,165.12434995391737,79265200,AAPL
2022-04-13,167.46334838867188,168.0923181339545,163.89591740962862,164.50522763279633,70618900,AAPL
2022-04-14,162.44139099121094,168.318342665353,162.1956994829688,167.67953574643167,75329400,AAPL
2022-04-18,162.2252197265625,163.72885077484435,160.75107046386879,161.09502962767093,69023900,AAPL
2022-04-19,164.51504516601562,164.92782013945308,161.08520094874402,162.17607195952326,67723800,AAPL
2022-04-20,164.3479766845703,165.96954980606952,163.23746114831818,165.85160767261976,67929800,AAPL
2022-04-21,163.5519256591797,168.57386081804293,163.05072036783037,165.9990185433864,87227800,AAPL
2022-04-22,159.00172424316406,164.97694406303006,158.7167286660117,163.5912552281569,84882400,AAPL
2022-04-25,160.0729522705078,160.35794785043367,155.72912776950562,158.3432742820327,96046400,AAPL
2022-04-26,154.09768676757812,159.54220292501202,154.01906370085135,159.45375759837563,95623200,AAPL
2022-04-27,153.87167358398438,157.0361661796235,152.7021796920346,153.2230444512666,88063200,AAPL
2022-04-28,160.81983947753906,161.68467841985887,156.19100467866673,156.50549701980856,130216800,AAPL
2022-04-29,154.93307495117188,163.33572839193604,154.53997449609216,159.05086744995398,131747600,AAPL
2022-05-02,155.23773193359375,155.5030679702358,150.6285567574635,154.009274370481,123055300,AAPL
2022-05-03,156.73153686523438,157.94034999172632,153.62600731797474,155.42445612408045,88966500,AAPL
2022-05-04,163.15882873535156,163.61089273431188,156.5153204398764,156.91825813151257,108256500,AAPL
2022-05-05,154.06825256347656,161.25227067537543,152.27961098375334,161.02623866112972,130525300,AAPL
2022-05-06,154.79653930664062,156.92243639704813,151.74548246293438,153.54658846859752,116124600,AAPL
2022-05-09,149.65899658203125,153.36947314118723,149.0980045924118,152.48367497430928,131577900,AAPL
2022-05-10,152.07029724121094,154.2650965784608,150.5152434800802,153.0643590542694,115366700,AAPL
2022-05-11,144.18675231933594,152.99542804107662,143.50764507620434,151.0762217134339,142689800,AAPL
2022-05-12,140.30899047851562,143.8915146679824,136.60836588189918,140.515681208882,182602000,AAPL
2022-05-13,144.7871551513672,145.76152860215055,140.8503145681124,142.30694137891726,113990900,AAPL
2022-05-16,143.24191284179688,145.19065940090803,141.90338667799685,143.25176455295096,86643800,AAPL
2022-05-17,146.88351440429688,147.40514453340242,144.36392404181558,146.50950977669152,78336300,AAPL
2022-05-18,138.59646606445312,145.0331931657119,137.69097960525806,144.5312514480339,109742900,AAPL
2022-05-19,135.18124389648438,139.4231864175674,134.4430864271214,137.6712938917074,136095600,AAPL
2022-05-20,135.4174346923828,138.47832804040868,130.5160736621358,136.89374952227598,137426100,AAPL
2022-05-23,140.85031127929688,140.9979367905799,135.47651740077447,135.61430621725685,117726300,AAPL
2022-05-24,138.1437225341797,139.72830130754187,135.16156729888525,138.58661405091433,104132700,AAPL
2022-05-25,138.3012237548828,139.5511599163244,136.15563767475544,136.24421298990842,92482700,AAPL
2022-05-26,141.5097198486328,142.06087507401406,134.97456571452705,135.22061822713323,90601500,AAPL
2022-05-27,147.27720642089844,147.31656821908913,142.96636115304457,143.09431327841077,90978500,AAPL
2022-05-31,146.48980712890625,148.28107646818216,144.52138720505258,146.71618623300301,103718400,AAPL
2022-06-01,146.36187744140625,149.3440325752995,145.34812731297455,147.5330747402819,74286600,AAPL
2022-06-02,148.82240295410156,148.8814531521364,144.5410833823405,145.49576829817823,72348100,AAPL
2022-06-03,143.08444213867188,145.63354221228246,142.17897081970852,144.58043039547144,88570300,AAPL
2022-06-06,143.83245849609375,146.2240967666152,142.61203260738884,144.70840485443364,71598400,AAPL
2022-06-07,146.36187744140625,146.64729173693155,141.82466868695218,142.07072118986648,67808200,AAPL
2022-06-08,145.62371826171875,147.50354794884595,145.13161326153673,146.23392365623158,53950200,AAPL
2022-06-09,140.38772583007812,145.61387897508678,140.27946212008615,144.75762100742102,69473000,AAPL
2022-06-10,134.9647216796875,138.53739375627023,134.89581977133565,138.06497716276021,91437900,AAPL
2022-06-13,129.797607421875,133.06517650587148,129.36455265966853,130.7719656189882,122207100,AAPL
2022-06-14,130.66372680664062,131.77588901971137,129.40393908646058,131.0278947539339,84784300,AAPL
2022-06-15,133.2915802001953,135.1714252868018,130.07322365850183,132.1695811727179,91533000,AAPL
2022-06-16,128.00634765625,130.29955871287268,127.00244927117835,129.99445602178534,108123900,AAPL
2022-06-17,129.482666015625,130.97866943008026,127.76029850473763,128.01620271778103,134520300,AAPL
2022-06-21,133.72459411621094,134.8958062983936,131.21487088907804,131.31328286822668,81000500,AAPL
2022-06-22,133.21282958984375,135.5847642777482,131.7955647861074,132.66165937450523,73409200,AAPL
2022-06-23,136.0867156982422,136.40165507690898,133.48840199836928,134.65961425641447,72433800,AAPL
2022-06-24,139.4232177734375,139.66927031856164,137.5630611330131,137.6909982443359,89116800,AAPL
2022-06-27,139.4232177734375,141.224324205889,138.74411034603793,140.44678975329754,70207900,AAPL
2022-06-28,135.2698211669922,141.15539260379745,135.15172077587945,139.8857683457784,67083400,AAPL
2022-06-29,137.03155517578125,138.4488199898158,134.51197995876558,135.28951427489562,66242400,AAPL
2022-06-30,134.56118774414062,136.18512818079344,131.65777134820112,135.0828178246583,98964500,AAPL
2022-07-01,136.7362823486328,136.84454604479996,133.51792659665477,133.89191616880768,71051600,AAPL
2022-07-05,139.3247833251953,139.37399683516924,134.767885626568,135.59463354770725,73353800,AAPL
2022-07-06,140.6632843017578,141.84433323860637,138.85234159739986,139.11808248899268,74064300,AAPL
2022-07-07,144.03915405273438,144.23599306904134,141.0176218390398,141.02745853360616,66253700,AAPL
2022-07-08,144.71823120117188,145.22018791054785,142.7104494172261,142.96633860975416,64547800,AAPL
2022-07-11,142.58248901367188,144.32454481016836,141.50970378477396,143.36985996820178,63141600,AAPL
2022-07-12,143.55686950683594,146.10596977247354,142.7596618190989,143.4584425008562,77588800,AAPL
2022-07-13,143.1927490234375,144.137582416121,139.87595039979414,140.73222349561757,71185600,AAPL
2022-07-14,146.1256561279297,146.59807271073137,140.98807885917248,141.80497494021958,78140700,AAPL
2022-07-15,147.798828125,148.47793549322745,145.85993303693337,147.41498678876548,76259900,AAPL
2022-07-18,144.74777221679688,149.17671722622794,144.38360430388153,148.3598211223461,81420900,AAPL
2022-07-19,148.61573791503906,148.84210205255908,144.59032186321505,145.58436874350355,82982400,AAPL
2022-07-20,150.62350463867188,151.29277530503674,147.99566551668846,148.73382307964516,64823400,AAPL
2022-07-21,152.89703369140625,153.11356109876007,149.54087389527504,152.06044916137068,65086600,AAPL
2022-07-22,151.6569366455078,153.81235925179797,150.98768095986142,152.93641282919904,66675400,AAPL
2022-07-25,150.53492736816406,152.59192281243702,149.8755084226827,151.5781876406526,53623900,AAPL
2022-07-26,149.2062530517578,150.67271644888328,148.4188819899041,149.85582028627226,55138700,AAPL
2022-07-27,154.3142852783203,154.84576710893515,149.75740301368916,150.17076942758217,78620700,AAPL
2022-07-28,154.86546325683594,155.15087757432116,151.97188319707365,154.50129531236348,81378700,AAPL
2022-07-29,159.94395446777344,161.0462798301135,156.981487908036,158.6940186370959,101786900,AAPL
2022-08-01,158.95974731445312,161.00690586019908,158.34954193697632,158.46764232800993,67829400,AAPL
2022-08-02,157.4834442138672,159.84555733737668,157.10945460814798,157.57203453166576,59907000,AAPL
2022-08-03,163.50680541992188,163.95953359141228,158.2117510307237,158.30032632281717,82507500,AAPL
2022-08-04,163.19186401367188,164.55007867195602,161.83364935538773,163.3887030177202,55474100,AAPL
2022-08-05,162.96517944335938,163.45796799318663,160.64906724368603,160.85604505164724,56697000,AAPL
2022-08-08,162.4921112060547,165.3897106347166,161.8317762742878,163.97047703384425,60276900,AAPL
2022-08-09,162.5413818359375,163.42841029450733,160.89546979944944,161.65436841608152,63135500,AAPL
2022-08-10,166.79905700683594,166.89760568367572,164.49279539585413,165.26154425327755,70170500,AAPL
2022-08-11,166.0598907470703,168.52383349342222,165.76421460976547,167.6072389716485,57149200,AAPL
2022-08-12,169.61782836914062,169.68681094741032,166.95675811414395,167.37071373861576,68039400,AAPL
2022-08-15,170.69212341308594,170.8892358519702,168.8786649134066,169.04621123839397,54091700,AAPL
2022-08-16,170.53443908691406,171.20463947132552,169.18420299774098,170.28804476181145,56377100,AAPL
2022-08-17,172.03250122070312,173.60941569871042,170.08106259876365,170.27817502867526,79542000,AAPL
2022-08-18,171.63824462890625,172.37742744821887,170.62310142681395,171.2440198074247,62290100,AAPL
2022-08-19,169.0461883544922,171.23417071896347,168.83921054651765,170.53440436112984,70346300,AAPL
2022-08-22,165.1531524658203,167.41011727933045,164.7293465168106,167.242570986512,69026800,AAPL
2022-08-23,164.8180694580078,166.2767345287208,164.24643288251994,164.67023889482752,54147100,AAPL
2022-08-24,165.11373901367188,165.68537556627746,163.85220146265053,164.90677623350408,53841500,AAPL
2022-08-25,167.57766723632812,167.68608131507673,165.92190498494463,166.34569590450855,51218200,AAPL
2022-08-26,161.26011657714844,168.58296208169574,161.20098435870386,168.10988929542629,78961000,AAPL
2022-08-29,159.05242919921875,160.55049548789057,157.5149314068537,158.82573564976346,73314000,AAPL
2022-08-30,156.6180877685547,160.21543879278465,155.44524840968555,159.79164778477147,77906200,AAPL
2022-08-31,154.9524383544922,158.2639781293564,154.87359037905333,157.99786809208942,87991100,AAPL
2022-09-01,155.68177795410156,156.13513503517575,152.43922061054926,154.3808088580502,74229900,AAPL
2022-09-02,153.56275939941406,158.04713803269738,152.73487827783597,157.44593542420824,76957800,AAPL
2022-09-06,152.30123901367188,154.8243141649417,151.47335779942037,154.2132611313819,73714800,AAPL
2022-09-07,153.7106170654297,154.410368411757,151.3945047755551,152.587059729615,87449600,AAPL
2022-09-08,152.2322540283203,154.10484460794962,150.47791285622748,152.4096506976959,84923800,AAPL
2022-09-09,155.1002655029297,155.54378723487187,152.51805827855026,153.2276750032018,68028800,AAPL
2022-09-12,161.0728759765625,161.89090686431402,157.00245233153106,157.2882631049793,104956000,AAPL
2022-09-13,151.62120056152344,158.22456513012241,151.15797805083207,157.59379629154282,122656600,AAPL
2022-09-14,153.0699920654297,154.83418366980385,151.3945138382118,152.557487712131,87965400,AAPL
2022-09-15,150.17237854003906,153.0009950551444,149.19666683175186,152.41949313430064,90481100,AAPL
2022-09-16,148.52650451660156,149.16713882112455,146.23010747285983,149.02915859285633,162278800,AAPL
2022-09-19,152.25196838378906,152.3308163679246,146.94957303943247,147.15653583891242,81474200,AAPL
2022-09-20,154.6370391845703,155.80002796923935,150.8721425262803,151.18751937449895,107689800,AAPL
2022-09-21,151.5029296875,156.4505314848071,151.38466523487358,155.07071436973487,101696800,AAPL
2022-09-22,150.53709411621094,152.24213876915778,148.73348570998596,150.18228565861395,86652500,AAPL
2022-09-23,148.2603759765625,149.28538472080464,146.4173513628068,149.00942429859677,96029900,AAPL
2022-09-26,148.5955047607422,151.5522368801937,147.4817975166926,147.50151327499646,93339400,AAPL
2022-09-27,149.57118225097656,152.48849721993565,147.78729002305445,150.5370586818527,84442700,AAPL
2022-09-28,147.67884826660156,148.46731284335547,142.75096346027843,145.51058195956156,146691400,AAPL
2022-09-29,140.42503356933594,144.603886261403,138.65099162276434,143.99283321708396,128138200,AAPL
2022-09-30,136.20675659179688,141.03609356030535,136.0096441732016,139.2423359620473,124925300,AAPL
2022-10-03,140.39544677734375,141.00651477037042,135.7041054662748,136.21660973950978,114311700,AAPL
2022-10-04,143.99282836914062,144.11109281535886,142.17935497441533,142.93825359464822,87830100,AAPL
2022-10-05,144.28848266601562,145.25435906019973,140.94737686981628,141.9921012373244,79471000,AAPL
2022-10-06,143.3324737548828,145.41204208560697,143.12551098076761,143.7069978739473,68402200,AAPL
2022-10-07,138.06948852539062,141.03608513942643,137.43871980031912,140.4841493461153,85925600,AAPL
2022-10-10,138.39476013183594,139.84355993945272,136.57145118339125,138.39476013183594,74899000,AAPL
2022-10-11,136.9755096435547,139.31133774176766,136.22647641502994,137.88223882715224,77033700,AAPL
2022-10-12,136.34471130371094,138.33558094843937,136.1673146717475,137.12332551389028,70433700,AAPL
2022-10-13,140.9276885986328,141.51902589270472,132.43200294708785,133.04307103462438,113224000,AAPL
2022-10-14,136.38417053222656,142.43561361849277,136.19690846794037,142.22863580040965,88598000,AAPL
2022-10-17,140.35606384277344,140.83898708446822,138.24692906829756,139.0353938988536,85250900,AAPL
2022-10-18,141.6767120361328,144.58416155365336,138.58200045824861,143.39162165141138,99136600,AAPL
2022-10-19,141.78514099121094,142.8594165632396,139.4591781255194,139.6464402055219,61758300,AAPL
2022-10-20,141.32192993164062,143.7858732075523,140.5925973080329,140.95727113919492,64522000,AAPL
2022-10-21,145.1459503173828,145.71758686598037,140.59257368233722,140.80940185727815,86548600,AAPL
2022-10-24,147.2945098876953,148.0632589024532,143.89427154723307,145.0671108242576,75981900,AAPL
2022-10-25,150.14283752441406,150.2906831379681,147.20582147413825,147.92528866954444,74732300,AAPL
2022-10-26,147.19595336914062,149.7978764436125,145.9048346701109,148.78273318220164,88194300,AAPL
2022-10-27,142.71157836914062,146.900281375259,142.0512434645865,145.934419951747,109180200,AAPL
2022-10-28,153.49378967285156,155.2284000306861,145.68802050452555,146.06252959255997,164762400,AAPL
2022-10-31,151.12840270996094,152.01543120421692,149.7288849047636,150.9510060343384,97943200,AAPL
2022-11-01,148.47720336914062,153.20797707085114,146.9791368105924,152.8433183089133,80379300,AAPL
2022-11-02,142.938232421875,149.97525166506418,142.90866631469993,146.80169249277182,93604600,AAPL
2022-11-03,136.87693786621094,140.74039788163316,136.7488080444843,140.0110654914598,97918500,AAPL
2022-11-04,136.6103973388672,140.84553006556408,132.66154945569053,140.27294531486436,140814800,AAPL
2022-11-07,137.14349365234375,137.37054820183675,133.93505454893932,135.35664228494105,83374600,AAPL
2022-11-08,137.71612548828125,139.62143813006875,135.7318340493266,138.6144923594343,89908500,AAPL
2022-11-09,133.14529418945312,136.77824263467366,132.8688760001459,136.72887901579847,74917800,AAPL
2022-11-10,144.99183654785156,144.99183654785156,137.7160881791185,139.43384265889435,118854000,AAPL
2022-11-11,147.78564453125,148.09167786414133,142.5238023668343,143.955271925704,93979700,AAPL
2022-11-14,146.38380432128906,148.35822845841318,145.544668037547,147.0649830587826,73374100,AAPL
2022-11-15,148.12130737304688,151.6259135896167,146.66023757913166,150.2734377369584,89868300,AAPL
2022-11-16,146.8872833251953,147.9534742124063,145.4064651591236,147.22294689122086,64218300,AAPL
2022-11-17,148.79263305664062,149.5429089514445,144.28106579714384,144.55748402489598,80389400,AAPL
2022-11-18,149.3553009033203,150.74727347635653,148.05218886107582,150.36226138845927,74829600,AAPL
2022-11-21,146.11724853515625,148.44706955079,145.83096367172806,148.23976345815655,58724100,AAPL
2022-11-22,148.25949096679688,148.49642726977405,145.05105196598853,146.23571841721474,51804100,AAPL
2022-11-23,149.13815307617188,149.8884289191742,147.4302651381728,147.53885908183943,58301400,AAPL
2022-11-25,146.21597290039062,146.97613037369675,145.23862757756845,146.41341229167975,35195900,AAPL
2022-11-28,142.37574768066406,144.76479944722283,141.54649303051897,143.28398111610815,69246000,AAPL
2022-11-29,139.36473083496094,142.95818228893546,138.55522474324414,142.4448277773216,83763800,AAPL
2022-11-30,146.13699340820312,146.81817210889182,138.75265175216816,139.59177292691083,111380900,AAPL
2022-12-01,146.4134063720703,147.22292742638413,144.735149018476,146.31469421224674,71250400,AAPL
2022-12-02,145.91981506347656,146.10738776877085,143.7874333564375,144.09348175456344,65447400,AAPL
2022-12-05,144.75491333007812,148.99004656094093,143.90591033158032,145.8803345082114,68826400,AAPL
2022-12-06,141.08250427246094,145.41636538627455,140.10515873582997,145.1893107898035,64727200,AAPL
2022-12-07,139.13766479492188,141.536582777895,138.20968308402922,140.37167982245785,69721100,AAPL
2022-12-08,140.82582092285156,141.68470582050676,139.2956539918693,140.53953599940877,62128300,AAPL
2022-12-09,140.3420867919922,143.70848393310538,139.09818980739163,140.51977775341376,76097000,AAPL
2022-12-12,142.64230346679688,142.6521701663809,139.25615761520962,140.8751851031327,70462700,AAPL
2022-12-13,143.60975646972656,148.05221126240446,142.39548971088675,147.58822033452066,93886200,AAPL
2022-12-14,141.378662109375,144.78454109797417,139.35487413932952,143.49129555982842,82291200,AAPL
2022-12-15,134.7544403076172,139.98666700994897,134.29044945457875,139.3054883080985,98931900,AAPL
2022-12-16,132.78988647460938,135.8897316869335,132.01986228619933,134.94201656134896,160156900,AAPL
2022-12-19,130.67726135253906,133.47107341378072,129.64070069453433,133.38222793972224,79592600,AAPL
2022-12-20,130.608154296875,131.54600271059752,128.22896969448558,129.70978773625592,77432800,AAPL
2022-12-21,133.71786499023438,135.06047393891612,131.05239555108,131.27945009767515,85928000,AAPL
2022-12-22,130.53903198242188,132.83923763447277,128.6337201487229,132.63193156053958,77852100,AAPL
2022-12-23,130.17379760742188,130.72663401357696,127.98218538040545,129.24581575552057,63814900,AAPL
2022-12-27,128.3671875,129.72954501138923,127.07394206581392,129.6999298536339,69007800,AAPL
2022-12-28,124.42821502685547,129.35440133807893,124.2603907760934,128.01179226832107,85438400,AAPL
2022-12-29,127.95256805419922,128.81143780896,126.09661191364768,126.3532816511138,75703700,AAPL
2022-12-30,128.26846313476562,128.28821159493137,125.80044037402875,126.76791156272077,77034200,AAPL
2023-01-03,123.47061157226562,129.22605213593528,122.58211921528644,128.6139854814398,112117500,AAPL
2023-01-04,124.74412536621094,127.01471627825023,123.48049504473303,125.26734659008874,89113600,AAPL
2023-01-05,123.4212646484375,126.13609817024776,123.16459490202124,125.50428297135478,80962700,AAPL
2023-01-06,127.96244049072266,128.62387085680967,123.2929310044788,124.39861137948095,87754700,AAPL
2023-01-09,128.48562622070312,131.70394674213998,128.22895654270584,128.8015412677692,70790800,AAPL
2023-01-10,129.0582275390625,129.58144872233615,126.48160347682453,128.5942366688145,63896200,AAPL
2023-01-11,131.78292846679688,131.80266185993827,128.7916774670581,129.5715682785917,69458900,AAPL
2023-01-12,131.70396423339844,132.5430854442494,129.75915527463124,132.16795510561155,71379600,AAPL
2023-01-13,133.03668212890625,133.19463966232263,129.97633400317605,130.3415976184994,57809700,AAPL
2023-01-17,134.20162963867188,135.53435707802646,132.41477795673228,133.1058234879157,63646600,AAPL
2023-01-18,133.48095703125,136.83747220518643,133.3032510170013,135.0703691429246,69672800,AAPL
2023-01-19,133.54019165039062,134.50765533885576,132.0593734264766,132.36540678256628,58280400,AAPL
2023-01-20,136.10691833496094,136.25500917828725,132.5036004355903,133.55004278165805,80223600,AAPL
2023-01-23,139.30548095703125,141.48722602727366,136.1365239219778,136.35371175932897,81760300,AAPL
2023-01-24,140.7073211669922,141.32926952973608,138.50584268721101,138.5157093840139,66435100,AAPL
2023-01-25,140.0458984375,140.60860145852004,137.03489874919626,139.0883015683729,65799300,AAPL
2023-01-26,142.1190643310547,142.4053492196724,140.08539469738815,141.33915831562229,54105100,AAPL
2023-01-27,144.06385803222656,145.34723680622537,141.25031251687773,141.3292912944412,70555800,AAPL
2023-01-30,141.17132568359375,143.68871946900538,141.02324989890042,143.10626796433064,64015300,AAPL
2023-01-31,142.44483947753906,142.49420309949798,140.4605484095562,140.87517571941848,65874500,AAPL
2023-02-01,143.5702362060547,144.73515421762997,139.51280928282884,142.1289150988489,77663600,AAPL
2023-02-02,148.891357421875,149.24673936752703,146.27523594496205,146.9958966630842,118339000,AAPL
2023-02-03,152.52427673339844,155.36745253753844,145.93957351960248,146.13701293629845,154357300,AAPL
2023-02-06,149.78968811035156,151.14217893420934,148.85183962560956,150.61895772492184,69858300,AAPL
2023-02-07,152.67234802246094,153.24493285853742,148.71363285221915,148.71363285221915,83322600,AAPL
2023-02-08,149.97726440429688,152.60325227526124,149.2368553096487,151.91220679965525,64120100,AAPL
2023-02-09,148.940673828125,152.35643407265164,148.49643142830433,151.81346444457745,56007100,AAPL
2023-02-10,149.30653381347656,149.63281307537432,147.53673245711806,147.77403058031547,57450700,AAPL
2023-02-13,152.11447143554688,152.51983488560623,149.21751602061343,149.2471763928944,62199000,AAPL
2023-02-14,151.4718017578125,152.03537903023067,149.15820209418638,150.40398304690967,61707600,AAPL
2023-02-15,153.5778045654297,153.74588507311654,151.15544476328222,151.38284602819238,65573800,AAPL
2023-02-16,151.97605895996094,154.5664988468429,151.6201193880744,151.77830301928833,68167900,AAPL
2023-02-17,150.82916259765625,151.27408335489702,149.14834246660095,150.6314217151784,59144100,AAPL
2023-02-21,146.80508422851562,149.5932807847483,146.73588170052264,148.5056831734524,58867200,AAPL
2023-02-22,147.23020935058594,148.2584708875877,145.4999504020457,147.19065212608928,51011300,AAPL
2023-02-23,147.7146759033203,148.64407457569817,145.57905341345287,148.39689471971093,48394200,AAPL
2023-02-24,145.05502319335938,145.5296042594395,144.07618560082526,145.45050490064946,55469600,AAPL
2023-02-27,146.25135803222656,147.48725716556407,145.7866587511589,146.0437354263551,44998500,AAPL
2023-02-28,145.74713134765625,147.3982909462784,145.17367228142913,145.39119175781394,50547000,AAPL
2023-03-01,143.6708221435547,145.56916169404062,143.37420328858403,145.1736799451875,55479000,AAPL
2023-03-02,144.26402282714844,145.05500120850633,142.27668756957132,142.7512836503807,52238100,AAPL
2023-03-03,149.3262939453125,149.4053933099208,145.66803508048022,146.3700174255545,70732300,AAPL
2023-03-06,152.0947265625,154.53686499973716,151.72890516544965,152.05516933291133,87558000,AAPL
2023-03-07,149.88987731933594,152.29245838395036,149.4251779626418,151.96617914925054,56182000,AAPL
2023-03-08,151.14552307128906,151.73876071934626,150.11726157953802,151.08620232381537,47204800,AAPL
2023-03-09,148.89126586914062,152.79670487641312,148.53532624571014,151.8277639907766,53833600,AAPL
2023-03-10,146.8248291015625,149.23730682187812,145.94486944980744,148.51554589298388,68572400,AAPL
2023-03-13,148.77259826660156,151.41247705797895,146.03384150790953,146.14260123729179,84457100,AAPL
2023-03-14,150.86868286132812,151.66954312555754,148.40678132116508,149.57346291926225,73695900,AAPL
2023-03-15,151.26419067382812,151.5212522938301,148.2288147892157,149.48449268664993,77167900,AAPL
2023-03-16,154.09193420410156,154.69505367945354,149.9294186304983,150.4435569750594,76161100,AAPL
2023-03-17,153.25149536132812,154.9718724178721,152.53961624045886,154.31931404263202,98944600,AAPL
2023-03-20,155.62442016601562,156.03969557063917,152.4110822679711,153.32071734921686,73641400,AAPL
2023-03-21,157.4832305908203,157.60187209543255,154.77413390443738,155.5453489444009,73938300,AAPL
2023-03-22,156.04957580566406,160.31095376257457,156.02979719452793,157.50299444764113,75701800,AAPL
2023-03-23,157.1371612548828,159.72761624709545,155.9012620500719,157.03829837049406,67622100,AAPL
2023-03-24,158.44227600097656,158.53125712176995,156.06935559319226,157.06795670652497,59196500,AAPL
2023-03-27,156.49452209472656,158.9564390941657,156.0891434767474,158.13580009435265,52390300,AAPL
2023-03-28,155.87161254882812,156.7021483382564,154.2204529064242,156.18801000892674,45992200,AAPL
2023-03-29,158.9564208984375,159.23326112130354,157.5524411719995,157.57220469744664,51305700,AAPL
2023-03-30,160.52847290039062,160.63723263142947,159.45077243888025,159.70783403649028,49501700,AAPL
2023-03-31,163.0398406982422,163.1387186836245,160.0835790272574,160.60759915912635,68749800,AAPL
2023-04-03,164.29550170898438,164.4141432098461,162.36750188667764,162.41694087425697,56976200,AAPL
2023-04-04,163.76161193847656,164.9579540581038,163.24747358574663,164.7206710388915,46278300,AAPL
2023-04-05,161.91265869140625,163.18811497040738,159.9747774130157,162.88161441725998,51511700,AAPL
2023-04-06,162.80255126953125,163.0991701273508,160.1725538630794,160.5976959928467,45390100,AAPL
2023-04-10,160.2021942138672,160.2021942138672,158.2741945090455,159.59907481013732,47716900,AAPL
2023-04-11,158.98606872558594,160.52846844172586,158.69933167596588,160.51858667978223,47644200,AAPL
2023-04-12,158.29396057128906,160.2318418847326,157.97756316447288,159.40132132182822,50133100,AAPL
2023-04-13,163.69239807128906,163.92969618258195,159.59909994312628,159.80673767634033,68445600,AAPL
2023-04-14,163.34634399414062,164.44382316709542,161.9720245871667,162.73332768738865,49386500,AAPL
2023-04-17,163.36611938476562,163.52431812616888,162.179658997566,163.22769925770336,41516200,AAPL
2023-04-18,164.59210205078125,165.52150060084674,163.78134498824443,164.22628073979516,49923000,AAPL
2023-04-19,165.73904418945312,166.26306428456468,163.67260909854727,163.92968580784367,47720200,AAPL
2023-04-20,164.77008056640625,165.9763194310247,163.69238005042013,164.21640012100644,52456400,AAPL
2023-04-21,163.1584930419922,164.57235465877127,162.63447292379246,163.1881534195007,58337300,AAPL
2023-04-24,163.4649658203125,163.73192425907348,162.04120759579996,163.1386866366401,41949600,AAPL
2023-04-25,161.92257690429688,164.43391748853472,161.88301968061162,163.32655661191464,48714100,AAPL
2023-04-26,161.91265869140625,163.4155161732815,160.9634966614439,161.2205582348382,45498800,AAPL
2023-04-27,166.51022338867188,166.65852525119462,163.32654598880194,163.32654598880194,64902300,AAPL
2023-04-28,167.7659149169922,167.9340105056485,165.98623191391812,166.58935140303254,55209200,AAPL
2023-05-01,167.6769256591797,168.52722497825897,166.7376452115908,167.37042504765017,52472900,AAPL
2023-05-02,166.6387481689453,168.42834281753628,165.65002884530062,168.1712661379265,48425700,AAPL
2023-05-03,165.56106567382812,168.9919233057137,165.27434367702065,167.58794352434566,65136000,AAPL
2023-05-04,163.91976928710938,165.1556684360722,162.45646891900202,163.02992793451995,81235400,AAPL
2023-05-05,171.6120147705078,172.33377562947254,168.8337008869275,169.05122033812108,113316400,AAPL
2023-05-08,171.5428009033203,171.88885869773142,170.168481660933,170.53430297922057,55962800,AAPL
2023-05-09,169.83236694335938,171.58238974232736,169.66428642470126,171.0979268022727,45326900,AAPL
2023-05-10,171.6021270751953,172.0668263741992,169.96084934197563,171.06822526711633,53724500,AAPL
2023-05-11,171.79000854492188,172.62052928198048,170.2278299661715,171.8888865269506,49514700,AAPL
2023-05-12,170.85934448242188,172.3345646477211,169.30490042572876,171.89892389023944,45497800,AAPL
2023-05-15,170.36427307128906,171.49297161869612,169.77021484316816,171.44346424843133,37266700,AAPL
2023-05-16,170.36427307128906,171.42365827881974,170.09694535788182,170.28506430037106,42110300,AAPL
2023-05-17,170.9781036376953,171.2157148171782,168.73060221741753,170.00782273724468,57951600,AAPL
2023-05-18,173.31472778320312,173.50284672542747,170.86921174934298,171.2850464654308,65496700,AAPL
2023-05-19,173.4236297607422,174.6414324508558,173.20580942819797,174.6414324508558,55772400,AAPL
2023-05-22,172.47314453125,172.97809854709377,171.7305793150355,172.25532419255816,43570900,AAPL
2023-05-23,169.8593292236328,171.66129487805824,169.58210606257185,171.4137731194303,50747300,AAPL
2023-05-24,170.13653564453125,170.71078788094945,168.82962874348078,169.39397044171028,45143500,AAPL
2023-05-25,171.27517700195312,172.17614480297772,169.98806071937864,170.70092465718818,56058300,AAPL
2023-05-26,173.69094848632812,174.0275895351184,171.39395459047836,171.60187949980389,54835000,AAPL
2023-05-30,175.54241943359375,177.21566879798618,174.81966018947244,175.20579349606086,55964400,AAPL
2023-05-31,175.492919921875,177.57210865507508,175.00777185545402,175.57212869440465,99625300,AAPL
2023-06-01,178.30474853515625,178.33444993394386,175.17607026429087,175.93844141740337,68901800,AAPL
2023-06-02,179.15625,179.97802407047664,177.4830004559296,179.2354587774889,61945900,AAPL
2023-06-05,177.79983520507812,183.11659785767154,176.27509267968756,180.81960374527281,121946500,AAPL
2023-06-06,177.43350219726562,178.33446990727649,175.67113339582835,178.18596289670575,64848400,AAPL
2023-06-07,176.05728149414062,179.41367589423808,175.56223798316736,176.67113061333816,61944600,AAPL
2023-06-08,178.77999877929688,179.04731136486936,175.70082791608735,176.1364534617516,50214900,AAPL
2023-06-09,179.16615295410156,180.42355258623877,178.83942242611607,179.70079329510486,48870700,AAPL
2023-06-12,181.9680633544922,182.0670780867689,179.17602617310777,179.4730552624109,54274900,AAPL
2023-06-13,181.49282836914062,182.32449774459167,180.63145759510397,180.98788948565831,54929100,AAPL
2023-06-14,182.12648010253906,182.56212075064622,180.21561965950994,181.5522278943548,57462900,AAPL
2023-06-15,184.1660919189453,184.67104599748652,181.95820196536692,182.136425495302,65433200,AAPL
2023-06-16,183.08689880371094,185.1363862861082,182.44334825251562,184.87895397960628,101235600,AAPL
2023-06-20,183.1759796142578,184.2551858622496,182.58193651385486,182.58193651385486,49799100,AAPL
2023-06-21,182.1363983154297,183.5720213426237,180.77996894802234,183.06706733943585,49515700,AAPL
2023-06-22,185.14627075195312,185.19577812392734,181.84927919785179,181.91859254012144,51245300,AAPL
2023-06-23,184.82943725585938,185.70071866604846,183.17599374881706,183.71064919871634,53079300,AAPL
2023-06-26,183.4334259033203,186.18586660248252,183.39381396241686,184.9779592329188,48088700,AAPL
2023-06-27,186.19577026367188,186.5225008066865,183.8294627923201,184.04728315432985,50730800,AAPL
2023-06-28,187.3739776611328,188.01752821246563,185.74034004157738,186.06705547946467,51216800,AAPL
2023-06-29,187.7105712890625,188.1858238773272,187.06702084863718,187.20563240999925,46347300,AAPL
2023-06-30,192.0471954345703,192.55213441538433,189.36405275409535,189.73039525314567,85069600,AAPL
2023-07-03,190.55213928222656,191.9580609253223,189.85906633761323,191.85904618822673,31458200,AAPL
2023-07-05,189.433349609375,191.06698713435688,188.7303811843197,189.6709759307026,46920300,AAPL
2023-07-06,189.90858459472656,190.11650951153766,187.32445692665846,187.95811200082892,45094300,AAPL
2023-07-07,188.789794921875,190.76007362639882,188.35416930217096,189.5125693591173,46778000,AAPL
2023-07-10,186.74029541015625,188.10662020019882,185.18585168727856,187.38384586798722,59922200,AAPL
2023-07-11,186.21556091308594,187.4234682366511,184.75023641356677,187.28485666382537,46638100,AAPL
2023-07-12,187.88882446289062,189.79968522544766,186.60170827121757,187.79970514631046,60750200,AAPL
2023-07-13,188.65118408203125,189.29474974345305,187.89872334590046,188.61158724645796,41342300,AAPL
2023-07-14,188.7996826171875,189.28481555311026,187.75019286903466,188.3442359735881,41573900,AAPL
2023-07-17,192.0669708251953,192.39370132812152,189.9085734412509,189.9976776399959,50520200,AAPL
2023-07-18,191.80955505371094,192.4036133115075,190.51254346863507,191.43333225746687,48353800,AAPL
2023-07-19,193.1659698486328,196.26493172677777,190.74024473686075,191.18579595006162,80507300,AAPL
2023-07-20,191.21551513671875,194.52240222913113,190.59175546623806,193.15607727761312,59581200,AAPL
2023-07-21,190.03729248046875,193.03725474426253,189.33432409540026,192.17588392818155,71917800,AAPL
2023-07-24,190.83924865722656,192.9778399722658,190.34420521064493,191.49270963252084,45377800,AAPL
2023-07-25,191.70065307617188,192.51253172271785,191.0075951507849,191.41353447405788,37283200,AAPL
2023-07-26,192.5718994140625,193.70059786031172,191.40360413966724,191.75012548540775,47471900,AAPL
2023-07-27,191.3046112060547,195.24515323301043,190.6412547294524,194.07685782549473,47460200,AAPL
2023-07-28,193.88873291015625,194.68080550669023,192.21548351570434,192.74022840055838,48291400,AAPL
2023-07-31,194.50259399414062,194.54220593555127,193.3243880114047,194.1164606567971,38824100,AAPL
2023-08-01,193.67092895507812,194.77982161953312,193.3441984148306,194.29468863259882,35175100,AAPL
2023-08-02,190.6709442138672,193.24516118654293,189.94818497968632,193.1065496196106,50389300,AAPL
2023-08-03,189.27491760253906,190.46301890335675,188.79968010371752,189.67096144116343,61235200,AAPL
2023-08-04,180.18592834472656,185.5224963676216,180.11661500704574,183.6809340478131,115799700,AAPL
2023-08-07,177.07708740234375,181.3146590660809,175.59195672278545,180.32457194637539,97576100,AAPL
2023-08-08,178.0176239013672,178.48296594319257,175.81962982094473,177.9087137403543,67823000,AAPL
2023-08-09,176.423583984375,179.13641237321562,175.25527360727992,179.0770095774785,60378500,AAPL
2023-08-10,176.20578002929688,178.95822060931928,175.8394526832055,177.70080592181807,54686900,AAPL
2023-08-11,176.26524353027344,177.08812715930858,175.035887610981,175.7992882281701,51988100,AAPL
2023-08-14,177.9209747314453,178.14899803745723,175.7894038505989,176.44374738395257,43675600,AAPL
2023-08-15,175.92816162109375,177.94075085454938,175.53159812671015,177.34590561297395,43622600,AAPL
2023-08-16,175.05572509765625,177.0088162608788,174.9863181633248,175.61092006059548,46964900,AAPL
2023-08-17,172.50778198242188,175.98767489704687,171.99223724872292,175.6208528452633,66062900,AAPL
2023-08-18,172.99359130859375,173.59836059602029,170.48528962334868,170.82237017622754,61114200,AAPL
2023-08-21,174.3319854736328,174.61950689363672,172.25000423465377,173.56859991663836,46311900,AAPL
2023-08-22,175.71005249023438,176.15619021692956,174.73846130997606,175.541512243613,42084200,AAPL
2023-08-23,179.56671142578125,179.99303161559698,176.80064510070915,176.9890180826326,52722800,AAPL
2023-08-24,174.86737060546875,179.54689311295104,174.50053343712446,179.12057292485625,54945800,AAPL
2023-08-25,177.07826232910156,177.61362469655592,174.3121956960464,175.85881489972726,51449600,AAPL
2023-08-28,178.64468383789062,179.04124736642365,177.018749166219,178.54553539179292,43820700,AAPL
2023-08-29,182.5409698486328,183.31427930675537,177.9605961154563,178.1588778766287,53003900,AAPL
2023-08-30,186.0407257080078,186.23902262970705,183.1556930836303,183.35397487739837,60813900,AAPL
2023-08-31,186.25880432128906,187.49808420340318,185.87214960318659,186.22906281435257,60794500,AAPL
2023-09-01,187.835205078125,188.2912516644068,186.66531684562548,187.86494658905943,45732600,AAPL
2023-09-05,188.0731201171875,188.350717612699,186.00104769428793,186.66529992482816,45280000,AAPL
2023-09-06,181.34133911132812,187.23039917082616,179.91368635412528,186.78424633825477,81755800,AAPL
2023-09-07,176.0372772216797,176.68171202364425,172.05174773151387,173.6776828022984,112488800,AAPL
2023-09-08,176.65191650390625,178.69426259870855,176.26526175899272,176.82047189213844,65551300,AAPL
2023-09-11,177.82179260253906,178.75373349578624,175.8191120741523,178.52571023294755,58953100,AAPL
2023-09-12,174.7880401611328,178.58519559094336,173.32073699502078,177.95068488711692,90370200,AAPL
2023-09-13,172.7159881591797,175.77948480311008,172.48794973853728,174.99625134216151,84267900,AAPL
2023-09-14,174.23284912109375,174.58976234555206,172.09136977434392,172.50776601489048,60895800,AAPL
2023-09-15,173.5091094970703,174.98633670911127,172.32932763975032,174.9665039932106,109205100,AAPL
2023-09-18,176.4437255859375,177.84163701778533,174.65915940995401,174.9664984209427,67257600,AAPL
2023-09-19,177.5343017578125,178.08949677364237,175.61093679016653,175.99759154247158,51826900,AAPL
2023-09-20,173.98500061035156,178.1588871164402,173.89576095445636,177.72265814247962,58436200,AAPL
2023-09-21,172.4383544921875,174.78803946069445,172.36896268457267,173.05304760725463,63047900,AAPL
2023-09-22,173.29098510742188,175.56135441857745,172.55734106823024,173.17201907467273,56725400,AAPL
2023-09-25,174.56991577148438,175.4522824052414,172.6564598476282,172.7060340664089,46172700,AAPL
2023-09-26,170.4852752685547,173.69747930093746,170.1878450472042,173.32074847329434,64588900,AAPL
2023-09-27,168.96835327148438,171.55597002980713,167.60019869586014,171.13957384349305,66921800,AAPL
2023-09-28,169.22616577148438,170.55467030699108,166.18248681585104,167.88773731405627,56294400,AAPL
2023-09-29,169.74169921875,171.58574835004075,168.87915010499984,170.54475018871184,51814200,AAPL
2023-10-02,172.25990295410156,172.80518912572896,169.46408028935463,169.75160169254372,52164500,AAPL
2023-10-03,170.9214630126953,172.14092522120978,169.35502666679727,170.78266428098559,49594600,AAPL
2023-10-04,172.17066955566406,172.7159556991738,169.50373697662062,169.6227029977764,53020300,AAPL
2023-10-05,173.40997314453125,173.94533544106068,171.19908676207933,172.29956799243436,48527900,AAPL
2023-10-06,175.9678497314453,176.46356172729125,171.69479961979252,172.30949278163357,57224100,AAPL
2023-10-09,177.45497131347656,177.51445432768062,174.2923266162491,175.29365932051672,42390800,AAPL
2023-10-10,176.860107421875,178.17870301308767,176.4238784890915,176.5726011495921,43698000,AAPL
2023-10-11,178.25802612304688,178.30760034526705,176.07689649671707,176.67174177957318,47551100,AAPL
2023-10-12,179.16021728515625,180.7762279340573,177.50452608120557,178.52570660256114,56743100,AAPL
2023-10-13,177.31617736816406,180.3697497847248,176.61225971587282,179.8641290223829,51427100,AAPL
2023-10-16,177.18728637695312,177.5441995976702,174.99623283045386,175.23418002024147,52517000,AAPL
2023-10-17,175.63075256347656,176.88986525789463,173.3009152798367,175.1350405719026,57549400,AAPL
2023-10-18,174.3319854736328,176.05706860986896,173.60825021874456,174.07422069011992,54764400,AAPL
2023-10-19,173.95526123046875,176.31484005715805,173.68757251536525,174.53027383635083,59302900,AAPL
2023-10-20,171.3973846435547,173.91559492791032,171.15943743932888,173.80653768363138,64189300,AAPL
2023-10-23,171.51634216308594,172.51767489960218,168.4726633962427,169.4442697526279,55980100,AAPL
2023-10-24,171.95257568359375,172.18059896074934,169.97963653831403,171.56592094062157,43816600,AAPL
2023-10-25,169.63265991210938,171.57584256593557,169.18650699014253,170.4059694558874,57157000,AAPL
2023-10-26,165.45875549316406,169.91025482669738,164.24921696829185,168.90890687614655,70625300,AAPL
2023-10-27,166.77734375,167.5110029440003,165.39926501775972,165.47858075180807,58499100,AAPL
2023-10-30,168.82957458496094,169.70203248533966,167.42175441803172,167.57047708446643,51131000,AAPL
2023-10-31,169.30548095703125,169.43435579022267,166.4600837859852,167.89766069037708,44846000,AAPL
2023-11-01,172.47802734375,172.73579212701503,168.66103905073186,169.5334969755198,56934900,AAPL
2023-11-02,176.04718017578125,176.2553707597914,173.95527477340474,174.01475779740764,77334800,AAPL
2023-11-03,175.13502502441406,175.3035803991637,171.86333827281126,172.74570493436423,79763700,AAPL
2023-11-06,177.69290161132812,177.8911833660216,174.69881232122145,174.86735256910734,63841300,AAPL
2023-11-07,180.26071166992188,180.87538968418906,177.4351473327296,177.64333789269085,70530000,AAPL
2023-11-08,181.321533203125,181.87672821790486,180.03267898856913,180.78617090399572,49340300,AAPL
2023-11-09,180.8456268310547,182.54095313093342,180.25076647408798,181.3909129702863,53763500,AAPL
2023-11-10,185.04489135742188,185.2136688107188,182.19576071339824,182.63256439705196,66133400,AAPL
2023-11-13,183.45654296875,184.67759686655458,182.87083578949566,184.46913200851657,43627500,AAPL
2023-11-14,186.07733154296875,186.74245888927783,184.94561983989882,186.33543591459554,60108400,AAPL
2023-11-15,186.6431884765625,188.12236184083608,186.414864785386,186.4843631662735,53790500,AAPL
2023-11-16,188.33082580566406,189.57173837709286,187.27851922089127,188.19184420357837,54412900,AAPL
2023-11-17,188.3109893798828,188.99597562451044,187.19913643084107,188.8669158544037,50922700,AAPL
2023-11-20,190.0581817626953,190.51484429092645,188.4996033239707,188.50952517211448,46505100,AAPL
2023-11-21,189.25405883789062,190.12766614172318,188.36060783923182,190.0184652287441,38134500,AAPL
2023-11-22,189.91917419433594,191.52739194971423,189.44266803493824,190.09787347152113,39617700,AAPL
2023-11-24,188.58892822265625,189.51215989530726,187.8741613770549,189.48237920572873,24048300,AAPL
2023-11-27,188.4102325439453,189.28383984926063,187.52670339120002,188.53929229982836,40552600,AAPL
2023-11-28,189.0157928466797,189.6908571482296,188.0230628104096,188.40030507150686,38415400,AAPL
2023-11-29,187.99330139160156,190.69352857887446,187.5962153955331,189.5121772909601,43014200,AAPL
2023-11-30,188.569091796875,188.93641225844013,186.82189215984647,188.45989087281944,48794400,AAPL
2023-12-01,189.84970092773438,190.1673666680402,187.85430382511626,188.94631294335792,45679300,AAPL
2023-12-04,188.0528564453125,188.66835941071503,186.08725507958516,188.59886103241988,43389500,AAPL
2023-12-05,192.0138397216797,192.98671090530596,188.79738898570994,188.8271848225055,66628400,AAPL
2023-12-06,190.92185974121094,193.3441084564195,190.71337975554792,193.03636454966008,41089700,AAPL
2023-12-07,192.85768127441406,193.5823700079149,192.18261692775607,192.22233461466143,47477700,AAPL
2023-12-08,194.28720092773438,194.56516412443645,192.26202318278135,192.78816888710017,53377300,AAPL
2023-12-11,191.7755889892578,192.08334803730577,190.0283895071003,191.70610576075973,60943700,AAPL
2023-12-12,193.2944793701172,193.30440121762786,190.32621099568146,191.67632450221151,52696900,AAPL
2023-12-13,196.5208740234375,196.5605765657659,193.433482543182,193.67172809287342,70404200,AAPL
2023-12-14,196.66976928710938,198.16878635020208,194.73394853732478,196.58042720970235,66831600,AAPL
2023-12-15,196.1336669921875,196.95761953527563,195.56780363961917,196.09394931067894,128256700,AAPL
2023-12-18,194.4658966064453,195.20052232582978,192.9768014723469,194.66443959475328,55751900,AAPL
2023-12-19,195.50828552246094,195.51820737110475,194.46591579616017,194.73395718814848,40714100,AAPL
2023-12-20,193.4136199951172,196.24289187855894,193.4136199951172,195.46856356116558,52242800,AAPL
2023-12-21,193.26467895507812,195.64724016492798,192.09326476649224,194.67436895686498,46482500,AAPL
2023-12-22,192.19253540039062,193.98937428927292,191.56711064871152,193.7610354812219,37122800,AAPL
2023-12-26,191.64654541015625,192.48043504376977,191.42814358023,192.20247183256527,28919300,AAPL
2023-12-27,191.74583435058594,192.0932959838613,189.70081253792972,191.09064392317032,48087700,AAPL
2023-12-28,192.17269897460938,193.24484932489418,191.76567598880632,192.72862541967714,34049900,AAPL
2023-12-29,191.1303253173828,192.98672576072192,190.33613820624774,192.4903607097449,42628800,AAPL
2024-01-02,184.29042053222656,187.07006792285642,182.55314280656535,185.78943757371047,82488700,AAPL
2024-01-03,182.9105224609375,184.52867738484042,182.0964765011294,182.88074176951616,58414500,AAPL
2024-01-04,180.58753967285156,181.7589539428833,179.5650288616003,180.82578520690032,71983600,AAPL
2024-01-05,179.86285400390625,181.43136956938284,178.86020193485106,180.66697820637782,62303300,AAPL
2024-01-08,184.2110137939453,184.2507314848132,180.18053159891653,180.76623878240164,59144500,AAPL
2024-01-09,183.7940673828125,183.80398923151574,181.40158398145778,182.58293533514995,42841800,AAPL
2024-01-10,184.83642578125,185.0448906262594,182.58292413922769,183.00980597306068,46792900,AAPL
2024-01-11,184.24078369140625,185.69017636593313,182.28510409693843,185.1838742981323,49128400,AAPL
2024-01-12,184.56838989257812,185.38243589635255,183.84370111575322,184.70737150933715,40444700,AAPL
2024-01-16,182.29502868652344,182.92043833380222,179.61464536328148,180.83571426310817,65603000,AAPL
2024-01-17,181.3519287109375,181.6001112377356,178.98924135636386,179.95219077216925,47317400,AAPL
2024-01-18,187.25868225097656,187.76496914507203,184.47903496158258,184.73713933247967,78005800,AAPL
2024-01-19,190.16738891601562,190.55455307634924,187.44731794521132,187.95360487861367,68741000,AAPL
2024-01-22,192.48043823242188,193.90997199821769,190.86228332421425,190.90200101096366,60133900,AAPL
2024-01-23,193.7610626220703,194.3269260762536,192.42088601370864,193.60223731108647,42355600,AAPL
2024-01-24,193.08599853515625,194.9523359132993,192.92715808853583,193.99930838143553,53631300,AAPL
2024-01-25,192.75840759277344,194.84314692565724,191.70611607825748,193.80077725921535,54822100,AAPL
2024-01-26,191.02113342285156,193.34411833566054,190.54462719280716,192.85769025735726,44594000,AAPL
2024-01-29,190.3361358642578,190.80272021826386,188.20177223046258,190.614099077556,47145600,AAPL
2024-01-30,186.67295837402344,190.4056331853674,186.10711010289756,189.5518847070131,55859400,AAPL
2024-01-31,183.05943298339844,185.7398164976455,183.00980859435379,185.6802399646441,55467800,AAPL
2024-02-01,185.50157165527344,185.59091374061754,182.4836784167144,182.65244073831812,64885400,AAPL
2024-02-02,184.4989013671875,185.96813772334343,177.9468764270477,178.55244241438749,102518000,AAPL
2024-02-05,186.31558227539062,187.87417583998953,184.48896248395178,186.78216664518396,69668800,AAPL
2024-02-06,187.92381286621094,187.9337347140823,185.4122068995574,185.50154897397763,43490800,AAPL
2024-02-07,188.03302001953125,189.66109684812312,187.23883287556598,189.2540738540102,53439000,AAPL
2024-02-08,186.95094299316406,188.16205980044833,185.98799356738817,188.0131563419714,40962000,AAPL
2024-02-09,187.71630859375,188.8494643803939,186.8714052160575,187.5174970927484,45155200,AAPL
2024-02-12,186.02651977539062,187.53739935899367,185.66868027314752,187.288900125969,41781900,AAPL
2024-02-13,183.92918395996094,185.09217370700773,182.4083698811328,184.6548126341336,56529500,AAPL
2024-02-14,183.0445098876953,184.41623036442274,181.34478380471282,184.20749952407863,54630500,AAPL
2024-02-15,182.75625610351562,183.3824789542038,180.26132954316023,182.4481195157763,65434500,AAPL
2024-02-16,181.21554565429688,183.7403059011213,180.57938833891825,182.31888265706775,49701400,AAPL
2024-02-20,180.47006225585938,181.33483464555084,178.91942962585208,180.69867728023533,53665600,AAPL
2024-02-21,181.22552490234375,181.79209525720324,179.57548638259638,180.8478012209779,41529700,AAPL
2024-02-22,183.26319885253906,183.84966853541172,181.36467634977905,182.37854224114136,52292200,AAPL
2024-02-23,181.42431640625,183.92917764586625,181.13604881484736,183.89935895257477,45119700,AAPL
2024-02-26,180.0724639892578,181.66284976948523,179.56551591408572,181.14598235368476,40867400,AAPL
2024-02-27,181.53363037109375,182.81587949842793,178.48205308405986,180.01281656480094,54318900,AAPL
2024-02-28,180.33091735839844,182.02070906977036,179.0486680197237,181.4143703487687,48953900,AAPL
2024-02-29,179.66494750976562,181.47402922690614,178.45227002550848,180.1818301671186,136682600,AAPL
2024-03-01,178.5814666748047,179.44623902736157,176.3151552102376,178.47212642137438,73488000,AAPL
2024-03-04,174.0488739013672,175.8380562970389,172.74672514229152,175.0925585764457,81510100,AAPL
2024-03-05,169.09873962402344,171.00721175997333,168.60174119797853,169.73489700267342,95132400,AAPL
2024-03-06,168.104736328125,170.21201988746688,167.6673753032203,170.03309257401145,68587700,AAPL
2024-03-07,167.9854736328125,169.70508399774383,167.47854068144582,168.13456709874717,71765100,AAPL
2024-03-08,169.705078125,172.6572499858552,167.92583043526673,167.9854678195768,76114600,AAPL
2024-03-11,171.71295166015625,173.33317133974063,171.01715691552084,171.90181348381185,60139500,AAPL
2024-03-12,172.1900634765625,172.98526395951052,169.98338934079592,172.11054191154895,59825400,AAPL
2024-03-13,170.10267639160156,172.15030736266894,169.73488726374302,171.7328305288075,52488700,AAPL
2024-03-14,171.96145629882812,173.26358975503445,171.0171623179081,171.87200022180366,72913500,AAPL
2024-03-15,171.58372497558594,171.58372497558594,169.2677105816515,170.14243263043366,121664700,AAPL
2024-03-18,172.67713928222656,176.64319229534289,172.4783429395777,174.51603957790343,75604200,AAPL
2024-03-19,175.02297973632812,175.54979689128342,171.9912860926869,173.29341963294198,55215200,AAPL
2024-03-20,177.59742736816406,177.59742736816406,174.0389165846836,174.66513949599232,53423100,AAPL
2024-03-21,170.3412322998047,176.42450322724187,169.81441519205438,175.98714219427453,106181300,AAPL
2024-03-22,171.24578857421875,172.0111704512642,169.0391141931604,170.7289059277682,71106600,AAPL
2024-03-25,169.82435607910156,170.90780893012868,168.43275148556643,169.54603819383198,54288300,AAPL
2024-03-26,168.6912078857422,170.39093396328443,168.56198344496033,168.97946029150032,57388400,AAPL
2024-03-27,172.26959228515625,172.55785986634996,169.08880538680637,169.3870074763491,60273300,AAPL
2024-03-28,170.4505615234375,171.19605909940955,169.4863834451387,170.7189448975998,65672700,AAPL
2024-04-01,169.00929260253906,170.22197004043582,168.46259127116116,170.16233265286536,46240500,AAPL
2024-04-02,167.82643127441406,168.3234297194346,167.22009256480143,168.0649959882119,49329500,AAPL
2024-04-03,168.63156127929688,169.6553768320082,167.56799252573734,167.7767233727702,47691700,AAPL
2024-04-04,167.8065643310547,170.88794562795422,167.8065643310547,169.2677258236611,53704400,AAPL
2024-04-05,168.56198120117188,169.3671161921521,167.93575835610383,168.57191570910442,42055200,AAPL
2024-04-08,167.43878173828125,168.1842794442996,167.23005087422234,168.01530178433154,37425500,AAPL
2024-04-09,168.65147399902344,169.05901642081855,167.3394058083934,167.68729566804038,42451200,AAPL
2024-04-10,166.77279663085938,168.0749301271986,166.1068205360595,167.78667770328389,49709300,AAPL
2024-04-11,173.98919677734375,174.40668878905643,167.15050896636146,167.32942111379162,91070300,AAPL
2024-04-12,175.49014282226562,177.2892746522008,173.16419388744958,173.21388159504414,101593300,AAPL
2024-04-15,171.6533203125,175.56967037066977,171.46445848220424,174.30729011068368,73531800,AAPL
2024-04-16,168.36317443847656,172.7168698915991,167.25983743883052,170.71894188345593,73711200,AAPL
2024-04-17,166.99148559570312,169.62557141471189,166.99148559570312,168.59182127268286,50901200,AAPL
2024-04-18,166.0372314453125,167.62763251332663,165.55018268321453,167.02129381245496,43122900,AAPL
2024-04-19,164.0094757080078,165.40106519259456,163.0950004513954,165.21221853676252,67772100,AAPL
2024-04-22,164.84445190429688,166.2559257648484,163.78088304598398,164.52638076461832,48116400,AAPL
2024-04-23,165.8980712890625,166.0471799196536,163.92996173620628,164.3573882766078,49537800,AAPL
2024-04-24,168.00535583496094,168.2836737462142,165.21222704669103,165.540232667877,48251800,AAPL
2024-04-25,168.87013244628906,169.58581142644354,167.14057238305094,168.51229295621184,50558300,AAPL
2024-04-26,168.2836456298828,170.3113922398221,168.16435571128443,168.86016554035234,44838400,AAPL
2024-04-29,172.4584503173828,174.97326108846298,172.06085765153782,172.3292258757486,68169400,AAPL
2024-04-30,169.30747985839844,173.9395086711804,168.9794590883409,172.28947031289857,65934800,AAPL
2024-05-01,168.2836456298828,171.67317804291875,168.09478382868932,168.56196349463553,50383100,AAPL
2024-05-02,171.99127197265625,172.37893013348045,169.8641193422282,171.4743893691613,94214900,AAPL
2024-05-03,182.27915954589844,185.8774235329829,181.56348055207545,185.52951854505613,163224100,AAPL
2024-05-06,180.6191864013672,183.0942290168702,179.33692188523904,181.25534382134734,78569700,AAPL
2024-05-07,181.30502319335938,183.79001537072006,180.23151991986552,182.34872294128857,77305800,AAPL
2024-05-08,181.6429901123047,181.97101089337855,180.36072568018065,181.75233037266264,45057100,AAPL
2024-05-09,183.46202087402344,183.55147695770702,181.0167817496789,181.46407733528633,48983000,AAPL
2024-05-10,182.1979217529297,184.22841905381327,181.28220609270682,184.039301056681,50759500,AAPL
2024-05-13,185.4128875732422,186.22907786103977,183.76061103045285,184.57680131825043,72044800,AAPL
2024-05-14,186.55752563476562,187.42348620330452,185.42283282321628,186.63715506565202,52393600,AAPL
2024-05-15,188.83688354492188,189.76254724660947,186.4978163614719,187.03531124896162,70400000,AAPL
2024-05-16,188.95631408691406,190.21045865928463,188.7771592552961,189.58338637309936,52845200,AAPL
2024-05-17,188.9861602783203,189.92178705781208,188.29936976198016,188.62783545187153,41282900,AAPL
2024-05-20,190.15072631835938,191.02663488992152,188.1301769262196,188.44869465688268,44361300,AAPL
2024-05-21,191.4546356201172,191.83285642957057,190.03128423275254,190.20049107683238,42309400,AAPL
2024-05-22,190.01136779785156,191.92244369758092,189.38431073139583,191.37500087150013,34648500,AAPL
2024-05-23,186.0100860595703,190.11090276702717,185.76124979940406,190.09099161364105,51005900,AAPL
2024-05-24,189.0956573486328,189.6928704821682,187.16468542966413,187.94106857836448,36294600,AAPL
2024-05-28,189.10560607910156,192.1015891258543,188.219749617586,190.61851957640835,52280100,AAPL
2024-05-29,189.4042205810547,191.35510374397245,188.6278525845266,188.7273931739324,53068000,AAPL
2024-05-30,190.39956665039062,191.2854232244703,189.7426503955058,189.8720349370489,49947900,AAPL
2024-05-31,191.35508728027344,191.67360498875826,189.02598349107927,190.54886021384164,75158300,AAPL
2024-06-03,193.12680053710938,194.0823384761381,191.62383496596826,192.0020557606219,50080500,AAPL
2024-06-04,193.44532775878906,194.41081372828987,192.13146492648488,193.73397115741048,47471400,AAPL
2024-06-05,194.95823669433594,195.9834409155792,193.96289161058436,194.49042328995185,54156800,AAPL
2024-06-06,193.57470703125,195.58530834672572,193.2661524862918,194.77908126144504,41181800,AAPL
2024-06-07,195.97349548339844,196.02326577578603,193.23629646745044,193.7439169991778,53103900,AAPL
2024-06-10,192.22103881835938,196.3815891899795,191.25555286655262,195.98344204153506,97262100,AAPL
2024-06-11,206.1857147216797,206.19567789204126,192.7286609927464,192.74855695795014,172373300,AAPL
2024-06-12,212.0782012939453,219.1750019825869,205.9369082694312,206.40472171133436,198134300,AAPL
2024-06-13,213.24273681640625,215.74104751612717,210.61502639534655,213.74040935969603,97862700,AAPL
2024-06-14,211.50086975097656,214.16838712685717,210.31640674162668,212.8545395919822,70122700,AAPL
2024-06-17,215.6614227294922,217.9308083607288,211.72981259041407,212.37678083551464,93728300,AAPL
2024-06-18,213.29248046875,217.61228945527094,212.008492058615,216.5771221156608,79943300,AAPL
2024-06-20,208.70394897460938,213.24273529474334,207.87782592387282,212.93416556238657,86172500,AAPL
2024-06-21,206.52415466308594,210.90366690915465,206.14591867526494,209.41064929966387,246421400,AAPL
2024-06-24,207.17111206054688,211.70988292620214,205.62832424046638,206.75306897426384,80727000,AAPL
2024-06-25,208.0968017578125,210.3960464470149,207.6389363414956,208.1764159984445,56713900,AAPL
2024-06-26,212.25733947753906,213.8598456726642,209.65948819693895,210.51548557795786,66213200,AAPL
2024-06-27,213.1033935546875,214.73575892320002,211.36153961685812,213.69064352295018,49772700,AAPL
2024-06-28,209.6395721435547,215.0642148828325,209.3210696212814,214.76560832661605,82542700,AAPL
2024-07-01,215.7410430908203,216.4974998735104,210.933524598722,211.10273143743845,60402900,AAPL
2024-07-02,219.24464416503906,219.35413272093265,214.09871241355896,215.14381249791867,58046200,AAPL
2024-07-03,220.51870727539062,220.51870727539062,218.01043340115498,218.97591935149836,37369800,AAPL
2024-07-05,225.28640747070312,225.39589603978789,220.61823649717394,220.61823649717394,60412400,AAPL
2024-07-08,226.75953674316406,226.78939588229815,222.21080217009418,226.0329238568709,59085900,AAPL
2024-07-09,227.61550903320312,228.33215871662,225.3162642938077,226.8690002119573,48076100,AAPL
2024-07-10,231.8955078125,231.9950484021832,228.18287467129386,228.23264496613547,62627700,AAPL
2024-07-11,226.51071166992188,231.30826757731523,224.7190872943915,230.31292238954973,64710600,AAPL
2024-07-12,229.46685791015625,231.55708874298097,227.6155153743793,227.8544036714271,53046500,AAPL
2024-07-15,233.3088836669922,236.12571210202407,232.00498402552307,235.37920328245679,62631300,AAPL
2024-07-16,233.72694396972656,235.17019132901206,231.2485291999769,233.90609879782943,43234300,AAPL
2024-07-17,227.81459045410156,230.38258262455565,225.58501197125685,228.38192926123955,57345900,AAPL
2024-07-18,223.13645935058594,229.3673294560276,221.23536173419896,229.20807059344992,66034600,AAPL
2024-07-19,223.26583862304688,225.74425318618754,222.24063446922685,223.773474302542,49151500,AAPL
2024-07-22,222.91751098632812,226.71972163861233,222.05155036063144,225.95330160503406,48201800,AAPL
2024-07-23,223.96258544921875,225.88360930378687,221.64342964759248,223.32556522126958,39960300,AAPL
2024-07-24,217.522705078125,223.75357494115906,216.1192800710717,222.9572958470105,61777600,AAPL
2024-07-25,216.47763061523438,219.82199105766173,213.6209795952312,217.9109149296213,51391200,AAPL
2024-07-26,216.94541931152344,218.46829606182757,215.0044842643322,217.6819649471348,41601300,AAPL
2024-07-29,217.22412109375,218.27918447457574,214.74570631572197,215.95008057489312,36311800,AAPL
2024-07-30,217.78150939941406,219.30438617677734,215.11397665237357,218.16969337819762,41643800,AAPL
2024-07-31,221.04623413085938,222.77814001369308,219.60298682237814,220.40921389598267,50036300,AAPL
2024-08-01,217.3435516357422,223.43505864730554,216.0097928775357,223.3255700813178,62501000,AAPL
2024-08-02,218.83657836914062,224.54986481713928,216.69659243938975,218.12987665236415,105568600,AAPL
2024-08-05,208.29586791992188,212.506173331003,195.0876345333798,198.16324716744046,119548600,AAPL
2024-08-06,206.26535034179688,209.01251239840335,200.13403637997632,204.34434168651262,69660500,AAPL
2024-08-07,208.8433074951172,212.64551772150753,205.42926604632788,205.93688655864335,63516400,AAPL
2024-08-08,212.3170623779297,213.2029189157903,207.85792055043288,212.1179963940502,47161100,AAPL
2024-08-09,215.23342895507812,215.77090862412464,210.98330114399806,211.11270086651854,42201600,AAPL
2024-08-12,216.76803588867188,218.7410960979999,214.8448035806853,215.31315848368175,38028100,AAPL
2024-08-13,220.49493408203125,221.11275746457662,218.2428407360094,218.2428407360094,44155300,AAPL
2024-08-14,220.943359375,222.24876826808693,218.93043078284688,219.7973936824548,41960600,AAPL
2024-08-15,223.93284606933594,224.56064415441705,221.97970491871703,223.81327127421198,46414000,AAPL
2024-08-16,225.25819396972656,226.03546056539557,222.86659157853387,223.1356500786779,44340200,AAPL
2024-08-19,225.0987548828125,225.19841068626937,222.25873174304007,224.92935218120843,40687800,AAPL
2024-08-20,225.71656799316406,226.3742597731608,224.66028342820331,224.9791698204466,30299000,AAPL
2024-08-21,225.60696411132812,227.18143154067607,224.26170199000447,225.7265541171402,34765500,AAPL
2024-08-22,223.74351501464844,227.5401669123529,223.11571691317775,226.9920904114928,43695300,AAPL
2024-08-23,226.04541015625,227.42058109078098,223.544207780358,224.86955081625499,38677300,AAPL
2024-08-26,226.3842315673828,226.48388737170686,223.1057623977585,225.9657045588355,30602200,AAPL
2024-08-27,227.2312469482422,228.04838192077386,224.1022464634546,225.20835892301574,35934600,AAPL
2024-08-28,225.69664001464844,229.05483047059747,224.8894645684117,227.1216236092518,38052200,AAPL
2024-08-29,228.98507690429688,232.10411789712717,228.07827604001008,229.294003797999,51906300,AAPL
2024-08-30,228.19786071777344,229.59295072736154,226.68318070354871,229.38369482859366,52990800,AAPL
2024-09-03,221.9896697998047,228.19784265919515,220.39526831044307,227.7494219919808,50190600,AAPL
2024-09-04,220.076416015625,221.00315112701452,216.71821006143196,220.88357632692316,43840200,AAPL
2024-09-05,221.60104370117188,224.6901757794695,220.744055533832,220.85367082984084,36615400,AAPL
2024-09-06,220.0465087890625,224.4510243839852,219.00018373655976,223.16553454066073,48423000,AAPL
2024-09-09,220.13619995117188,220.49493955114087,215.95091475509392,220.04651885251477,67180000,AAPL
2024-09-10,219.3389892578125,220.70418549359823,215.97082401031443,218.15315521125123,51591000,AAPL
2024-09-11,221.88006591796875,222.3085524071335,217.126770108234,220.6842723421212,44587100,AAPL
2024-09-12,221.9896697998047,222.7669363444001,219.05000630879996,221.72061131734026,37498200,AAPL
2024-09-13,221.7206268310547,223.25522582753553,221.13269713278441,222.7968456308755,36766600,AAPL
2024-09-16,215.56228637695312,216.45912779468063,213.1706839207783,215.7815017768951,59357400,AAPL
2024-09-17,216.03062438964844,216.14023969143096,213.74865245933694,214.99427397716522,45519300,AAPL
2024-09-18,219.91696166992188,221.9298901997397,216.777986478492,216.7879611815548,59894900,AAPL
2024-09-19,228.06829833984375,229.014982798629,223.84316014627527,224.20189972925183,66781300,AAPL
2024-09-20,227.40065002441406,232.27352055331795,226.82267984404155,229.1644542640561,318679900,AAPL
2024-09-23,225.67672729492188,228.64628476177805,225.01903547850176,226.54367501316779,54146000,AAPL
2024-09-24,226.5735626220703,228.5466380182851,224.93930782860403,227.8490778167103,43556100,AAPL
2024-09-25,225.57705688476562,226.49383244586693,223.2352976856936,224.1420985437932,42308700,AAPL
2024-09-26,226.72303771972656,227.69960067739044,224.62042810744603,226.50380712846774,36636700,AAPL
2024-09-27,226.99209594726562,228.71604709249937,226.50382203896112,227.65976246799463,34026000,AAPL
2024-09-30,232.18385314941406,232.18385314941406,228.84558136748996,229.23421467656505,54541900,AAPL
2024-10-01,225.41763305664062,228.84557057238277,222.9562838134916,228.71603627902877,63285000,AAPL
2024-10-02,225.98562622070312,226.57355589970402,222.2388023482828,225.09874435066007,32880600,AAPL
2024-10-03,224.87950134277344,226.0155074417467,222.5377422537936,224.35135909006985,34044200,AAPL
2024-10-04,226.0055694580078,227.20136306464835,223.3449237414969,227.1017072618697,37245100,AAPL
2024-10-07,220.91346740722656,224.8994562199718,220.55472780586587,223.7136221153256,39505400,AAPL
2024-10-08,224.9791717529297,225.1884276449642,222.46799461113406,223.51431968732726,31855700,AAPL
2024-10-09,228.7359619140625,228.94523301761674,224.0424685900414,224.44106139019914,33591100,AAPL
2024-10-10,228.2377166748047,228.6961120865482,226.37427173832708,226.98213565099735,28183500,AAPL
2024-10-11,226.7529296875,228.60641499605356,226.54365859549918,228.49679970126073,31759200,AAPL
2024-10-14,230.48980712890625,230.91829362955485,227.79926770980506,227.89890830734765,39882100,AAPL
2024-10-15,233.03086853027344,236.65811760908664,231.5560417756155,232.79170373632726,64751400,AAPL
2024-10-16,230.96810913085938,231.3069145139278,229.0349022193022,230.78874694170784,34082200,AAPL
2024-10-17,231.33682250976562,233.0308799404877,229.71254238803704,232.6123377292532,32993800,AAPL
2024-10-18,234.1768341064453,235.35269346424636,233.19029643777657,235.35269346424636,46431500,AAPL
2024-10-21,235.6516571044922,236.02037141360947,233.62876897482323,233.62876897482323,36254500,AAPL
2024-10-22,235.03382873535156,235.3925683333293,231.7852533575211,233.07072804715946,38846600,AAPL
2024-10-23,229.95169067382812,234.31635331873264,226.96219904424217,233.26006870913344,52287000,AAPL
2024-10-24,229.76235961914062,230.0114839114603,227.60992208421712,229.17441473320775,31109500,AAPL
2024-10-25,230.5994110107422,232.40306843409212,228.76585988907573,228.935262581316,38802300,AAPL
2024-10-28,232.5824432373047,233.9077863541258,231.73542973016842,232.50273684103132,36087100,AAPL
2024-10-29,232.85150146484375,233.50919327337175,231.50623935322642,232.28350596136286,35417200,AAPL
2024-10-30,229.29400634765625,232.65219696606212,228.74592985962587,231.79520878623467,47070900,AAPL
2024-10-31,225.11868286132812,229.02495000446748,224.5805658660821,228.53666090957242,64370100,AAPL
2024-11-01,222.12918090820312,224.56063636026596,219.4984290694042,220.1959740256502,65276700,AAPL
2024-11-04,221.23233032226562,222.0095968952219,218.94039900502227,220.21591416091667,44944500,AAPL
2024-11-05,222.66729736328125,223.1655459656629,220.36539125313263,221.02308305755813,28111300,AAPL
2024-11-06,221.93984985351562,225.27812143912794,220.41521040716108,221.83023455712816,54561100,AAPL
2024-11-07,226.68316650390625,227.08177448549134,223.78337136524107,223.8431587611439,42137700,AAPL
2024-11-08,226.41383361816406,228.10973956989392,225.8651541338214,226.6233197345054,38328800,AAPL
2024-11-11,223.69039916992188,225.15686291743452,220.96697301971395,224.4585504714927,42005600,AAPL
2024-11-12,223.69039916992188,225.04712701721013,222.82249764582772,224.00963641496367,40398300,AAPL
2024-11-13,224.5782470703125,226.10456392944064,222.2239257676591,223.4709176605461,48566200,AAPL
2024-11-14,227.67079162597656,228.31922131738446,224.45853931227538,224.47849544461576,44923900,AAPL
2024-11-15,224.4585418701172,226.3739196007606,223.73030286311794,225.8551667084814,47923700,AAPL
2024-11-18,227.4712677001953,229.18712968944305,224.62812021676072,224.70792952115227,44686000,AAPL
2024-11-19,227.73065185546875,229.60613257977118,226.11455519341968,226.43377721041003,36211800,AAPL
2024-11-20,228.44891357421875,229.37666823104936,225.34639715216647,227.51117324017346,35169600,AAPL
2024-11-21,227.97007751464844,229.60613029336434,225.16684213362325,228.3292117939797,42108300,AAPL
2024-11-22,229.3168182373047,230.16477882059493,227.51117639639193,227.51117639639193,38168300,AAPL
2024-11-25,232.30960083007812,232.68869124314412,229.1871434272115,230.9030055193102,90152800,AAPL
2024-11-26,234.49432373046875,235.00310615337486,232.76849125195545,232.76849125195545,45986200,AAPL
2024-11-27,234.36463928222656,235.12282010257627,233.24733940643014,233.9057547855541,33498400,AAPL
2024-11-29,236.7588653564453,237.2377059705746,233.40695061340287,234.24492549364632,28481400,AAPL
2024-12-02,239.013427734375,240.21053691361496,236.58928278806928,236.69901868412032,48137100,AAPL
2024-12-03,242.06607055664062,242.1758064568113,238.32509471728144,239.232908507596,38861000,AAPL
2024-12-04,242.42520141601562,243.5225604021956,240.66944226019712,242.28553892887177,44383900,AAPL
2024-12-05,242.4551239013672,243.95151419061432,241.54732536132988,243.40284992887905,40033900,AAPL
2024-12-06,242.25559997558594,244.04130085085734,241.49743440151175,242.32543882662802,36870600,AAPL
2024-12-09,246.1562042236328,246.64503053466012,241.16823655952678,241.24804586880077,44649200,AAPL
2024-12-10,247.1737518310547,247.612695417372,244.7495916510093,246.2958646584201,36914800,AAPL
2024-12-11,245.89683532714844,250.19646101706442,245.66737785476369,247.3632990378159,45205800,AAPL
2024-12-12,247.36329650878906,248.1414182384854,245.08876927344312,246.2958641332418,32777500,AAPL
2024-12-13,247.5328826904297,248.69007959411312,245.647431564018,247.223631137632,33155300,AAPL
2024-12-16,250.43588256835938,250.77507595019196,247.05404098232512,247.3932343641577,51694800,AAPL
2024-12-17,252.8699951171875,253.21915892963332,249.1789022262073,249.47818331943677,51356400,AAPL
2024-12-18,247.4530792236328,253.66808268004456,247.14382766353577,251.55318925842403,56774100,AAPL
2024-12-19,249.1888885498047,251.3935770141874,246.49538898335234,246.90440599607692,60882300,AAPL
2024-12-20,253.87759399414062,254.3863612366688,245.09876750312787,247.44310326755718,147495300,AAPL
2024-12-23,254.6557159423828,255.03479114956258,252.8400883307868,254.15691915529422,40858800,AAPL
2024-12-24,257.57867431640625,257.58862955018265,254.67565812568793,254.87518901917565,23234700,AAPL
2024-12-26,258.39666748046875,259.47408555117545,257.0100282923795,257.56867823862046,27237100,AAPL
2024-12-27,254.9749298095703,258.0774615569102,252.4510193654514,257.20952960207876,42355300,AAPL
2024-12-30,251.59307861328125,252.88995321263158,250.14657107718884,251.62300520062965,35557500,AAPL
2024-12-31,249.81736755371094,252.67048563095815,248.82974448856297,251.83251072711272,39480700,AAPL
2025-01-02,243.26319885253906,248.5005651105234,241.23808511721737,248.3309608077005,55740700,AAPL
2025-01-03,242.7743682861328,243.5923870862029,241.3079045417172,242.7743682861328,40244100,AAPL
2025-01-06,244.41041564941406,246.73481040856498,242.61474424512696,243.72207367593157,45045600,AAPL
2025-01-07,241.62713623046875,244.9590949760797,240.76920518354387,242.3952722906863,40856000,AAPL
2025-01-08,242.11595153808594,243.12353076570005,239.47233471944105,241.33782978685954,37628900,AAPL
2025-01-10,236.28004455566406,239.58207685657038,232.43930319937854,239.43242868693397,61710900,AAPL
2025-01-13,233.83592224121094,234.10527676213235,229.16719172961072,232.96802072299363,49630700,AAPL
2025-01-14,232.71861267089844,235.55177458449063,231.9105643637605,234.1850763475817,39435300,AAPL
2025-01-15,237.2975616455078,238.38495013235746,233.86583756026477,234.07533889356793,39832000,AAPL
2025-01-16,227.710693359375,237.4372302632713,227.4812511099753,236.77883010316478,71759100,AAPL
2025-01-17,229.4265594482422,231.73099810398455,227.93016912923343,231.5614090278119,68488300,AAPL
2025-01-21,222.10421752929688,223.87993275191027,218.85206818023312,223.46094530610958,98070400,AAPL
2025-01-22,223.29136657714844,223.58066200952604,219.26108010259503,219.26108010259503,64126500,AAPL
2025-01-23,223.1217803955078,226.4836658384098,221.76505253825962,224.19918327232872,60234800,AAPL
2025-01-24,222.24388122558594,225.08702882156655,220.877182986192,224.23906824814947,54697900,AAPL
2025-01-27,229.30685424804688,231.59133678218907,223.44099929694335,223.4809115633434,94863400,AAPL
2025-01-28,237.68663024902344,239.61199368769647,230.25456145518996,230.2944737209622,75707600,AAPL
2025-01-29,238.7839813232422,239.28277807440017,233.446849997024,233.55658589116152,45486100,AAPL
2025-01-30,237.0182342529297,240.21053038482776,236.63915907674937,238.09563705158317,55658300,AAPL
2025-01-31,235.4320831298828,246.59515764263173,232.87824601959832,246.59515764263173,101075100,AAPL
2025-02-03,227.46128845214844,231.27210292869276,225.1568499027089,229.4365345420127,73063300,AAPL
2025-02-04,232.23977661132812,232.5689843025687,226.10456727432145,226.70312948058964,45067300,AAPL
2025-02-05,231.91058349609375,232.11009917003332,227.7206934550818,227.98006230899622,39620300,AAPL
2025-02-06,232.6587677001953,233.23737378273856,229.875473186273,230.7334042435517,29925300,AAPL
2025-02-07,227.08221435546875,233.43688010961284,226.71309440770742,232.04025529180169,39707200,AAPL
2025-02-10,227.3518524169922,230.2880044885276,226.90244480659103,229.26935130196645,33115600,AAPL
2025-02-11,232.3153533935547,234.92193591818142,227.83124330015124,227.90114370319637,53718400,AAPL
2025-02-12,236.55978393554688,236.64967765066982,230.377888084301,230.89721134547665,45243300,AAPL
2025-02-13,241.21368408203125,242.02262084431055,235.2614980047627,236.5997394445533,53614100,AAPL
2025-02-14,244.2796630859375,245.22841586050225,240.67439035154717,240.93404435379279,40896200,AAPL
2025-02-18,244.14984130859375,244.85890295305822,241.52328070167576,243.83025306858283,48822500,AAPL
2025-02-19,244.54930114746094,245.68780753699892,242.84154918255663,244.33958470767533,32204200,AAPL
2025-02-20,245.508056640625,246.4568094488268,243.9700649298591,244.61922281669615,32316900,AAPL
2025-02-21,245.22842407226562,248.36431123309396,244.89885442060717,245.6278941258364,53197400,AAPL
2025-02-24,246.77639770507812,248.53408727873096,244.09989957647335,244.609226181644,51326400,AAPL
2025-02-25,246.71646118164062,249.67259136851834,244.58926106556868,247.67521063757022,48013300,AAPL
2025-02-26,240.0452117919922,244.65915630674968,238.8168269352331,244.01001367840516,44433600,AAPL
2025-02-27,236.98922729492188,242.14247324939222,236.74953612071198,239.09646458024955,41153600,AAPL
2025-02-28,241.5232696533203,241.77294223985544,229.89851463379637,236.63967447024518,56833400,AAPL
2025-03-03,237.71826171875,243.71040379171194,235.80077808405883,241.47333193183624,47184000,AAPL
2025-03-04,235.6210174560547,239.75561031847352,234.3726544629493,237.39870037793833,53798100,AAPL
2025-03-05,235.4312744140625,236.2402111793479,228.92979032203158,235.11168617953675,47227600,AAPL
2025-03-06,235.0218048095703,237.54849020730907,232.8546485518437,234.13297099659667,45170400,AAPL
2025-03-07,238.7569122314453,241.05388787370777,234.45254396930395,234.80209169163373,46273600,AAPL
2025-03-10,227.1820831298828,235.85072354308846,223.92635798057333,235.23152514577004,72071200,AAPL
2025-03-11,220.55078125,225.54423318142804,217.16522145004404,223.51689291637274,76137400,AAPL
2025-03-12,216.69583129882812,221.4595886104368,214.6285501658544,219.85169651198805,62547500,AAPL
2025-03-13,209.4053955078125,216.55602242060417,208.14705109128238,215.6671885752157,61368300,AAPL
2025-03-14,213.21041870117188,213.66980775083542,209.30553558500114,210.97334672214788,60107600,AAPL
2025-03-17,213.71974182128906,214.93814530685134,209.69502079955336,213.0306430192638,48073400,AAPL
2025-03-18,212.4114532470703,214.8682229774316,211.21302787332291,213.87952928252258,42432400,AAPL
2025-03-19,214.95811462402344,218.47349365471302,213.470060528986,213.93944620866878,54385400,AAPL
2025-03-20,213.81961059570312,217.20517028159983,211.94206785632258,213.70975404736055,48862900,AAPL
2025-03-21,217.98414611816406,218.5533916912833,211.0032951126973,211.2829271905112,94127800,AAPL
2025-03-24,220.44091796875,221.1899357355996,218.29373979930335,220.71056863168138,44299500,AAPL
2025-03-25,223.45697021484375,223.80651793975238,219.79177838679217,220.48087718007702,34493600,AAPL
2025-03-26,221.2398681640625,224.7253029108424,220.18125884970436,223.21727075576553,34466100,AAPL
2025-03-27,223.5568389892578,224.69534536875565,220.271139232742,221.1000540446544,37094800,AAPL
2025-03-28,217.6146240234375,223.51688772665744,217.39491092445158,221.3796909591809,39818600,AAPL
2025-03-31,221.83909606933594,225.32451569687797,215.9468137615173,216.72579102857173,65299300,AAPL
2025-04-01,222.897705078125,223.3870536043053,218.61331487709137,219.5221267668628,36412700,AAPL
2025-04-02,223.59678649902344,224.89508702876748,220.73055001137135,221.03016017035932,35905900,AAPL
2025-04-03,202.9239044189453,207.2182761783418,200.9864426085102,205.27081771109022,103419000,AAPL
2025-04-04,188.13330078125,199.61824028069563,187.09465424061224,193.6360793511012,125910900,AAPL
2025-04-07,181.2223663330078,193.89573468350994,174.39131242893686,176.967935484531,160466300,AAPL
2025-04-08,172.19419860839844,190.09072892121037,168.9884109270566,186.4554964395268,120859500,AAPL
2025-04-09,198.58958435058594,200.3472738997123,171.6648855169899,171.72480450043201,184395900,AAPL
2025-04-10,190.17062377929688,194.52491452460524,182.76034285398336,188.82240088513313,121880000,AAPL
2025-04-11,197.89048767089844,199.27866665425725,185.81632494094944,185.856281088865,87435900,AAPL
2025-04-14,202.25477600097656,212.6611277249045,200.8965565016436,211.1630921847052,101352900,AAPL
2025-04-15,201.87527465820312,203.24347561495443,199.53834280484799,201.59564256833872,51343900,AAPL
2025-04-16,194.0155792236328,200.4371508814261,192.11805840887246,198.10021911176236,59732400,AAPL
2025-04-17,196.72203063964844,198.56961397436802,194.16538565496842,196.94174374665747,51334300,AAPL
2025-04-21,192.9070281982422,193.54618940120912,189.56140949031536,193.01688474432112,46742500,AAPL
2025-04-22,199.47842407226562,201.32599215129426,195.71335703344474,195.8631544964882,52976400,AAPL
2025-04-23,204.33206176757812,207.7276030292648,202.5344160012944,205.7302222309065,52929200,AAPL
2025-04-24,208.09710693359375,208.5565112075726,202.67422555441442,204.62166872266098,47311000,AAPL
2025-04-25,209.00592041015625,209.47530610539675,205.92995222724628,206.0997277622984,38222300,AAPL
2025-04-28,209.8647918701172,211.2230113707532,207.1883090170199,209.72497582911666,38743100,AAPL
2025-04-29,210.9333953857422,211.96204522644123,208.09710321217068,208.41669143858087,36827600,AAPL
2025-04-30,212.22171020507812,213.30029766677714,206.399343338795,209.02590396975114,52286500,AAPL
2025-05-01,213.04063415527344,214.2790004444518,208.62640936955898,208.80618155790114,57365700,AAPL
2025-05-02,205.08106994628906,206.71892151455646,201.89524528415058,205.82009105417706,101010600,AAPL
2025-05-05,198.62953186035156,203.83271551835597,197.9504297070337,202.83402512431957,69018500,AAPL
2025-05-06,198.25001525878906,200.38721199140494,196.7619763948813,197.9504203457911,51216500,AAPL
2025-05-07,195.99298095703125,199.1788056079939,192.99690991055434,198.90915494694545,68536700,AAPL
2025-05-08,197.2313690185547,199.78801395815432,194.42503624466005,197.46106353953903,50478900,AAPL
2025-05-09,198.27000427246094,200.2773664943336,197.28129528859796,198.739389980464,36453900,AAPL
2025-05-12,210.7899932861328,211.27000427246094,206.75,210.97000122070312,63775800,AAPL
2025-05-13,212.92999267578125,213.39999389648438,209.0,210.42999267578125,51909300,AAPL
2025-05-14,212.3300018310547,213.94000244140625,210.5800018310547,212.42999267578125,49325800,AAPL
2025-05-15,211.4499969482422,212.9600067138672,209.5399932861328,210.9499969482422,45029500,AAPL
2025-05-16,211.25999450683594,212.57000732421875,209.77000427246094,212.36000061035156,54737900,AAPL
2025-05-19,208.77999877929688,209.47999572753906,204.25999450683594,207.91000366210938,46140500,AAPL
2025-05-20,206.86000061035156,208.47000122070312,205.02999877929688,207.6699981689453,42496600,AAPL
2025-05-21,202.08999633789062,207.0399932861328,200.7100067138672,205.1699981689453,59211800,AAPL
2025-05-22,201.36000061035156,202.75,199.6999969482422,200.7100067138672,46742400,AAPL
2025-05-23,195.27000427246094,197.6999969482422,193.4600067138672,193.6699981689453,78314800,AAPL
2020-05-26,57.80719757080078,58.538934248912184,57.075460892689385,57.56328534476365,24640600,AOT_BK
2020-05-27,60.002403259277344,60.24631546764839,57.80719338393793,57.80719338393793,58719600,AOT_BK
2020-05-28,59.75849151611328,60.978052567462534,59.75849151611328,60.49022814692283,42225600,AOT_BK
2020-05-29,60.49022674560547,60.49022674560547,59.026753517889205,59.27066572250858,31922800,AOT_BK
2020-06-01,60.24631881713867,61.46587992679735,60.24631881713867,60.978055482933875,29840800,AOT_BK
2020-06-02,61.95370101928711,63.17326206297386,60.490227766863,60.73413997560035,79200000,AOT_BK
2020-06-04,65.85629272460938,65.85629272460938,64.39281955295138,64.88064394350405,92895000,AOT_BK
2020-06-05,65.36846923828125,65.61238143693156,64.14890824502973,65.36846923828125,33012900,AOT_BK
2020-06-08,65.36846923828125,65.85629363558185,64.63673264233034,65.36846923828125,24364900,AOT_BK
2020-06-09,64.14891815185547,66.1002160424062,63.41718144289894,65.12456709713084,34428700,AOT_BK
2020-06-10,64.88064575195312,65.36847015610314,63.904996943653074,64.3928213478031,25560400,AOT_BK
2020-06-11,62.44152069091797,64.63673040270805,62.19760850071907,64.39281821250916,34928000,AOT_BK
2020-06-12,63.417171478271484,63.417171478271484,60.49022510235126,60.49022510235126,36512700,AOT_BK
2020-06-15,60.97805404663086,62.92935177612305,60.490229614257814,62.92935177612305,32977900,AOT_BK
2020-06-16,61.70978927612305,63.17326253958842,61.70978927612305,62.92935032901086,17259500,AOT_BK
2020-06-17,61.70978927612305,62.6854381184333,61.22196485496793,61.70978927612305,20369400,AOT_BK
2020-06-18,60.24631881713867,60.978055482933875,59.51458215134346,60.002406595206935,48304100,AOT_BK
2020-06-19,60.002403259277344,60.97805209276152,60.002403259277344,60.24631546764839,19888600,AOT_BK
2020-06-22,58.53893280029297,60.246318340301514,58.53893280029297,59.75849390029907,28840200,AOT_BK
2020-06-23,58.78284454345703,59.27066897950232,58.0511078893891,59.026756761479675,20043500,AOT_BK
2020-06-24,58.295021057128906,59.51458216711068,58.05110883513255,58.78284550112162,23526800,AOT_BK
2020-06-25,57.56328201293945,58.5389308606164,57.31936980102022,58.05110643677793,36899600,AOT_BK
2020-06-26,57.56328201293945,58.29501864869716,57.075457589100985,57.80719422485869,22266200,AOT_BK
2020-06-29,57.80719757080078,57.80719757080078,56.587636440615114,57.075460892689385,22826300,AOT_BK
2020-06-30,59.026756286621094,59.51458071874193,58.78284407056068,59.27066850268151,26500400,AOT_BK
2020-07-01,58.53893280029297,59.75849390029907,57.80719614028931,59.51458168029785,21746400,AOT_BK
2020-07-02,60.24631881713867,60.49023103907041,59.026757707479995,59.27066992941173,24418500,AOT_BK
2020-07-03,58.78284454345703,60.24631785159289,58.53893232543439,60.24631785159289,25636800,AOT_BK
2020-07-07,58.05110549926758,59.270666539168154,57.80719329128746,59.02675433118804,29775500,AOT_BK
2020-07-08,56.09980773925781,57.563280984629756,56.09980773925781,57.319368777067766,64743600,AOT_BK
2020-07-09,54.880245208740234,56.09980621337891,54.14850860595703,56.09980621337891,83304900,AOT_BK
2020-07-10,53.66068649291992,54.39242312691428,53.17286207025701,53.90459870425138,47952300,AOT_BK
2020-07-13,53.1728630065918,54.39242408472464,52.928950790965224,54.148511869098066,33293000,AOT_BK
2020-07-14,52.928951263427734,53.90460013464299,52.685039045623924,52.685039045623924,32195000,AOT_BK
2020-07-15,53.904598236083984,54.636334863723135,53.17286160844483,53.416773817657884,33918800,AOT_BK
2020-07-16,53.66068649291992,54.636335338245736,53.17286207025701,54.14851091558283,17802600,AOT_BK
2020-07-17,54.39242172241211,54.39242172241211,53.416772902279156,53.660685107312396,9732700,AOT_BK
2020-07-20,54.14850997924805,54.88024660058924,53.904597772134316,54.39242218636178,16477400,AOT_BK
2020-07-21,55.1241569519043,55.611981349708756,54.3924203551976,54.63633255409983,30049100,AOT_BK
2020-07-22,55.1241569519043,55.85589354861099,55.1241569519043,55.611981349708756,18693900,AOT_BK
2020-07-23,54.880245208740234,55.368069610595704,54.392420806884765,54.880245208740234,18988500,AOT_BK
2020-07-24,53.904598236083984,54.392422654510085,53.17286160844483,53.904598236083984,20283700,AOT_BK
2020-07-29,53.1728630065918,54.39242408472464,53.1728630065918,54.148511869098066,20430900,AOT_BK
2020-07-30,50.9776496887207,53.6606838828639,50.733737489253144,52.92894728446121,48981200,AOT_BK
2020-07-31,50.245914459228516,51.22156328367956,49.51417784089024,50.245914459228516,46680700,AOT_BK
2020-08-03,48.53852844238281,49.026352848838926,47.80679183269865,48.78244064561087,54156600,AOT_BK
2020-08-04,50.00200271606445,50.489827132806546,49.02635388258027,49.27026609095131,29667700,AOT_BK
2020-08-05,48.29461669921875,49.514177726976804,48.05070449366714,49.270265521425195,47163900,AOT_BK
2020-08-06,48.53852844238281,49.51417725529503,47.80679183269865,48.05070403592671,31796900,AOT_BK
2020-08-07,47.806793212890625,48.29461763343033,47.31896879235092,48.05070542316047,33104900,AOT_BK
2020-08-10,47.806793212890625,48.29461763343033,47.31896879235092,47.806793212890625,20207300,AOT_BK
2020-08-11,51.95330047607422,52.44112489368994,48.78244176157204,49.026353970379894,99620800,AOT_BK
2020-08-13,54.880245208740234,55.368069610595704,54.14850860595703,55.368069610595704,68703400,AOT_BK
2020-08-14,52.685035705566406,54.63633332429109,52.685035705566406,54.392421121950505,34937100,AOT_BK
2020-08-17,52.928951263427734,53.17286348123155,51.95330239221248,52.685039045623924,21380200,AOT_BK
2020-08-18,53.904598236083984,54.392422654510085,52.68503719001874,53.17286160844483,26335300,AOT_BK
2020-08-19,51.95330047607422,53.904598146537104,51.221563849650636,53.904598146537104,34581100,AOT_BK
2020-08-20,51.46547317504883,51.709385370191235,50.73373658962159,50.977648784764,23899700,AOT_BK
2020-08-21,52.685035705566406,53.172860110247576,51.953299098544655,51.953299098544655,22805300,AOT_BK
2020-08-24,55.368072509765625,55.368072509765625,52.44112594537273,53.172862586470956,60348000,AOT_BK
2020-08-25,55.61198425292969,56.099808676201,55.124159829658375,55.85589646456534,39129300,AOT_BK
2020-08-26,55.61198425292969,55.85589646456534,54.63633540638706,55.61198425292969,24502600,AOT_BK
2020-08-27,55.368072509765625,55.855896937164445,55.12416029606622,55.368072509765625,18142900,AOT_BK
2020-08-28,55.368072509765625,56.58763357826267,55.12416029606622,56.09980915086385,29740600,AOT_BK
2020-08-31,54.63633728027344,56.09981060028076,54.63633728027344,55.61198616027832,16533200,AOT_BK
2020-09-01,54.880245208740234,55.61198181152344,54.14850860595703,54.880245208740234,17038700,AOT_BK
2020-09-02,55.61198425292969,55.61198425292969,54.14851098311575,54.3924231947514,12376400,AOT_BK
2020-09-03,56.83154296875,57.56327957349786,55.36806975925429,55.85589416241953,47007500,AOT_BK
2020-09-08,56.83154296875,57.56327957349786,56.09980636400215,56.83154296875,46527200,AOT_BK
2020-09-09,56.58763122558594,57.07545563270306,55.36807020779314,55.6119824113517,21440900,AOT_BK
2020-09-10,56.58763122558594,57.07545563270306,56.09980681846882,56.58763122558594,21269800,AOT_BK
2020-09-11,56.83154296875,56.83154296875,56.09980636400215,56.343718565584766,14282000,AOT_BK
2020-09-14,56.58763122558594,56.831543429144496,55.855894614910255,56.831543429144496,17124600,AOT_BK
2020-09-15,58.05110549926758,58.53892991522781,56.58763225138688,56.831544459366995,49724600,AOT_BK
2020-09-16,60.002403259277344,60.002403259277344,58.05110559230897,58.29501780068002,60555200,AOT_BK
2020-09-17,58.78284454345703,59.51458119752496,58.0511078893891,59.51458119752496,23804300,AOT_BK
2020-09-18,58.78284454345703,58.78284454345703,57.80719567136646,58.295020107411744,26227400,AOT_BK
2020-09-21,58.05110549926758,60.002403163108504,58.05110549926758,58.78284212320793,27299800,AOT_BK
2020-09-22,57.56328201293945,58.5389308606164,57.31936980102022,57.80719422485869,25739400,AOT_BK
2020-09-23,57.56328201293945,58.29501864869716,57.56328201293945,57.56328201293945,21724500,AOT_BK
2020-09-24,55.1241569519043,55.85589354861099,54.63633255409983,55.611981349708756,49131300,AOT_BK
2020-09-25,56.09980773925781,56.587632154381794,55.12415890900985,55.61198332413383,30380700,AOT_BK
2020-09-28,57.319366455078125,57.56327865275931,56.09980546667221,56.587629862034575,20559300,AOT_BK
2020-09-29,56.58763122558594,57.56328003982018,56.34371902202738,57.31936783626162,17331000,AOT_BK
2020-09-30,55.1241569519043,56.83154234421992,55.1241569519043,56.83154234421992,24524800,AOT_BK
2020-10-01,55.1241569519043,55.611981349708756,54.63633255409983,55.36806915080653,22234100,AOT_BK
2020-10-02,54.63633728027344,55.12416172027588,54.39242506027222,54.88024950027466,18663600,AOT_BK
2020-10-05,54.880245208740234,55.855894012451174,54.14850860595703,55.61198181152344,19584400,AOT_BK
2020-10-06,54.14850997924805,55.61198322193042,54.14850997924805,55.36807101481669,21667700,AOT_BK
2020-10-07,55.85589599609375,56.34372041527361,52.928949481014605,53.660686109784386,30795400,AOT_BK
2020-10-08,55.85589599609375,56.34372041527361,55.36807157691389,55.85589599609375,23317700,AOT_BK
2020-10-09,56.09980773925781,57.075456569505775,55.61198332413383,56.09980773925781,18364200,AOT_BK
2020-10-12,56.09980773925781,56.587632154381794,55.61198332413383,56.09980773925781,12017000,AOT_BK
2020-10-14,55.85589599609375,55.85589599609375,55.12415936732396,55.61198378650382,17876700,AOT_BK
2020-10-15,54.39242172241211,55.36807054254506,54.14850951737887,55.12415833751182,18417500,AOT_BK
2020-10-16,54.63633728027344,54.88024950027466,53.660688400268555,54.63633728027344,14897900,AOT_BK
2020-10-19,52.19721603393555,54.39242605405433,51.46547936056262,54.14851382959669,45064100,AOT_BK
2020-10-20,52.928951263427734,53.66068791683918,51.46547795660485,51.70939017440866,24191600,AOT_BK
2020-10-21,53.66068649291992,54.39242312691428,52.928949858925556,53.17286207025701,23032500,AOT_BK
2020-10-22,52.685035705566406,54.14850891960992,52.197211300885236,53.416772312588165,26987500,AOT_BK
2020-10-26,52.441123962402344,53.172860575831216,52.197211757926055,52.68503616687863,10972900,AOT_BK
2020-10-27,52.928951263427734,53.17286348123155,50.97765352099722,51.22156573880103,33519700,AOT_BK
2020-10-28,51.70938491821289,52.441121497244204,51.46547272520245,52.441121497244204,30797900,AOT_BK
2020-10-29,50.00200271606445,51.95330038303282,50.00200271606445,51.465475966290725,32311500,AOT_BK
2020-10-30,50.48982620239258,50.73373840626887,49.27026518301111,50.245913998516286,41447200,AOT_BK
2020-11-02,51.46547317504883,51.95329756533365,50.24591219933677,50.48982439447918,24684900,AOT_BK
2020-11-03,51.70938491821289,52.441121497244204,51.46547272520245,51.95329711122333,17421700,AOT_BK
2020-11-04,53.1728630065918,53.41677522221836,51.70938971283239,51.70938971283239,21571100,AOT_BK
2020-11-05,55.368072509765625,55.855896937164445,53.172862586470956,53.66068701386977,38763400,AOT_BK
2020-11-06,54.39242172241211,55.6119827475783,53.660685107312396,55.6119827475783,30347100,AOT_BK
2020-11-09,55.85589599609375,56.34372041527361,55.12415936732396,55.85589599609375,34816200,AOT_BK
2020-11-10,66.10021209716797,67.3197732059718,61.465879883713384,66.34412431892873,322032000,AOT_BK
2020-11-11,66.10021209716797,67.07586098421103,65.36847543188567,66.5880365406895,108332300,AOT_BK
2020-11-12,63.904998779296875,65.1245598247033,62.92934994297173,65.1245598247033,59557600,AOT_BK
2020-11-13,63.904998779296875,64.88064761562201,62.44152552480916,62.92934994297173,36679400,AOT_BK
2020-11-16,64.14891815185547,64.880654860812,63.661093679217785,64.63674262449315,21799600,AOT_BK
2020-11-17,64.392822265625,65.85629549893466,64.392822265625,65.12455888227983,45547800,AOT_BK
2020-11-18,65.12455749511719,65.12455749511719,63.66108429297972,64.1489086936922,25682200,AOT_BK
2020-11-19,65.36846923828125,65.85629363558185,64.63673264233034,64.88064484098064,29886400,AOT_BK
2020-11-20,66.10021209716797,66.34412431892873,64.63673876660336,64.88065098836412,23158700,AOT_BK
2020-11-23,66.5880355834961,67.07586002000522,65.61238671047784,66.10021114698696,37533400,AOT_BK
2020-11-24,65.61238861083984,67.5636864133927,65.36847638552074,67.3197741880736,33648500,AOT_BK
2020-11-25,65.36846923828125,66.58803023153277,62.68543505312791,65.85629363558185,66044000,AOT_BK
2020-11-26,65.61238861083984,66.10021306147806,65.36847638552074,65.61238861083984,22466000,AOT_BK
2020-11-27,64.6367416381836,65.85630280116818,64.39282940558667,65.36847833597434,28175900,AOT_BK
2020-11-30,62.44152069091797,64.39281821250916,62.44152069091797,63.90499383211136,49764800,AOT_BK
2020-12-01,63.904998779296875,64.39282319745945,63.17326215205301,63.4171743611343,23560700,AOT_BK
2020-12-02,62.6854362487793,63.904997265292515,62.6854362487793,63.17326065538458,28534200,AOT_BK
2020-12-03,63.17326354980469,63.90500019323872,62.68543912084866,63.17326354980469,22826300,AOT_BK
2020-12-04,64.82695770263672,65.07158773170327,62.625287441037734,62.625287441037734,28317900,AOT_BK
2020-12-08,66.24008178710938,67.22141633210359,64.03207906087239,65.25874724211516,50930600,AOT_BK
2020-12-09,66.73075103759766,67.22141832463882,66.2400837505565,66.48541739407707,34221800,AOT_BK
2020-12-14,63.541412353515625,66.2400823762518,63.541412353515625,66.2400823762518,59425900,AOT_BK
2020-12-15,64.76808166503906,65.01341530770966,63.54141345168605,63.78674709435665,35095100,AOT_BK
2020-12-16,65.74942016601562,65.74942016601562,64.52275187933623,65.25875285134387,33868200,AOT_BK
2020-12-17,64.76808166503906,66.24008352106267,64.76808166503906,65.99474987839207,27251100,AOT_BK
2020-12-18,63.786746978759766,65.01341518988976,63.786746978759766,64.76808154766377,38097500,AOT_BK
2020-12-21,61.08807373046875,62.560075507106546,60.59740647158948,60.842740101029115,57178400,AOT_BK
2020-12-22,61.08807373046875,61.82407461878765,59.86140558327058,61.08807373046875,25428700,AOT_BK
2020-12-23,60.10674285888672,61.578744724818634,59.86140921456473,60.3520765032087,27012900,AOT_BK
2020-12-24,60.59740447998047,60.84273810135691,59.12540275172183,59.861403615851145,23879900,AOT_BK
2020-12-25,61.33340835571289,61.33340835571289,60.35207382202148,61.33340835571289,7923700,AOT_BK
2020-12-28,60.35207748413086,61.82407937398771,60.35207748413086,61.82407937398771,13364300,AOT_BK
2020-12-29,61.33340835571289,62.06940925598144,60.10674018859863,60.35207382202148,16118900,AOT_BK
2020-12-30,61.08807373046875,62.06940824822728,60.352072842149845,61.57874098934801,21500800,AOT_BK
2021-01-04,60.59740447998047,60.59740447998047,59.12540275172183,59.861403615851145,26513500,AOT_BK
2021-01-05,63.296077728271484,63.296077728271484,59.616073209185934,59.861406843791634,30353300,AOT_BK
2021-01-06,62.06940841674805,63.78674382748811,62.06940841674805,62.56007567695949,18784500,AOT_BK
2021-01-07,63.541412353515625,63.786745991946184,62.069410522932245,62.31474416136281,23080800,AOT_BK
2021-01-08,64.03207397460938,64.03207397460938,63.05073950756555,63.78674035784842,18593800,AOT_BK
2021-01-11,62.31474304199219,64.03207848015732,62.31474304199219,63.786744846133736,16840100,AOT_BK
2021-01-12,60.59740447998047,62.31473982961554,60.35207085860402,61.82407258686266,38881400,AOT_BK
2021-01-13,60.59740447998047,61.578738965486224,60.106737237227584,60.59740447998047,30499100,AOT_BK
2021-01-14,60.10674285888672,61.088077436174665,59.86140921456473,60.842743791852676,14484900,AOT_BK
2021-01-15,59.61607360839844,60.352074517144096,59.61607360839844,60.10674088089554,18154800,AOT_BK
2021-01-18,59.37074279785156,59.86141009370157,58.880075502001546,59.37074279785156,14244000,AOT_BK
2021-01-19,59.61607360839844,60.10674088089554,59.125406335901324,59.86140724464699,15487800,AOT_BK
2021-01-20,60.10674285888672,60.59741014753069,59.125408281598766,59.61607557024274,17013000,AOT_BK
2021-01-21,59.37074279785156,60.59741103747659,59.125409149926554,60.35207738955159,19784700,AOT_BK
2021-01-22,58.63473892211914,59.61607346474875,58.38940528646174,59.37073982909135,27812300,AOT_BK
2021-01-25,58.63473892211914,59.37073982909135,58.38940528646174,58.63473892211914,10446500,AOT_BK
2021-01-26,59.12540817260742,59.616075460346906,58.3894072409982,58.634740884867945,15439500,AOT_BK
2021-01-27,59.12540817260742,59.616075460346906,58.88007452873769,59.12540817260742,12355000,AOT_BK
2021-01-28,58.88007354736328,59.370740826924646,58.389406267801924,58.389406267801924,19675400,AOT_BK
2021-01-29,58.389404296875,59.3707388228729,58.389404296875,59.125405191373424,23994200,AOT_BK
2021-02-01,59.61607360839844,60.10674088089554,58.389405427155666,58.88007269965277,18080100,AOT_BK
2021-02-02,60.84273910522461,62.560074483194654,60.10673822895173,60.35207185437602,38540200,AOT_BK
2021-02-03,60.59740447998047,62.0694062082391,60.59740447998047,61.82407258686266,16749200,AOT_BK
2021-02-04,60.35207748413086,61.08807842905929,60.10674383582138,61.08807842905929,14302100,AOT_BK
2021-02-05,62.80541229248047,62.80541229248047,60.59740951657295,60.842743158340454,36509300,AOT_BK
2021-02-08,63.541412353515625,63.786745991946184,62.805411438223935,63.541412353515625,19890800,AOT_BK
2021-02-09,62.80541229248047,63.786746859550476,62.56007865071297,63.786746859550476,15277400,AOT_BK
2021-02-10,62.56007766723633,63.29607858096852,61.82407675350414,62.80541130514706,16001900,AOT_BK
2021-02-11,62.06940841674805,63.050742937170945,61.5787411565366,63.050742937170945,16081800,AOT_BK
2021-02-15,61.57874298095703,62.31474389308003,61.3334093435827,62.0694102557057,11782100,AOT_BK
2021-02-16,62.06940841674805,62.80540930706522,61.82407478664233,62.06940841674805,12234400,AOT_BK
2021-02-17,61.08807373046875,62.31474187766691,61.08807373046875,61.82407461878765,12993800,AOT_BK
2021-02-18,60.59740447998047,61.333405344109785,60.35207085860402,61.088071722733346,17407900,AOT_BK
2021-02-19,59.86140823364258,60.3520755142462,59.37074095303895,60.106741873944394,14732600,AOT_BK
2021-02-22,60.10674285888672,60.842743791852676,59.61607557024274,60.3520765032087,12632600,AOT_BK
2021-02-23,62.80541229248047,63.05074593424797,60.35207587480545,60.59740951657295,41115900,AOT_BK
2021-02-24,62.31474304199219,63.786744846133736,62.0694094079686,63.29607757808655,34312900,AOT_BK
2021-02-25,62.80541229248047,64.76808142662048,62.56007865071297,63.786746859550476,39159600,AOT_BK
2021-03-01,62.80541229248047,64.03208050131798,62.314745008945465,62.80541229248047,28857800,AOT_BK
2021-03-02,64.03207397460938,64.03207397460938,62.8054058908046,63.541406741087464,28164900,AOT_BK
2021-03-03,66.73075103759766,66.73075103759766,64.03208095887128,64.27741460239186,82916600,AOT_BK
2021-03-04,65.25875091552734,66.97608646593595,64.52274996535222,66.48541916581921,49981800,AOT_BK
2021-03-05,65.74942016601562,65.9947538233515,64.27741822200035,64.7680855366721,34826500,AOT_BK
2021-03-08,65.25875091552734,66.24008551576084,65.01341726546897,65.74941821564408,17747000,AOT_BK
2021-03-09,66.73075103759766,67.22141832463882,65.74941646351535,66.48541739407707,28860200,AOT_BK
2021-03-10,67.22142028808594,67.95742124014527,66.4854193360266,66.97608663739949,44118000,AOT_BK
2021-03-11,68.20275115966797,68.69341843419795,67.466750247873,67.95741752240298,46672200,AOT_BK
2021-03-12,67.71208190917969,68.20274916939114,66.97608101886252,67.9574155392854,28133500,AOT_BK
2021-03-15,66.97608184814453,67.95741638071807,66.24008094871436,67.95741638071807,19935700,AOT_BK
2021-03-16,67.22142028808594,67.46675393877238,66.4854193360266,67.22142028808594,12605200,AOT_BK
2021-03-17,67.22142028808594,67.71208758945883,66.4854193360266,66.73075298671304,10905200,AOT_BK
2021-03-18,66.97608184814453,67.95741638071807,66.97608184814453,67.95741638071807,12085600,AOT_BK
2021-03-19,65.99474334716797,66.73074420234084,65.74940972877701,66.48541058394989,23188200,AOT_BK
2021-03-22,65.99474334716797,66.48541058394989,65.2587424919951,65.74940972877701,16681000,AOT_BK
2021-03-23,65.99474334716797,66.24007696555893,65.50407611038605,65.99474334716797,10643500,AOT_BK
2021-03-24,65.74942016601562,65.74942016601562,65.01341919400798,65.25875285134387,12579100,AOT_BK
2021-03-25,65.74942016601562,66.24008748068738,65.25875285134387,65.74942016601562,8531900,AOT_BK
2021-03-26,66.48541259765625,67.46674710094268,65.50407809436982,65.99474534601303,20107500,AOT_BK
2021-03-29,66.97608184814453,67.4667491144313,66.73074821500114,66.73074821500114,12389700,AOT_BK
2021-03-30,67.71208190917969,68.20274916939114,66.97608101886252,67.22141464896823,19710400,AOT_BK
2021-03-31,67.71208190917969,68.20274916939114,67.46674827907397,67.9574155392854,14512000,AOT_BK
2021-04-01,66.97608184814453,67.71208274757468,66.73074821500114,67.71208274757468,11209300,AOT_BK
2021-04-02,68.44808197021484,68.44808197021484,67.22141383454792,67.22141383454792,14328900,AOT_BK
2021-04-05,66.97608184814453,68.44808364700485,66.73074821500114,68.44808364700485,13283800,AOT_BK
2021-04-07,64.52274322509766,65.99474497167783,64.27740960066762,65.7494113472478,30246900,AOT_BK
2021-04-08,65.01341247558594,65.25874610756928,64.03207794765257,64.03207794765257,19952100,AOT_BK
2021-04-09,65.50408172607422,65.99474900492122,64.52274716838022,65.74941536549773,15876900,AOT_BK
2021-04-12,64.52274322509766,64.76807684952769,63.786742351807575,64.52274322509766,20929500,AOT_BK
2021-04-16,64.27741241455078,64.76807968489086,63.7867451442107,64.76807968489086,24094600,AOT_BK
2021-04-19,65.25875091552734,65.50408456558571,64.27741631529385,64.52274996535222,10780600,AOT_BK
2021-04-20,64.52274322509766,65.25874409838775,64.0320759762376,64.76807684952769,13456000,AOT_BK
2021-04-21,63.541412353515625,64.27741326880731,63.541412353515625,64.03207963037674,14733900,AOT_BK
2021-04-22,62.56007766723633,63.786745856789985,62.3147440293256,63.54141221887925,26556100,AOT_BK
2021-04-23,61.824073791503906,62.560074669974185,61.57874016534714,62.31474104381743,18257200,AOT_BK
2021-04-26,62.31474304199219,62.31474304199219,61.088074871874234,61.824075773945005,16157700,AOT_BK
2021-04-27,59.61607360839844,61.33340906213831,59.370739972149885,61.33340906213831,75612800,AOT_BK
2021-04-28,61.57874298095703,61.57874298095703,59.861407519336716,59.861407519336716,32625500,AOT_BK
2021-04-29,61.824073791503906,62.31474104381743,61.33340653919038,61.824073791503906,20294100,AOT_BK
2021-04-30,60.84273910522461,61.578739981497485,60.597405479800315,61.33340635607319,13678600,AOT_BK
2021-05-05,58.88007354736328,60.106741746266685,58.634739907582606,59.861408106486,59790100,AOT_BK
2021-05-06,59.86140823364258,60.106741873944394,58.88007367243532,59.12540731273714,23591100,AOT_BK
2021-05-07,60.35207748413086,60.35207748413086,59.61607653920244,60.35207748413086,12930900,AOT_BK
2021-05-10,59.61607360839844,60.8427417896412,59.370739972149885,60.8427417896412,13405100,AOT_BK
2021-05-11,59.61607360839844,59.86140724464699,58.88007269965277,59.370739972149885,11580400,AOT_BK
2021-05-12,58.88007354736328,59.370740826924646,58.389406267801924,59.370740826924646,27463300,AOT_BK
2021-05-13,58.88007354736328,59.12540718714396,57.89873898824056,58.389406267801924,31135200,AOT_BK
2021-05-14,58.63473892211914,59.125406193433946,58.38940528646174,58.63473892211914,23341800,AOT_BK
2021-05-17,59.37074279785156,59.616076445776564,58.389408206151536,58.389408206151536,22887300,AOT_BK
2021-05-18,59.61607360839844,60.352074517144096,59.370739972149885,59.86140724464699,22326300,AOT_BK
2021-05-19,59.61607360839844,59.86140724464699,59.125406335901324,59.125406335901324,13932700,AOT_BK
2021-05-20,59.12540817260742,59.86140910421665,59.12540817260742,59.616075460346906,10812200,AOT_BK
2021-05-21,59.61607360839844,60.10674088089554,59.125406335901324,59.370739972149885,15415800,AOT_BK
2021-05-24,59.61607360839844,60.10674088089554,59.370739972149885,59.61607360839844,13707300,AOT_BK
2021-05-25,59.86140823364258,60.59740915454802,59.61607459334076,60.106741873944394,17715000,AOT_BK
2021-05-27,61.824073791503906,61.824073791503906,59.861404782249814,60.10673840840657,66153400,AOT_BK
2021-05-28,61.08807373046875,62.31474187766691,61.08807373046875,61.82407461878765,26031200,AOT_BK
2021-05-31,61.824073791503906,61.824073791503906,60.842739286876856,61.08807291303362,12385900,AOT_BK
2021-06-01,63.541412353515625,63.786745991946184,61.33340960764056,62.069410522932245,36781300,AOT_BK
2021-06-02,63.296077728271484,64.0320786320886,62.80541045906008,64.0320786320886,19827900,AOT_BK
2021-06-04,62.80541229248047,63.541413217782974,62.80541229248047,63.541413217782974,12678800,AOT_BK
2021-06-07,63.296077728271484,63.78674499748289,63.05074409366578,63.296077728271484,11967800,AOT_BK
2021-06-08,63.541412353515625,63.541412353515625,62.31474416136281,63.29607871508506,17415200,AOT_BK
2021-06-09,63.541412353515625,65.01341418409899,63.29607871508506,63.786745991946184,31284100,AOT_BK
2021-06-10,63.786746978759766,64.76808154766377,63.541413336533765,64.27741426321177,36784900,AOT_BK
2021-06-11,67.22142028808594,67.46675393877238,64.03208282916215,64.2774164798486,91203900,AOT_BK
2021-06-14,65.99474334716797,67.46674505751372,65.50407611038605,67.46674505751372,32550200,AOT_BK
2021-06-15,66.24008178710938,66.73074905960648,65.50408087836371,65.74941451461227,14451800,AOT_BK
2021-06-16,65.99474334716797,66.24007696555893,65.50407611038605,66.24007696555893,11388900,AOT_BK
2021-06-17,66.24008178710938,66.97608269585503,65.99474815086081,66.24008178710938,22965100,AOT_BK
2021-06-18,64.76808166503906,66.48541716373327,64.76808166503906,66.48541716373327,36698700,AOT_BK
2021-06-21,64.52274322509766,64.76807684952769,63.541408727377544,64.52274322509766,34072200,AOT_BK
2021-06-22,64.76808166503906,65.25874895038027,64.27741437969786,64.76808166503906,29049600,AOT_BK
2021-06-23,64.52274322509766,65.25874409838775,64.27740960066762,65.01341047395772,13794000,AOT_BK
2021-06-24,62.80541229248047,64.27741414308548,61.82407772541046,64.03208050131798,45120300,AOT_BK
2021-06-25,62.31474304199219,63.29607757808655,62.0694094079686,62.80541031003937,16152200,AOT_BK
2021-06-28,60.84273910522461,61.578739981497485,60.35207185437602,61.578739981497485,43112400,AOT_BK
2021-06-29,61.57874298095703,62.0694102557057,60.84274206883404,61.3334093435827,16261000,AOT_BK
2021-06-30,60.84273910522461,62.06940723234607,60.84273910522461,61.578739981497485,15568900,AOT_BK
2021-07-01,61.33340835571289,61.82407562255859,60.842741088867186,61.08807472229004,20485400,AOT_BK
2021-07-02,61.08807373046875,61.33340735990838,60.59740647158948,60.842740101029115,14926300,AOT_BK
2021-07-05,60.59740447998047,61.088071722733346,60.35207085860402,60.84273810135691,10027900,AOT_BK
2021-07-06,61.08807373046875,61.82407461878765,60.842740101029115,60.842740101029115,11082700,AOT_BK
2021-07-07,60.59740447998047,61.088071722733346,60.35207085860402,60.59740447998047,19215700,AOT_BK
2021-07-08,59.37074279785156,60.35207738955159,59.37074279785156,59.86141009370157,28468800,AOT_BK
2021-07-09,59.12540817260742,59.86140910421665,58.3894072409982,58.88007452873769,24231100,AOT_BK
2021-07-12,60.10674285888672,60.3520765032087,59.125408281598766,59.370741925920754,10484600,AOT_BK
2021-07-13,61.08807373046875,61.33340735990838,60.352072842149845,60.59740647158948,13752200,AOT_BK
2021-07-14,60.59740447998047,61.578738965486224,60.35207085860402,61.088071722733346,12514300,AOT_BK
2021-07-15,59.12540817260742,60.84274367969561,59.12540817260742,60.59741003582587,29801500,AOT_BK
2021-07-16,59.37074279785156,59.616076445776564,58.634741854076545,58.880075502001546,16701600,AOT_BK
2021-07-19,58.63473892211914,59.125406193433946,58.38940528646174,58.63473892211914,25864000,AOT_BK
2021-07-20,56.91740417480469,58.63473964559621,56.91740417480469,58.389406006911706,43816900,AOT_BK
2021-07-21,57.16273498535156,57.40806861189814,55.690733226072126,56.91740135880499,36701800,AOT_BK
2021-07-22,57.16273498535156,57.89873586499128,56.91740135880499,57.653402238444706,8649800,AOT_BK
2021-07-23,57.16273498535156,57.653402238444706,56.67206773225842,57.16273498535156,7064200,AOT_BK
2021-07-27,57.653404235839844,58.38940514097822,57.16273696574759,57.653404235839844,18468100,AOT_BK
2021-07-29,56.181400299072266,57.65340205363311,55.936066673312126,57.40806842787297,30451600,AOT_BK
2021-07-30,55.445404052734375,56.18140499148749,55.445404052734375,56.18140499148749,11893500,AOT_BK
2021-08-02,55.93606948852539,56.18140312663296,54.46406765987999,55.20006857420269,21348600,AOT_BK
2021-08-03,56.426734924316406,56.67206855442213,55.445400403893515,55.93606766410496,16238200,AOT_BK
2021-08-04,56.426734924316406,56.67206855442213,55.690734033999234,56.18140129421069,6646900,AOT_BK
2021-08-05,55.445404052734375,56.426738637738524,54.9547367602323,56.426738637738524,18415300,AOT_BK
2021-08-06,54.70940017700195,55.200067443163405,54.46406654392123,54.95473381008268,16341800,AOT_BK
2021-08-09,57.16273498535156,57.40806861189814,54.9547323464324,54.9547323464324,29428300,AOT_BK
2021-08-10,56.67206954956055,57.16273681838791,56.18140228073318,56.67206954956055,17783300,AOT_BK
2021-08-11,55.690738677978516,57.40807423192499,55.690738677978516,57.162740581361206,20853100,AOT_BK
2021-08-13,54.954734802246094,55.690735714776174,54.46406752722604,55.44540207726615,29371300,AOT_BK
2021-08-16,55.200069427490234,55.936070353190104,54.464068501790365,55.200069427490234,25221900,AOT_BK
2021-08-17,56.181400299072266,56.426733924832405,55.2000657960317,55.44539942179184,21982000,AOT_BK
2021-08-18,57.653404235839844,57.89873787088597,56.18140242556308,56.18140242556308,30305100,AOT_BK
2021-08-19,57.4080696105957,57.898736872224724,56.67206871815217,57.16273597978119,13431800,AOT_BK
2021-08-20,58.389404296875,58.88007155987395,57.16273613937763,57.653403402376576,34043000,AOT_BK
2021-08-23,60.35207748413086,60.35207748413086,58.634741945964535,59.12540924258349,41857400,AOT_BK
2021-08-24,60.59740447998047,61.578738965486224,60.106737237227584,60.84273810135691,24110400,AOT_BK
2021-08-25,60.84273910522461,61.33340635607319,60.35207185437602,60.84273910522461,17423700,AOT_BK
2021-08-26,61.33340835571289,62.06940925598144,60.842741088867186,61.33340835571289,22311700,AOT_BK
2021-08-27,61.57874298095703,62.0694102557057,60.59740843145971,61.3334093435827,19207300,AOT_BK
2021-08-30,62.56007766723633,62.80541130514706,61.578743115593404,61.82407675350414,39591400,AOT_BK
2021-08-31,62.56007766723633,62.56007766723633,62.06941039141487,62.56007766723633,27142200,AOT_BK
2021-09-01,61.33340835571289,62.560076522827146,61.08807472229004,62.560076522827146,33520800,AOT_BK
2021-09-02,61.57874298095703,62.0694102557057,60.35207479408538,60.84274206883404,25815900,AOT_BK
2021-09-03,62.31474304199219,62.31474304199219,61.33340850589782,61.824075773945005,11296400,AOT_BK
2021-09-06,61.824073791503906,62.31474104381743,61.33340653919038,62.06940741766066,14060600,AOT_BK
2021-09-07,62.06940841674805,63.050742937170945,61.82407478664233,62.56007567695949,19734100,AOT_BK
2021-09-08,62.06940841674805,62.06940841674805,60.84274026621943,62.06940841674805,20858100,AOT_BK
2021-09-09,60.59740447998047,61.82407258686266,60.35207085860402,61.333405344109785,28785100,AOT_BK
2021-09-10,59.61607360839844,60.8427417896412,59.370739972149885,60.59740815339265,41827600,AOT_BK
2021-09-13,60.84273910522461,60.84273910522461,59.37073735267885,59.616070978103146,33802400,AOT_BK
2021-09-14,61.08807373046875,61.82407461878765,60.842740101029115,61.33340735990838,29130700,AOT_BK
2021-09-15,60.59740447998047,61.578738965486224,59.861403615851145,61.088071722733346,31843700,AOT_BK
2021-09-16,61.08807373046875,61.57874098934801,60.59740647158948,60.842740101029115,19309900,AOT_BK
2021-09-17,60.59740447998047,61.333405344109785,60.35207085860402,61.088071722733346,30570900,AOT_BK
2021-09-20,59.86140823364258,60.59740915454802,59.61607459334076,60.106741873944394,15462300,AOT_BK
2021-09-21,61.08807373046875,61.33340735990838,59.86140558327058,60.10673921271021,34042400,AOT_BK
2021-09-22,61.08807373046875,61.33340735990838,60.59740647158948,60.842740101029115,16831700,AOT_BK
2021-09-23,61.33340835571289,61.82407562255859,61.08807472229004,61.08807472229004,28959300,AOT_BK
2021-09-27,61.08807373046875,62.06940824822728,60.842740101029115,61.33340735990838,27715000,AOT_BK
2021-09-28,60.84273910522461,61.578739981497485,60.35207185437602,61.088072730648896,21923600,AOT_BK
2021-09-29,60.84273910522461,61.578739981497485,60.597405479800315,60.84273910522461,15257500,AOT_BK
2021-09-30,59.86140823364258,60.84274279484983,59.37074095303895,60.59740915454802,33314600,AOT_BK
2021-10-01,60.10674285888672,60.3520765032087,59.370741925920754,59.370741925920754,17608100,AOT_BK
2021-10-04,61.57874298095703,62.31474389308003,60.59740843145971,60.59740843145971,47238500,AOT_BK
2021-10-05,63.050743103027344,63.541410364529504,61.088074057018716,61.33340768776979,63227700,AOT_BK
2021-10-06,62.56007766723633,63.54141221887925,62.3147440293256,62.80541130514706,29331800,AOT_BK
2021-10-07,62.56007766723633,63.29607858096852,62.3147440293256,63.05074494305779,20200900,AOT_BK
2021-10-08,63.050743103027344,63.541410364529504,62.56007584152519,63.050743103027344,30093400,AOT_BK
2021-10-11,63.050743103027344,63.541410364529504,62.56007584152519,63.29607673377843,20324300,AOT_BK
2021-10-12,66.48541259765625,66.73074622347787,65.01341084272659,65.2587444685482,112127300,AOT_BK
2021-10-14,66.24008178710938,67.71208360460069,65.74941451461227,66.73074905960648,68304600,AOT_BK
2021-10-15,66.24008178710938,66.73074905960648,65.74941451461227,66.73074905960648,27176400,AOT_BK
2021-10-18,65.74942016601562,66.24008748068738,65.25875285134387,65.9947538233515,19809700,AOT_BK
2021-10-19,64.76808166503906,66.24008352106267,63.78674709435665,66.24008352106267,40954500,AOT_BK
2021-10-20,64.27741241455078,65.0134133200609,64.03207877938074,64.76807968489086,22074200,AOT_BK
2021-10-21,64.52274322509766,65.01341047395772,63.786742351807575,64.76807684952769,18229300,AOT_BK
2021-10-25,63.786746978759766,64.52274790543777,63.29607969430777,64.27741426321177,24802900,AOT_BK
2021-10-26,62.80541229248047,64.03208050131798,62.80541229248047,63.786746859550476,28623900,AOT_BK
2021-10-27,62.80541229248047,63.05074593424797,62.06941136717796,62.80541229248047,24424800,AOT_BK
2021-10-28,63.050743103027344,63.541410364529504,62.80540947227627,63.050743103027344,13298700,AOT_BK
2021-10-29,63.296077728271484,63.541411362877184,62.80541045906008,63.05074409366578,12104700,AOT_BK
2021-11-01,63.296077728271484,64.2774122666943,62.80541045906008,63.541411362877184,27638700,AOT_BK
2021-11-02,63.786746978759766,63.786746978759766,63.05074605208177,63.29607969430777,14210700,AOT_BK
2021-11-03,63.541412353515625,63.786745991946184,63.0507450766545,63.786745991946184,11414200,AOT_BK
2021-11-04,63.786746978759766,64.03208062098577,63.29607969430777,63.786746978759766,25895900,AOT_BK
2021-11-05,64.27741241455078,64.52274604972082,63.54141150904066,64.27741241455078,25352500,AOT_BK
2021-11-08,66.48541259765625,66.73074622347787,65.50407809436982,65.74941172019142,70000500,AOT_BK
2021-11-09,65.74942016601562,66.24008748068738,65.01341919400798,66.24008748068738,26859200,AOT_BK
2021-11-10,65.50408172607422,65.50408172607422,65.01341444722722,65.25874808665073,16401800,AOT_BK
2021-11-11,65.01341247558594,65.25874610756928,64.52274521161925,65.01341247558594,11151000,AOT_BK
2021-11-12,65.25875091552734,65.50408456558571,65.01341726546897,65.25875091552734,15293900,AOT_BK
2021-11-15,65.25875091552734,65.74941821564408,65.01341726546897,65.25875091552734,14316000,AOT_BK
2021-11-16,65.25875091552734,65.50408456558571,65.01341726546897,65.25875091552734,15620900,AOT_BK
2021-11-17,65.50408172607422,65.74941536549773,65.01341444722722,65.50408172607422,22067800,AOT_BK
2021-11-18,65.50408172607422,65.74941536549773,65.25874808665073,65.25874808665073,8597600,AOT_BK
2021-11-19,65.25875091552734,65.99475186570245,65.25875091552734,65.50408456558571,21624200,AOT_BK
2021-11-22,65.25875091552734,65.50408456558571,64.76808361541059,65.01341726546897,16786600,AOT_BK
2021-11-23,65.50408172607422,65.50408172607422,65.01341444722722,65.50408172607422,18660500,AOT_BK
2021-11-24,65.50408172607422,65.99474900492122,65.50408172607422,65.50408172607422,28925000,AOT_BK
2021-11-25,65.50408172607422,65.74941536549773,64.76808080780373,65.50408172607422,19403700,AOT_BK
2021-11-26,61.824073791503906,63.05074192228771,61.824073791503906,62.80540829613095,77290600,AOT_BK
2021-11-29,58.63473892211914,61.578742550007966,58.144071650804335,61.333408914350564,97606300,AOT_BK
2021-11-30,58.63473892211914,59.861407100406154,57.40807074383213,58.88007255777654,122928300,AOT_BK
2021-12-01,58.88007354736328,59.12540718714396,57.653405348459884,58.389406267801924,41791800,AOT_BK
2021-12-02,58.389404296875,58.63473792837448,57.653403402376576,58.389404296875,32979200,AOT_BK
2021-12-03,58.144073486328125,58.634740773132584,57.8987398429259,58.38940712973035,13247200,AOT_BK
2021-12-07,60.35207748413086,60.597411132440335,58.88007559427401,58.88007559427401,32032700,AOT_BK
2021-12-08,60.84273910522461,61.33340635607319,60.35207185437602,60.597405479800315,25989800,AOT_BK
2021-12-09,60.59740447998047,61.088071722733346,59.61606999447471,60.84273810135691,28116000,AOT_BK
2021-12-13,60.35207748413086,60.84274478074981,59.61607653920244,60.84274478074981,20439300,AOT_BK
2021-12-14,60.59740447998047,60.59740447998047,59.37073637309827,59.861403615851145,16159800,AOT_BK
2021-12-15,59.61607360839844,60.10674088089554,59.370739972149885,59.86140724464699,20783300,AOT_BK
2021-12-16,59.37074279785156,60.10674374162658,59.125409149926554,59.86141009370157,36111500,AOT_BK
2021-12-17,58.389404296875,59.125405191373424,58.389404296875,59.125405191373424,58187900,AOT_BK
2021-12-20,58.389404296875,58.88007155987395,57.89873703387605,58.14407066537552,23391600,AOT_BK
2021-12-21,58.144073486328125,59.12540805993704,57.8987398429259,58.38940712973035,21415800,AOT_BK
2021-12-22,58.144073486328125,58.634740773132584,57.65340619952367,58.38940712973035,21695600,AOT_BK
2021-12-23,58.88007354736328,59.12540718714396,58.14407262802124,58.389406267801924,11789800,AOT_BK
2021-12-24,59.12540817260742,59.12540817260742,58.3894072409982,58.88007452873769,10171900,AOT_BK
2021-12-27,58.63473892211914,59.125406193433946,58.38940528646174,59.125406193433946,12072100,AOT_BK
2021-12-28,58.88007354736328,59.370740826924646,58.634739907582606,58.88007354736328,14914400,AOT_BK
2021-12-29,59.86140823364258,60.106741873944394,59.12540731273714,59.12540731273714,28331200,AOT_BK
2021-12-30,59.86140823364258,60.106741873944394,59.61607459334076,60.106741873944394,13890600,AOT_BK
2022-01-04,60.59740447998047,60.84273810135691,59.61606999447471,59.861403615851145,20003300,AOT_BK
2022-01-05,60.59740447998047,60.84273810135691,60.106737237227584,60.59740447998047,13326300,AOT_BK
2022-01-06,59.37074279785156,60.59741103747659,59.125409149926554,60.59741103747659,27338300,AOT_BK
2022-01-07,60.10674285888672,60.59741014753069,59.370741925920754,60.10674285888672,21964700,AOT_BK
2022-01-10,59.61607360839844,60.10674088089554,59.370739972149885,59.86140724464699,14882400,AOT_BK
2022-01-11,59.12540817260742,59.86140910421665,58.634740884867945,59.616075460346906,28853700,AOT_BK
2022-01-12,59.37074279785156,59.86141009370157,58.880075502001546,59.125409149926554,21894000,AOT_BK
2022-01-13,59.61607360839844,59.86140724464699,59.125406335901324,59.125406335901324,8129600,AOT_BK
2022-01-14,59.37074279785156,60.10674374162658,59.125409149926554,59.86141009370157,14315700,AOT_BK
2022-01-17,60.35207748413086,61.82407937398771,59.61607653920244,59.86141018751191,38465200,AOT_BK
2022-01-18,60.10674285888672,61.088077436174665,59.61607557024274,60.842743791852676,25225500,AOT_BK
2022-01-19,60.10674285888672,60.3520765032087,59.370741925920754,59.61607557024274,25890700,AOT_BK
2022-01-20,61.33340835571289,61.82407562255859,59.861406555175776,60.10674018859863,63003300,AOT_BK
2022-01-21,61.824073791503906,62.31474104381743,61.33340653919038,61.57874016534714,53432500,AOT_BK
2022-01-24,60.84273910522461,61.578739981497485,60.35207185437602,61.33340635607319,28526200,AOT_BK
2022-01-25,60.84273910522461,61.088072730648896,60.10673822895173,60.597405479800315,19733900,AOT_BK
2022-01-26,61.57874298095703,62.0694102557057,61.3334093435827,61.3334093435827,21583600,AOT_BK
2022-01-27,61.824073791503906,61.824073791503906,60.842739286876856,60.842739286876856,22570100,AOT_BK
2022-01-28,62.80541229248047,62.80541229248047,61.57874408364296,62.06941136717796,31565900,AOT_BK
2022-01-31,62.56007766723633,63.54141221887925,62.56007766723633,63.29607858096852,30331300,AOT_BK
2022-02-01,63.050743103027344,63.29607673377843,62.56007584152519,63.29607673377843,8408600,AOT_BK
2022-02-02,62.80541229248047,63.05074593424797,62.06941136717796,62.80541229248047,9564200,AOT_BK
2022-02-03,62.80541229248047,63.29607957601547,62.314745008945465,62.314745008945465,12821600,AOT_BK
2022-02-04,63.050743103027344,63.29607673377843,62.56007584152519,62.80540947227627,15024700,AOT_BK
2022-02-07,62.80541229248047,63.29607957601547,62.06941136717796,62.80541229248047,20561800,AOT_BK
2022-02-08,62.31474304199219,63.05074394406296,61.33340850589782,62.80541031003937,28970100,AOT_BK
2022-02-09,64.27741241455078,64.76807968489086,62.80541060353053,63.296077873870615,80752100,AOT_BK
2022-02-10,64.27741241455078,64.76807968489086,63.7867451442107,64.52274604972082,41902500,AOT_BK
2022-02-11,63.786746978759766,64.03208062098577,62.56007876762977,63.29607969430777,25093700,AOT_BK
2022-02-14,62.56007766723633,63.54141221887925,62.06941039141487,63.29607858096852,37363300,AOT_BK
2022-02-15,63.296077728271484,63.541411362877184,62.31474318984867,62.56007682445438,21153400,AOT_BK
2022-02-17,63.786746978759766,64.52274790543777,63.786746978759766,64.27741426321177,37816200,AOT_BK
2022-02-18,64.27741241455078,64.76807968489086,63.7867451442107,63.7867451442107,25438800,AOT_BK
2022-02-21,63.786746978759766,64.27741426321177,63.29607969430777,64.03208062098577,15906500,AOT_BK
2022-02-22,62.31474304199219,62.80541031003937,61.57874213992142,62.56007667601578,37323500,AOT_BK
2022-02-23,63.050743103027344,63.541410364529504,62.06940858002303,62.56007584152519,24567700,AOT_BK
2022-02-24,61.57874298095703,62.56007753045436,61.3334093435827,62.31474389308003,38628300,AOT_BK
2022-02-25,62.06940841674805,62.31474204685377,61.333407526430875,62.06940841674805,21442300,AOT_BK
2022-02-28,63.050743103027344,63.78674399528058,61.33340768776979,62.31474221077411,47624500,AOT_BK
2022-03-01,61.824073791503906,63.29607554844447,61.824073791503906,63.05074192228771,33032900,AOT_BK
2022-03-02,61.57874298095703,62.0694102557057,61.08807570620837,61.57874298095703,31840300,AOT_BK
2022-03-03,63.541412353515625,64.03207963037674,62.56007779979337,62.805411438223935,66298100,AOT_BK
2022-03-04,62.80541229248047,63.29607957601547,62.56007865071297,63.29607957601547,26718600,AOT_BK
2022-03-07,61.33340835571289,62.06940925598144,60.35207382202148,61.82407562255859,51567100,AOT_BK
2022-03-08,61.57874298095703,62.0694102557057,60.106741156711045,60.35207479408538,53026900,AOT_BK
2022-03-09,63.050743103027344,63.541410364529504,61.82407494927195,62.31474221077411,50014700,AOT_BK
2022-03-10,63.050743103027344,63.541410364529504,62.80540947227627,63.29607673377843,24343900,AOT_BK
2022-03-11,63.050743103027344,63.29607673377843,62.31474221077411,62.80540947227627,19354700,AOT_BK
2022-03-14,62.80541229248047,63.05074593424797,62.314745008945465,62.80541229248047,13192000,AOT_BK
2022-03-15,62.06940841674805,62.56007567695949,61.82407478664233,62.31474204685377,14520700,AOT_BK
2022-03-16,62.80541229248047,62.80541229248047,62.06941136717796,62.56007865071297,14477800,AOT_BK
2022-03-17,63.786746978759766,64.03208062098577,63.05074605208177,63.29607969430777,46140000,AOT_BK
2022-03-18,63.786746978759766,64.76808154766377,63.541413336533765,64.27741426321177,44780200,AOT_BK
2022-03-21,63.786746978759766,64.03208062098577,63.05074605208177,64.03208062098577,17902300,AOT_BK
2022-03-22,63.296077728271484,63.78674499748289,62.80541045906008,63.78674499748289,27250900,AOT_BK
2022-03-23,63.296077728271484,63.78674499748289,62.80541045906008,63.541411362877184,16421500,AOT_BK
2022-03-24,63.786746978759766,63.786746978759766,62.56007876762977,62.80541240985577,16031800,AOT_BK
2022-03-25,63.786746978759766,63.786746978759766,63.29607969430777,63.786746978759766,13051500,AOT_BK
2022-03-28,64.27741241455078,64.52274604972082,63.7867451442107,64.03207877938074,21984100,AOT_BK
2022-03-29,64.76808166503906,65.01341530770966,64.27741437969786,64.52274802236846,38923100,AOT_BK
2022-03-30,64.76808166503906,65.50408259305087,64.52274802236846,64.76808166503906,42707800,AOT_BK
2022-03-31,65.01341247558594,65.01341247558594,64.27741157963591,64.27741157963591,15910300,AOT_BK
2022-04-01,65.25875091552734,65.25875091552734,64.27741631529385,64.76808361541059,17020600,AOT_BK
2022-04-04,65.74942016601562,66.48542113802326,65.25875285134387,65.50408650867975,56763900,AOT_BK
2022-04-05,66.24008178710938,66.97608269585503,65.74941451461227,65.74941451461227,49612000,AOT_BK
2022-04-07,65.74942016601562,66.24008748068738,65.25875285134387,66.24008748068738,28585000,AOT_BK
2022-04-08,65.50408172607422,65.74941536549773,64.76808080780373,65.74941536549773,20264100,AOT_BK
2022-04-11,65.74942016601562,65.74942016601562,64.7680855366721,65.01341919400798,15843700,AOT_BK
2022-04-12,66.73075103759766,66.73075103759766,65.25874917647418,65.50408281999476,27433000,AOT_BK
2022-04-18,65.99474334716797,66.9760778207318,65.74940972877701,66.48541058394989,20654900,AOT_BK
2022-04-19,65.99474334716797,66.9760778207318,65.74940972877701,66.48541058394989,28094900,AOT_BK
2022-04-20,65.74942016601562,66.48542113802326,65.74942016601562,66.24008748068738,12952700,AOT_BK
2022-04-21,66.73075103759766,66.73075103759766,65.99475010703591,65.99475010703591,22745700,AOT_BK
2022-04-22,66.48541259765625,66.97607984929947,66.24007897183463,66.73074622347787,24680700,AOT_BK
2022-04-25,66.48541259765625,66.97607984929947,65.99474534601303,65.99474534601303,22083000,AOT_BK
2022-04-26,66.73075103759766,67.71208561167998,66.48541739407707,66.73075103759766,32746200,AOT_BK
2022-04-27,66.73075103759766,67.22141832463882,66.2400837505565,66.73075103759766,28392600,AOT_BK
2022-04-28,65.74942016601562,67.2214221100309,65.25875285134387,66.97608845269502,41434300,AOT_BK
2022-04-29,65.50408172607422,66.24008264434471,65.25874808665073,65.99474900492122,23253400,AOT_BK
2022-05-03,65.99474334716797,66.24007696555893,65.2587424919951,65.74940972877701,17881500,AOT_BK
2022-05-05,65.99474334716797,66.73074420234084,65.74940972877701,66.73074420234084,24039900,AOT_BK
2022-05-06,65.25875091552734,65.74941821564408,64.76808361541059,65.25875091552734,26710700,AOT_BK
2022-05-09,65.01341247558594,65.50407973955262,64.7680788436026,65.25874610756928,22699300,AOT_BK
2022-05-10,65.74942016601562,65.9947538233515,64.7680855366721,65.25875285134387,25902400,AOT_BK
2022-05-11,65.25875091552734,65.74941821564408,64.52274996535222,65.50408456558571,45768800,AOT_BK
2022-05-12,64.76808166503906,65.50408259305087,64.52274802236846,65.01341530770966,27195100,AOT_BK
2022-05-13,65.74942016601562,65.74942016601562,64.27741822200035,65.74942016601562,24538500,AOT_BK
2022-05-17,66.24008178710938,66.48541542335792,65.50408087836371,65.99474815086081,30790800,AOT_BK
2022-05-18,66.73075103759766,66.97608468111824,66.2400837505565,66.48541739407707,36113300,AOT_BK
2022-05-19,66.73075103759766,66.73075103759766,65.99475010703591,66.2400837505565,22803100,AOT_BK
2022-05-20,67.71208190917969,67.71208190917969,66.7307473887568,66.7307473887568,33530400,AOT_BK
2022-05-23,68.20275115966797,68.20275115966797,67.221416610608,68.20275115966797,29734900,AOT_BK
2022-05-24,67.71208190917969,67.9574155392854,67.22141464896823,67.9574155392854,31203900,AOT_BK
2022-05-25,67.9574203491211,68.69342129153036,67.71208670165134,68.20275399659084,40165800,AOT_BK
2022-05-26,68.44808197021484,68.44808197021484,67.95741471594808,68.20274834308147,21362800,AOT_BK
2022-05-27,67.71208190917969,68.69341642960258,66.97608101886252,68.44808279949686,36557600,AOT_BK
2022-05-30,68.20275115966797,69.42941934599293,67.95741752240298,68.44808479693296,60639500,AOT_BK
2022-05-31,68.44808197021484,68.69341559734823,67.46674746168131,68.20274834308147,48720500,AOT_BK
2022-06-01,68.20275115966797,68.69341843419795,67.71208388513799,68.44808479693296,25350600,AOT_BK
2022-06-02,67.9574203491211,68.4480876440606,67.9574203491211,68.4480876440606,12249700,AOT_BK
2022-06-06,68.20275115966797,68.44808479693296,67.71208388513799,68.20275115966797,14781000,AOT_BK
2022-06-07,67.22142028808594,68.20275489083171,66.97608663739949,67.95742124014527,31021500,AOT_BK
2022-06-08,67.71208190917969,67.9574155392854,66.97608101886252,67.71208190917969,14066200,AOT_BK
2022-06-09,67.22142028808594,67.71208758945883,66.97608663739949,67.46675393877238,17485300,AOT_BK
2022-06-10,67.46675109863281,67.71208473899148,67.22141745827415,67.46675109863281,13150200,AOT_BK
2022-06-13,66.97608184814453,67.4667491144313,66.73074821500114,66.97608184814453,23100400,AOT_BK
2022-06-14,66.73075103759766,67.22141832463882,65.99475010703591,66.97608468111824,23042400,AOT_BK
2022-06-15,66.97608184814453,66.97608184814453,66.24008094871436,66.48541458185775,17455000,AOT_BK
2022-06-16,66.24008178710938,67.71208360460069,66.24008178710938,67.46674996835213,34738600,AOT_BK
2022-06-17,66.48541259765625,67.22141347512108,65.99474534601303,65.99474534601303,34110300,AOT_BK
2022-06-20,67.9574203491211,67.9574203491211,66.48541846430258,66.48541846430258,28079000,AOT_BK
2022-06-21,68.44808197021484,68.69341559734823,67.71208108881468,68.20274834308147,25838500,AOT_BK
2022-06-22,68.20275115966797,68.44808479693296,67.71208388513799,68.44808479693296,12746300,AOT_BK
2022-06-23,67.71208190917969,69.18408368981403,67.71208190917969,68.44808279949686,30972900,AOT_BK
2022-06-24,68.44808197021484,68.69341559734823,67.95741471594808,68.20274834308147,25638000,AOT_BK
2022-06-27,68.93875122070312,69.18408485494051,68.69341758646574,68.93875122070312,19393500,AOT_BK
2022-06-28,70.65608978271484,70.65608978271484,68.448086977005,69.18408791224162,43784200,AOT_BK
2022-06-29,69.67475128173828,70.65608580683319,69.42941765046456,70.41075217555947,40628800,AOT_BK
2022-06-30,69.67475128173828,69.920084913012,69.18408401919083,69.920084913012,17502800,AOT_BK
2022-07-01,69.18408203125,69.67474927969859,68.93874840702571,69.67474927969859,20344900,AOT_BK
2022-07-04,69.67475128173828,69.67475128173828,69.18408401919083,69.42941765046456,18524800,AOT_BK
2022-07-05,68.93875122070312,69.92008575765263,68.69341758646574,69.67475212341526,28226400,AOT_BK
2022-07-06,69.18408203125,69.18408203125,68.44808115857712,68.93874840702571,23700300,AOT_BK
2022-07-07,69.92008972167969,69.92008972167969,68.9387551290947,69.18408877724094,22544800,AOT_BK
2022-07-08,69.4294204711914,70.16542139491428,69.18408682995045,70.16542139491428,19498600,AOT_BK
2022-07-11,69.4294204711914,69.4294204711914,68.69341954746852,69.18408682995045,14227300,AOT_BK
2022-07-12,68.69341278076172,69.18408001491002,68.44807916368757,68.93874639783587,16738900,AOT_BK
2022-07-14,68.44808197021484,69.184082851615,68.20274834308147,68.69341559734823,18757200,AOT_BK
2022-07-15,68.44808197021484,68.69341559734823,67.71208108881468,68.44808197021484,21725300,AOT_BK
2022-07-18,68.69341278076172,68.93874639783587,68.44807916368757,68.69341278076172,15951700,AOT_BK
2022-07-19,68.20275115966797,68.93875207146294,67.95741752240298,68.93875207146294,13543700,AOT_BK
2022-07-20,68.69341278076172,68.69341278076172,67.71207831246512,68.44807916368757,26548200,AOT_BK
2022-07-21,68.20275115966797,68.93875207146294,67.95741752240298,68.93875207146294,14111700,AOT_BK
2022-07-22,68.69341278076172,68.69341278076172,67.95741192953928,68.20274554661341,12092200,AOT_BK
2022-07-25,68.20275115966797,68.69341843419795,67.95741752240298,68.44808479693296,11685300,AOT_BK
2022-07-26,67.9574203491211,68.20275399659084,67.4667530541816,67.9574203491211,25156700,AOT_BK
2022-07-27,68.93875122070312,68.93875122070312,67.95741668375362,68.20275031799099,17453100,AOT_BK
2022-08-01,69.67475128173828,69.67475128173828,68.44808312536965,68.69341675664337,26865000,AOT_BK
2022-08-02,69.18408203125,69.67474927969859,68.93874840702571,69.42941565547429,15956400,AOT_BK
2022-08-03,69.4294204711914,69.4294204711914,68.69341954746852,69.18408682995045,11361200,AOT_BK
2022-08-04,69.92008972167969,70.41075701797217,69.18408877724094,69.4294224253872,31152800,AOT_BK
2022-08-05,70.41075897216797,70.41075897216797,69.6747580073021,70.41075897216797,21971500,AOT_BK
2022-08-08,70.65608978271484,70.65608978271484,69.92008884747823,70.65608978271484,18320900,AOT_BK
2022-08-09,70.41075897216797,71.63742724694441,70.16542531721268,70.65609262712326,38610100,AOT_BK
2022-08-10,70.65608978271484,70.90142342779372,70.1654224925571,70.41075613763597,31351600,AOT_BK
2022-08-11,71.1467514038086,71.1467514038086,70.65608415274785,70.65608415274785,17368300,AOT_BK
2022-08-15,71.1467514038086,71.39208502933897,70.65608415274785,71.1467514038086,23870100,AOT_BK
2022-08-16,70.16542053222656,71.14675508512484,69.42941961755287,70.90142144690027,65783700,AOT_BK
2022-08-17,70.65608978271484,70.65608978271484,69.67475520239935,69.92008884747823,21930400,AOT_BK
2022-08-18,70.65608978271484,70.90142342779372,69.92008884747823,70.65608978271484,19298100,AOT_BK
2022-08-19,70.65608978271484,70.90142342779372,70.41075613763597,70.65608978271484,18628900,AOT_BK
2022-08-22,69.92008972167969,70.65609066611842,69.67475607353344,70.41075701797217,11825700,AOT_BK
2022-08-23,70.16542053222656,70.65608780867571,69.67475325577743,69.920086894002,19197900,AOT_BK
2022-08-24,70.16542053222656,70.65608780867571,69.67475325577743,69.920086894002,20874700,AOT_BK
2022-08-25,71.1467514038086,71.39208502933897,70.1654169016871,70.1654169016871,33070200,AOT_BK
2022-08-26,70.90142059326172,71.39208786380333,70.41075332272011,71.14675422853252,26334800,AOT_BK
2022-08-29,69.92008972167969,70.65609066611842,69.4294224253872,70.41075701797217,27342000,AOT_BK
2022-08-30,71.1467514038086,71.1467514038086,69.92008327615672,69.92008327615672,16616800,AOT_BK
2022-08-31,71.39208984375,71.39208984375,70.41075527545102,70.65608891752576,30906800,AOT_BK
2022-09-01,70.65608978271484,71.14675707287259,70.41075613763597,70.90142342779372,13542200,AOT_BK
2022-09-02,70.90142059326172,71.39208786380333,70.65608695799092,70.65608695799092,10779000,AOT_BK
2022-09-05,70.90142059326172,71.14675422853252,70.16541968744932,70.90142059326172,17588500,AOT_BK
2022-09-06,70.65608978271484,71.14675707287259,70.41075613763597,71.14675707287259,13694100,AOT_BK
2022-09-07,70.90142059326172,71.14675422853252,70.16541968744932,70.90142059326172,21476600,AOT_BK
2022-09-08,70.65608978271484,71.14675707287259,70.41075613763597,71.14675707287259,10802300,AOT_BK
2022-09-09,71.1467514038086,71.1467514038086,70.65608415274785,70.65608415274785,14429800,AOT_BK
2022-09-12,71.39208984375,72.12809076997422,71.14675620167526,71.39208984375,27594100,AOT_BK
2022-09-13,71.88275146484375,72.12808508759066,71.14675059660303,71.39208421934994,17204100,AOT_BK
2022-09-14,71.88275146484375,71.88275146484375,71.39208421934994,71.39208421934994,12823100,AOT_BK
2022-09-15,71.1467514038086,71.88275228039971,71.1467514038086,71.63741865486935,22780300,AOT_BK
2022-09-16,71.63742065429688,71.63742065429688,70.65608612478596,70.90141975716368,24388100,AOT_BK
2022-09-19,71.63742065429688,71.8827542866746,71.14675338954142,71.63742065429688,15995000,AOT_BK
2022-09-20,71.88275146484375,71.88275146484375,71.14675059660303,71.63741784209685,22486000,AOT_BK
2022-09-21,71.63742065429688,72.12808791905233,71.39208702191914,71.63742065429688,12900500,AOT_BK
2022-09-22,71.63742065429688,71.8827542866746,71.14675338954142,71.39208702191914,20208900,AOT_BK
2022-09-23,72.37342071533203,73.84542249259302,72.12808708578854,72.12808708578854,61251900,AOT_BK
2022-09-26,71.88275146484375,72.37341871033757,71.39208421934994,72.12808508759066,31686900,AOT_BK
2022-09-27,72.12808990478516,72.37342354391708,71.39208898738939,71.88275626565323,21283600,AOT_BK
2022-09-28,71.63742065429688,72.37342155143006,71.63742065429688,71.8827542866746,25140300,AOT_BK
2022-09-29,71.63742065429688,72.86408881618551,71.63742065429688,71.63742065429688,37129400,AOT_BK
2022-09-30,71.1467514038086,71.88275228039971,71.1467514038086,71.63741865486935,34664900,AOT_BK
2022-10-03,70.41075897216797,71.63742724694441,70.16542531721268,71.39209359198912,43994900,AOT_BK
2022-10-04,70.90142059326172,71.39208786380333,70.65608695799092,71.14675422853252,31385300,AOT_BK
2022-10-05,70.90142059326172,71.39208786380333,70.65608695799092,71.14675422853252,16578700,AOT_BK
2022-10-06,71.1467514038086,71.63741865486935,71.1467514038086,71.39208502933897,17490300,AOT_BK
2022-10-07,71.63742065429688,71.63742065429688,70.90141975716368,71.14675338954142,12381800,AOT_BK
2022-10-10,71.1467514038086,71.63741865486935,70.90141777827822,71.1467514038086,12887300,AOT_BK
2022-10-11,70.16542053222656,71.14675508512484,70.16542053222656,70.90142144690027,23327100,AOT_BK
2022-10-12,69.67475128173828,70.41075217555947,69.67475128173828,70.41075217555947,25566100,AOT_BK
2022-10-17,68.93875122070312,69.92008575765263,68.69341758646574,69.67475212341526,41593700,AOT_BK
2022-10-18,70.65608978271484,70.90142342779372,68.69342062208388,68.93875426716275,32746500,AOT_BK
2022-10-19,70.65608978271484,71.14675707287259,70.1654224925571,71.14675707287259,12558900,AOT_BK
2022-10-20,71.63742065429688,71.63742065429688,69.67475159527504,70.1654188600305,26005400,AOT_BK
2022-10-21,72.12808990478516,72.12808990478516,71.14675534825747,71.39208898738939,16758900,AOT_BK
2022-10-25,72.37342071533203,72.86408797441902,72.12808708578854,72.37342071533203,22432100,AOT_BK
2022-10-26,72.37342071533203,72.61875434487553,72.12808708578854,72.61875434487553,17061100,AOT_BK
2022-10-27,72.37342071533203,72.61875434487553,71.88275345624504,72.37342071533203,18140800,AOT_BK
2022-10-28,72.12808990478516,72.618757183049,71.63742262652131,72.12808990478516,17924800,AOT_BK
2022-10-31,72.61875915527344,72.61875915527344,72.12809186368375,72.3734255094786,10779400,AOT_BK
2022-11-01,72.86408996582031,73.10942360206886,72.12808905707465,72.61875632957175,18686800,AOT_BK
2022-11-02,73.35475158691406,73.6000852042616,72.86408435221898,73.10941796956652,29162600,AOT_BK
2022-11-03,73.10942840576172,73.35476205813005,72.61876110102506,73.35476205813005,13795000,AOT_BK
2022-11-04,73.10942840576172,73.60009571049838,72.86409475339339,73.35476205813005,20808800,AOT_BK
2022-11-07,72.61875915527344,73.35476009265795,72.61875915527344,73.10942644686313,19712900,AOT_BK
2022-11-08,72.86408996582031,73.10942360206886,72.61875632957175,72.86408996582031,15014500,AOT_BK
2022-11-09,73.35475158691406,73.35475158691406,72.86408435221898,73.10941796956652,26517400,AOT_BK
2022-11-10,73.35475158691406,73.35475158691406,72.86408435221898,73.35475158691406,12120300,AOT_BK
2022-11-11,74.33609008789062,74.82675734919684,73.60008919593132,73.60008919593132,43289500,AOT_BK
2022-11-14,73.84542083740234,74.58142170953592,73.60008721335781,74.58142170953592,31974800,AOT_BK
2022-11-15,74.33609008789062,74.58142371854373,73.35475556527821,73.60008919593132,23257400,AOT_BK
2022-11-16,73.10942840576172,74.33609666760336,73.10942840576172,74.09076301523503,20390800,AOT_BK
2022-11-17,73.10942840576172,73.35476205813005,72.61876110102506,73.35476205813005,34892300,AOT_BK
2022-11-18,72.61875915527344,73.10942644686313,72.12809186368375,73.10942644686313,25499600,AOT_BK
2022-11-21,73.35475158691406,73.35475158691406,72.12808350017637,72.37341711752391,19208500,AOT_BK
2022-11-22,73.10942840576172,73.35476205813005,72.12809379628841,72.61876110102506,28638000,AOT_BK
2022-11-23,73.35475158691406,73.84541882160914,73.10941796956652,73.10941796956652,20729800,AOT_BK
2022-11-24,73.10942840576172,73.60009571049838,73.10942840576172,73.35476205813005,9723700,AOT_BK
2022-11-25,72.86408996582031,73.35475723831742,72.61875632957175,73.10942360206886,14998500,AOT_BK
2022-11-28,72.61875915527344,72.86409280106828,72.3734255094786,72.61875915527344,8018400,AOT_BK
2022-11-29,73.10942840576172,73.10942840576172,72.61876110102506,72.61876110102506,12245700,AOT_BK
2022-11-30,73.60009002685547,73.60009002685547,73.10942276000976,73.35475639343261,24737600,AOT_BK
2022-12-01,72.61875915527344,73.84542738424764,72.3734255094786,73.6000937384528,29702900,AOT_BK
2022-12-02,72.37342071533203,73.10942160396253,72.37342071533203,73.10942160396253,18449400,AOT_BK
2022-12-06,72.86408996582031,72.86408996582031,71.63742178457754,72.12808905707465,21036400,AOT_BK
2022-12-07,72.61875915527344,73.10942644686313,72.12809186368375,72.61875915527344,16385200,AOT_BK
2022-12-08,72.61875915527344,72.86409280106828,72.12809186368375,72.61875915527344,12053500,AOT_BK
2022-12-09,72.12808990478516,73.10942446131284,72.12808990478516,72.86409082218093,18125900,AOT_BK
2022-12-13,72.86408996582031,72.86408996582031,72.12808905707465,72.3734226933232,18780200,AOT_BK
2022-12-14,72.86408996582031,72.86408996582031,72.12808905707465,72.61875632957175,13408700,AOT_BK
2022-12-15,71.88275146484375,72.86408595583138,71.88275146484375,72.61875233308447,20551000,AOT_BK
2022-12-16,72.12808990478516,72.37342354391708,71.63742262652131,71.63742262652131,24567700,AOT_BK
2022-12-19,72.37342071533203,72.37342071533203,71.88275345624504,72.37342071533203,10608800,AOT_BK
2022-12-20,72.37342071533203,72.37342071533203,71.63741982670153,72.37342071533203,14342100,AOT_BK
2022-12-21,71.88275146484375,72.37341871033757,71.39208421934994,72.37341871033757,16257300,AOT_BK
2022-12-22,71.63742065429688,72.12808791905233,71.14675338954142,72.12808791905233,12782900,AOT_BK
2022-12-23,71.63742065429688,71.8827542866746,71.14675338954142,71.39208702191914,13560600,AOT_BK
2022-12-26,72.37342071533203,72.37342071533203,71.88275345624504,72.12808708578854,5807600,AOT_BK
2022-12-27,74.09075927734375,74.09075927734375,72.86409107738773,72.86409107738773,64980600,AOT_BK
2022-12-28,74.09075927734375,74.09075927734375,73.60009199736135,74.09075927734375,26582800,AOT_BK
2022-12-29,74.8267593383789,74.8267593383789,73.84542478967886,73.84542478967886,25313000,AOT_BK
2022-12-30,73.60009002685547,75.07209182739257,73.60009002685547,74.58142456054688,38721200,AOT_BK
2023-01-03,73.60009002685547,74.33609092712402,73.60009002685547,73.84542366027831,21950400,AOT_BK
2023-01-04,73.10942840576172,73.8454293628667,73.10942840576172,73.8454293628667,17672700,AOT_BK
2023-01-05,73.60009002685547,74.09075729370117,72.61875549316406,72.86408912658692,35034500,AOT_BK
2023-01-06,74.09075927734375,74.33609291733495,73.84542563735255,74.09075927734375,22225400,AOT_BK
2023-01-09,73.84542083740234,74.58142170953592,73.60008721335781,74.58142170953592,22078800,AOT_BK
2023-01-10,73.84542083740234,74.3360880854914,73.35475358931329,74.09075446144686,29745000,AOT_BK
2023-01-11,72.86408996582031,73.84542451081452,72.61875632957175,73.60009087456596,42854900,AOT_BK
2023-01-12,72.61875915527344,73.10942644686313,72.61875915527344,72.61875915527344,32435200,AOT_BK
2023-01-13,72.12808990478516,73.10942446131284,71.88275626565323,72.618757183049,40830200,AOT_BK
2023-01-16,71.88275146484375,72.86408595583138,71.14675059660303,72.37341871033757,50826800,AOT_BK
2023-01-17,71.88275146484375,72.37341871033757,71.63741784209685,71.88275146484375,24929900,AOT_BK
2023-01-18,73.60009002685547,73.60009002685547,71.88275459289551,72.12808822631835,57110300,AOT_BK
2023-01-19,73.10942840576172,73.8454293628667,73.10942840576172,73.8454293628667,23253000,AOT_BK
2023-01-20,73.35475158691406,73.6000852042616,72.86408435221898,73.35475158691406,12765000,AOT_BK
2023-01-23,73.35475158691406,73.84541882160914,73.35475158691406,73.35475158691406,11512700,AOT_BK
2023-01-24,73.84542083740234,74.09075446144686,73.35475358931329,73.60008721335781,21934200,AOT_BK
2023-01-25,73.60009002685547,74.09075729370117,73.35475639343261,73.84542366027831,14172300,AOT_BK
2023-01-26,73.84542083740234,73.84542083740234,73.35475358931329,73.60008721335781,16930000,AOT_BK
2023-01-27,74.09075927734375,74.09075927734375,73.60009199736135,73.84542563735255,9846700,AOT_BK
2023-01-30,73.84542083740234,74.09075446144686,73.35475358931329,74.09075446144686,18015800,AOT_BK
2023-01-31,72.86408996582031,73.84542451081452,72.86408996582031,73.84542451081452,24997200,AOT_BK
2023-02-01,73.35475158691406,73.35475158691406,72.61875073487144,73.35475158691406,16638400,AOT_BK
2023-02-02,73.10942840576172,73.35476205813005,73.10942840576172,73.10942840576172,15623800,AOT_BK
2023-02-03,72.37342071533203,72.86408797441902,72.37342071533203,72.61875434487553,26205400,AOT_BK
2023-02-06,72.37342071533203,72.86408797441902,72.37342071533203,72.61875434487553,9964300,AOT_BK
2023-02-07,72.12808990478516,72.618757183049,71.88275626565323,72.12808990478516,19880400,AOT_BK
2023-02-08,72.61875915527344,72.86409280106828,71.8827582178889,72.12809186368375,20053500,AOT_BK
2023-02-09,72.12808990478516,72.37342354391708,71.88275626565323,72.37342354391708,13509100,AOT_BK
2023-02-10,71.63742065429688,72.12808791905233,71.63742065429688,71.8827542866746,14626200,AOT_BK
2023-02-13,71.39208984375,71.63742348582474,71.14675620167526,71.39208984375,21881600,AOT_BK
2023-02-14,70.41075897216797,71.39209359198912,70.16542531721268,71.14675993703383,44070700,AOT_BK
2023-02-15,71.63742065429688,71.63742065429688,70.41075249240822,70.65608612478596,18113100,AOT_BK
2023-02-16,71.39208984375,71.88275712789948,71.39208984375,71.63742348582474,8971400,AOT_BK
2023-02-17,71.1467514038086,71.39208502933897,70.65608415274785,71.1467514038086,12606800,AOT_BK
2023-02-20,71.63742065429688,71.63742065429688,71.14675338954142,71.14675338954142,8521800,AOT_BK
2023-02-21,71.63742065429688,71.8827542866746,71.14675338954142,71.63742065429688,11168200,AOT_BK
2023-02-22,70.65608978271484,71.63742436303032,70.65608978271484,71.39209071795146,14872200,AOT_BK
2023-02-23,71.1467514038086,71.1467514038086,70.41075052721747,70.65608415274785,14467600,AOT_BK
2023-02-24,71.1467514038086,71.39208502933897,70.90141777827822,71.1467514038086,6831300,AOT_BK
2023-02-27,70.90142059326172,71.39208786380333,70.65608695799092,70.90142059326172,12633100,AOT_BK
2023-02-28,71.39208984375,71.39208984375,70.90142255960052,71.14675620167526,19706700,AOT_BK
2023-03-01,71.1467514038086,72.12808590593009,71.1467514038086,71.63741865486935,13911200,AOT_BK
2023-03-02,70.41075897216797,71.14675993703383,69.92009166225739,71.14675993703383,34597500,AOT_BK
2023-03-03,69.18408203125,70.16541652814716,68.93874840702571,70.16541652814716,24689500,AOT_BK
2023-03-07,68.44808197021484,69.67475010588178,68.44808197021484,69.4294164787484,26158600,AOT_BK
2023-03-08,68.44808197021484,68.69341559734823,67.71208108881468,67.95741471594808,32810000,AOT_BK
2023-03-09,68.20275115966797,68.93875207146294,68.20275115966797,68.93875207146294,21351800,AOT_BK
2023-03-10,67.22142028808594,67.95742124014527,67.22142028808594,67.71208758945883,19356000,AOT_BK
2023-03-13,66.48541259765625,67.7120807267643,66.24007897183463,67.46674710094268,37910700,AOT_BK
2023-03-14,65.01341247558594,66.24008063550265,64.7680788436026,64.7680788436026,44347800,AOT_BK
2023-03-15,69.4294204711914,69.92008775367331,66.24008313505894,66.4854167762999,52371400,AOT_BK
2023-03-16,69.18408203125,69.42941565547429,68.20274753435284,68.69341478280141,30128100,AOT_BK
2023-03-17,69.18408203125,69.92008290392288,68.69341478280141,69.67474927969859,19454900,AOT_BK
2023-03-20,68.69341278076172,69.42941363198416,68.20274554661341,69.18408001491002,16487500,AOT_BK
2023-03-21,68.93875122070312,69.42941848917788,68.69341758646574,68.93875122070312,20082500,AOT_BK
2023-03-22,69.92008972167969,70.16542336982593,68.9387551290947,69.18408877724094,16096000,AOT_BK
2023-03-23,70.41075897216797,71.14675993703383,69.6747580073021,69.92009166225739,13160300,AOT_BK
2023-03-24,70.65608978271484,71.39209071795146,70.41075613763597,70.65608978271484,17539700,AOT_BK
2023-03-27,70.41075897216797,70.90142628207855,70.16542531721268,70.65609262712326,6787100,AOT_BK
2023-03-28,70.41075897216797,70.65609262712326,69.92009166225739,70.65609262712326,12680500,AOT_BK
2023-03-29,70.41075897216797,70.90142628207855,70.41075897216797,70.65609262712326,9489400,AOT_BK
2023-03-30,69.67475128173828,70.90141943810691,69.67475128173828,70.65608580683319,16098400,AOT_BK
2023-03-31,69.67475128173828,70.16541854428573,69.42941765046456,69.67475128173828,12874900,AOT_BK
2023-04-03,70.16542053222656,70.65608780867571,69.67475325577743,69.920086894002,14131700,AOT_BK
2023-04-04,70.41075897216797,71.14675993703383,70.41075897216797,70.90142628207855,18295200,AOT_BK
2023-04-05,70.41075897216797,70.65609262712326,69.92009166225739,70.41075897216797,12287200,AOT_BK
2023-04-07,70.65608978271484,71.14675707287259,70.41075613763597,70.41075613763597,11882300,AOT_BK
2023-04-10,71.1467514038086,71.39208502933897,70.1654169016871,70.65608415274785,9797700,AOT_BK
2023-04-11,71.39208984375,71.39208984375,70.41075527545102,71.39208984375,16371000,AOT_BK
2023-04-12,71.1467514038086,71.39208502933897,70.41075052721747,71.1467514038086,21954300,AOT_BK
2023-04-17,71.39208984375,71.39208984375,70.16542163337628,71.14675620167526,19218000,AOT_BK
2023-04-18,71.1467514038086,71.63741865486935,70.90141777827822,71.39208502933897,15652200,AOT_BK
2023-04-19,71.1467514038086,71.88275228039971,70.90141777827822,71.1467514038086,27120600,AOT_BK
2023-04-20,70.90142059326172,71.39208786380333,70.65608695799092,70.90142059326172,17550500,AOT_BK
2023-04-21,70.90142059326172,71.14675422853252,70.16541968744932,70.90142059326172,15865400,AOT_BK
2023-04-24,71.39208984375,71.39208984375,70.65608891752576,70.65608891752576,12549200,AOT_BK
2023-04-25,70.90142059326172,71.39208786380333,70.90142059326172,71.14675422853252,15140200,AOT_BK
2023-04-26,71.63742065429688,71.63742065429688,71.14675338954142,71.14675338954142,10854000,AOT_BK
2023-04-27,71.63742065429688,72.12808791905233,71.39208702191914,71.8827542866746,12731500,AOT_BK
2023-04-28,71.88275146484375,71.88275146484375,71.39208421934994,71.63741784209685,15294300,AOT_BK
2023-05-02,72.12808990478516,72.37342354391708,71.63742262652131,71.88275626565323,12686700,AOT_BK
2023-05-03,71.88275146484375,72.37341871033757,71.63741784209685,72.12808508759066,16659300,AOT_BK
2023-05-08,72.37342071533203,72.37342071533203,72.12808708578854,72.12808708578854,19353000,AOT_BK
2023-05-09,71.88275146484375,72.86408595583138,71.88275146484375,72.37341871033757,37315700,AOT_BK
2023-05-10,72.37342071533203,72.37342071533203,71.63741982670153,72.12808708578854,17519200,AOT_BK
2023-05-11,72.12808990478516,72.618757183049,71.88275626565323,72.12808990478516,15648900,AOT_BK
2023-05-12,71.88275146484375,72.37341871033757,71.63741784209685,72.12808508759066,20157500,AOT_BK
2023-05-15,71.88275146484375,72.37341871033757,71.63741784209685,72.37341871033757,36085500,AOT_BK
2023-05-16,70.65608978271484,72.12809165318806,70.65608978271484,71.88275800810919,28372800,AOT_BK
2023-05-17,70.65608978271484,70.90142342779372,69.67475520239935,70.65608978271484,37799300,AOT_BK
2023-05-18,70.16542053222656,71.14675508512484,70.16542053222656,70.65608780867571,21507100,AOT_BK
2023-05-19,68.93875122070312,70.16541939189001,68.93875122070312,70.16541939189001,26330400,AOT_BK
2023-05-22,70.65608978271484,70.90142342779372,67.71208604176839,68.448086977005,29892700,AOT_BK
2023-05-23,69.18408203125,70.41075015237145,68.93874840702571,70.16541652814716,36209500,AOT_BK
2023-05-24,69.4294204711914,69.67475411243237,68.93875318870948,69.18408682995045,15298200,AOT_BK
2023-05-25,68.93875122070312,69.42941848917788,68.69341758646574,69.18408485494051,15063700,AOT_BK
2023-05-26,68.69341278076172,69.18408001491002,68.69341278076172,68.69341278076172,13727600,AOT_BK
2023-05-29,69.18408203125,69.18408203125,68.69341478280141,68.69341478280141,8012700,AOT_BK
2023-05-30,69.4294204711914,69.67475411243237,68.93875318870948,69.18408682995045,17126200,AOT_BK
2023-05-31,69.4294204711914,69.67475411243237,68.69341954746852,69.18408682995045,13470100,AOT_BK
2023-06-01,69.4294204711914,69.92008775367331,69.18408682995045,69.4294204711914,14582600,AOT_BK
2023-06-02,69.4294204711914,69.92008775367331,69.4294204711914,69.67475411243237,14868100,AOT_BK
2023-06-06,68.93875122070312,69.18408485494051,68.44808395222837,68.69341758646574,11121100,AOT_BK
2023-06-07,69.18408203125,69.18408203125,68.44808115857712,68.93874840702571,11699900,AOT_BK
2023-06-08,69.92008972167969,69.92008972167969,68.9387551290947,68.9387551290947,10477800,AOT_BK
2023-06-09,70.90142059326172,70.90142059326172,69.67475241690771,69.9200860521785,16264400,AOT_BK
2023-06-12,70.41075897216797,71.14675993703383,70.16542531721268,70.65609262712326,11177000,AOT_BK
2023-06-13,70.41075897216797,71.14675993703383,70.41075897216797,70.65609262712326,11328100,AOT_BK
2023-06-14,70.16542053222656,70.90142144690027,70.16542053222656,70.65608780867571,8914200,AOT_BK
2023-06-15,70.16542053222656,70.65608780867571,69.920086894002,70.16542053222656,9459500,AOT_BK
2023-06-16,69.92008972167969,70.65609066611842,69.4294224253872,70.41075701797217,14676300,AOT_BK
2023-06-19,70.16542053222656,70.65608780867571,69.920086894002,70.16542053222656,9560900,AOT_BK
2023-06-20,70.90142059326172,71.39208786380333,70.65608695799092,70.90142059326172,15638100,AOT_BK
2023-06-21,71.1467514038086,71.63741865486935,70.65608415274785,71.1467514038086,15778600,AOT_BK
2023-06-22,70.90142059326172,71.39208786380333,70.65608695799092,71.39208786380333,14106400,AOT_BK
2023-06-23,70.41075897216797,70.90142628207855,70.16542531721268,70.90142628207855,12849700,AOT_BK
2023-06-26,70.41075897216797,70.65609262712326,69.92009166225739,70.41075897216797,14035700,AOT_BK
2023-06-27,70.41075897216797,70.65609262712326,70.16542531721268,70.41075897216797,16896900,AOT_BK
2023-06-28,69.92008972167969,70.65609066611842,69.92008972167969,70.41075701797217,7279500,AOT_BK
2023-06-29,69.92008972167969,70.65609066611842,69.67475607353344,70.16542336982593,15424000,AOT_BK
2023-06-30,70.65608978271484,70.90142342779372,69.92008884747823,69.92008884747823,11584000,AOT_BK
2023-07-03,70.41075897216797,70.90142628207855,70.16542531721268,70.65609262712326,5650600,AOT_BK
2023-07-04,70.41075897216797,70.65609262712326,69.92009166225739,70.16542531721268,11613700,AOT_BK
2023-07-05,70.41075897216797,70.90142628207855,70.41075897216797,70.41075897216797,9552800,AOT_BK
2023-07-06,69.67475128173828,70.41075217555947,69.42941765046456,70.16541854428573,16543900,AOT_BK
2023-07-07,69.92008972167969,69.92008972167969,68.9387551290947,69.18408877724094,9363200,AOT_BK
2023-07-10,69.4294204711914,69.92008775367331,68.93875318870948,69.92008775367331,12311900,AOT_BK
2023-07-11,69.4294204711914,69.92008775367331,69.18408682995045,69.67475411243237,8796000,AOT_BK
2023-07-12,69.92008972167969,70.16542336982593,69.18408877724094,69.4294224253872,23836900,AOT_BK
2023-07-13,67.9574203491211,69.4294222339396,67.9574203491211,69.18408858646985,46426100,AOT_BK
2023-07-14,68.93875122070312,68.93875122070312,67.95741668375362,68.20275031799099,17346900,AOT_BK
2023-07-17,69.67475128173828,69.67475128173828,68.69341675664337,68.9387503879171,7645600,AOT_BK
2023-07-18,70.16542053222656,70.16542053222656,69.42941961755287,69.67475325577743,7790300,AOT_BK
2023-07-19,70.41075897216797,70.65609262712326,69.6747580073021,70.16542531721268,22363200,AOT_BK
2023-07-20,69.18408203125,70.41075015237145,69.18408203125,70.16541652814716,23528600,AOT_BK
2023-07-21,70.41075897216797,70.65609262712326,69.18409069739153,69.18409069739153,15440400,AOT_BK
2023-07-24,69.67475128173828,70.41075217555947,69.42941765046456,70.16541854428573,13374100,AOT_BK
2023-07-25,69.4294204711914,69.92008775367331,69.4294204711914,69.92008775367331,10912500,AOT_BK
2023-07-26,69.67475128173828,70.16541854428573,69.67475128173828,69.920084913012,7374300,AOT_BK
2023-07-27,69.92008972167969,70.16542336982593,69.4294224253872,69.92008972167969,26149600,AOT_BK
2023-07-31,70.16542053222656,70.41075417045113,69.920086894002,70.16542053222656,8051500,AOT_BK
2023-08-02,70.16542053222656,70.41075417045113,69.67475325577743,70.16542053222656,10852100,AOT_BK
2023-08-03,69.18408203125,69.92008290392288,69.18408203125,69.67474927969859,9617100,AOT_BK
2023-08-04,69.4294204711914,69.67475411243237,69.18408682995045,69.4294204711914,5967500,AOT_BK
2023-08-07,69.4294204711914,70.16542139491428,68.93875318870948,69.4294204711914,18218600,AOT_BK
2023-08-08,68.69341278076172,69.67474724905831,68.93874639783587,69.42941363198416,9482000,AOT_BK
2023-08-09,68.69341278076172,69.18408001491002,68.69341278076172,68.93874639783587,11420500,AOT_BK
2023-08-10,69.67475128173828,69.67475128173828,68.20274949409593,68.69341675664337,16801800,AOT_BK
2023-08-11,69.92008972167969,69.92008972167969,69.18408877724094,69.67475607353344,11101800,AOT_BK
2023-08-15,69.4294204711914,70.16542139491428,69.18408682995045,70.16542139491428,13263000,AOT_BK
2023-08-16,68.93875122070312,69.67475212341526,68.69341758646574,69.18408485494051,22938900,AOT_BK
2023-08-17,69.4294204711914,69.67475411243237,68.44808590622756,68.69341954746852,10473500,AOT_BK
2023-08-18,69.4294204711914,69.4294204711914,68.69341954746852,69.18408682995045,15299600,AOT_BK
2023-08-21,69.18408203125,69.67474927969859,68.93874840702571,69.42941565547429,7236900,AOT_BK
2023-08-22,69.4294204711914,69.92008775367331,69.18408682995045,69.18408682995045,13392600,AOT_BK
2023-08-23,70.41075897216797,70.65609262712326,69.6747580073021,69.6747580073021,15546900,AOT_BK
2023-08-24,70.65608978271484,71.14675707287259,70.41075613763597,70.65608978271484,19616500,AOT_BK
2023-08-25,70.16542053222656,70.65608780867571,69.920086894002,70.41075417045113,15779700,AOT_BK
2023-08-28,70.65608978271484,71.14675707287259,70.41075613763597,70.65608978271484,14594100,AOT_BK
2023-08-29,71.88275146484375,72.12808508759066,70.65608335110922,70.65608335110922,44268300,AOT_BK
2023-08-30,71.88275146484375,71.88275146484375,71.39208421934994,71.63741784209685,19602000,AOT_BK
2023-08-31,71.1467514038086,71.88275228039971,71.1467514038086,71.39208502933897,14566400,AOT_BK
2023-09-01,71.39208984375,71.63742348582474,70.90142255960052,71.39208984375,12652300,AOT_BK
2023-09-04,70.65608978271484,71.63742436303032,70.65608978271484,71.39209071795146,16304300,AOT_BK
2023-09-05,70.65608978271484,70.90142342779372,70.41075613763597,70.65608978271484,8726900,AOT_BK
2023-09-06,70.41075897216797,70.90142628207855,69.92009166225739,70.65609262712326,16864600,AOT_BK
2023-09-07,70.41075897216797,70.90142628207855,70.16542531721268,70.41075897216797,9328300,AOT_BK
2023-09-08,69.67475128173828,70.65608580683319,69.67475128173828,70.41075217555947,14717400,AOT_BK
2023-09-11,69.92008972167969,70.16542336982593,69.18408877724094,69.67475607353344,15233000,AOT_BK
2023-09-12,69.92008972167969,70.41075701797217,69.92008972167969,70.16542336982593,5985300,AOT_BK
2023-09-13,69.92008972167969,70.16542336982593,69.67475607353344,70.16542336982593,11557500,AOT_BK
2023-09-14,70.16542053222656,70.16542053222656,69.42941961755287,69.920086894002,8476900,AOT_BK
2023-09-15,69.92008972167969,70.41075701797217,69.67475607353344,70.41075701797217,12213400,AOT_BK
2023-09-18,69.4294204711914,69.92008775367331,69.18408682995045,69.92008775367331,14167800,AOT_BK
2023-09-19,68.93875122070312,69.92008575765263,68.93875122070312,69.67475212341526,11984200,AOT_BK
2023-09-20,68.44808197021484,69.184082851615,68.20274834308147,69.184082851615,30243700,AOT_BK
2023-09-21,68.69341278076172,69.18408001491002,67.95741192953928,68.20274554661341,15172300,AOT_BK
2023-09-22,68.93875122070312,69.42941848917788,68.44808395222837,68.69341758646574,13858700,AOT_BK
2023-09-25,68.20275115966797,69.18408570872793,68.20275115966797,69.18408570872793,18452600,AOT_BK
2023-09-26,67.71208190917969,68.44808279949686,67.71208190917969,68.20274916939114,19287300,AOT_BK
2023-09-27,68.20275115966797,68.20275115966797,67.71208388513799,67.71208388513799,12432900,AOT_BK
2023-09-28,67.9574203491211,69.18408858646985,67.9574203491211,68.20275399659084,26114400,AOT_BK
2023-09-29,68.44808197021484,69.67475010588178,68.44808197021484,68.69341559734823,29888300,AOT_BK
2023-10-02,68.93875122070312,69.42941848917788,68.44808395222837,68.44808395222837,14393300,AOT_BK
2023-10-03,68.69341278076172,68.93874639783587,68.20274554661341,68.44807916368757,18055800,AOT_BK
2023-10-04,67.22142028808594,67.71208758945883,66.24008568534016,66.73075298671304,57739700,AOT_BK
2023-10-05,67.9574203491211,67.9574203491211,66.73075211177235,67.22141940671185,19660300,AOT_BK
2023-10-06,67.46675109863281,67.95741837935014,67.46675109863281,67.71208473899148,15338900,AOT_BK
2023-10-09,67.46675109863281,67.71208473899148,67.22141745827415,67.46675109863281,11276700,AOT_BK
2023-10-10,67.22142028808594,67.95742124014527,67.22142028808594,67.71208758945883,7721800,AOT_BK
2023-10-11,67.46675109863281,67.95741837935014,66.48541653719816,67.22141745827415,24971100,AOT_BK
2023-10-12,67.22142028808594,67.71208758945883,66.97608663739949,67.46675393877238,12184500,AOT_BK
2023-10-16,65.50408172607422,67.22141720203871,65.25874808665073,66.97608356261522,40261800,AOT_BK
2023-10-17,66.97608184814453,67.4667491144313,65.99474731557098,65.99474731557098,19838000,AOT_BK
2023-10-18,67.46675109863281,67.46675109863281,66.73075017755681,66.73075017755681,9043700,AOT_BK
2023-10-19,66.73075103759766,66.97608468111824,66.2400837505565,66.73075103759766,13827000,AOT_BK
2023-10-20,65.50408172607422,66.48541628376822,65.50408172607422,66.24008264434471,12787600,AOT_BK
2023-10-24,64.52274322509766,65.7494113472478,64.27740960066762,65.25874409838775,26330900,AOT_BK
2023-10-25,65.50408172607422,65.74941536549773,64.76808080780373,65.01341444722722,15355400,AOT_BK
2023-10-26,64.76808166503906,65.50408259305087,64.76808166503906,65.01341530770966,12249600,AOT_BK
2023-10-27,65.74942016601562,65.9947538233515,65.01341919400798,65.25875285134387,11316100,AOT_BK
2023-10-30,65.99474334716797,65.99474334716797,65.2587424919951,65.50407611038605,10175800,AOT_BK
2023-10-31,65.50408172607422,65.99474900492122,65.01341444722722,65.74941536549773,8770600,AOT_BK
2023-11-01,65.50408172607422,65.74941536549773,64.76808080780373,65.25874808665073,15374600,AOT_BK
2023-11-02,67.22142028808594,67.22142028808594,65.74941838396727,65.99475203465371,13129100,AOT_BK
2023-11-03,67.46675109863281,67.71208473899148,67.22141745827415,67.46675109863281,8117800,AOT_BK
2023-11-06,67.22142028808594,67.95742124014527,67.22142028808594,67.95742124014527,13880800,AOT_BK
2023-11-07,67.22142028808594,67.95742124014527,66.97608663739949,67.22142028808594,11647000,AOT_BK
2023-11-08,67.46675109863281,67.71208473899148,67.22141745827415,67.46675109863281,7122200,AOT_BK
2023-11-09,67.71208190917969,67.9574155392854,66.97608101886252,67.71208190917969,10480800,AOT_BK
2023-11-10,66.24008178710938,67.46674996835213,66.24008178710938,67.22141633210359,21472600,AOT_BK
2023-11-13,66.48541259765625,66.48541259765625,65.74941172019142,66.24007897183463,13508700,AOT_BK
2023-11-14,66.97608184814453,67.22141548128792,66.48541458185775,66.73074821500114,9534900,AOT_BK
2023-11-15,67.22142028808594,67.46675393877238,66.73075298671304,67.22142028808594,11714800,AOT_BK
2023-11-16,67.46675109863281,67.46675109863281,66.73075017755681,67.22141745827415,7091500,AOT_BK
2023-11-17,67.71208190917969,67.9574155392854,66.97608101886252,66.97608101886252,14364700,AOT_BK
2023-11-20,67.71208190917969,67.9574155392854,67.22141464896823,67.71208190917969,10867800,AOT_BK
2023-11-21,65.99474334716797,67.71207867590468,65.74940972877701,67.71207867590468,55210400,AOT_BK
2023-11-22,64.76808166503906,66.24008352106267,64.52274802236846,65.99474987839207,50862200,AOT_BK
2023-11-23,61.33340835571289,64.76807922363281,60.35207382202148,64.76807922363281,177132800,AOT_BK
2023-11-24,61.33340835571289,62.31474288940429,60.842741088867186,61.57874198913574,62490100,AOT_BK
2023-11-27,59.86140823364258,60.84274279484983,59.37074095303895,60.59740915454802,64818700,AOT_BK
2023-11-28,59.37074279785156,60.59741103747659,59.125409149926554,60.35207738955159,56604800,AOT_BK
2023-11-29,57.898738861083984,59.61607433577715,57.898738861083984,59.12540705729339,108747800,AOT_BK
2023-11-30,58.389404296875,58.88007155987395,57.89873703387605,58.389404296875,58997200,AOT_BK
2023-12-01,57.4080696105957,58.389404133853745,56.917402348966675,58.14407050303924,55331800,AOT_BK
2023-12-04,58.88007354736328,59.370740826924646,58.389406267801924,58.634739907582606,25844400,AOT_BK
2023-12-06,58.88007354736328,59.370740826924646,58.389406267801924,59.12540718714396,28942300,AOT_BK
2023-12-07,58.88007354736328,59.12540718714396,57.89873898824056,58.88007354736328,29301600,AOT_BK
2023-12-08,59.2354850769043,59.48229959805806,58.988670555750524,59.2354850769043,20024600,AOT_BK
2023-12-12,58.74185562133789,59.235484660172666,58.495041101920506,59.235484660172666,14888100,AOT_BK
2023-12-13,58.248226165771484,58.98866971872621,58.00141164811991,58.98866971872621,21963800,AOT_BK
2023-12-14,58.988670349121094,58.988670349121094,58.24822678825347,58.495041308542675,17740500,AOT_BK
2023-12-15,60.22274398803711,60.96318756166052,59.23548588987257,59.23548588987257,46822100,AOT_BK
2023-12-18,59.975929260253906,59.975929260253906,59.23548568913966,59.72911473654916,30313400,AOT_BK
2023-12-19,59.4822998046875,59.9759288487098,59.23548528267635,59.72911432669865,15026900,AOT_BK
2023-12-20,58.74185562133789,59.729113699007435,58.495041101920506,59.729113699007435,49093400,AOT_BK
2023-12-21,59.7291145324707,60.2227435781936,58.24822739530201,58.49504191816346,24752700,AOT_BK
2023-12-22,59.4822998046875,60.222743370720956,59.23548528267635,59.9759288487098,21702000,AOT_BK
2023-12-25,59.7291145324707,59.97592905533215,59.482300009609254,59.482300009609254,7279200,AOT_BK
2023-12-26,59.2354850769043,59.9759286403656,58.988670555750524,59.48229959805806,21680400,AOT_BK
2023-12-27,59.4822998046875,59.9759288487098,58.741856238654044,58.988670760665194,31032900,AOT_BK
2023-12-28,58.988670349121094,59.729113909988726,58.74185582883189,59.23548486941031,34308800,AOT_BK
2024-01-03,61.70362854003906,62.197257568359376,61.209999511718756,61.456814025878906,40506100,AOT_BK
2024-01-04,63.18451690673828,63.18451690673828,61.95044431090355,61.95044431090355,37899200,AOT_BK
2024-01-05,62.690887451171875,63.43133100374477,62.197258416123276,63.184516486220474,41945900,AOT_BK
2024-01-08,62.19725799560547,62.9377015431722,61.95044347974989,62.9377015431722,22082100,AOT_BK
2024-01-09,61.950443267822266,62.93770132786724,61.950443267822266,62.69088681285599,13944500,AOT_BK
2024-01-10,62.19725799560547,62.444072511461044,61.70362896389432,61.95044347974989,18662100,AOT_BK
2024-01-11,61.70362854003906,62.44407208251953,61.456814025878906,62.44407208251953,20132700,AOT_BK
2024-01-12,62.19725799560547,62.444072511461044,61.95044347974989,61.95044347974989,15129100,AOT_BK
2024-01-15,61.70362854003906,62.69088659667969,61.456814025878906,62.197257568359376,28531500,AOT_BK
2024-01-16,62.19725799560547,62.444072511461044,61.70362896389432,61.95044347974989,22854800,AOT_BK
2024-01-17,60.46955871582031,62.19726039341518,60.46955871582031,62.19726039341518,35750600,AOT_BK
2024-01-18,60.716373443603516,60.963187969797026,59.72911533882947,60.469558917410005,36515400,AOT_BK
2024-01-19,59.975929260253906,61.210001878777646,59.975929260253906,60.9631873550729,16237100,AOT_BK
2024-01-22,59.2354850769043,60.469557682673134,59.2354850769043,60.22274316151937,23858200,AOT_BK
2024-01-23,58.49504089355469,59.48229896770751,58.00141185647828,58.741855412092896,41484000,AOT_BK
2024-01-24,59.4822998046875,59.72911432669865,58.00141267262059,58.495041716642895,32972200,AOT_BK
2024-01-25,58.988670349121094,59.23548486941031,58.24822678825347,58.988670349121094,27933100,AOT_BK
2024-01-26,58.74185562133789,59.235484660172666,58.24822658250312,58.74185562133789,21500400,AOT_BK
2024-01-29,59.975929260253906,60.22274378395865,58.98867116543491,59.23548568913966,38428500,AOT_BK
2024-01-30,59.7291145324707,59.97592905533215,59.235485486747805,59.97592905533215,21472600,AOT_BK
2024-01-31,58.988670349121094,60.46955747085635,58.74185582883189,59.729113909988726,37112100,AOT_BK
2024-02-01,60.96318435668945,61.209998868255,58.9886682641651,59.235482775730645,49753000,AOT_BK
2024-02-02,61.950443267822266,62.1972577828335,61.456814237799776,61.456814237799776,32395000,AOT_BK
2024-02-05,62.93770217895508,63.18451669730392,61.456815068862014,61.950444105559704,36587200,AOT_BK
2024-02-06,63.67814636230469,64.41858992465707,63.43133184152056,63.43133184152056,53272400,AOT_BK
2024-02-07,63.67814636230469,64.17177540387294,62.937702799952305,63.924960883088815,18344400,AOT_BK
2024-02-08,63.431331634521484,63.92496067447885,63.431331634521484,63.67814615450016,13460000,AOT_BK
2024-02-09,63.67814636230469,64.17177540387294,63.18451732073643,63.43133184152056,13538600,AOT_BK
2024-02-12,64.41858673095703,64.41858673095703,63.67814320531385,63.92495771386158,27807000,AOT_BK
2024-02-13,62.44407272338867,63.43133079016162,62.44407272338867,63.18451627346838,32585300,AOT_BK
2024-02-14,62.44407272338867,62.93770175677515,61.9504436900022,62.44407272338867,18228100,AOT_BK
2024-02-15,62.690887451171875,63.184516486220474,62.197258416123276,62.444072933647575,21626200,AOT_BK
2024-02-16,62.44407272338867,63.18451627346838,61.9504436900022,62.93770175677515,18614900,AOT_BK
2024-02-19,62.44407272338867,62.44407272338867,62.19725820669544,62.44407272338867,13014500,AOT_BK
2024-02-20,62.44407272338867,62.44407272338867,61.70362917330897,62.44407272338867,12281800,AOT_BK
2024-02-21,62.690887451171875,62.937701968696175,61.950443898598984,62.197258416123276,20235600,AOT_BK
2024-02-22,63.431331634521484,64.17177519445752,62.937702594564115,63.1845171145428,25137100,AOT_BK
2024-02-23,63.67814636230469,63.924960883088815,63.18451732073643,63.43133184152056,14190200,AOT_BK
2024-02-27,63.67814636230469,63.67814636230469,63.18451732073643,63.43133184152056,17140000,AOT_BK
2024-02-28,62.93770217895508,63.92496025235045,62.690887660606236,63.6781457340016,17604000,AOT_BK
2024-02-29,62.690887451171875,63.43133100374477,62.197258416123276,63.184516486220474,31263300,AOT_BK
2024-03-01,64.6654052734375,64.91221979738192,62.690889081882155,62.690889081882155,46735000,AOT_BK
2024-03-04,63.92496109008789,66.14629178433805,63.92496109008789,65.8994772627547,28186500,AOT_BK
2024-03-05,63.431331634521484,63.92496067447885,63.1845171145428,63.67814615450016,12842200,AOT_BK
2024-03-06,63.92496109008789,64.4185901332546,63.43133204692119,63.43133204692119,11716900,AOT_BK
2024-03-07,64.1717758178711,64.41859034024752,63.43133225074181,64.1717758178711,9615500,AOT_BK
2024-03-08,65.65266418457031,65.65266418457031,64.17177702251233,64.17177702251233,29017400,AOT_BK
2024-03-11,64.6654052734375,65.15903432132633,64.41859074949308,65.15903432132633,11405600,AOT_BK
2024-03-12,64.6654052734375,64.6654052734375,64.6654052734375,64.6654052734375,0,AOT_BK
2024-03-13,65.1590347290039,65.65266377998121,64.6654056780266,64.6654056780266,18396600,AOT_BK
2024-03-14,65.65266418457031,66.14629323858964,65.15903513055099,65.15903513055099,20093700,AOT_BK
2024-03-15,65.65266418457031,65.65266418457031,65.65266418457031,65.65266418457031,0,AOT_BK
2024-03-18,65.1590347290039,65.89947830546986,65.1590347290039,65.65266377998121,15512000,AOT_BK
2024-03-19,64.1717758178711,65.40584842975323,63.92496129549467,65.15903390737681,20387200,AOT_BK
2024-03-20,64.1717758178711,64.1717758178711,64.1717758178711,64.1717758178711,0,AOT_BK
2024-03-21,64.91221618652344,65.40584520695327,64.66540167630852,65.40584520695327,16645100,AOT_BK
2024-03-22,64.91221618652344,64.91221618652344,64.91221618652344,64.91221618652344,0,AOT_BK
2024-03-25,64.1717758178711,64.91221938500037,64.1717758178711,64.41859034024752,5381000,AOT_BK
2024-03-26,64.1717758178711,64.1717758178711,64.1717758178711,64.1717758178711,0,AOT_BK
2024-03-27,64.6654052734375,64.91221979738192,63.43133265371541,63.67814717765983,13562800,AOT_BK
2024-03-28,64.6654052734375,64.6654052734375,64.6654052734375,64.6654052734375,0,AOT_BK
2024-03-29,64.6654052734375,64.6654052734375,64.17177622554867,64.41859074949308,6138400,AOT_BK
2024-04-01,64.6654052734375,64.91221979738192,64.41859074949308,64.6654052734375,3571700,AOT_BK
2024-04-02,64.6654052734375,64.91221979738192,64.41859074949308,64.6654052734375,6263700,AOT_BK
2024-04-03,64.41858673095703,64.91221574805249,64.1717722224093,64.66540123950476,11974100,AOT_BK
2024-04-04,64.41858673095703,64.41858673095703,64.41858673095703,64.41858673095703,0,AOT_BK
2024-04-05,64.6654052734375,65.15903432132633,64.6654052734375,64.6654052734375,6648700,AOT_BK
2024-04-09,64.6654052734375,64.6654052734375,64.6654052734375,64.6654052734375,0,AOT_BK
2024-04-10,66.39310455322266,66.6399190682904,65.89947552308718,66.14629003815492,16131400,AOT_BK
2024-04-11,65.89947509765625,66.39310412460499,65.65266058418189,66.39310412460499,15838400,AOT_BK
2024-04-17,65.89947509765625,65.89947509765625,65.89947509765625,65.89947509765625,0,AOT_BK
2024-04-18,65.89947509765625,65.89947509765625,65.89947509765625,65.89947509765625,0,AOT_BK
2024-04-19,65.89947509765625,65.89947509765625,65.89947509765625,65.89947509765625,0,AOT_BK
2024-04-22,64.1717758178711,64.1717758178711,62.93770320598896,62.93770320598896,13912500,AOT_BK
2024-04-23,64.1717758178711,64.41859034024752,63.67814677311824,64.1717758178711,13363000,AOT_BK
2024-04-24,64.1717758178711,64.1717758178711,64.1717758178711,64.1717758178711,0,AOT_BK
2024-04-25,63.431331634521484,63.67814615450016,63.1845171145428,63.431331634521484,11022500,AOT_BK
2024-04-26,63.18451690673828,63.678145945072174,62.69088786840439,63.43133142590523,17290100,AOT_BK
2024-04-29,63.431331634521484,63.92496067447885,63.1845171145428,63.431331634521484,11997100,AOT_BK
2024-04-30,63.431331634521484,63.431331634521484,63.431331634521484,63.431331634521484,0,AOT_BK
2024-05-02,64.6654052734375,64.91221979738192,63.67814717765983,64.17177622554867,12906100,AOT_BK
2024-05-03,64.91221618652344,65.15903069673836,64.66540167630852,64.66540167630852,28811000,AOT_BK
2024-05-07,64.91221618652344,64.91221618652344,64.91221618652344,64.91221618652344,0,AOT_BK
2024-05-08,64.41858673095703,64.91221574805249,64.1717722224093,64.91221574805249,17090300,AOT_BK
2024-05-09,64.91221618652344,65.15903069673836,64.4185871660936,64.4185871660936,15298200,AOT_BK
2024-05-10,65.65266418457031,65.65266418457031,64.91222060354133,65.15903513055099,14049600,AOT_BK
2024-05-13,65.89947509765625,66.14628961113061,65.65266058418189,65.65266058418189,14303700,AOT_BK
2024-05-14,66.14629364013672,66.63992269715267,65.89947911162875,66.14629364013672,17949800,AOT_BK
2024-05-15,66.14629364013672,66.63992269715267,66.14629364013672,66.14629364013672,25206300,AOT_BK
2024-05-16,66.14629364013672,66.14629364013672,66.14629364013672,66.14629364013672,0,AOT_BK
2024-05-17,66.14629364013672,66.39310816864469,65.15903552610483,65.4058500546128,14917700,AOT_BK
2024-05-20,66.14629364013672,66.14629364013672,66.14629364013672,66.14629364013672,0,AOT_BK
2024-05-21,66.14629364013672,66.14629364013672,66.14629364013672,66.14629364013672,0,AOT_BK
2024-05-23,64.6654052734375,65.40584884527075,64.41859074949308,65.15903432132633,9982400,AOT_BK
2024-05-24,64.6654052734375,64.6654052734375,64.6654052734375,64.6654052734375,0,AOT_BK
2024-05-27,64.6654052734375,64.6654052734375,64.6654052734375,64.6654052734375,0,AOT_BK
2024-05-28,63.92496109008789,64.91221917642129,63.43133204692119,64.66540465483794,19471700,AOT_BK
2024-05-29,62.690887451171875,63.92496003879337,62.690887451171875,63.92496003879337,25321300,AOT_BK
2024-05-30,62.690887451171875,62.690887451171875,62.690887451171875,62.690887451171875,0,AOT_BK
2024-05-31,62.690887451171875,62.690887451171875,62.690887451171875,62.690887451171875,0,AOT_BK
2024-06-04,63.18451690673828,64.17177498340607,62.937702387571335,64.17177498340607,17523200,AOT_BK
2024-06-05,62.44407272338867,63.67814530685485,62.44407272338867,63.18451627346838,19043600,AOT_BK
2024-06-06,60.96318435668945,62.69088593764826,60.71636984512391,62.44407142608272,47858400,AOT_BK
2024-06-07,60.96318435668945,60.96318435668945,60.96318435668945,60.96318435668945,0,AOT_BK
2024-06-10,59.975929260253906,60.71637283136815,59.48230021284441,60.71637283136815,22458200,AOT_BK
2024-06-11,59.4822998046875,59.9759288487098,59.23548528267635,59.72911432669865,25911400,AOT_BK
2024-06-12,58.74185562133789,59.48229917959005,58.24822658250312,59.235484660172666,52791900,AOT_BK
2024-06-13,59.2354850769043,59.72911411921183,58.74185603459676,58.988670555750524,26252500,AOT_BK
2024-06-14,59.2354850769043,59.9759286403656,59.2354850769043,59.2354850769043,19688800,AOT_BK
2024-06-17,59.2354850769043,59.2354850769043,59.2354850769043,59.2354850769043,0,AOT_BK
2024-06-18,59.2354850769043,59.2354850769043,59.2354850769043,59.2354850769043,0,AOT_BK
2024-06-19,59.2354850769043,59.2354850769043,59.2354850769043,59.2354850769043,0,AOT_BK
2024-06-20,59.975929260253906,60.71637283136815,59.23548568913966,60.71637283136815,23349000,AOT_BK
2024-06-21,59.4822998046875,60.222743370720956,59.4822998046875,60.222743370720956,26418900,AOT_BK
2024-06-24,57.75459671020508,58.001411226060654,56.02689509921604,58.001411226060654,77448900,AOT_BK
2024-06-25,57.75459671020508,57.75459671020508,57.75459671020508,57.75459671020508,0,AOT_BK
2024-06-26,57.75459671020508,57.75459671020508,57.75459671020508,57.75459671020508,0,AOT_BK
2024-06-27,57.507781982421875,57.75459649736789,57.26096746747586,57.75459649736789,13904500,AOT_BK
2024-06-28,57.01415252685547,57.50778155306201,55.78007996133912,57.26096703995874,49385600,AOT_BK
2024-07-01,57.01415252685547,57.01415252685547,57.01415252685547,57.01415252685547,0,AOT_BK
2024-07-02,57.01415252685547,57.01415252685547,57.01415252685547,57.01415252685547,0,AOT_BK
2024-07-03,55.533267974853516,55.78008249918619,55.03963892618815,55.28645345052083,12574900,AOT_BK
2024-07-04,56.02689743041992,56.52052648267031,56.02689743041992,56.02689743041992,34120600,AOT_BK
2024-07-05,55.78008270263672,56.27371175310253,55.53326817740381,56.026897227869625,9307100,AOT_BK
2024-07-08,56.52052307128906,56.52052307128906,55.533265026375716,55.78007953760405,19204200,AOT_BK
2024-07-09,56.52052307128906,56.52052307128906,56.52052307128906,56.52052307128906,0,AOT_BK
2024-07-10,57.507781982421875,57.75459649736789,56.02689489274578,56.52052392263781,42367300,AOT_BK
2024-07-11,57.507781982421875,57.507781982421875,57.507781982421875,57.507781982421875,0,AOT_BK
2024-07-12,57.507781982421875,57.507781982421875,57.507781982421875,57.507781982421875,0,AOT_BK
2024-07-15,57.507781982421875,57.507781982421875,57.507781982421875,57.507781982421875,0,AOT_BK
2024-07-16,57.507781982421875,58.00141101231391,57.507781982421875,57.75459649736789,7549200,AOT_BK
2024-07-17,57.507781982421875,57.507781982421875,57.507781982421875,57.507781982421875,0,AOT_BK
2024-07-18,57.75459671020508,58.001411226060654,57.014153162638344,57.26096767849393,13758100,AOT_BK
2024-07-19,57.507781982421875,58.248225527259926,57.507781982421875,58.00141101231391,13341600,AOT_BK
2024-07-23,57.01415252685547,57.50778155306201,56.7673380137522,57.26096703995874,15416300,AOT_BK
2024-07-24,56.767337799072266,57.26096682341202,56.52052328690238,56.767337799072266,7848000,AOT_BK
2024-07-25,56.273712158203125,56.767341212222455,56.026897631193464,56.273712158203125,10829400,AOT_BK
2024-07-26,57.01415252685547,57.01415252685547,56.026894474442386,56.026894474442386,14632200,AOT_BK
2024-07-30,57.01415252685547,57.01415252685547,57.01415252685547,57.01415252685547,0,AOT_BK
2024-07-31,55.78008270263672,56.026897227869625,54.7928246017051,55.78008270263672,37879200,AOT_BK
2024-08-01,55.78008270263672,56.27371175310253,55.286453652170906,55.286453652170906,23186800,AOT_BK
2024-08-02,55.78008270263672,55.78008270263672,55.78008270263672,55.78008270263672,0,AOT_BK
2024-08-05,54.2991943359375,55.28645241477273,54.2991943359375,54.79282337535511,24356300,AOT_BK
2024-08-06,55.03963851928711,55.53326756430314,54.29919495176307,54.7928239967791,15681900,AOT_BK
2024-08-07,55.533267974853516,56.27371154785156,55.03963892618815,55.03963892618815,16679500,AOT_BK
2024-08-08,55.533267974853516,55.533267974853516,55.533267974853516,55.533267974853516,0,AOT_BK
2024-08-09,55.78008270263672,56.767340803568345,55.53326817740381,56.026897227869625,12150000,AOT_BK
2024-08-13,55.03963851928711,56.27371113182718,55.03963851928711,56.27371113182718,15995000,AOT_BK
2024-08-14,55.03963851928711,56.02689660931917,54.29919495176307,55.28645304179513,29594800,AOT_BK
2024-08-15,55.03963851928711,55.03963851928711,55.03963851928711,55.03963851928711,0,AOT_BK
2024-08-16,55.78008270263672,56.27371175310253,55.286453652170906,55.286453652170906,10432500,AOT_BK
2024-08-19,55.78008270263672,55.78008270263672,55.78008270263672,55.78008270263672,0,AOT_BK
2024-08-20,57.507781982421875,58.00141101231391,57.01415295252984,57.507781982421875,18745500,AOT_BK
2024-08-21,58.49504089355469,58.9886699306311,57.26096830086366,57.50778281940187,24796600,AOT_BK
2024-08-22,58.49504089355469,58.49504089355469,58.49504089355469,58.49504089355469,0,AOT_BK
2024-08-23,58.988670349121094,59.48229938969951,58.74185582883189,58.74185582883189,16700500,AOT_BK
2024-08-26,59.975929260253906,60.22274378395865,58.98867116543491,59.23548568913966,20871000,AOT_BK
2024-08-27,59.4822998046875,60.222743370720956,58.988670760665194,59.9759288487098,13590600,AOT_BK
2024-08-28,59.4822998046875,59.4822998046875,59.4822998046875,59.4822998046875,0,AOT_BK
2024-08-29,58.988670349121094,59.48229938969951,58.74185582883189,59.23548486941031,9571900,AOT_BK
2024-08-30,58.988670349121094,59.48229938969951,58.988670349121094,59.23548486941031,23329700,AOT_BK
2024-09-02,58.988670349121094,58.988670349121094,58.988670349121094,58.988670349121094,0,AOT_BK
2024-09-03,58.988670349121094,58.988670349121094,58.988670349121094,58.988670349121094,0,AOT_BK
2024-09-04,58.988670349121094,58.988670349121094,58.988670349121094,58.988670349121094,0,AOT_BK
2024-09-05,61.70362854003906,61.95044305419922,59.97592694091797,60.22274145507813,35715700,AOT_BK
2024-09-06,62.44407272338867,62.93770175677515,61.9504436900022,61.9504436900022,43774000,AOT_BK
2024-09-09,62.44407272338867,62.44407272338867,62.44407272338867,62.44407272338867,0,AOT_BK
2024-09-10,61.45681381225586,61.70362832555809,60.96318478565139,61.45681381225586,21197100,AOT_BK
2024-09-11,61.209999084472656,62.19725713422222,60.96318457203527,61.456813596910045,29012300,AOT_BK
2024-09-12,61.209999084472656,61.95044262178483,61.209999084472656,61.456813596910045,17243700,AOT_BK
2024-09-13,61.45681381225586,61.70362832555809,61.209999298953626,61.45681381225586,9114800,AOT_BK
2024-09-16,61.45681381225586,61.45681381225586,61.45681381225586,61.45681381225586,0,AOT_BK
2024-09-17,61.45681381225586,61.45681381225586,61.45681381225586,61.45681381225586,0,AOT_BK
2024-09-18,61.45681381225586,61.45681381225586,61.45681381225586,61.45681381225586,0,AOT_BK
2024-09-19,61.45681381225586,61.45681381225586,61.45681381225586,61.45681381225586,0,AOT_BK
2024-09-20,61.45681381225586,61.45681381225586,61.45681381225586,61.45681381225586,0,AOT_BK
2024-09-23,62.44407272338867,63.18451627346838,62.19725820669544,62.93770175677515,10175700,AOT_BK
2024-09-24,62.44407272338867,62.93770175677515,62.19725820669544,62.69088724008191,16397200,AOT_BK
2024-09-25,62.44407272338867,63.18451627346838,62.44407272338867,62.44407272338867,11639800,AOT_BK
2024-09-26,62.690887451171875,62.690887451171875,62.197258416123276,62.444072933647575,12443100,AOT_BK
2024-09-27,62.690887451171875,62.690887451171875,62.690887451171875,62.690887451171875,0,AOT_BK
2024-09-30,63.18451690673828,63.43133142590523,62.69088786840439,62.937702387571335,22421900,AOT_BK
2024-10-01,63.18451690673828,63.18451690673828,63.18451690673828,63.18451690673828,0,AOT_BK
2024-10-02,63.67814636230469,63.67814636230469,62.937702799952305,63.43133184152056,33315800,AOT_BK
2024-10-03,63.92496109008789,64.17177561167124,63.18451752533784,63.43133204692119,34186300,AOT_BK
2024-10-04,63.92496109008789,63.92496109008789,63.92496109008789,63.92496109008789,0,AOT_BK
2024-10-07,62.93770217895508,63.43133121565276,62.93770217895508,62.93770217895508,10741000,AOT_BK
2024-10-08,63.431331634521484,63.431331634521484,62.937702594564115,62.937702594564115,21206200,AOT_BK
2024-10-09,62.93770217895508,63.6781457340016,62.93770217895508,63.43133121565276,9231600,AOT_BK
2024-10-10,63.431331634521484,63.67814615450016,62.937702594564115,63.1845171145428,21976800,AOT_BK
2024-10-11,63.431331634521484,63.431331634521484,63.431331634521484,63.431331634521484,0,AOT_BK
2024-10-15,62.690887451171875,63.43133100374477,62.690887451171875,63.184516486220474,13510500,AOT_BK
2024-10-16,62.690887451171875,62.690887451171875,62.690887451171875,62.690887451171875,0,AOT_BK
2024-10-17,62.44407272338867,63.18451627346838,62.44407272338867,63.18451627346838,15140000,AOT_BK
2024-10-18,62.93770217895508,63.18451669730392,62.197258623908546,62.44407314225739,17748600,AOT_BK
2024-10-21,62.690887451171875,63.184516486220474,62.444072933647575,62.937701968696175,12160900,AOT_BK
2024-10-22,62.690887451171875,62.690887451171875,62.690887451171875,62.690887451171875,0,AOT_BK
2024-10-24,60.716373443603516,62.44407512695808,60.469558917410005,62.19726060076457,30094900,AOT_BK
2024-10-25,60.716373443603516,60.716373443603516,60.716373443603516,60.716373443603516,0,AOT_BK
2024-10-28,60.96318435668945,61.456813379820545,60.46955533355837,60.96318435668945,11948900,AOT_BK
2024-10-29,60.96318435668945,60.96318435668945,60.96318435668945,60.96318435668945,0,AOT_BK
2024-10-30,60.716373443603516,61.45681702218404,60.222744391216494,61.21000249599053,14535400,AOT_BK
2024-10-31,60.46955871582031,60.9631877665617,60.22274419044962,60.22274419044962,19214200,AOT_BK
2024-11-01,60.96318435668945,61.209998868255,60.46955533355837,60.46955533355837,10836000,AOT_BK
2024-11-04,61.45681381225586,61.45681381225586,60.96318478565139,60.96318478565139,6274800,AOT_BK
2024-11-05,61.950443267822266,61.950443267822266,61.456814237799776,61.456814237799776,9756600,AOT_BK
2024-11-06,60.96318435668945,62.197256914517176,60.71636984512391,61.95044240295163,17369700,AOT_BK
2024-11-07,60.716373443603516,61.21000249599053,60.469558917410005,61.21000249599053,11316500,AOT_BK
2024-11-08,60.22274398803711,61.210002086201655,60.22274398803711,60.71637303711938,10112600,AOT_BK
2024-11-11,59.975929260253906,60.71637283136815,59.72911473654916,60.22274378395865,8991400,AOT_BK
2024-11-12,59.2354850769043,60.22274316151937,58.988670555750524,59.9759286403656,13346300,AOT_BK
2024-11-13,58.988670349121094,59.48229938969951,58.74185582883189,59.23548486941031,12500900,AOT_BK
2024-11-14,57.75459671020508,58.988669289482964,57.5077821943495,58.74185477362739,32002400,AOT_BK
2024-11-15,58.49504089355469,58.9886699306311,57.75459733794007,57.75459733794007,18685100,AOT_BK
2024-11-18,59.975929260253906,59.975929260253906,58.74185664173016,58.74185664173016,13431200,AOT_BK
2024-11-19,60.46955871582031,61.45681681730309,60.22274419044962,60.46955871582031,24684600,AOT_BK
2024-11-20,59.4822998046875,60.469557892732105,59.23548528267635,60.469557892732105,15657800,AOT_BK
2024-11-21,60.716373443603516,60.716373443603516,59.72911533882947,60.222744391216494,14301200,AOT_BK
2024-11-22,60.46955871582031,61.2100022919324,60.22274419044962,60.71637324119101,21166400,AOT_BK
2024-11-25,60.716373443603516,61.21000249599053,60.469558917410005,60.963187969797026,20099400,AOT_BK
2024-11-26,60.46955871582031,60.9631877665617,60.22274419044962,60.22274419044962,13470600,AOT_BK
2024-11-27,60.716373443603516,60.716373443603516,60.222744391216494,60.469558917410005,7683400,AOT_BK
2024-11-28,60.46955871582031,60.9631877665617,60.22274419044962,60.71637324119101,13431700,AOT_BK
2024-11-29,59.975929260253906,60.71637283136815,59.975929260253906,60.4695583076634,12501400,AOT_BK
2024-12-02,60.96318435668945,60.96318435668945,59.975926310427276,59.975926310427276,26890700,AOT_BK
2024-12-03,61.209999084472656,61.209999084472656,60.46955554716049,60.96318457203527,12605100,AOT_BK
2024-12-04,61.5,61.75,61.25,61.5,9605100,AOT_BK
2024-12-06,61.0,61.5,60.75,61.25,8092900,AOT_BK
2024-12-09,60.5,61.25,60.25,61.0,11914400,AOT_BK
2024-12-11,61.5,62.0,60.5,60.75,12968800,AOT_BK
2024-12-12,61.5,62.0,61.25,61.75,14524800,AOT_BK
2024-12-13,61.25,61.75,60.75,61.25,7242200,AOT_BK
2024-12-16,61.25,61.5,61.0,61.25,4096800,AOT_BK
2024-12-17,59.25,61.0,59.0,60.75,19274700,AOT_BK
2024-12-18,59.75,60.0,59.0,59.25,16316800,AOT_BK
2024-12-19,58.75,59.5,58.75,59.25,11730500,AOT_BK
2024-12-20,58.25,58.75,56.75,58.5,37434000,AOT_BK
2024-12-23,59.75,60.5,59.25,59.75,26134900,AOT_BK
2024-12-24,60.0,60.25,59.5,60.0,12586500,AOT_BK
2024-12-25,60.0,60.25,59.75,60.0,7175800,AOT_BK
2024-12-26,59.75,60.25,59.75,60.0,5889700,AOT_BK
2024-12-27,59.75,60.25,59.5,60.0,9771000,AOT_BK
2024-12-30,59.5,60.75,59.5,60.0,17878900,AOT_BK
2025-01-02,59.75,60.0,59.25,59.5,9931100,AOT_BK
2025-01-03,59.25,60.25,59.25,60.0,7741400,AOT_BK
2025-01-06,59.0,60.0,58.75,59.75,12331900,AOT_BK
2025-01-07,60.0,60.0,58.75,59.0,13989300,AOT_BK
2025-01-08,59.5,59.75,58.75,59.5,12180100,AOT_BK
2025-01-09,59.0,59.5,58.75,59.25,10316100,AOT_BK
2025-01-10,58.25,59.0,58.0,59.0,19084300,AOT_BK
2025-01-13,56.5,57.75,55.75,57.75,37410000,AOT_BK
2025-01-14,57.0,58.5,56.5,57.25,25279600,AOT_BK
2025-01-15,57.5,57.5,56.5,57.0,18142600,AOT_BK
2025-01-16,57.25,58.0,56.75,57.75,12118900,AOT_BK
2025-01-17,57.25,58.0,57.0,57.5,12636500,AOT_BK
2025-01-20,57.5,57.5,56.75,57.5,9806400,AOT_BK
2025-01-21,57.75,58.5,57.25,57.75,13671600,AOT_BK
2025-01-22,58.25,58.5,57.75,57.75,11939500,AOT_BK
2025-01-23,57.0,58.0,57.0,57.75,14173100,AOT_BK
2025-01-24,56.25,57.5,56.0,57.25,17712800,AOT_BK
2025-01-27,55.5,56.25,55.25,56.0,16334600,AOT_BK
2025-01-28,56.0,56.0,55.25,55.5,19474600,AOT_BK
2025-01-29,56.0,56.5,55.5,56.5,8420800,AOT_BK
2025-01-30,56.25,56.25,55.75,55.75,5487000,AOT_BK
2025-01-31,55.25,56.5,55.25,56.5,18478200,AOT_BK
2025-02-03,55.0,55.0,53.5,53.75,26729400,AOT_BK
2025-02-04,56.0,56.5,55.25,55.25,16523000,AOT_BK
2025-02-05,56.75,57.75,56.5,57.0,24754100,AOT_BK
2025-02-06,55.75,57.25,55.5,57.0,19703400,AOT_BK
2025-02-07,56.0,56.5,55.5,56.25,23598200,AOT_BK
2025-02-10,54.25,55.75,53.75,55.75,41874100,AOT_BK
2025-02-11,54.75,55.5,54.0,54.25,23479000,AOT_BK
2025-02-13,54.5,55.25,54.0,54.75,26827400,AOT_BK
2025-02-14,47.0,54.25,46.5,54.25,174946100,AOT_BK
2025-02-17,43.25,45.0,41.5,43.75,144230400,AOT_BK
2025-02-18,43.5,44.5,42.75,44.0,65281200,AOT_BK
2025-02-19,43.25,44.0,42.75,43.25,58628000,AOT_BK
2025-02-20,43.75,44.25,42.75,43.0,39546700,AOT_BK
2025-02-21,43.5,44.25,43.5,43.75,19304700,AOT_BK
2025-02-24,42.0,43.5,42.0,43.5,39241000,AOT_BK
2025-02-25,42.25,43.0,41.5,42.0,40372200,AOT_BK
2025-02-26,43.25,43.25,41.75,42.0,63117200,AOT_BK
2025-02-27,43.5,44.25,42.75,42.75,39452400,AOT_BK
2025-02-28,43.25,43.25,42.0,42.75,42453200,AOT_BK
2025-03-03,42.25,43.5,41.75,43.25,25985100,AOT_BK
2025-03-04,39.75,43.25,39.5,42.25,74421400,AOT_BK
2025-03-05,41.75,42.0,40.0,40.25,67767100,AOT_BK
2025-03-06,40.5,41.75,40.5,41.75,36716000,AOT_BK
2025-03-07,40.25,40.5,39.75,40.5,36754900,AOT_BK
2025-03-10,38.75,40.25,38.5,40.0,42165700,AOT_BK
2025-03-11,40.75,41.25,37.75,38.25,80030600,AOT_BK
2025-03-12,39.75,41.25,39.0,41.25,58717200,AOT_BK
2025-03-13,39.25,40.0,39.0,39.75,27378500,AOT_BK
2025-03-14,40.0,40.25,39.25,39.5,35667300,AOT_BK
2025-03-17,39.25,40.25,38.75,40.25,22886400,AOT_BK
2025-03-18,39.5,39.75,38.75,39.5,19444100,AOT_BK
2025-03-19,41.0,41.5,39.5,40.0,59900800,AOT_BK
2025-03-20,40.5,41.5,40.25,41.25,29830900,AOT_BK
2025-03-21,40.0,40.75,40.0,40.25,22857000,AOT_BK
2025-03-24,40.75,40.75,39.75,40.0,12499000,AOT_BK
2025-03-25,40.0,40.5,39.75,40.5,20344800,AOT_BK
2025-03-26,40.0,40.5,39.5,40.0,13591100,AOT_BK
2025-03-27,39.5,40.25,39.25,40.0,23908900,AOT_BK
2025-03-28,38.5,39.25,38.25,39.25,21802700,AOT_BK
2025-03-31,37.75,38.5,37.0,37.0,32351100,AOT_BK
2025-04-01,38.5,39.25,37.75,37.75,20886200,AOT_BK
2025-04-02,39.25,39.75,38.5,38.75,24175800,AOT_BK
2025-04-03,38.75,39.0,38.25,38.75,20367100,AOT_BK
2025-04-04,37.25,39.0,37.0,38.75,33525600,AOT_BK
2025-04-08,36.0,36.25,34.0,34.75,55854500,AOT_BK
2025-04-09,36.25,36.75,35.5,36.5,31802800,AOT_BK
2025-04-10,38.75,39.75,38.0,38.0,53852100,AOT_BK
2025-04-11,37.75,38.75,37.75,38.25,28593700,AOT_BK
2025-04-16,38.25,38.25,37.0,37.75,28442600,AOT_BK
2025-04-17,37.75,38.5,37.0,38.25,32688700,AOT_BK
2025-04-18,38.0,38.0,37.5,38.0,28761900,AOT_BK
2025-04-21,37.25,38.25,37.0,38.0,27567200,AOT_BK
2025-04-22,37.5,37.5,36.5,37.0,40078000,AOT_BK
2025-04-23,38.25,39.25,37.75,38.0,55260700,AOT_BK
2025-04-24,37.0,38.25,36.75,38.0,53226000,AOT_BK
2025-04-25,37.0,37.75,36.5,37.5,21765100,AOT_BK
2025-04-28,36.75,37.5,36.0,37.0,23154800,AOT_BK
2025-04-29,37.5,37.5,36.0,36.75,28632000,AOT_BK
2025-04-30,38.25,38.75,36.75,37.0,47948300,AOT_BK
2025-05-02,38.5,42.75,38.25,41.0,103394700,AOT_BK
2025-05-06,37.0,39.0,37.0,38.75,42197000,AOT_BK
2025-05-07,39.25,39.5,37.25,37.25,57883100,AOT_BK
2025-05-08,38.5,39.25,38.5,39.0,33152400,AOT_BK
2025-05-09,39.0,39.25,38.25,39.0,27095000,AOT_BK
2025-05-13,37.5,39.75,37.5,39.75,47054500,AOT_BK
2025-05-14,37.5,38.0,37.25,37.5,16624800,AOT_BK
2025-05-15,35.0,35.75,33.75,34.5,140690000,AOT_BK
2025-05-16,34.75,35.5,34.5,35.25,32448500,AOT_BK
2025-05-19,35.25,35.75,34.5,34.5,31262200,AOT_BK
2025-05-20,34.75,35.5,34.5,35.5,15507600,AOT_BK
2025-05-21,34.0,35.0,33.25,34.75,35482900,AOT_BK
2025-05-22,34.25,34.75,34.0,34.0,21165500,AOT_BK
2025-05-23,34.0,34.5,33.75,34.5,10206300,AOT_BK
2025-05-26,34.0,34.5,34.0,34.0,6505841,AOT_BK
2020-05-26,173.95960998535156,178.68296499176597,173.50930858232218,178.529667786644,36073600,MSFT
2020-05-27,174.18959045410156,174.36205351346214,169.19797123614876,172.6470716118272,39517100,MSFT
2020-05-28,173.79672241210938,176.4314578184735,172.81948562359167,173.16439702519384,33810200,MSFT
2020-05-29,175.5691680908203,176.54641939540448,172.84820877608945,175.070959536825,42130400,MSFT
2020-06-01,175.16680908203125,175.32968189560512,173.85423636020056,174.88895604417246,22622400,MSFT
2020-06-02,177.15960693359375,177.24583112660875,173.74882463044972,176.52726694636573,30794600,MSFT
2020-06-03,177.59075927734375,178.14645071681335,175.88536796483194,177.07339945120424,27311000,MSFT
2020-06-04,175.25302124023438,178.0506295184226,174.65901282929536,176.5751840844292,28761800,MSFT
2020-06-05,179.35362243652344,179.86140663793083,174.3811558046037,174.96558860876283,39893600,MSFT
2020-06-08,180.4650115966797,180.64705020721627,176.70931764506904,178.14644610396618,33211600,MSFT
2020-06-09,181.84466552734375,182.706936794211,179.4111197061566,180.12010837438186,29783900,MSFT
2020-06-10,188.58958435058594,190.19917591724314,183.00394300463498,183.1189232288996,43872300,MSFT
2020-06-11,178.462646484375,187.55487139172058,178.2710322477645,185.03511567279585,52854700,MSFT
2020-06-12,179.87098693847656,183.6841633450866,177.4182756432563,182.55361479083015,43373600,MSFT
2020-06-15,181.02069091796875,182.82189647750297,176.2973214302196,176.84343722531378,32770200,MSFT
2020-06-16,185.45663452148438,187.38238129288425,183.43507334347268,184.805128718821,42556700,MSFT
2020-06-17,186.09854125976562,188.09136094484612,185.571591286918,186.855422406783,25687800,MSFT
2020-06-18,188.09140014648438,188.25427296854198,185.86863420474447,185.86863420474447,23061600,MSFT
2020-06-19,186.9704132080078,190.93688730881695,186.2231075527269,190.2662302616709,44441100,MSFT
2020-06-22,192.16323852539062,192.3452625118136,187.04705023846324,187.58357584297067,32818900,MSFT
2020-06-23,193.44705200195312,195.4015400419146,192.98716042377694,193.61950037935048,30917400,MSFT
2020-06-24,189.54769897460938,194.730946874825,188.3213502696101,193.15011108737073,36740600,MSFT
2020-06-25,191.94284057617188,192.20152774783602,187.27696899050756,189.50930990183528,27803900,MSFT
2020-06-26,188.10092163085938,191.51170355685014,186.71170062651694,191.3584063734019,54675800,MSFT
2020-06-29,190.1225128173828,190.2087370145891,185.4374747192305,187.57400155895849,26701600,MSFT
2020-06-30,194.98001098632812,195.83270665462686,189.45186715239498,189.5859985624905,34310300,MSFT
2020-07-01,196.12013244628906,197.70098256301688,193.31294846872325,194.6255211499115,32061200,MSFT
2020-07-02,197.61476135253906,199.3010016273132,196.40757857155802,197.0590698637365,29315800,MSFT
2020-07-06,201.8686065673828,202.2805909234431,199.36800289399446,200.0769914080946,31897600,MSFT
2020-07-07,199.52133178710938,205.67223975704346,199.27223478705542,201.62911724228758,33600700,MSFT
2020-07-08,203.90939331054688,204.3213631686129,199.9429188633993,201.26508188552464,33600000,MSFT
2020-07-09,205.3369140625,207.31056807147002,202.6063642381437,207.2626608673324,33121700,MSFT
2020-07-10,204.7141571044922,205.1069757258136,202.23271880356717,204.6662498986094,26177600,MSFT
2020-07-13,198.3907928466797,206.7548760681711,197.84467703569644,205.49019605487902,38135600,MSFT
2020-07-14,199.6171417236328,200.09618452631085,193.56203368055372,197.49019051020417,37591800,MSFT
2020-07-15,199.3201141357422,202.47222382543762,196.4362818534303,200.77640828518986,32179400,MSFT
2020-07-16,195.372802734375,197.07819383626625,193.8302844209537,196.79076524869717,29940700,MSFT
2020-07-17,194.37640380859375,196.44585751522288,192.94885105600204,195.8997563460039,31635300,MSFT
2020-07-20,202.73095703125,203.40161415385268,194.500989064933,196.40758503133026,36884800,MSFT
2020-07-21,200.00038146972656,204.97284838282866,199.31055862517906,204.70458556764095,37990400,MSFT
2020-07-22,202.87466430664062,203.40161441050364,199.655495494857,200.43154263907851,49605700,MSFT
2020-07-23,194.0506591796875,202.0794215246209,193.6770063646899,198.5057661792105,67457000,MSFT
2020-07-24,192.86257934570312,194.35719011749745,189.2314277677871,192.0194595793691,39827000,MSFT
2020-07-27,195.3057861328125,195.42075174474633,192.44110447522505,193.0255373679359,30160900,MSFT
2020-07-28,193.5524444580078,196.1201066823261,193.2841816769365,195.07579695463957,23251400,MSFT
2020-07-29,195.50694274902344,196.07220973733158,193.54286436977003,194.0123315708133,19632600,MSFT
2020-07-30,195.3536834716797,195.89022378527395,191.2051849351646,192.57524057476022,25079600,MSFT
2020-07-31,196.4171142578125,196.50335306832557,190.66860093102648,195.83268148482023,51044000,MSFT
2020-08-03,207.46385192871094,208.51775194929,201.61953846877378,202.65427268373514,78983000,MSFT
2020-08-04,204.35009765625,205.76807505373037,201.4950062918798,205.19321777159206,49280100,MSFT
2020-08-05,204.01475524902344,205.98840929669697,202.70218262142487,205.8925948865428,28806400,MSFT
2020-08-06,207.28182983398438,207.30098102055055,202.68301593193615,203.4398971396391,32656800,MSFT
2020-08-07,203.573974609375,206.6590106594798,202.08893936724513,205.84464686937295,27820400,MSFT
2020-08-10,199.52133178710938,202.9991872906506,197.70097494382514,202.7979828765569,36716500,MSFT
2020-08-11,194.85546875,198.9464840457062,194.62552292567963,198.4770314224895,36446500,MSFT
2020-08-12,200.4219207763672,201.4662305288872,196.16801854790074,196.68537831820524,28013100,MSFT
2020-08-13,199.9524688720703,202.49140457345376,199.4255188495774,200.66145750408137,22588900,MSFT
2020-08-14,200.14407348632812,200.80515488112698,198.81233510377172,200.00994208877663,17958900,MSFT
2020-08-17,201.46624755859375,202.3381090011182,200.16325050116794,200.8147563394942,20184800,MSFT
2020-08-18,202.62554931640625,203.4590791946227,200.44111509683887,201.70578061484903,21336200,MSFT
2020-08-19,201.3961944580078,203.7011668832375,200.96401670782853,203.11532137379675,27627600,MSFT
2020-08-20,206.0829315185547,206.48629834281644,200.63745740917764,201.2425003182892,26981500,MSFT
2020-08-21,204.58477783203125,207.6868712742593,204.42151129871056,205.3915117571103,36249300,MSFT
2020-08-24,205.22821044921875,206.98574705184538,204.0180951120791,206.2846433660355,25460100,MSFT
2020-08-25,207.8981475830078,208.032603228624,204.66159869274037,204.66159869274037,23043700,MSFT
2020-08-26,212.39283752441406,213.29561749873142,208.75292140206946,209.25233440682175,39600800,MSFT
2020-08-27,217.60780334472656,221.99683117871206,210.71211201268858,214.06391898104908,57602200,MSFT
2020-08-28,219.84552001953125,221.50701058030987,217.60778267297653,219.14441634410528,26292900,MSFT
2020-08-31,216.59938049316406,219.64385193055338,215.42768932110053,218.0111720750018,28774200,MSFT
2020-09-01,218.2704620361328,218.443327279092,215.54291052585035,216.58014594729897,25725500,MSFT
2020-09-02,222.4770050048828,223.63909728560728,218.34729021557558,218.9427344651928,34080800,MSFT
2020-09-03,208.69528198242188,220.22970055127237,206.44794563306343,220.19129093318827,58400300,MSFT
2020-09-04,205.76605224609375,209.71330358948268,197.0648156953769,206.58239950539593,59664100,MSFT
2020-09-08,194.635009765625,201.71316552248584,194.19321854077597,198.32294873345126,52924300,MSFT
2020-09-09,202.92324829101562,206.33267691327018,198.5150084494473,199.37937868506188,45679000,MSFT
2020-09-10,197.23768615722656,206.23665976470147,196.02758532941417,204.94971039022184,35461500,MSFT
2020-09-11,195.9507598876953,200.368613619327,193.27124556249714,198.99523155246928,33620100,MSFT
2020-09-14,197.27610778808594,200.9160236183838,195.95074881259208,196.15243960847576,30375800,MSFT
2020-09-15,200.51268005371094,201.47308182220445,198.73593092017074,200.16693483087056,21823900,MSFT
2020-09-16,196.9303436279297,202.30858359355844,196.53657546959647,202.2797727190038,26328100,MSFT
2020-09-17,194.8750762939453,196.2388446962725,192.04189473571662,192.12832735557808,34011300,MSFT
2020-09-18,192.4548797607422,195.58578376166412,188.47881764601027,194.7694511786119,55225300,MSFT
2020-09-21,194.51976013183594,194.68304132211108,188.603696606861,189.38161966417263,39839700,MSFT
2020-09-22,199.2064971923828,199.85957789773718,194.0779561891913,196.93994884068002,33517100,MSFT
2020-09-23,192.64691162109375,199.85953545082268,192.10908918653567,199.66744344885572,30803800,MSFT
2020-09-24,195.14404296875,197.42980392911676,191.31203453305892,191.93630449222357,31202500,MSFT
2020-09-25,199.5906524658203,200.76232884709236,194.5197189187621,195.48973384039306,29437300,MSFT
2020-09-28,201.14651489257812,204.15257661161684,199.82115598560364,202.52949555123575,32004900,MSFT
2020-09-29,199.05284118652344,201.75158213940978,198.62066337388762,201.060091777366,24221900,MSFT
2020-09-30,202.0012664794922,203.58592322780046,198.3613362775362,199.50421650472714,33829100,MSFT
2020-10-01,204.04693603515625,205.5163493514869,202.95207876701642,205.03614853818758,27158400,MSFT
2020-10-02,198.02520751953125,202.63513811346894,197.4009376890908,199.76353206439967,33154800,MSFT
2020-10-05,202.04930114746094,202.07811202421507,198.78392678785568,199.01442845645465,21331600,MSFT
2020-10-06,197.75633239746094,201.85723741277462,196.70949798303576,200.55110507118815,28554300,MSFT
2020-10-07,201.5211181640625,201.79002950465292,198.53426788040488,198.8608009861834,25681100,MSFT
2020-10-08,202.24139404296875,202.8272396728094,200.07089145194567,202.1741588890125,19925800,MSFT
2020-10-09,207.26425170898438,207.31227471636583,202.86561094591409,202.86561094591409,26458000,MSFT
2020-10-12,212.6328887939453,214.99548296035098,208.2246493730552,210.12624026263376,40461400,MSFT
2020-10-13,214.03506469726562,216.29201393457785,211.70128158649564,213.9006090823553,28950800,MSFT
2020-10-14,212.1143035888672,215.34125363665,210.4528128800717,214.1695624812037,23421700,MSFT
2020-10-15,210.9618377685547,211.63411601753762,207.4563628234982,208.50321179823604,22733100,MSFT
2020-10-16,210.9618377685547,213.48768423648824,210.6353047125582,211.43242521555936,26057900,MSFT
2020-10-19,205.7372283935547,213.49727494692658,205.25702760179578,211.6917152804522,27625800,MSFT
2020-10-20,206.1501922607422,208.762485717726,204.6519681481178,207.25466286499275,22753500,MSFT
2020-10-21,206.29428100585938,208.33032785047115,204.68079858489867,204.68079858489867,22724900,MSFT
2020-10-22,206.38072204589844,207.50439028353233,203.3170382585862,205.45872995999608,22351500,MSFT
2020-10-23,207.6676483154297,207.71567132968448,204.71922281863533,206.51516924614666,18879600,MSFT
2020-10-26,201.76119995117188,207.7733095873984,199.8596086030923,205.38191862597685,37111600,MSFT
2020-10-27,204.80564880371094,206.169417367795,202.0012777861424,203.21137857142563,36700300,MSFT
2020-10-28,194.65419006347656,200.57026746118032,194.09717002917722,199.44659934305423,51195600,MSFT
2020-10-29,196.61343383789062,199.1488936963982,195.31688570321097,195.9891786053807,31432600,MSFT
2020-10-30,194.4525146484375,196.20043795376327,191.71536420515818,195.44172713182547,36953700,MSFT
2020-11-02,194.31809997558594,197.15128238416838,192.1956055274786,196.20047931662495,30842200,MSFT
2020-11-03,198.2556915283203,199.87877254655092,195.07676463678703,195.8162779581689,27512000,MSFT
2020-11-04,207.82131958007812,209.6749024484813,204.00852372653503,205.54517228102782,42311800,MSFT
2020-11-05,214.4480743408203,215.24520945533908,212.39281543088538,213.24757229869556,36080100,MSFT
2020-11-06,214.8610382080078,215.47569462031802,209.3963509860523,213.45884548218757,25231900,MSFT
2020-11-09,209.7421112060547,219.0868149545024,209.25231165082684,215.55254399338546,44395000,MSFT
2020-11-10,202.65432739257812,207.9269372194206,201.41541583128847,206.00613410422966,44045100,MSFT
2020-11-11,207.97499084472656,209.4059799972818,203.79723759234292,203.97971625987958,29440800,MSFT
2020-11-12,206.90892028808594,210.43359235451078,205.9677308359219,208.60883520068344,21593900,MSFT
2020-11-13,207.93653869628906,208.81050764229997,205.67960379897195,207.79248432257955,18621100,MSFT
2020-11-16,208.6280517578125,209.11786599098707,206.02537142510928,206.3615032186207,24953300,MSFT
2020-11-17,205.9677276611328,209.06020724200425,205.6027703741667,207.54278565365732,24154100,MSFT
2020-11-18,203.2523193359375,207.19064241031913,203.10787311428473,205.7270059165811,28372800,MSFT
2020-11-19,204.54263305664062,205.13001245633458,202.14496671501772,203.54120679291546,24792700,MSFT
2020-11-20,202.58790588378906,205.38035653386234,202.21236921439393,204.3307815723391,22843100,MSFT
2020-11-23,202.31826782226562,204.4174175093251,200.44058468637957,203.12711368188866,25683500,MSFT
2020-11-24,205.92922973632812,206.30476641302658,201.11464942330534,201.8175740349854,33979700,MSFT
2020-11-25,205.9388427734375,207.30618174725083,204.58114236322032,207.13286391770782,21012900,MSFT
2020-11-27,207.24838256835938,208.24982332044297,206.10251031017262,206.88248452192116,14512200,MSFT
2020-11-30,206.13143920898438,206.79583891993138,203.02120988917008,206.16032551411544,33064800,MSFT
2020-12-01,208.1920928955078,209.26093033599784,205.43815230875452,206.55512379907677,30904500,MSFT
2020-12-02,207.3832244873047,207.47952196924592,204.90853788508977,206.91140502741806,23724500,MSFT
2020-12-03,206.29515075683594,208.35579062515012,205.72701909064625,206.6514250124484,25120900,MSFT
2020-12-04,206.4106903076172,207.3928688175813,205.2744416994365,206.275882644911,24666000,MSFT
2020-12-07,206.34329223632812,207.54693740584852,205.0915130143743,206.42032729032954,24620000,MSFT
2020-12-08,207.99949645996094,208.9046399230216,204.99520300208576,206.035154128181,23284100,MSFT
2020-12-09,203.9456329345703,207.248428105221,203.37751596182986,207.18103161854123,32440600,MSFT
2020-12-10,202.71302795410156,205.1780899250581,202.5589579076847,203.9166726424927,26733300,MSFT
2020-12-11,205.35147094726562,205.40925825216428,201.35537522834764,202.26051866363272,30979400,MSFT
2020-12-14,206.25660705566406,208.1920776453613,204.9855655587694,205.1974082570739,28798400,MSFT
2020-12-15,206.189208984375,207.43136416672996,204.36929832147732,207.19063516532586,27000600,MSFT
2020-12-16,211.1482391357422,211.94746125395747,206.75734411421567,206.7862304214941,35023300,MSFT
2020-12-17,211.28302001953125,212.69850766848936,209.83864606695616,211.71632926671745,32515800,MSFT
2020-12-18,210.4838104248047,211.54302392971098,208.00912388033456,210.4838104248047,63354900,MSFT
2020-12-21,214.33546447753906,215.6931795357418,209.222382974235,209.48237440287488,37181900,MSFT
2020-12-22,215.6354217529297,217.26275222199794,213.62293074252594,214.4317766950902,22612200,MSFT
2020-12-23,212.82366943359375,215.2694692754266,212.61182676702595,214.8361600730579,18699600,MSFT
2020-12-24,214.4895477294922,215.31765611091257,212.9970249301617,213.20886763421802,10550600,MSFT
2020-12-28,216.61758422851562,217.6478966815725,214.7495248859083,216.12648767772666,17933500,MSFT
2020-12-29,215.8376007080078,218.75523481231053,215.2887462660052,217.9175026515497,17403200,MSFT
2020-12-30,213.4591827392578,217.26271217529563,213.25697863485422,216.87753701202428,20272300,MSFT
2020-12-31,214.1717987060547,214.73029181113705,211.5334032840312,213.47849793374098,20942100,MSFT
2021-01-04,209.61717224121094,214.73025350519663,206.84396964667044,214.27768184031174,37130100,MSFT
2021-01-05,209.81939697265625,210.41641490220238,207.70098464612286,209.20313130142958,23823000,MSFT
2021-01-06,204.3789520263672,208.46172177562,204.08045037192136,204.30191697152077,35930700,MSFT
2021-01-07,210.19493103027344,211.2059957874037,205.78478859916777,206.1025379552153,27694500,MSFT
2021-01-08,211.47560119628906,212.40000699485586,208.9816523536104,210.57045783119477,22956200,MSFT
2021-01-11,209.4246368408203,210.79197599818377,208.69281117002416,210.3682905451827,23031300,MSFT
2021-01-12,206.9595184326172,209.04905897744794,205.40923785569663,208.4713035292935,23249300,MSFT
2021-01-13,208.31724548339844,208.72166844329396,205.99661437960842,206.08328798688993,20087100,MSFT
2021-01-14,205.12039184570312,209.3957416828586,204.85077651299363,207.9032187884738,29480800,MSFT
2021-01-15,204.7641143798828,206.55513901499322,204.16711106582417,205.60186142550404,31746500,MSFT
2021-01-19,208.41354370117188,208.93351188204568,204.74483605137272,205.8232972815894,30480900,MSFT
2021-01-20,216.02056884765625,217.41679408925282,209.23200820542175,209.626807286122,37777300,MSFT
2021-01-21,216.6272430419922,217.90792325863816,214.1718039707667,216.36725157275006,30709400,MSFT
2021-01-22,217.57081604003906,221.53803901725374,217.42638455121454,218.6589155656127,30172700,MSFT
2021-01-25,221.0181121826172,221.2588411868411,215.90503048377064,220.62331308938622,33152100,MSFT
2021-01-26,223.71429443359375,225.49568036427337,221.5477332554915,223.2617227009555,49169600,MSFT
2021-01-27,224.2631378173828,231.523532921582,221.60549486039383,229.17401545429064,69870600,MSFT
2021-01-28,230.0695037841797,233.64192846865052,226.37191001582264,226.8726304301621,49111200,MSFT
2021-01-29,223.35800170898438,229.19327031508718,222.7706223615719,227.2385520115361,42503100,MSFT
2021-02-01,230.76284790039062,233.50716478639413,223.81059216925374,226.34306632826372,33314200,MSFT
2021-02-02,230.62802124023438,233.3241891585009,229.83843770793905,232.3516492231437,25916300,MSFT
2021-02-03,233.9885711669922,236.001061935911,230.3872602966129,230.6857765772008,27158100,MSFT
2021-02-04,233.03530883789062,234.21970616270804,231.45612709773368,233.6612130884786,25296100,MSFT
2021-02-05,233.21823120117188,234.25818215041332,231.50424205138432,233.24711750312878,18054800,MSFT
2021-02-08,233.478271484375,234.6433917550074,231.87982720782202,234.1330473897,22211900,MSFT
2021-02-09,234.7300262451172,235.68330363620066,232.42865770253408,232.90047711656726,23565000,MSFT
2021-02-10,233.81527709960938,236.80030797228451,231.95684152422675,235.9144269891913,22186700,MSFT
2021-02-11,235.42337036132812,236.05888384170802,233.17013544620877,235.7026095746687,15751100,MSFT
2021-02-12,235.90481567382812,236.20331730768942,233.72861593005658,234.88411228720133,16561100,MSFT
2021-02-16,234.6626434326172,237.00253712416128,233.91157007309272,235.94332356948152,26728500,MSFT
2021-02-17,235.68565368652344,235.79181898578886,232.53932303148682,232.90607856108954,21653500,MSFT
2021-02-18,235.28994750976562,235.42506564401617,232.4621127262459,233.36934079625917,16925600,MSFT
2021-02-19,232.56829833984375,235.35753449724464,231.80583437322684,235.25136918771977,25262600,MSFT
2021-02-22,226.33351135253906,229.6342670240594,224.29707854249543,229.14205411114955,36446900,MSFT
2021-02-23,225.1367645263672,226.64237089057255,220.75504884923313,222.29926881223878,30228700,MSFT
2021-02-24,226.3721160888672,226.99944711371288,221.01562101839454,221.9904007701566,26339700,MSFT
2021-02-25,221.0059814453125,226.41072157821975,219.93468239989207,223.98824118126558,39542200,MSFT
2021-02-26,224.2777862548828,227.1635267514781,221.53679520376923,223.45741667405005,37819200,MSFT
2021-03-01,228.6787872314453,229.19030692771832,225.02092216552478,227.67503991012973,25324000,MSFT
2021-03-02,225.71583557128906,229.02625214088684,225.3104811452354,228.74635509378146,22812500,MSFT
2021-03-03,219.62582397460938,225.43593301334528,219.3362809171999,224.0654449168302,34029500,MSFT
2021-03-04,218.8247528076172,224.38393217022352,216.44087146531615,218.8344135694477,44727800,MSFT
2021-03-05,223.52496337890625,225.13673483710517,218.56417691491433,221.51748358243876,41872800,MSFT
2021-03-08,219.4617919921875,225.23328846078326,219.2108624854744,223.30302070423056,35267400,MSFT
2021-03-09,225.62896728515625,227.1731871785227,223.59253448008076,224.76035279937034,33080500,MSFT
2021-03-10,224.31637573242188,228.7366899036803,223.9496202090389,228.7366899036803,29746800,MSFT
2021-03-11,228.86216735839844,230.8310336985803,226.1404831560715,226.7678289200637,29907600,MSFT
2021-03-12,227.53028869628906,227.5978551297582,225.09814744653752,225.8509506169985,22653700,MSFT
2021-03-15,226.62306213378906,226.9898176853591,223.72766077324133,226.76784103788017,26034900,MSFT
2021-03-16,229.42198181152344,231.69003760054653,227.71369071508823,228.04183270088785,28092200,MSFT
2021-03-17,228.7753143310547,230.23267582514157,225.09815683124123,227.91634581988245,29562100,MSFT
2021-03-18,222.67567443847656,226.02468994660006,222.29927284060432,224.45151711937265,34833000,MSFT
2021-03-19,222.31857299804688,224.36465190721847,221.35343921420778,222.96521086600634,46430700,MSFT
2021-03-22,227.76193237304688,228.6401929449053,222.11589371244168,222.24136581989566,30127000,MSFT
2021-03-23,229.2964630126953,232.64547808309152,228.80425013420336,229.20960451533284,31638400,MSFT
2021-03-24,227.25038146972656,229.70181452309288,227.11526334437207,229.55705036263132,25620100,MSFT
2021-03-25,224.23919677734375,228.67881840978586,223.49605431080923,227.0959994735435,34061900,MSFT
2021-03-26,228.23483276367188,228.45682413692484,223.47673028476513,223.47673028476513,25479900,MSFT
2021-03-29,227.03810119628906,228.54370770582582,223.79525074237355,228.34102310949228,25227500,MSFT
2021-03-30,223.7662811279297,225.69654875990918,223.0424307659374,225.38769886994126,24792000,MSFT
2021-03-31,227.54959106445312,230.76348825734928,224.28743423812915,224.78930791758805,43623500,MSFT
2021-04-01,233.90020751953125,234.3731137073442,229.7501287870753,230.15548325953267,30338000,MSFT
2021-04-05,240.38589477539062,241.24486331170138,234.23798214468843,234.29588781932924,36910600,MSFT
2021-04-06,239.21804809570312,240.70434756750984,238.27222115909885,238.976764662004,22931900,MSFT
2021-04-07,241.18690490722656,242.18099143665538,238.5714008362418,239.16977901561057,22719800,MSFT
2021-04-08,244.42015075683594,245.27911930566657,243.21373342832243,243.95689062618348,23625200,MSFT
2021-04-09,246.92947387695312,247.0645920118145,243.63836428103437,244.0533647214043,24326800,MSFT
2021-04-12,246.98739624023438,248.6860411667651,245.7423653814228,245.82923861645543,27148700,MSFT
2021-04-13,249.47743225097656,250.15303770786932,247.87530657185542,248.29033650005647,23837500,MSFT
2021-04-14,246.6785430908203,249.8055671609937,246.26354262788664,248.50266010078545,23070900,MSFT
2021-04-15,250.4522247314453,250.86722520261156,248.74394848395266,248.93695757462353,25627500,MSFT
2021-04-16,251.64895629882812,251.89990049073447,248.61845173903515,250.4232470797926,24878600,MSFT
2021-04-19,249.7186737060547,252.36315996225727,248.83076723304154,251.1181292941508,23209300,MSFT
2021-04-20,249.25547790527344,251.12783993340526,247.8849748766278,248.83081665434366,19722900,MSFT
2021-04-21,251.49459838867188,251.59111767693693,248.28071520966049,249.91179398462032,24030400,MSFT
2021-04-22,248.20343017578125,252.65268210086793,246.72676216379804,251.1374152232166,25606200,MSFT
2021-04-23,252.04466247558594,252.39212592702822,248.29993896822205,248.88868584716414,21462600,MSFT
2021-04-26,252.43075561523438,253.2897389098218,251.09889559610295,252.53693565833504,19763300,MSFT
2021-04-27,252.8361053466797,254.01356977284848,251.05060190773284,252.45968902313274,31014200,MSFT
2021-04-28,245.68447875976562,247.59545445029084,244.1306126199528,247.15147165780957,46903100,MSFT
2021-04-29,243.70594787597656,247.1707896568467,240.31833329858696,246.55310456996946,40589000,MSFT
2021-04-30,243.3874053955078,244.2560345472892,240.89737345000648,241.0324915767141,30945100,MSFT
2021-05-03,243.07858276367188,245.48177106227146,242.36437849908148,244.56488223382027,19626600,MSFT
2021-05-04,239.15048217773438,242.4512525173685,237.19126187004235,242.21961511888318,32756100,MSFT
2021-05-05,237.87655639648438,240.8009109708136,237.24922524458495,240.3762496933787,21901300,MSFT
2021-05-06,241.02285766601562,241.14832977149786,236.15858983586443,237.85722000753552,26491100,MSFT
2021-05-07,243.65768432617188,245.43352697425988,242.41265348382987,243.35848047928084,27032900,MSFT
2021-05-10,238.561767578125,242.9531293496134,238.50386190593224,242.1231136857128,29299900,MSFT
2021-05-11,237.64488220214844,238.0019917084566,234.1125038239645,236.02346455009973,33641600,MSFT
2021-05-12,230.66700744628906,235.85943266120447,229.7694399673375,233.7264802129871,36684400,MSFT
2021-05-13,234.5564727783203,237.03687378235696,233.00260672790753,233.3693622947048,29624300,MSFT
2021-05-14,239.4979248046875,240.49201135016557,236.93068032244304,237.0175388221205,23901100,MSFT
2021-05-17,236.6314697265625,237.99231175630342,235.0293590024376,237.95371288869794,24970200,MSFT
2021-05-18,234.60470581054688,237.81860285694455,234.4309740834804,237.6834847255692,20168000,MSFT
2021-05-19,235.18515014648438,235.29156060461747,230.8126825741299,231.49950163598774,25739800,MSFT
2021-05-20,238.43545532226562,239.85747908264446,235.90097082235815,235.99771295656814,21800700,MSFT
2021-05-21,237.16822814941406,240.22509675114117,236.752269419578,239.48990667105087,21863100,MSFT
2021-05-24,242.59512329101562,242.96272569888635,239.43184434731504,239.7027046181321,21411500,MSFT
2021-05-25,243.5044403076172,244.5008222997272,242.63382013845728,243.55281137496547,17704300,MSFT
2021-05-26,243.28196716308594,244.6846396440741,242.5661136971185,243.22391302197101,17771600,MSFT
2021-05-27,241.173095703125,243.2722701493951,241.11505632611494,242.9723901943247,24426200,MSFT
2021-05-28,241.53103637695312,243.8527149879426,241.41495761267623,242.80796182711416,18270200,MSFT
2021-06-01,239.325439453125,243.08847840368188,238.89981241823648,243.03043902441425,23213300,MSFT
2021-06-02,239.22869873046875,241.1344036342718,237.81634328369952,240.03161120736655,19406700,MSFT
2021-06-03,237.69061279296875,238.30004104454875,235.06905429355336,237.21659992104807,25307700,MSFT
2021-06-04,242.60482788085938,243.4367601972885,239.43188015326461,239.67372077128726,25281100,MSFT
2021-06-07,245.5262451171875,245.7971054047232,241.6567955686447,241.82124540316434,23079200,MSFT
2021-06-08,244.32672119140625,247.6544501102256,244.2686670500775,246.83218619035304,22455000,MSFT
2021-06-09,245.31341552734375,247.1901008536791,244.94582787057382,245.52623642584226,17937600,MSFT
2021-06-10,248.8442840576172,249.05710495769495,245.39080810777045,245.9905680475651,24563600,MSFT
2021-06-11,249.47311401367188,250.05350786087087,248.2348617488238,249.56982664049914,18999700,MSFT
2021-06-14,251.4077911376953,251.46583051139004,248.4186157846505,249.48272017164263,19150500,MSFT
2021-06-15,249.927734375,251.5045398033916,249.26993503111808,251.29171889548186,18038900,MSFT
2021-06-16,248.97970581054688,252.0752473620436,246.11630699620832,250.93376696845831,27220000,MSFT
2021-06-17,252.3848419189453,253.2071058556438,247.6544551779523,247.7124945596903,27565500,MSFT
2021-06-18,250.96279907226562,253.73912420146243,250.30499978120227,251.15628334448667,37202200,MSFT
2021-06-21,254.0583953857422,254.91933258256324,249.50212668410757,251.3401093654806,26696100,MSFT
2021-06-22,256.8443908691406,257.1152511503635,253.83587856405688,254.1454416058992,24694100,MSFT
2021-06-23,256.6121826171875,258.1212654194927,255.79960184068116,257.30868464298635,19518700,MSFT
2021-06-24,257.98583984375,259.10798359211515,256.8056567223274,257.4731390340408,21446900,MSFT
2021-06-25,256.37030029296875,258.5275284641316,256.11880621457954,257.54082972226007,25611100,MSFT
2021-06-28,259.9496154785156,260.1237336187573,257.2313295990359,257.50218987993065,19590000,MSFT
2021-06-29,262.54217529296875,262.78401591676874,259.2338120914586,260.0947493609752,19937800,MSFT
2021-06-30,262.0585021972656,262.5034806928627,260.80094272301073,261.85536433299154,21656500,MSFT
2021-07-01,262.7356262207031,262.9677837431567,260.80090147610525,260.8105550251696,16725300,MSFT
2021-07-02,268.588134765625,268.92671747250915,263.60622486064295,263.9157878795973,26458000,MSFT
2021-07-06,268.59783935546875,270.2520207431101,265.347486439139,268.95575870913115,31565600,MSFT
2021-07-07,270.793701171875,271.52890591143546,268.1044353611514,270.28100037232684,23260000,MSFT
2021-07-08,268.3656311035156,269.6328732076894,265.89883981192884,267.8625838721146,24618600,MSFT
2021-07-09,268.8686828613281,268.9750785451048,266.3341983320282,266.721137351801,23916700,MSFT
2021-07-12,268.2689208984375,270.6389408273715,267.55305271970633,270.04886399300807,18931700,MSFT
2021-07-13,271.8094787597656,273.61844159773335,268.3366515293652,268.46238383445865,26120100,MSFT
2021-07-14,273.28955078125,274.4020115950531,271.3934992931169,273.13476926049077,23113700,MSFT
2021-07-15,271.8577880859375,273.2894947180897,270.69694167916,272.79613056697673,22604200,MSFT
2021-07-16,271.58697509765625,274.8276448188049,270.3390694215549,272.86390046289694,26186800,MSFT
2021-07-19,267.96905517578125,271.2193785154485,265.4926099108282,269.8263743637179,32935600,MSFT
2021-07-20,270.20361328125,271.79975498621775,267.243487349404,268.95570779341654,26259700,MSFT
2021-07-21,272.21575927734375,272.3318380358486,268.2399141907731,269.7973534033063,24364300,MSFT
2021-07-22,276.80108642578125,277.07194671214313,274.1698595633128,274.5761352320771,23384100,MSFT
2021-07-23,280.2159118652344,280.5254454327153,277.14935971243716,277.9909603745016,22768100,MSFT
2021-07-26,279.6160583496094,280.23518438607294,277.2847412077284,279.56770204369064,23176100,MSFT
2021-07-27,277.1880187988281,280.1287791166295,273.7151914702879,279.983680666994,33604100,MSFT
2021-07-28,276.8784484863281,280.68017537470826,274.5664383371537,279.5580315244061,33566900,MSFT
2021-07-29,277.1493835449219,279.2001875234446,276.74307826542037,276.8978598232513,18168300,MSFT
2021-07-30,275.6112060546875,277.3040901387708,274.6438437209256,275.86272970836336,20944800,MSFT
2021-08-02,275.5241394042969,277.41047819028364,274.47937158051684,277.0138561017704,16267400,MSFT
2021-08-03,277.7491149902344,277.85554021595306,274.7309487276619,276.1046164607868,17879000,MSFT
2021-08-04,277.1589660644531,278.20370429882576,275.3596569388271,276.8784227475681,16191300,MSFT
2021-08-05,280.0707702636719,280.17719548604225,276.7624071651543,277.51694870705825,13900200,MSFT
2021-08-06,280.01275634765625,280.0514591158168,278.23281279258185,279.0937796351704,16589300,MSFT
2021-08-09,278.91961669921875,282.03452513079264,278.4165988268657,280.2932844390192,16117600,MSFT
2021-08-10,277.0912780761719,279.8095639589579,275.8917581909728,279.3742390862678,18616600,MSFT
2021-08-11,277.5846252441406,279.2388065197493,276.5301743526626,277.8361193687977,13955900,MSFT
2021-08-12,280.3512878417969,280.50606936455193,276.99453921603543,277.27508257112635,14561300,MSFT
2021-08-13,283.2920837402344,283.34044005143994,279.85792951947155,280.0320771872381,18249000,MSFT
2021-08-16,284.9849853515625,285.1978062726774,280.5544487724139,283.6210007464478,22507600,MSFT
2021-08-17,283.5145568847656,283.8531396263092,281.5798321005821,282.8471039940551,20075300,MSFT
2021-08-18,281.77960205078125,285.74368383432363,281.33374230637463,283.04927004788874,21813000,MSFT
2021-08-19,287.6336669921875,288.3121287150756,279.7539809531887,279.80242982850876,29850500,MSFT
2021-08-20,294.9901123046875,296.4245604190308,288.8840727593795,290.492972385742,40817600,MSFT
2021-08-23,295.2710876464844,295.9979982657904,292.5572998323028,293.9141937393936,22830200,MSFT
2021-08-24,293.30364990234375,296.2403682802,292.7027417213681,295.6297584904746,18175800,MSFT
2021-08-25,292.7123718261719,295.2129312925075,291.17132489325707,294.9318509101062,20006100,MSFT
2021-08-26,289.8822937011719,293.11946582740853,289.7466190833908,291.7237949064107,17666100,MSFT
2021-08-27,290.4928894042969,291.60747985013455,287.691846089783,289.7853523702263,22605700,MSFT
2021-08-30,294.24371337890625,294.85432301164025,291.7916028197827,291.8497533011795,16348100,MSFT
2021-08-31,292.5864562988281,295.12579336805766,292.2181500836433,295.0482692281605,26285300,MSFT
2021-09-01,292.5379943847656,295.7945704281934,292.2084650099204,293.5459857289312,18983800,MSFT
2021-09-02,291.87890625,294.02086175989047,290.93876711303125,292.8965991015238,16285600,MSFT
2021-09-03,291.8692321777344,293.2842768886712,291.016318792049,291.72382635847964,14747900,MSFT
2021-09-07,290.938720703125,291.8207092025225,289.01969545610433,291.7431850784096,17180400,MSFT
2021-09-08,290.96783447265625,291.3555143006934,288.3121965936231,290.5510793969682,15046800,MSFT
2021-09-09,288.09893798828125,292.83840990404906,287.85663442395133,291.5590399856498,19927000,MSFT
2021-09-10,286.6064147949219,290.68682918286163,286.28658702061455,289.23300741621466,19633400,MSFT
2021-09-13,287.84698486328125,289.34928498060737,285.02656731514014,288.38974257927293,23652900,MSFT
2021-09-14,290.56072998046875,292.1114785983669,288.9227556349355,290.3378000689103,21853400,MSFT
2021-09-15,295.43585205078125,295.9204591056859,292.5282097213536,293.9238804057243,28356300,MSFT
2021-09-16,295.8235778808594,295.91080361496756,291.50089055931244,294.40853334187324,19550800,MSFT
2021-09-17,290.6383056640625,295.1257728874207,290.3087763307329,294.8059451626839,41372500,MSFT
2021-09-20,285.2397766113281,289.52371713134244,280.60693311638306,287.20728059483235,38278700,MSFT
2021-09-21,285.7243957519531,288.380063343939,285.01688816382256,286.58701077286617,22364100,MSFT
2021-09-22,289.3879699707031,290.9774954954445,285.44329055858685,287.5949473188643,26626300,MSFT
2021-09-23,290.3377990722656,291.63654253160206,288.37029545861924,289.6496652823487,18604600,MSFT
2021-09-24,290.1343078613281,290.5704365513493,287.78879623094576,289.0487925731778,14999000,MSFT
2021-09-27,285.1137390136719,287.3429197234869,283.9215949631837,287.0230920689048,23571700,MSFT
2021-09-28,274.7916259765625,281.82813121572434,274.0453416183165,280.8782905595334,43186200,MSFT
2021-09-29,275.2568359375,277.94154865399634,274.2973233335455,276.3229774852664,26353700,MSFT
2021-09-30,273.24090576171875,278.9689361892325,272.9501237277574,276.9142066260927,32343600,MSFT
2021-10-01,280.1998596191406,281.05277293433414,272.6302983139076,273.43473316733105,30086300,MSFT
2021-10-04,274.394287109375,278.8914563280941,271.62234799634535,278.552225356997,31350700,MSFT
2021-10-05,279.870361328125,281.45985757328907,275.3053401798689,275.3053401798689,24993000,MSFT
2021-10-06,284.0863952636719,284.5904056402625,276.7203900908652,276.98206730927467,28002600,MSFT
2021-10-07,285.7727966308594,287.5076982326449,284.8714345745503,286.09262428442867,20430500,MSFT
2021-10-08,285.7727966308594,287.5076982326449,284.7163567619484,287.1006152773065,17685700,MSFT
2021-10-11,285.171875,288.7967262653183,283.7374274853602,283.90220689654143,19298600,MSFT
2021-10-12,283.8634948730469,286.34468116686594,283.34981246639074,286.2477538192174,17974100,MSFT
2021-10-13,287.1878967285156,288.12803581492204,284.45470520992285,285.8310025775358,23416300,MSFT
2021-10-14,293.4295959472656,293.9335766778313,288.6610491193376,289.99856943368576,27262900,MSFT
2021-10-15,294.8446350097656,295.07726652415437,291.26823234850644,293.0322092404476,25384800,MSFT
2021-10-18,297.82989501953125,298.72155568513193,293.3715029573013,294.2244163439284,22729300,MSFT
2021-10-19,298.7409362792969,299.7779731077033,297.7620203649493,298.8572372635613,17682100,MSFT
2021-10-20,297.9461669921875,300.1656759873755,296.6861706744592,299.6907408744911,16537100,MSFT
2021-10-21,301.19305419921875,301.4450298115465,296.92848749122396,297.713578309162,16918100,MSFT
2021-10-22,299.6423645019531,301.512941426498,298.32421737437426,300.8441810415646,17449300,MSFT
2021-10-25,298.64404296875,299.87493462992757,297.0254418784071,299.83615777139573,17554500,MSFT
2021-10-26,300.56298828125,302.7824969844961,299.0994950160424,301.42560307917466,28107300,MSFT
2021-10-27,313.2209777832031,316.06076839704065,306.2716986940532,306.2716986940532,52588700,MSFT
2021-10-28,314.3646240234375,314.8686047470485,311.4666535229836,314.3452208099456,26297900,MSFT
2021-10-29,321.410888671875,321.77919489249734,313.9285519930589,314.15148196292967,34766000,MSFT
2021-11-01,319.2301025390625,321.284832079321,316.3224597002652,321.1588294904815,27073200,MSFT
2021-11-02,322.87432861328125,323.1844842535539,319.8406834588921,320.1411374922594,26487100,MSFT
2021-11-03,323.7175598144531,324.58984672468614,320.47068615818483,323.62063247374465,21500100,MSFT
2021-11-04,326.08245849609375,326.1793858408279,319.3658105568457,322.6417595935785,23992200,MSFT
2021-11-05,325.714111328125,328.36007665808916,324.124615471267,328.08869787384174,22570100,MSFT
2021-11-08,326.6155090332031,327.2551940040051,324.14402446343985,326.915963092176,20897000,MSFT
2021-11-09,325.6075744628906,328.292287578706,324.23127706414436,326.73183708622446,21307400,MSFT
2021-11-10,320.6160888671875,324.32819631868085,319.7632051014801,324.2700458250661,25500900,MSFT
2021-11-11,322.1958923339844,323.4946359050316,320.335017501288,321.0522265953406,16849800,MSFT
2021-11-12,326.35382080078125,326.84812952926194,323.5140301700109,323.6400327539822,23831000,MSFT
2021-11-15,325.723876953125,327.4781525778822,323.74667137753664,327.1486232449633,16723000,MSFT
2021-11-16,329.0579528808594,330.1822450060062,325.1810957230039,325.345845588492,20886800,MSFT
2021-11-17,329.28125,332.26218849900704,328.1937488278737,329.1064793756621,19053400,MSFT
2021-11-18,331.36883544921875,332.5146230191035,327.3392439560614,328.3684881553108,22463500,MSFT
2021-11-19,333.155517578125,335.08780291493565,332.27194500113376,332.6991818854003,21963400,MSFT
2021-11-22,329.9706726074219,339.5252157856874,329.6987972898086,334.6217110790579,31031100,MSFT
2021-11-23,327.8830261230469,329.60169282759273,323.88256267855536,327.2712993049668,30427600,MSFT
2021-11-24,328.1064147949219,328.3491616885023,324.2224644976349,326.52370030762717,21661300,MSFT
2021-11-26,320.1151428222656,328.1257894703954,318.60040473573963,324.64966735700517,24217200,MSFT
2021-11-29,326.8634948730469,329.19385871851557,325.02831445422294,325.22252378808867,28563500,MSFT
2021-11-30,320.9987487792969,327.9801511598231,319.44516287846153,325.59153024619826,42885600,MSFT
2021-12-01,320.5035095214844,329.4366054980514,319.8335554738166,325.40701369477864,33337600,MSFT
2021-12-02,319.9306335449219,323.8145832007806,318.28966244474685,320.7171309796585,30766000,MSFT
2021-12-03,313.6386413574219,323.04751138803783,308.803113564242,322.35808901688773,41779300,MSFT
2021-12-06,316.7264099121094,317.9498636247727,309.9683453175888,314.55140742931803,30032600,MSFT
2021-12-07,325.2031555175781,326.0575996501338,320.52298852662585,322.0183176149268,31021900,MSFT
2021-12-08,325.2517395019531,325.766361779387,321.2027078986023,325.5818717523643,24761000,MSFT
2021-12-09,323.4359436035156,326.72757583430194,322.48436518172974,324.707934863553,22214200,MSFT
2021-12-10,332.6020812988281,333.04872727162575,325.0769278400669,325.2614178438245,38095700,MSFT
2021-12-13,329.5531311035156,333.8157801871928,329.24240801109124,330.7959938410283,28899400,MSFT
2021-12-14,318.8139953613281,324.93123368391133,314.7067080432587,323.5524185550446,44438700,MSFT
2021-12-15,324.94097900390625,325.4653205800536,315.0854612577218,319.0762058810178,35381100,MSFT
2021-12-16,315.4738464355469,326.9897740911703,313.64838511563244,325.97021939286674,35034800,MSFT
2021-12-17,314.40576171875,315.4932926826738,308.04580502037743,311.5704946227537,47750300,MSFT
2021-12-20,310.6286315917969,313.4347702108287,308.3565242739635,310.76455444045945,28326500,MSFT
2021-12-21,317.79449462890625,318.2217314826185,310.52177839106776,313.9105447822028,24740600,MSFT
2021-12-22,323.53302001953125,323.9310987851907,316.29915189162267,318.7751579583917,24831500,MSFT
2021-12-23,324.9797668457031,326.6304572357532,323.07663988808696,323.09604896799726,19617800,MSFT
2021-12-27,332.5146789550781,332.5438073945915,325.69832778706945,325.7274562265829,19947000,MSFT
2021-12-28,331.3495178222656,333.8352437026062,330.4465064678382,333.1943883320542,15661500,MSFT
2021-12-29,332.0291442871094,334.31094090954093,329.8249839842297,331.3979787884627,15042000,MSFT
2021-12-30,329.4754943847656,333.1749544876973,328.99000062183825,331.990348520867,15994500,MSFT
2021-12-31,326.5625305175781,329.51431124934464,326.1061651969411,328.6889955613775,18000800,MSFT
2022-01-03,325.03802490234375,328.1937338819782,320.21221644666167,325.62062325578984,28865100,MSFT
2022-01-04,319.4645690917969,325.47498337685073,316.6584013250783,325.1156931532872,32674300,MSFT
2022-01-05,307.2009582519531,316.60982730031907,306.8125692690892,316.40589863776705,40054300,MSFT
2022-01-06,304.7735290527344,309.45369542016715,302.4528549493808,304.06469758500975,39646100,MSFT
2022-01-07,304.9288635253906,307.31748401408174,301.0934517930375,305.0356579061824,32720000,MSFT
2022-01-10,305.15228271484375,305.58923901683147,295.85023392526864,300.51096286290857,44289500,MSFT
2022-01-11,305.8416748046875,307.42435964932554,300.8993516399399,304.28808876960994,29386800,MSFT
2022-01-12,309.0361633300781,314.0270530188489,307.88068590041127,310.3955694582875,34372200,MSFT
2022-01-13,295.95697021484375,311.5704653903933,295.1801920885378,311.172356970201,45366000,MSFT
2022-01-14,301.2003173828125,301.8023248577446,294.93743650779754,295.42293023044414,39846400,MSFT
2022-01-18,293.8694152832031,300.8119712654015,292.9858129389681,295.24823082629985,42333200,MSFT
2022-01-19,294.52960205078125,304.8026655825984,293.91790486518016,297.40374615872065,45933900,MSFT
2022-01-20,292.8498229980469,302.6082350893692,292.4031770647772,300.10310048812516,35380700,MSFT
2022-01-21,287.4414367675781,295.2870029567207,287.0336089676001,293.9082172607986,57984400,MSFT
2022-01-24,287.7715759277344,288.49009723362104,268.0411017674154,283.72257443157116,85731500,MSFT
2022-01-25,280.12017822265625,286.4315970589494,276.8965221990427,283.0622692025946,72848600,MSFT
2022-01-26,288.1016540527344,299.5496034339811,284.5284276453755,299.05439039333135,90428900,MSFT
2022-01-27,291.1408996582031,298.38445839019573,289.28630990590625,293.8790916253967,53481300,MSFT
2022-01-28,299.3166198730469,299.5302383109327,285.907284705517,291.519591338495,49743700,MSFT
2022-01-31,301.9576721191406,303.31704855180146,297.4814047993765,299.9865688837364,46444500,MSFT
2022-02-01,299.8021240234375,301.6178659923273,296.27743449220986,301.4042475470351,40950400,MSFT
2022-02-02,304.36572265625,305.97756540493566,299.91861310216416,300.64685370133134,36636000,MSFT
2022-02-03,292.5099792480469,302.20044499578506,291.25739709798916,300.51090662551127,43730000,MSFT
2022-02-04,297.06390380859375,299.8409137013529,291.26710752758504,291.5001350340584,35096500,MSFT
2022-02-07,292.2187194824219,298.908808395224,291.1991647600581,297.2872757560172,28533300,MSFT
2022-02-08,295.7239074707031,296.6948948289947,291.24766997242665,292.50994168533265,32421200,MSFT
2022-02-09,302.1809997558594,302.8801119137957,298.47185017143323,300.8798801126251,31284700,MSFT
2022-02-10,293.6071472167969,300.1515921967182,291.97589564951016,295.21898970549006,45386200,MSFT
2022-02-11,286.4801025390625,295.4617351032537,285.6838858378648,294.393643142157,39175600,MSFT
2022-02-14,286.4413146972656,288.15026219267463,282.89721622151654,285.2469893955168,36359500,MSFT
2022-02-15,291.75262451171875,292.07303735866185,288.40270567819266,291.3059785446445,27058300,MSFT
2022-02-16,291.41204833984375,292.7450469485756,285.7492094226368,290.3125590659392,29982100,MSFT
2022-02-17,282.8788757324219,288.78493341445846,282.1685786207332,288.35681319555755,32461600,MSFT
2022-02-18,280.154541015625,285.9243962532494,278.57829331636475,285.1362724036193,34264000,MSFT
2022-02-22,279.95013427734375,283.66698245897277,276.8170890587822,277.30358657909636,41736100,MSFT
2022-02-23,272.7013854980469,283.822744485048,272.53599292328806,282.34377260648654,37811200,MSFT
2022-02-24,286.6346435546875,287.18925792799297,264.1876378573289,265.1509232671374,56989700,MSFT
2022-02-25,289.28118896484375,289.59255454281833,283.77403278992335,287.16980609363816,32546700,MSFT
2022-02-28,290.7212829589844,291.0618372631697,285.08763168422934,286.36225319102664,34627500,MSFT
2022-03-01,286.9849548339844,291.86938019669464,284.26055037516176,288.39578010076116,31217800,MSFT
2022-03-02,292.0834655761719,293.3288983898888,285.768735492575,287.3838815829672,31873000,MSFT
2022-03-03,287.9287414550781,294.9440282601711,286.1092155593134,294.71051892315563,27314500,MSFT
2022-03-04,282.0323486328125,287.6757380929094,279.41501910209644,286.34273954173915,32356500,MSFT
2022-03-07,271.37811279296875,281.86700055685185,271.0083698414943,280.73832248678326,43157200,MSFT
2022-03-08,268.4007873535156,276.2917658042031,262.70875831793444,270.2981105697339,48159500,MSFT
2022-03-09,280.7091064453125,281.7794070706236,273.1975825478418,275.78575326233744,35204500,MSFT
2022-03-10,277.877685546875,278.8604201652107,273.0029702694113,275.37708084695583,30628000,MSFT
2022-03-11,272.5067138671875,281.6917889446051,271.8839828209792,280.18362889463543,27209300,MSFT
2022-03-14,268.9748229980469,277.6928525683312,268.3715706632459,272.769498727811,30660700,MSFT
2022-03-15,279.3955383300781,280.04745811524,271.2029361781825,272.77918349658523,34245100,MSFT
2022-03-16,286.4400634765625,286.61519548142235,275.5522451059325,281.30262045302413,37826300,MSFT
2022-03-17,287.2476501464844,287.62710284183214,281.55562216860625,285.36977649759285,30816600,MSFT
2022-03-18,292.3169250488281,292.87153940935485,284.82488022884814,287.3935719777553,43390600,MSFT
2022-03-21,291.0812072753906,292.0347531289524,286.9362387956348,290.8185092974234,28351200,MSFT
2022-03-22,295.84893798828125,296.76355591312955,290.70178472073417,291.70396865624343,27599700,MSFT
2022-03-23,291.40234375,295.04136624934927,289.6801528126932,292.3948179286676,25715400,MSFT
2022-03-24,295.8878479003906,295.9851533596219,290.2639368009253,291.0617999957818,24484500,MSFT
2022-03-25,295.4791564941406,297.25001477240545,291.2077232772877,296.9873167746891,22566500,MSFT
2022-03-28,302.30963134765625,302.4069071163755,296.1116267591082,296.1116267591082,29578200,MSFT
2022-03-29,306.8924255371094,307.29135714004815,300.7041605046977,305.4329327088514,30393400,MSFT
2022-03-30,305.3842468261719,307.41783284188796,303.1658190479374,305.2869710648851,28163600,MSFT
2022-03-31,299.9841003417969,306.6296731361935,299.5754590506944,305.423139087264,33422100,MSFT
2022-04-01,301.064208984375,301.7550273107037,297.2889825923941,301.01554140488423,27110500,MSFT
2022-04-04,306.4642639160156,306.6004677876779,301.3463002535531,301.71604313777794,24289600,MSFT
2022-04-05,302.4847717285156,306.3670133210519,301.5020370122259,304.8102149635358,23156700,MSFT
2022-04-06,291.41204833984375,298.709511987753,288.69738354865393,296.9483931362007,40110400,MSFT
2022-04-07,293.2315979003906,295.45002606542477,288.3471720326163,288.6487982094901,31411200,MSFT
2022-04-08,288.9503479003906,292.98827151302675,288.2789789248142,292.3266419900815,24361900,MSFT
2022-04-11,277.556640625,284.7081321151136,277.30365235252583,283.9102985595844,34569300,MSFT
2022-04-12,274.44305419921875,282.8886463462349,272.9154444392271,281.42915338423376,30966700,MSFT
2022-04-13,279.8529052734375,280.7869724534047,273.7035678106113,275.09497366578125,21907200,MSFT
2022-04-14,272.2732238769531,280.5242335633767,271.7770165344988,280.31017343940124,28221600,MSFT
2022-04-18,272.9446105957031,274.8322237129934,270.823488125662,271.3781025319031,20778000,MSFT
2022-04-19,277.5954895019531,278.44202017947026,270.89156871926275,271.8353751517887,22297700,MSFT
2022-04-20,278.62689208984375,281.8767221982416,277.66363634073986,281.58480582125515,22906700,MSFT
2022-04-21,273.22674560546875,285.3794446334665,272.4969992966275,280.7869066754208,29454600,MSFT
2022-04-22,266.62982177734375,275.5521990967038,265.997380958645,274.0732276756162,29405800,MSFT
2022-04-25,273.1392822265625,273.5187350091198,263.457965681407,265.9099332040966,35678900,MSFT
2022-04-26,262.9228210449219,270.842988246751,262.7087608668474,270.006226446482,46518400,MSFT
2022-04-27,275.5716857910156,283.1123981548155,271.62132788300465,274.4819359810064,63477700,MSFT
2022-04-28,281.8086853027344,283.12223513793305,273.8592991750537,277.4885830009722,33646600,MSFT
2022-04-29,270.0256652832031,282.05190353666177,269.03322069217677,280.816180408871,37073900,MSFT
2022-05-02,276.787841796875,277.24515055689216,268.7606344111212,270.2103872128274,35151100,MSFT
2022-05-03,274.1706237792969,276.45716875082513,272.58463663535474,276.29174647907155,25978600,MSFT
2022-05-04,282.1491394042969,283.0248290854527,269.256953889885,274.9586911173627,33599300,MSFT
2022-05-05,269.8602600097656,278.617217956907,266.9315345722031,277.82909411714115,43260400,MSFT
2022-05-06,267.3110046386719,271.7089326257257,263.9444195820846,267.3888311961461,37780300,MSFT
2022-05-09,257.43505859375,265.0049601103205,256.20910482547714,262.7670830134219,47726000,MSFT
2022-05-10,262.22216796875,266.3573969626913,257.9118069909057,264.35302951992776,39336400,MSFT
2022-05-11,253.51390075683594,264.0319770440954,252.29765669315228,258.50537114514697,48975900,MSFT
2022-05-12,248.45433044433594,252.86199751589103,243.2682642428535,250.7311356508223,51033800,MSFT
2022-05-13,254.0684814453125,255.93664514422863,248.4543102823503,250.40030052588787,34925100,MSFT
2022-05-16,254.4382781982422,258.64162514041436,248.87274373595713,252.9398570793875,32550900,MSFT
2022-05-17,259.6145935058594,261.083796106576,255.37231887699087,258.9237455156358,28828800,MSFT
2022-05-18,247.79443359375,257.0789268616346,246.5168434618955,256.49376403299016,31356000,MSFT
2022-05-19,246.877685546875,251.29563365430175,245.64886146376114,247.61887889967733,32692300,MSFT
2022-05-20,246.31201171875,252.1440854849092,240.3434168359691,250.87622783351006,39199300,MSFT
2022-05-23,254.20191955566406,255.03089783384317,247.16052990489024,249.16958121795471,33175400,MSFT
2022-05-24,253.19737243652344,254.8650611795236,247.2287771351608,251.51018917910025,29043900,MSFT
2022-05-25,256.025634765625,258.03467104715224,250.7689908290444,251.7540144546174,28547900,MSFT
2022-05-26,259.322021484375,260.50207954120907,254.962601479869,255.78181755125436,25002100,MSFT
2022-05-27,266.4803771972656,266.5779092758022,260.94090038268376,261.8381538375639,26910800,MSFT
2022-05-31,265.1442565917969,267.9725081076461,262.27698629457734,265.7879325526635,37827700,MSFT
2022-06-01,265.6807861328125,270.8204042043572,263.35965869320427,268.3920122715917,25292200,MSFT
2022-06-02,267.7872314453125,267.8555068785204,255.12835897127664,257.90785959544843,44008200,MSFT
2022-06-03,263.340087890625,266.685257307547,261.7699312309948,263.62292204667295,28059000,MSFT
2022-06-06,262.1014709472656,267.39713259398246,260.6093223682843,265.32958342703967,22400300,MSFT
2022-06-07,265.75872802734375,266.3731474633337,259.3610157079516,260.04371058407725,22860700,MSFT
2022-06-08,263.7204284667969,266.24635182283305,262.94020151963724,264.9882563323359,17372300,MSFT
2022-06-09,258.2394714355469,265.96352496663144,258.08342604184816,261.155493463589,26439700,MSFT
2022-06-10,246.7313995361328,254.13361548711075,246.28277272145993,254.13361548711075,31422800,MSFT
2022-06-13,236.26683044433594,242.85960728455794,235.55489376186938,239.04633149317976,46135800,MSFT
2022-06-14,238.44163513183594,239.66071172890824,235.53534580987517,237.82721576489354,28651500,MSFT
2022-06-15,245.53179931640625,248.98423293014517,240.3239071262525,242.16715053653422,33111700,MSFT
2022-06-16,238.90980529785156,241.2991929411064,237.0080483932736,239.89481403270756,33169200,MSFT
2022-06-17,241.52349853515625,244.30299969377677,237.99305675469424,238.64648015773886,43084800,MSFT
2022-06-21,247.4628448486328,248.4478535525514,243.33747821445448,244.06892429949633,29928300,MSFT
2022-06-22,246.867919921875,250.8079842631734,244.1761889667899,245.65859044340866,25939900,MSFT
2022-06-23,252.45614624023438,252.9535390674792,247.35554827697968,249.24755773293674,25861400,MSFT
2022-06-24,261.0774230957031,261.35049502859584,255.24535067432754,255.33312060676354,33923200,MSFT
2022-06-27,258.3370056152344,261.6626207863299,256.76681929024653,261.57485083215533,24615100,MSFT
2022-06-28,250.13502502441406,260.30699308121547,249.97897964734233,257.449484659957,27295500,MSFT
2022-06-29,253.82156372070312,255.48925252724635,249.4328721549821,251.21760245906665,20069800,MSFT
2022-06-30,250.4763641357422,253.10958173531176,246.64359410118547,250.69092282728204,31730900,MSFT
2022-07-01,253.15829467773438,253.34359669075232,248.31126009966542,250.04723876402525,22837700,MSFT
2022-07-05,256.34747314453125,256.4742618926065,248.43810234221337,249.8229717887662,22941000,MSFT
2022-07-06,259.62432861328125,261.36029271245513,255.90858506525944,257.225193906022,23824400,MSFT
2022-07-07,261.7601623535156,262.4038384700445,258.4637739518754,258.56130604758283,20859900,MSFT
2022-07-08,261.0384826660156,261.46760008401816,256.77659490153445,258.23948707310194,19658800,MSFT
2022-07-11,257.9664306640625,259.936448193075,255.69405468636,259.0782133051506,19455200,MSFT
2022-07-12,247.39456176757812,259.36102351623987,245.80488089647312,259.3025102122522,35868500,MSFT
2022-07-13,246.46807861328125,247.27754741494883,241.9721226645982,244.00066829745631,29497400,MSFT
2022-07-14,247.79443359375,248.82820836055416,239.8558059029623,244.371271225714,25102800,MSFT
2022-07-15,250.36911010742188,253.92880829772642,248.46735333614538,249.39384869842797,29774100,MSFT
2022-07-18,247.96022033691406,254.3871896347029,247.03372494810176,253.32415823997417,20975000,MSFT
2022-07-19,253.10958862304688,253.2948906690836,247.40430351046794,251.20781699798198,25012600,MSFT
2022-07-20,255.78184509277344,258.31753116539926,252.50498045439292,253.4704798991619,22788300,MSFT
2022-07-21,258.2882080078125,258.3369889320587,250.6714193737388,253.36315017839348,22404700,MSFT
2022-07-22,253.9191131591797,258.76616483133637,252.66104703870553,258.6783948528817,21881300,MSFT
2022-07-25,252.42686462402344,255.03082534353942,250.45684754814727,254.5431947023472,21056000,MSFT
2022-07-26,245.66836547851562,253.4509629497861,243.39601928294323,253.43143867174322,39348000,MSFT
2022-07-27,262.0917663574219,263.3693565432231,252.44644558531357,254.69929727249698,45994000,MSFT
2022-07-28,269.5719909667969,270.9666075420693,261.2432507771247,263.0767468611036,33459300,MSFT
2022-07-29,273.79486083984375,275.02369966023457,269.78655099255263,270.83008777613486,32152800,MSFT
2022-08-01,271.1324462890625,274.3215405283766,269.0161158388109,270.9471442318351,21539600,MSFT
2022-08-02,268.0213317871094,271.01539127951946,265.6416917082196,269.1721330389586,22754200,MSFT
2022-08-03,275.4820861816406,276.4866042234115,269.76703895640605,269.91335197508243,23518900,MSFT
2022-08-04,276.6329040527344,276.779187317559,273.2390132583336,274.8286644195843,18098700,MSFT
2022-08-05,275.9112243652344,276.6329083245919,271.78585765777035,272.24423173637746,16774600,MSFT
2022-08-08,273.38531494140625,278.8467853762037,272.41005342671457,277.02302134312987,18739200,MSFT
2022-08-09,275.3162536621094,276.07695628719955,270.74227577451177,272.7220847897705,23405200,MSFT
2022-08-10,282.0065612792969,282.6404751722234,279.8414800012585,281.041062115649,24687800,MSFT
2022-08-11,279.9195556640625,284.0059038855235,279.4221925187229,283.654824018225,20065900,MSFT
2022-08-12,284.6885681152344,284.6885681152344,279.84151760890535,281.3434285473414,22619700,MSFT
2022-08-15,286.2099609375,286.9023881899572,282.93306719484826,283.80106411686256,18085700,MSFT
2022-08-16,285.4687805175781,286.7658949577714,283.23545314932466,284.76659105891446,18102900,MSFT
2022-08-17,284.7162780761719,286.70026023465556,282.90820846554277,283.1720772873246,18253400,MSFT
2022-08-18,283.59228515625,285.29283236609757,282.52696760957303,283.6118210483233,17186200,MSFT
2022-08-19,279.6634216308594,282.69315545045663,279.0867995860452,282.35108343721635,20570000,MSFT
2022-08-22,271.45379638671875,276.057018930121,270.93581193768017,275.68562822594475,25061100,MSFT
2022-08-23,270.17352294921875,272.53864848293165,269.15708983535205,270.17352294921875,17527400,MSFT
2022-08-24,269.5382385253906,270.9455981450401,268.8736304974872,269.1668478166237,18137000,MSFT
2022-08-25,272.5289306640625,272.69506033851854,268.2970680087891,271.04336749973436,16583400,MSFT
2022-08-26,262.0128479003906,273.98516104382645,261.9053557314031,272.75371357624687,27549300,MSFT
2022-08-29,259.2176208496094,261.3384133088157,257.86889873044487,259.82356155223977,20338500,MSFT
2022-08-30,257.0088806152344,260.99638024255165,254.7512471057002,260.6250193047335,22767100,MSFT
2022-08-31,255.54287719726562,261.0550115354996,255.40603646622787,259.37402993103416,24791800,MSFT
2022-09-01,254.49708557128906,254.97599822937116,249.62021152580633,253.0017697518368,23263400,MSFT
2022-09-02,250.2554931640625,258.73872314316543,248.70153970994355,255.7676569567466,22855400,MSFT
2022-09-06,247.5092010498047,251.98536617249096,246.2288991777228,250.39234088968416,21328200,MSFT
2022-09-07,252.239501953125,252.96271777248035,247.47990196744675,248.92634851905373,24126700,MSFT
2022-09-08,252.65975952148438,254.5264664937185,249.01431675656787,251.67267486738547,20319900,MSFT
2022-09-09,258.46502685546875,259.2175910438313,254.38957204307812,254.5948032645478,22084700,MSFT
2022-09-12,260.6054382324219,261.3873213270638,259.149223843225,259.7551646004535,18747700,MSFT
2022-09-13,246.2777862548828,254.49713337678742,245.88684468142785,252.97249852255345,33353300,MSFT
2022-09-14,246.50254821777344,248.46697913300935,244.1960453177988,247.78285007642683,23913000,MSFT
2022-09-15,239.817626953125,245.7011523048836,238.48845541290487,244.10811197636048,31530900,MSFT
2022-09-16,239.19212341308594,239.739426682432,236.57286716463537,238.72299354259306,39791800,MSFT
2022-09-19,238.97711181640625,239.58305259776108,235.3903068619585,236.9735791811867,26826900,MSFT
2022-09-20,236.95401000976562,237.9899789735556,234.20771098725592,236.58263419492624,26660300,MSFT
2022-09-21,233.5333709716797,242.0459353368341,233.48450141158338,238.73278197769002,28625600,MSFT
2022-09-22,235.517333984375,238.33205339630862,232.18464499812544,232.47783250945622,31061200,MSFT
2022-09-23,232.5266876220703,235.66392801449047,229.8683449899013,234.10995973648943,34176000,MSFT
2022-09-26,232.06735229492188,235.97667813661488,231.52981700911016,231.67642567591042,27694200,MSFT
2022-09-27,231.05093383789062,236.31874980621944,229.1842271718102,234.53999939236823,27018700,MSFT
2022-09-28,235.60533142089844,236.83676384447796,229.40903786274086,231.44188934103624,29029700,MSFT
2022-09-29,232.11624145507812,234.5107007527724,229.0962905663997,233.47473170328885,27484200,MSFT
2022-09-30,227.6204833984375,235.08729490470347,227.45433884538363,232.88829919380572,35694800,MSFT
2022-10-03,235.2827911376953,236.13306477222778,229.34061381655428,230.0736124429844,28880400,MSFT
2022-10-04,243.23826599121094,244.6847124207283,239.42666423266377,239.53417129307422,34888400,MSFT
2022-10-05,243.551025390625,244.89974773560505,238.56664330825308,240.41379938760141,20347100,MSFT
2022-10-06,241.19564819335938,244.66517820045487,240.50175113967794,242.30980557091354,20239900,MSFT
2022-10-07,228.93014526367188,235.84965435537447,227.8843933578398,235.43916198528814,37769600,MSFT
2022-10-10,224.05323791503906,229.24286559802218,221.59035845242354,227.76710045738744,29743600,MSFT
2022-10-11,220.30030822753906,223.86756241928063,219.0297742301736,222.460202601454,30474000,MSFT
2022-10-12,220.63258361816406,222.69475365624942,218.8831668147149,220.29051163189263,21903900,MSFT
2022-10-13,228.93014526367188,230.74798252431322,214.16266509998607,214.8663450017115,42551800,MSFT
2022-10-14,223.3788604736328,231.86210470725837,223.16384637445358,230.20062941125624,30198600,MSFT
2022-10-17,232.1455535888672,233.543145410167,229.80973186429202,230.4743250492662,28142300,MSFT
2022-10-18,233.0935516357422,238.40045426951124,230.03449941447604,237.7261080934971,26329600,MSFT
2022-10-19,231.1193389892578,234.17839122462001,228.97898071038742,231.6666422196203,19985700,MSFT
2022-10-20,230.79681396484375,235.8398477825105,229.5458309126481,230.42543815781005,21811000,MSFT
2022-10-21,236.63150024414062,237.49155674439498,229.18423891588736,229.41880384674636,26299700,MSFT
2022-10-24,241.64524841308594,242.22187050260015,235.83012812748396,238.2343556148709,24911200,MSFT
2022-10-25,244.97792053222656,245.349296366253,240.25740753672832,241.654984441584,34775500,MSFT
2022-10-26,226.07630920410156,232.8980782788824,224.84486208169866,225.92970054468063,82543200,MSFT
2022-10-27,221.60992431640625,228.39260751726937,220.66191153974984,225.80267001633032,40424600,MSFT
2022-10-28,230.52317810058594,231.23664083896048,220.92579044336952,221.11148581601782,40647700,MSFT
2022-10-31,226.8679656982422,229.59471401953846,225.91017009167064,228.46100590128756,28357300,MSFT
2022-11-01,222.9977264404297,230.3961330494715,222.17677155998481,229.28197573661194,30592300,MSFT
2022-11-02,215.1106414794922,226.05674989064616,215.0519890701954,224.25846374077017,38407000,MSFT
2022-11-03,209.39328002929688,215.41364582533683,209.12939634093038,215.10089257795497,36633900,MSFT
2022-11-04,216.37142944335938,216.5668927691409,208.5918638089294,212.61847990192896,36789100,MSFT
2022-11-07,222.7045440673828,223.2323114758451,216.263932484972,216.95784447375866,33498000,MSFT
2022-11-08,223.68186950683594,226.3988500523262,220.72055607119086,223.51572493107818,28192500,MSFT
2022-11-09,219.4207000732422,223.4473161844384,219.2447875531126,222.21586889194765,27852900,MSFT
2022-11-10,237.47198486328125,237.81405682631365,229.6728842873468,230.09312964083236,46268000,MSFT
2022-11-11,241.50840759277344,242.36846415623495,236.44582224816557,237.4818062509244,34620200,MSFT
2022-11-14,236.0744171142578,238.3809199560676,233.78746507725594,236.5044453426639,31123300,MSFT
2022-11-15,236.48489379882812,241.40086983358165,234.58886838654172,240.09124926054272,31390100,MSFT
2022-11-16,236.9161376953125,238.94492249208088,235.63222768224927,237.95502625687746,24093300,MSFT
2022-11-17,236.8671417236328,238.40588369087442,232.89780598377683,233.04481287972584,23123500,MSFT
2022-11-18,236.4163055419922,238.88612602549412,234.26991517757338,238.6606955166367,27613500,MSFT
2022-11-21,237.22975158691406,239.7975713884962,236.38687726926875,236.62208827098848,26394700,MSFT
2022-11-22,240.15040588378906,240.42482869254758,235.9164432951424,238.73908003593303,19665700,MSFT
2022-11-23,242.649658203125,243.3357153118494,239.40557641014553,240.2288449406148,19508500,MSFT
2022-11-25,242.5614471435547,243.7473426215973,241.81657234254652,242.385023917818,9200800,MSFT
2022-11-28,236.94552612304688,241.7381448542194,236.00465217547287,241.17950375189517,24778200,MSFT
2022-11-29,235.54400634765625,237.95500887957246,233.46622937626154,236.59269030692607,17956300,MSFT
2022-11-30,250.05906677246094,250.24528544964286,235.0833583607036,235.7792257930801,47594200,MSFT
2022-12-01,249.6180419921875,251.01955743594272,245.92311452831746,248.81436449904433,26041500,MSFT
2022-12-02,249.94149780273438,250.96078050717315,244.71763842454288,244.84505437069396,21528500,MSFT
2022-12-05,245.2174835205078,248.76540456584152,243.1201003411884,246.99143656571283,23435300,MSFT
2022-12-06,240.23861694335938,246.84440035606815,238.925305612841,245.82511774482512,22463700,MSFT
2022-12-07,239.50355529785156,241.25791720433986,237.386581396251,239.9544013330992,20481500,MSFT
2022-12-08,242.47320556640625,243.78653182088883,238.21963705324325,239.96418847025336,22611800,MSFT
2022-12-09,240.5326385498047,243.36508571705198,239.29773591127204,239.8269756263799,20609700,MSFT
2022-12-12,247.48147583007812,247.51087720956804,242.24782091194535,242.5222437571335,30665100,MSFT
2022-12-13,251.8036651611328,258.6642659863142,248.03032872531384,256.4786638130333,42196900,MSFT
2022-12-14,252.09768676757812,257.3607430640229,249.24563331830728,252.00948262912812,35410900,MSFT
2022-12-15,244.0511474609375,249.13779490116903,242.41440605143725,248.66735792808984,35560400,MSFT
2022-12-16,239.8171844482422,244.8646200764153,238.66067548722324,243.60031603967155,86102000,MSFT
2022-12-19,235.66162109375,240.32683894372457,233.95628142011975,239.98380294125394,29696400,MSFT
2022-12-20,236.9847412109375,238.07263700939967,233.67204653626635,234.63252639957287,25150800,MSFT
2022-12-21,239.5623779296875,240.72868248783374,235.32841482024025,236.8769522629541,23690600,MSFT
2022-12-22,233.44662475585938,237.17095355808544,229.21264718155905,236.45548020048759,28651700,MSFT
2022-12-23,233.97586059570312,234.11307199880326,229.2812565600642,231.40804078557704,21207000,MSFT
2022-12-27,232.24114990234375,234.1719052708598,231.13364810480823,233.94648971244112,16688600,MSFT
2022-12-28,229.85951232910156,234.94615982143847,229.5066808569475,232.17251532323996,17457100,MSFT
2022-12-29,236.21046447753906,237.102346111506,230.95720418697826,230.95720418697826,19770700,MSFT
2022-12-30,235.04417419433594,235.18138560256986,231.9470996028593,233.46623552218477,21938500,MSFT
2023-01-03,234.8089599609375,240.8560876090647,232.67236512033801,238.23926029311136,25740000,MSFT
2023-01-04,224.5376739501953,228.23258683276063,221.46020498304858,227.65433977112923,50623400,MSFT
2023-01-05,217.8828582763672,223.01851293325473,217.34380812885354,222.67547694258565,39585600,MSFT
2023-01-06,220.45065307617188,221.2641259418122,214.98178843353912,218.55909499293537,43613600,MSFT
2023-01-09,222.59707641601562,226.63503997806498,221.9012238905733,221.9404207414047,27369800,MSFT
2023-01-10,224.2926483154297,226.70365108395583,222.80291366553493,223.22434339433113,27033900,MSFT
2023-01-11,231.07479858398438,231.2512068231541,226.50759585204494,226.68400409121466,28669300,MSFT
2023-01-12,233.76023864746094,235.12255719396836,228.90881734615303,230.57496007171358,27269500,MSFT
2023-01-13,234.46591186523438,234.60312327325482,230.2417446380463,232.2803248107226,21333300,MSFT
2023-01-17,235.56362915039062,236.11247480825548,232.36853985579916,233.2310201495425,29831300,MSFT
2023-01-18,231.1140594482422,237.5532311501442,230.82984111032275,236.75936394413972,30028700,MSFT
2023-01-19,227.31130981445312,230.82982947150802,226.0862024706812,229.124474665205,28623000,MSFT
2023-01-20,235.43621826171875,235.9458670784951,229.8399216164332,230.18295763742017,35389800,MSFT
2023-01-23,237.74920654296875,240.28762508379944,234.87754747647304,236.2986837989115,31934000,MSFT
2023-01-24,237.219970703125,239.09193825120215,235.65184232831297,237.67081677077388,40234400,MSFT
2023-01-25,235.8184356689453,238.45486876012572,226.30179634476667,229.81050516547126,66526600,MSFT
2023-01-26,243.06126403808594,243.36508822534608,237.1807495855516,238.7978850780299,33454500,MSFT
2023-01-27,243.2180938720703,244.85483535106292,241.9145779733684,244.0315668744898,26498900,MSFT
2023-01-30,237.87660217285156,240.70904919223483,237.37674890448233,239.64074443439745,25867400,MSFT
2023-01-31,242.87503051757812,243.01224191489177,238.11181350380332,238.60185634491216,26541100,MSFT
2023-02-01,247.71669006347656,250.09829141866163,240.58166651738924,243.06128243617087,31259900,MSFT
2023-02-02,259.3307189941406,259.4189231304734,252.12708209516663,253.66582404083547,39940400,MSFT
2023-02-03,253.20518493652344,258.93869313209495,251.98007762592465,254.37148948900116,29077300,MSFT
2023-02-06,251.65660095214844,253.1561309156688,249.70623992968441,252.31327154852002,22518000,MSFT
2023-02-07,262.2317810058594,263.41767657007773,254.90072770646373,255.34177832539393,50841400,MSFT
2023-02-08,261.4183044433594,271.2485641308872,260.9086406689903,267.75946096567276,54686000,MSFT
2023-02-09,258.3702087402344,268.5239129821001,257.5665312216428,268.3474748100803,42375100,MSFT
2023-02-10,257.8605651855469,258.8308405007959,255.46915357779656,256.32182338936,25818500,MSFT
2023-02-13,265.9168701171875,269.1315501475347,261.82989942164016,262.31016177286494,44630900,MSFT
2023-02-14,266.7499694824219,269.4941978010345,263.91750711977755,267.24001239002024,37047900,MSFT
2023-02-15,264.6178283691406,266.00321414410365,261.53263664657936,263.63528781822424,28922400,MSFT
2023-02-16,257.572998046875,262.08285555326694,257.3273629104609,259.41034406969123,29603600,MSFT
2023-02-17,253.55441284179688,255.54896896604592,251.53038170033267,254.86120856943893,30000100,MSFT
2023-02-21,248.25856018066406,251.0293321879578,247.197414411427,250.03695647259957,28397400,MSFT
2023-02-22,247.11878967285156,249.89938146855127,245.9692189291674,249.6537463098398,22491100,MSFT
2023-02-23,250.32186889648438,252.35572011024465,246.1067613934901,251.0980693615476,29219100,MSFT
2023-02-24,244.86875915527344,246.61768014977395,243.76831852746525,245.5958445657205,24990900,MSFT
2023-02-27,245.79237365722656,248.40593539561652,245.03581315561252,248.05222016040298,21190000,MSFT
2023-02-28,245.0652618408203,247.09912797283138,244.38730646348327,244.72138164422634,22491000,MSFT
2023-03-01,241.97027587890625,246.5489036451056,241.49864560005906,246.38187354348958,27565300,MSFT
2023-03-02,246.72576904296875,247.01069921844766,241.3217957785109,242.24538633521718,24808200,MSFT
2023-03-03,250.83279418945312,251.15703440077357,247.00089167817626,247.78692719116086,30760100,MSFT
2023-03-06,252.3852081298828,255.57846519382255,251.5107475643761,251.9528878516763,24109800,MSFT
2023-03-07,249.7126922607422,253.1908944468832,248.96596678774188,251.82514859412282,21473200,MSFT
2023-03-08,249.2705535888672,250.0958841157782,246.4310117820294,249.60461380322926,17340200,MSFT
2023-03-09,247.91464233398438,255.02822642305847,247.18755691928234,251.3535343083889,26653400,MSFT
2023-03-10,244.24974060058594,248.37640772413764,243.2770350955159,246.69627185590122,28333900,MSFT
2023-03-13,249.48670959472656,253.4070520212103,241.43969960963778,243.08054062729633,33339700,MSFT
2023-03-14,256.2366943359375,256.51180442173194,251.39276284004723,252.26722311111715,33620300,MSFT
2023-03-15,260.8055725097656,261.8274231030396,254.6843339357489,255.44090936840504,46028000,MSFT
2023-03-16,271.3777160644531,271.7314162751919,258.68327877053844,260.57957486476903,54768800,MSFT
2023-03-17,274.5513000488281,278.38320221583945,271.4956133158903,273.4017443911038,69527400,MSFT
2023-03-20,267.4770202636719,272.63535806521134,265.13856899607947,272.14408779839806,43466600,MSFT
2023-03-21,269.0,270.19870089061436,264.81436689289745,270.0808008005152,34558700,MSFT
2023-03-22,267.5360107421875,276.1332417111231,267.4279156750732,268.62661650670384,34873300,MSFT
2023-03-23,272.8122253417969,276.15285736950943,270.39518387262524,273.0873355091436,36610900,MSFT
2023-03-24,275.67144775390625,275.73039779634655,270.4737991238302,272.3995704746585,28172000,MSFT
2023-03-27,271.5545654296875,276.54585829331256,270.70956495396155,275.60262774915475,26840200,MSFT
2023-03-28,270.4246520996094,271.318767617221,267.30015029600474,270.9748724204844,21878600,MSFT
2023-03-29,275.6124572753906,276.2314626149595,273.5491161384135,274.0895014430885,25087000,MSFT
2023-03-30,279.09063720703125,279.4934824393244,276.56553072790194,279.26751729823314,25053400,MSFT
2023-03-31,283.2664489746094,284.21951457614847,278.05899567842283,278.77626112609994,32766000,MSFT
2023-04-03,282.21514892578125,283.23696956652316,278.99241693897744,281.5175235068159,24883300,MSFT
2023-04-04,282.16607666015625,285.37900445898305,280.6824603528717,282.21522169396127,25824300,MSFT
2023-04-05,279.3755798339844,282.1365164147506,277.98038902724386,280.8592256779027,22064800,MSFT
2023-04-06,286.5088195800781,286.9804198360611,277.1058996745783,278.2652902835456,29770300,MSFT
2023-04-10,284.33746337890625,284.54378852713467,279.7391501821954,284.16058326709117,23103000,MSFT
2023-04-11,277.8919372558594,280.98696405070535,276.72274155917825,280.76096892424965,27276600,MSFT
2023-04-12,278.5404052734375,281.9989671295164,277.037119461826,279.8177259533784,27403400,MSFT
2023-04-13,284.77960205078125,284.8385520958966,278.2260721624306,278.6387224782379,24222700,MSFT
2023-04-14,281.1441650390625,283.4433063088322,278.7369287176148,281.98913551237405,20987900,MSFT
2023-04-17,283.7577209472656,286.5088526923991,281.16382928530817,284.86799665280347,23836200,MSFT
2023-04-18,283.3352355957031,286.66606271139386,281.99899473668074,286.47937759362446,20161800,MSFT
2023-04-19,283.41387939453125,284.00337983189127,279.5721416256665,280.99680766230375,17150300,MSFT
2023-04-20,281.1146545410156,283.9836860604295,280.1026390020825,280.26968408422516,23244400,MSFT
2023-04-21,280.77081298828125,281.27188830738805,278.11794135985355,280.03390753424685,21676400,MSFT
2023-04-24,276.8504638671875,279.974965874203,273.85372692501556,277.16488406665934,26611000,MSFT
2023-04-25,270.6113586425781,276.6834526548498,270.56221361928937,274.6299462973571,45772200,MSFT
2023-04-26,290.2130126953125,294.3396952159119,287.6191210991788,291.5198084868981,64599200,MSFT
2023-04-27,299.50787353515625,299.87143878760514,290.0951466606812,290.8025771762299,46462600,MSFT
2023-04-28,301.8954772949219,303.53630353885956,298.0144293789497,298.70221989068983,36446700,MSFT
2023-05-01,300.2250671386719,303.2119985982661,299.8222219430723,301.61045281580516,21294100,MSFT
2023-05-02,300.0777282714844,303.7818955393081,298.60391737135024,302.3867046786464,26404400,MSFT
2023-05-03,299.0853576660156,303.2218452657529,298.78077247368105,301.26659903403873,22360800,MSFT
2023-05-04,300.0777282714844,302.3867046786464,298.1028120701816,300.8932237762644,22519900,MSFT
2023-05-05,305.2261657714844,306.52312628098895,298.9575532936322,300.3822488512361,28181200,MSFT
2023-05-08,303.2611389160156,304.7840947802389,300.7458374723301,304.71530974445443,21318600,MSFT
2023-05-09,301.63995361328125,304.62688532818095,300.9619982242948,302.62249417879684,21340800,MSFT
2023-05-10,306.8572082519531,307.5351635672236,302.29823611574494,303.231631560639,30078000,MSFT
2023-05-11,304.6956787109375,305.68805440207467,300.9129210456276,304.6858736936846,31680200,MSFT
2023-05-12,303.5755615234375,305.226222486931,301.2469451669451,305.1279624328462,19758100,MSFT
2023-05-15,304.0570068359375,304.48932710036144,302.2196607045156,303.7033066112777,16336500,MSFT
2023-05-16,306.29718017578125,308.2327862505442,304.4205241349901,304.4205241349901,26730300,MSFT
2023-05-17,309.1921691894531,309.61557800525054,305.9820752690315,307.5083603764243,24315000,MSFT
2023-05-18,313.6429443359375,314.1550015459057,308.91645194585186,309.71404716104996,27276000,MSFT
2023-05-19,313.46575927734375,313.8694852016011,311.5259215707128,311.8902515376422,27529500,MSFT
2023-05-22,316.26220703125,317.65062125464465,313.1407616913175,313.72172423013296,24115700,MSFT
2023-05-23,310.43292236328125,317.7786905434151,310.4230658616671,315.12987593584427,30797200,MSFT
2023-05-24,309.0445251464844,311.6539439435322,307.82349084026635,309.91105592821606,23384900,MSFT
2023-05-25,320.9296875,321.89466299286516,315.10031838769214,318.29069949526894,43301700,MSFT
2023-05-26,327.79296875,328.29513945011763,318.92091576078735,319.0587565244424,36630600,MSFT
2023-05-30,326.1387023925781,330.5993405431039,325.45926485538513,330.09716979193047,29503100,MSFT
2023-05-31,323.36187744140625,330.79626374577583,322.3180799641337,327.2021566585661,45950600,MSFT
2023-06-01,327.4877014160156,328.42316754915356,319.74806391564715,320.9395286349785,26773900,MSFT
2023-06-02,330.26446533203125,332.3323168692786,327.45809753507444,329.13207974387075,25864000,MSFT
2023-06-05,330.7962646484375,333.37614376930503,329.535864541666,330.08728771023425,21307100,MSFT
2023-06-06,328.57086181640625,330.2349878378433,327.08400256878656,330.19559188251617,20396200,MSFT
2023-06-07,318.4285888671875,329.368464259654,317.5620581330694,326.57195237701546,40717100,MSFT
2023-06-08,320.2797546386719,321.63862942191327,318.3989962118977,318.97995875467535,23277700,MSFT
2023-06-09,321.78631591796875,324.9373006235263,319.44275282521363,320.0138588489328,22514900,MSFT
2023-06-12,326.7688293457031,327.01500142897544,320.1812619933123,323.5488792643075,24260300,MSFT
2023-06-13,329.1715087890625,331.82032311090893,325.3312298625047,329.34874549714056,22951300,MSFT
2023-06-14,332.1748352050781,333.84881777710495,327.7141972305495,329.22076952524964,26003800,MSFT
2023-06-15,342.77008056640625,344.4834289788281,332.0369816851605,332.3126932693469,38899100,MSFT
2023-06-16,337.0884094238281,346.088476963345,336.71425302671787,345.94077969470817,46533600,MSFT
2023-06-20,332.87396240234375,336.84225617717664,330.7174920084204,334.1146796290697,26375400,MSFT
2023-06-21,328.4526672363281,332.5588311731775,326.98549110544155,331.21963929473736,25117800,MSFT
2023-06-22,334.5085144042969,334.9122402862619,328.23605360829237,329.0041094190213,23556800,MSFT
2023-06-23,329.8903503417969,332.7853371103675,328.3444121418227,329.24045228657593,23084700,MSFT
2023-06-26,323.56866455078125,330.9636551501701,323.4603331837818,328.61026513447996,21520600,MSFT
2023-06-27,329.4472351074219,331.0030296985232,324.2579075361374,326.7787076649522,24354100,MSFT
2023-06-28,330.7076110839844,332.80500222166694,328.6988382978553,329.53582946293454,20259500,MSFT
2023-06-29,329.91986083984375,330.96362821714007,327.527075062663,329.5850703650796,16997000,MSFT
2023-06-30,335.3258361816406,337.48230643910676,332.0369801390501,332.5785468035808,26823800,MSFT
2023-07-03,332.8148498535156,335.68029693733763,331.41660903960724,333.9964880500449,12508700,MSFT
2023-07-05,332.972412109375,336.41882187846574,329.6047942488933,329.9592676867089,18172400,MSFT
2023-07-06,336.04461669921875,337.7382820361676,330.3629751576873,332.13540234854474,28161200,MSFT
2023-07-07,332.0566711425781,336.55670498898127,331.84003846145146,334.12452308964015,21185300,MSFT
2023-07-10,326.7491760253906,330.0971410096197,322.5741063466411,329.4767824384207,32791400,MSFT
2023-07-11,327.37939453125,327.7634074291619,321.9931471069892,325.99098010741216,26698200,MSFT
2023-07-12,332.0369567871094,336.4188023518634,330.53038466322164,331.4461377080676,29995300,MSFT
2023-07-13,337.41339111328125,338.47684155339823,333.82911027190704,334.3608505171208,20567200,MSFT
2023-07-14,339.953857421875,346.0490818076083,339.0381043039025,342.2678814702268,28302200,MSFT
2023-07-17,340.43634033203125,341.67702731455745,336.96039139033553,340.3870878805487,20363900,MSFT
2023-07-18,353.9856872558594,361.16407540289185,336.93090392473795,340.534837675606,64872700,MSFT
2023-07-19,349.6431579589844,356.910163452278,347.0435961042432,356.2110430741519,39732900,MSFT
2023-07-20,341.558837890625,352.48888441717673,340.08180538839645,348.15626175403366,33778400,MSFT
2023-07-21,338.5063781738281,344.9363933202969,334.6267028122205,343.80400747725736,69368900,MSFT
2023-07-24,339.8258361816406,341.6081500253585,337.06872038252897,340.5545261109339,26678100,MSFT
2023-07-25,345.6059875488281,346.50205770801625,339.78647478990905,341.79521773437693,41637700,MSFT
2023-07-26,332.59820556640625,339.3925798836245,328.00955380229783,336.21202538513404,58383700,MSFT
2023-07-27,325.6561584472656,336.1036882550132,324.01171554866875,335.2667271305917,39635300,MSFT
2023-07-28,333.1890869140625,334.8039906913591,328.0687240684187,328.56106838340247,28484900,MSFT
2023-07-31,330.7765808105469,332.52932517386967,328.2557505534437,331.7612693303981,25446000,MSFT
2023-08-01,331.19012451171875,333.3564512189415,328.5905625133595,330.0577387535238,18311900,MSFT
2023-08-02,322.4855041503906,328.5216498452857,321.3629447652297,328.5216498452857,27761300,MSFT
2023-08-03,321.6583557128906,324.82905395091615,320.9592352774214,321.0084576833229,18253700,MSFT
2023-08-04,322.76116943359375,330.00849183831787,322.22942927216775,326.79839796975773,23727700,MSFT
2023-08-07,325.0555114746094,326.0401999902519,322.50517182513227,323.34216307349016,17741500,MSFT
2023-08-08,321.05767822265625,323.71634923267544,318.05439027271234,321.9537483771396,22327600,MSFT
2023-08-09,317.296142578125,322.10139655564694,316.13418746953784,321.47121162839164,22373300,MSFT
2023-08-10,317.9854431152344,323.2338495332389,316.2622382780474,321.0281269074305,20113700,MSFT
2023-08-11,316.0948486328125,317.47340645136524,314.32239139441043,315.356332296055,24342600,MSFT
2023-08-14,319.07843017578125,319.0981131252165,315.1790425656813,316.4690119861492,18836100,MSFT
2023-08-15,316.9317932128906,320.112347555103,315.98650076532334,318.05435241024975,16966300,MSFT
2023-08-16,316.1621398925781,320.1289875880266,315.57006992613054,316.55684316556676,20698900,MSFT
2023-08-17,312.688720703125,317.6127097168365,312.02756935768224,316.3003145091052,21257200,MSFT
2023-08-18,312.29400634765625,314.1688694839408,307.4291913799028,310.3303071193683,24744800,MSFT
2023-08-21,317.6225891113281,318.50080167384647,312.84661003586535,313.7248225983837,24040000,MSFT
2023-08-22,318.19488525390625,321.7669995051517,317.2081120302946,321.1946842855857,16102000,MSFT
2023-08-23,322.6748962402344,324.84580972840274,319.1817100325212,319.5369641096459,21166400,MSFT
2023-08-24,315.73785400390625,328.57578427329713,315.7279766344483,328.44749892606876,23281400,MSFT
2023-08-25,318.7080383300781,321.05653339298726,314.58330321702437,317.21800107114086,21684100,MSFT
2023-08-28,319.4185485839844,321.83612524691614,317.46472649074093,321.3526159371164,14808500,MSFT
2023-08-29,324.0661926269531,324.6286605824637,317.62256478776396,317.62256478776396,19284600,MSFT
2023-08-30,324.4411926269531,325.4476905236703,322.1321467834745,324.3227846525076,15222100,MSFT
2023-08-31,323.4247741699219,326.5331035397422,322.4577256512088,324.84572990136996,26411000,MSFT
2023-09-01,324.3128967285156,327.59883836815857,322.457758218764,326.92783979218484,14931200,MSFT
2023-09-05,329.13818359375,330.42100680175923,324.31287838153,324.64837765053704,18553900,MSFT
2023-09-06,328.47711181640625,330.03620043198475,325.81281177247035,328.97049848276976,17535800,MSFT
2023-09-07,325.54638671875,328.67444125152036,324.67802138664604,326.9081387064647,18381000,MSFT
2023-09-08,329.8487243652344,331.7137404938382,325.10234685290214,325.7240188957701,19530100,MSFT
2023-09-11,333.4701843261719,333.94384636953174,330.9933736107888,332.779430943847,16583300,MSFT
2023-09-12,327.38177490234375,332.33539626234364,327.09563232037993,331.3782249333898,17565500,MSFT
2023-09-13,331.6150817871094,332.39464124119496,326.7897752963841,326.9279079195498,16544400,MSFT
2023-09-14,334.2200927734375,336.3514963717111,332.11826105249173,334.6641226422745,20267000,MSFT
2023-09-15,325.85223388671875,332.9372579435442,325.289765958544,332.4636260999671,37666900,MSFT
2023-09-18,324.70758056640625,326.02985301542014,322.04328093184256,323.46423672175285,16834200,MSFT
2023-09-19,324.3030090332031,325.0332416851502,320.21778360821713,321.8558307484151,16505900,MSFT
2023-09-20,316.5272521972656,325.23059969956495,316.2707116235492,325.15167108778996,21436500,MSFT
2023-09-21,315.30364990234375,321.046677345135,310.8335683618871,315.0372319704766,35529500,MSFT
2023-09-22,312.8170166015625,317.1982925065449,311.96837589582117,317.0700071580314,21447900,MSFT
2023-09-25,313.34002685546875,313.46831221282724,310.83361404365974,312.40258010087473,17836000,MSFT
2023-09-26,308.0113830566406,311.70190497196,305.91939869950795,310.96182511532044,26297600,MSFT
2023-09-27,308.6528015136719,310.14280858680456,305.5937985326922,308.1692621621633,19410100,MSFT
2023-09-28,309.4915466308594,311.3072056214611,305.3569647044063,306.8765736803031,19683600,MSFT
2023-09-29,311.5736389160156,315.2444364365429,310.81383439055213,313.5471853224512,24140300,MSFT
2023-10-02,317.5436096191406,317.63244570904936,311.0111757318988,312.0966322948684,20570000,MSFT
2023-10-03,309.244873046875,317.1390587858504,307.09368454641833,316.5864380793077,21033500,MSFT
2023-10-04,314.7411804199219,315.80691237012786,309.8467936401809,309.87639563246836,20720100,MSFT
2023-10-05,315.1358947753906,315.74771949407113,310.73489445489207,314.86947683543065,16965600,MSFT
2023-10-06,322.93145751953125,324.8359228657201,312.1163998758835,312.363093214424,25645500,MSFT
2023-10-09,325.4575500488281,325.9311819206421,318.9053614253998,320.45460260529177,19891200,MSFT
2023-10-10,324.0465087890625,326.720656085552,323.3360307858184,326.58249336445317,20557100,MSFT
2023-10-11,328.023193359375,328.4178966562557,324.786578142663,326.82917598535187,20063200,MSFT
2023-10-12,326.77984619140625,329.2171774212292,324.37211695571347,326.197653564225,19313100,MSFT
2023-10-13,323.39520263671875,329.41449526956706,322.04329801120366,327.9836921494348,21072400,MSFT
2023-10-16,328.24029541015625,331.6940020700412,326.22726938220796,326.6712993129767,22158000,MSFT
2023-10-17,327.66796875,329.0494454701595,323.0794785194293,325.23063727753015,18338500,MSFT
2023-10-18,325.74371337890625,331.15124180050987,323.95765614917667,328.0922386062229,23153600,MSFT
2023-10-19,326.937744140625,332.42420139961934,326.5331634650962,327.75675274742485,25052100,MSFT
2023-10-20,322.3492126464844,327.5297719167904,321.14534814482755,327.33240523235037,25012600,MSFT
2023-10-23,324.9642028808594,328.3291035769389,320.0994175521123,321.16511950696747,24374700,MSFT
2023-10-24,326.1581726074219,327.450843201344,323.2669341104162,326.91797719567256,31153600,MSFT
2023-10-25,336.1640930175781,341.62094848109837,333.1544162082352,340.45653303242403,55053800,MSFT
2023-10-26,323.5531311035156,337.11138741830564,322.61568436698997,336.0358080707796,37828500,MSFT
2023-10-27,325.4477233886719,332.2663310024127,324.0563693205719,326.059518061042,29856500,MSFT
2023-10-30,332.8485412597656,334.9602508419378,327.4410120549132,329.00013092872786,22828100,MSFT
2023-10-31,333.637939453125,334.5161822328496,330.2631912926322,334.36817224579886,20265300,MSFT
2023-11-01,341.4926452636719,342.82479524967096,335.15754738848574,335.29571010602456,28158800,MSFT
2023-11-02,343.712890625,344.21612454156855,340.2098272647779,342.64715857381447,24348100,MSFT
2023-11-03,348.13360595703125,349.7026019942071,342.7359548361638,345.00555147993623,23624000,MSFT
2023-11-06,351.81427001953125,352.810920650958,348.6763382726154,348.775021621636,23828300,MSFT
2023-11-07,355.7613220214844,357.6657869707327,352.8996859136411,354.6462635454595,25833900,MSFT
2023-11-08,358.3960876464844,359.057208917739,355.78111421518867,356.89617290299117,26767800,MSFT
2023-11-09,355.9192810058594,359.9650577521111,355.59362893748545,357.5079716401421,24847300,MSFT
2023-11-10,364.78045654296875,365.204761785169,356.29420112932536,356.70862900321885,28042100,MSFT
2023-11-13,361.83001708984375,363.59634968321416,361.0603351402409,363.3496563645731,19986500,MSFT
2023-11-14,365.37249755859375,367.0302994013767,362.4911367128115,366.10273019534225,27683900,MSFT
2023-11-15,365.5208740234375,368.94203087910716,362.9895794473633,367.1127890598003,26860100,MSFT
2023-11-16,371.94793701171875,372.12590947641365,366.02514736390873,366.79639155264005,27182300,MSFT
2023-11-17,365.6988830566406,370.1681406109191,362.8808648558553,369.41666104402844,40157000,MSFT
2023-11-20,373.20367431640625,374.61761697588884,366.83595346489807,367.0534854259764,52465100,MSFT
2023-11-21,368.8826904296875,371.9973289708727,366.954565050594,371.4535142101286,28423100,MSFT
2023-11-22,373.6090087890625,375.5272365976485,370.76132914847926,373.7573191505412,23345300,MSFT
2023-11-24,373.19378662109375,373.7277342076605,370.92951089344206,373.0949029680178,10176600,MSFT
2023-11-27,374.36053466796875,376.36777927950243,371.9776106304941,372.5510875373221,22179200,MSFT
2023-11-28,378.4046325683594,378.70125333384794,373.91558054196696,374.1034504184605,20453100,MSFT
2023-11-29,374.59783935546875,379.98665110815534,373.20366140430053,379.4527337290247,28963400,MSFT
2023-11-30,374.6571960449219,375.8239447266378,371.255803480385,374.24189676114656,30554400,MSFT
2023-12-01,370.3065490722656,373.91557582374776,367.1424534634021,372.53129531051445,33020400,MSFT
2023-12-04,364.9967956542969,365.37250519603646,358.8268127510661,364.9572361643586,32063300,MSFT
2023-12-05,368.3388366699219,368.89254883397666,361.51628808242225,362.3369890872158,23065000,MSFT
2023-12-06,364.6606140136719,369.98023426556915,363.8992672788477,369.3474332518956,21182100,MSFT
2023-12-07,366.78656005859375,367.28094818096685,362.20852121741024,364.09708746588205,23118900,MSFT
2023-12-08,370.02972412109375,370.2571233325587,364.0970669863145,365.05618109677266,20144800,MSFT
2023-12-11,367.132568359375,367.429219306122,361.990950541345,364.3442425802933,27708800,MSFT
2023-12-12,370.1780090332031,370.2175685270605,366.301993361596,366.6876305328375,24838300,MSFT
2023-12-13,370.1680908203125,373.4014078665919,366.6084909494342,371.7995652934086,30955500,MSFT
2023-12-14,361.8228454589844,369.5649795287377,360.0430604780347,369.1200181959737,43277500,MSFT
2023-12-15,366.5689697265625,368.2202088944094,362.168904067831,362.7325136796333,78478200,MSFT
2023-12-18,368.4674072265625,368.813484896194,364.5419649068583,365.30334181505793,21802900,MSFT
2023-12-19,369.0705871582031,369.0705871582031,365.68895952374146,367.3204340997758,20603700,MSFT
2023-12-20,366.4601745605469,371.809456608222,366.3711883371166,370.79101848445333,26316700,MSFT
2023-12-21,369.347412109375,370.2076424400769,365.8866959536453,368.3784007227526,17708000,MSFT
2023-12-22,370.3757629394531,370.96903467399375,368.52675633726045,369.48587042516914,17091100,MSFT
2023-12-26,370.4548645019531,372.70927284710115,369.3078805824845,370.7910447615306,12673100,MSFT
2023-12-27,369.8714904785156,370.8503691813732,368.6256229112042,369.4957507248787,14905400,MSFT
2023-12-28,371.06793212890625,372.2346808060371,369.9605076099309,371.15691836613945,14327000,MSFT
2023-12-29,371.8193664550781,372.92679083929943,369.2881020982719,371.77980696276984,18723000,MSFT
2024-01-02,366.70733642578125,371.680878310716,362.6533489440639,369.6637668979749,25258600,MSFT
2024-01-03,366.4404296875,369.0705777416299,364.3738912539091,364.86827930524817,23083500,MSFT
2024-01-04,363.81024169921875,368.91232945000587,363.04889504674566,366.5096110262484,20901500,MSFT
2024-01-05,363.6224365234375,367.88405940220275,362.38646631091734,364.8287446578594,20987000,MSFT
2024-01-08,370.4845275878906,370.988813066157,364.86828645661416,365.1550098059731,23134000,MSFT
2024-01-09,371.5721740722656,371.76991118457596,367.0237980384077,367.83460167151895,20830000,MSFT
2024-01-10,378.4738464355469,379.8581572234937,372.096258198453,372.14568493728495,25514200,MSFT
2024-01-11,380.3129577636719,386.29504112370273,376.1106593210736,381.6675761983364,27850800,MSFT
2024-01-12,384.10986328125,384.3174978189153,380.33273123391484,381.1632995596287,21645700,MSFT
2024-01-16,385.8896789550781,389.6074871447162,383.26942804485134,389.24164477659747,27202300,MSFT
2024-01-17,385.0986633300781,385.73146439966996,380.4909626708054,383.6253964652766,22234100,MSFT
2024-01-18,389.4492492675781,389.56789757510035,385.74133878224427,387.32338662433057,23392100,MSFT
2024-01-19,394.1953430175781,394.1953430175781,389.0833577969474,391.31800122328355,29272000,MSFT
2024-01-22,392.05963134765625,396.1234867411943,389.17239178292385,395.53021503062706,27016900,MSFT
2024-01-23,394.42279052734375,394.89741393072353,389.5085719753557,391.30815176623645,20525900,MSFT
2024-01-24,398.04168701171875,401.07723674810927,395.95538401589334,397.03314629680017,24867000,MSFT
2024-01-25,400.3257751464844,402.44177048645173,398.0120426913666,399.7819603610059,21021200,MSFT
2024-01-26,399.3963317871094,401.61121081981145,397.9131676038507,399.83139569486946,17803300,MSFT
2024-01-29,405.1213684082031,405.3784598651388,399.7918504359062,401.50244405119065,24510200,MSFT
2024-01-30,404.0039978027344,408.41393048382605,401.88803277214015,407.6328191397312,33477600,MSFT
2024-01-31,393.11761474609375,410.6585244475091,392.7517723927337,402.39234000988097,47871100,MSFT
2024-02-01,399.2480163574219,403.4206527472509,397.2902287972473,397.3198908735355,30657700,MSFT
2024-02-02,406.60455322265625,408.018495957255,399.03052385280495,399.2777179046602,28245000,MSFT
2024-02-05,401.09698486328125,406.5451503675642,399.45561305568305,405.2992829313639,25352300,MSFT
2024-02-06,400.9388427734375,403.39101855797185,398.3878135111435,401.3244799668953,18382600,MSFT
2024-02-07,409.40277099609375,409.6499650445578,402.8274153419617,402.86697483873127,22340500,MSFT
2024-02-08,409.4620361328125,410.89577347726316,407.89978324873107,409.40271198373665,21225300,MSFT
2024-02-09,415.82977294921875,416.0967618057892,410.4310639420329,410.58927173757974,22032800,MSFT
2024-02-12,410.5991516113281,416.01762504580444,410.09486617050925,415.83965259906256,21202900,MSFT
2024-02-13,401.759521484375,405.4674319451174,398.86241468639423,400.39500560681336,27824900,MSFT
2024-02-14,405.64263916015625,405.9893567916934,400.76888180370327,404.2359976573727,20401200,MSFT
2024-02-15,402.7402038574219,405.2860649354581,400.49154229797136,404.30537605508795,21825500,MSFT
2024-02-16,400.263671875,404.45394000272717,399.64950189121174,404.12702357209685,22281100,MSFT
2024-02-20,399.0056457519531,400.68965547755954,394.27055684913546,399.4513996951192,24307900,MSFT
2024-02-21,398.4013671875,398.51034941803397,393.4879766336977,396.41027241644326,18631100,MSFT
2024-02-22,407.78240966796875,408.9513159326477,404.7313605611897,406.33613530267354,27009900,MSFT
2024-02-23,406.4846496582031,411.9527756521701,405.12752632093805,411.7645886082764,16295900,MSFT
2024-02-26,403.71099853515625,408.28758685257475,403.53266673551263,407.5941515550284,16193500,MSFT
2024-02-27,403.651611328125,404.4837156428337,400.0557114543386,404.1567991647498,14835800,MSFT
2024-02-28,403.8893127441406,405.45445472615467,401.51186772663095,404.3449824000404,13183100,MSFT
2024-02-29,409.75372314453125,410.3084593316979,402.1062540147567,404.80069987993255,31947300,MSFT
2024-03-01,411.59625244140625,411.9627713431054,407.0196635688865,407.40598368145766,17800300,MSFT
2024-03-04,411.0216369628906,413.42879866896584,408.44605918838874,409.5555314036571,17596000,MSFT
2024-03-05,398.866943359375,410.35796297341943,396.8758486343361,410.0706791695835,26919200,MSFT
2024-03-06,398.31219482421875,401.35335816221044,394.6469759902315,399.1839316978577,22344100,MSFT
2024-03-07,405.2959899902344,405.92996122894976,398.46079390642615,402.3043446808418,18718500,MSFT
2024-03-08,402.4034423828125,406.5639942145303,400.53118498928256,404.12708488667965,17971700,MSFT
2024-03-11,400.7193908691406,401.8684959158896,397.4900401967336,399.9665518757127,16120800,MSFT
2024-03-12,411.3782958984375,411.66557971021905,402.96807213356095,403.79026068759885,22457000,MSFT
2024-03-13,411.20001220703125,414.2510613457713,407.5843111404895,414.17182627227476,17115900,MSFT
2024-03-14,421.22491455078125,423.8004927118293,414.06283197899603,416.2916924630243,34157300,MSFT
2024-03-15,412.5075988769531,418.62952831732593,408.9116991847294,415.3506293663728,45049800,MSFT
2024-03-18,413.39910888671875,416.77707411837673,409.8923602232522,410.3579455831781,20106000,MSFT
2024-03-19,417.45068359375,417.7082504608342,411.6457249805596,413.90430223487067,19837900,MSFT
2024-03-20,421.2347717285156,421.9578936817544,416.7077018080513,418.03510823968844,17860100,MSFT
2024-03-21,425.3359069824219,426.7722957944647,423.1466792053097,425.7915766495499,21296200,MSFT
2024-03-22,424.71185302734375,425.8213254638717,422.06695538505966,425.66285531367333,17636500,MSFT
2024-03-25,418.8870544433594,423.39432359578046,417.64879867030754,421.2446982721868,18060500,MSFT
2024-03-26,417.6883850097656,421.98760494943645,417.3912157495225,421.61117039922806,16725600,MSFT
2024-03-27,417.4704895019531,420.4621347429845,415.073243298201,420.4522190231072,16705000,MSFT
2024-03-28,416.7671813964844,417.9063706755069,415.1822079413489,417.0049168339557,21871200,MSFT
2024-04-01,420.58099365234375,423.8698081123032,418.253066843913,419.9668236498753,16316000,MSFT
2024-04-02,417.48040771484375,418.41157846327263,413.91422508584526,416.1628866591322,17912000,MSFT
2024-04-03,416.4997253417969,419.2833219106777,415.1524873360607,415.7864888048433,16502300,MSFT
2024-04-04,413.953857421875,424.6424895808556,413.64677241260966,420.9970416568271,19370900,MSFT
2024-04-05,421.52203369140625,422.50275274464576,414.3896991298408,416.0638232237435,16544300,MSFT
2024-04-08,420.600830078125,423.26555903906655,419.3229415986936,421.175397711729,14272400,MSFT
2024-04-09,422.27490234375,423.7211765083397,417.6586815570047,422.43340269794294,12512300,MSFT
2024-04-10,419.2833251953125,420.0460798769914,415.7567751324305,418.2233709862432,16216600,MSFT
2024-04-11,423.909423828125,425.33589688609106,418.39174889077384,421.8192626102262,17966400,MSFT
2024-04-12,417.9360656738281,421.1852474824693,415.82607308443,420.06585947169174,19232100,MSFT
2024-04-15,409.75372314453125,422.80988521460824,409.54567440120263,422.5919509817317,20273500,MSFT
2024-04-16,410.6848449707031,414.46896182763265,409.8428552388163,410.6749594816062,16765600,MSFT
2024-04-17,407.9705810546875,414.944445667743,406.4747584853447,413.3297553873522,15855500,MSFT
2024-04-18,400.47174072265625,408.0201737333556,400.15477020238865,406.7720021700929,21029900,MSFT
2024-04-19,395.3701171875,401.67037838778936,394.03279488372993,400.23398957432255,30276500,MSFT
2024-04-22,397.19281005859375,399.06506725448133,392.0317685818269,396.3210731778114,20286900,MSFT
2024-04-23,403.7407531738281,404.36483895374073,399.2731164319855,400.4420226888204,15734500,MSFT
2024-04-24,405.2167053222656,408.5946705531457,402.95812809887644,405.7120076101216,15065300,MSFT
2024-04-25,395.2908935546875,396.13291356518926,384.3843265310709,390.327954514582,40586500,MSFT
2024-04-26,402.5024719238281,409.1197034555493,401.94773576133974,408.2975149317784,29694700,MSFT
2024-04-29,398.4707336425781,402.50250195684066,395.43948573178295,401.4425476908758,19582100,MSFT
2024-04-30,385.67205810546875,398.38153147568886,385.51358797981476,397.71781312224874,28781400,MSFT
2024-05-01,391.2293701171875,397.9456678723463,386.6428661349504,388.92124454675456,23562500,MSFT
2024-05-02,394.10211181640625,396.1724717048869,390.94208087323796,393.92381025223517,17709400,MSFT
2024-05-03,402.8392639160156,403.32465048849417,398.0843437724287,398.50041099944804,17446700,MSFT
2024-05-06,409.6546325683594,410.0409526402596,402.55198432258595,404.9195438147948,16996600,MSFT
2024-05-07,405.49407958984375,410.77401898833904,405.2464284421319,410.76410326855756,20018200,MSFT
2024-05-08,406.68280029296875,408.3569244004072,402.88876793839216,404.33507234714784,11792300,MSFT
2024-05-09,408.44610595703125,408.8423417605904,405.2563578574711,406.71254786446275,14689700,MSFT
2024-05-10,410.84332275390625,411.477324178815,407.9309429487919,409.0602466503411,13402300,MSFT
2024-05-13,409.8329162597656,414.41942017019113,406.9601691065583,414.0826182503801,15440200,MSFT
2024-05-14,412.6462707519531,413.56752582141957,407.68333177957805,408.1489171745,15109300,MSFT
2024-05-15,419.8609313964844,420.58538800605515,414.095139906024,414.7203513205961,22239500,MSFT
2024-05-16,417.7868347167969,422.18315151911617,417.151719986036,418.59066930665216,17530100,MSFT
2024-05-17,417.0127868652344,419.7021893979302,414.84938085500266,419.32507581561083,15352200,MSFT
2024-05-20,422.103759765625,423.52287221703216,416.79445965158396,417.01278697375295,16272100,MSFT
2024-05-21,425.7756042480469,429.6756950854867,421.6174819616407,423.58239750259565,21453300,MSFT
2024-05-22,427.24432373046875,429.1199579656232,423.8801327186548,426.8176027078419,18073700,MSFT
2024-05-23,423.7511291503906,430.3009184683396,422.183164058962,429.6757070386861,17211700,MSFT
2024-05-24,426.8870849609375,427.7802311569624,421.180834455013,423.9396813142882,11845800,MSFT
2024-05-28,427.0458679199219,427.54206361225715,423.3541707575322,426.3611154416687,15718000,MSFT
2024-05-29,425.90460205078125,427.6611238088633,422.4510693064345,422.4510693064345,15517100,MSFT
2024-05-30,411.51495361328125,421.07165731955763,411.08820229599854,421.07165731955763,28424800,MSFT
2024-05-31,411.9714660644531,413.5791353622515,401.43227374743395,413.5791353622515,47995300,MSFT
2024-06-03,410.3736572265625,413.2615196687407,405.8086812773789,412.3683735171778,17484700,MSFT
2024-06-04,412.9042663574219,413.2714463024523,406.5628712460692,409.2919473930987,14348900,MSFT
2024-06-05,420.7839050292969,420.8533494133481,413.13254520571803,414.6310659745161,16988000,MSFT
2024-06-06,421.28997802734375,422.07397569799485,417.3799535645987,420.7838790172518,14861300,MSFT
2024-06-07,420.6250915527344,423.03659533238357,419.78155282449774,422.9572173477245,13621700,MSFT
2024-06-10,424.6144714355469,424.82286513391676,420.66477334419267,421.4686078947135,14003000,MSFT
2024-06-11,429.3879089355469,429.52685827022987,422.01444801185045,422.24270893937995,14551100,MSFT
2024-06-12,437.70416259765625,440.02635491441,429.95358793616725,432.00784546900513,22366200,MSFT
2024-06-13,438.2201843261719,440.01644063600304,436.02700779586485,437.49575798146077,15960600,MSFT
2024-06-14,439.2026672363281,439.7683376003339,433.39717151476515,434.94529966913103,13582000,MSFT
2024-06-17,444.9585266113281,447.5089797746042,437.3667384679764,439.22250553797545,20790000,MSFT
2024-06-18,442.9440002441406,446.71510596015264,441.50505079959896,446.2883546158251,17112500,MSFT
2024-06-20,442.308837890625,443.1325093875715,437.9125211824865,442.90424847377636,19877400,MSFT
2024-06-21,446.3578186035156,447.15171963768364,443.11270951249037,443.9760852156284,34486200,MSFT
2024-06-24,444.2638854980469,449.3052206448714,443.0134626029418,446.37765380757656,15913700,MSFT
2024-06-25,447.5188903808594,447.98531552571586,443.3508346061679,444.8394216277891,16747500,MSFT
2024-06-26,448.71966552734375,450.1487114593878,444.7798707523325,445.5837053034348,16507000,MSFT
2024-06-27,449.4044189453125,452.6991654227889,448.3326193512516,448.7395034299803,14806300,MSFT
2024-06-28,443.5493469238281,451.9151991305475,443.0134470896372,449.6227774267188,28362300,MSFT
2024-07-01,453.2549133300781,453.8900280472802,442.2691337894114,445.2463078469115,17662800,MSFT
2024-07-02,455.7855224609375,456.0931613731061,449.6624541774822,449.7517960549086,13979800,MSFT
2024-07-03,457.26416015625,457.5122579984809,454.39616484845857,454.70380374999445,9932800,MSFT
2024-07-05,464.0024719238281,464.7864695275555,455.47783432563756,456.11294900666536,16000300,MSFT
2024-07-08,462.6925354003906,464.14144858333964,460.9260800009118,463.00017429743497,12962300,MSFT
2024-07-09,456.04351806640625,463.7742246843102,454.5152269456782,463.4467488725584,17207200,MSFT
2024-07-10,462.7024841308594,462.91087784219644,455.36869724486377,457.71075666628917,18196100,MSFT
2024-07-11,451.2403869628906,461.2436790661222,448.1143297880847,459.457386639418,23111200,MSFT
2024-07-12,450.0990905761719,452.8877078833818,447.22116168053736,450.8731546278995,16324300,MSFT
2024-07-15,450.5059814453125,453.7808911637112,447.99523247056425,449.85099950163277,14429400,MSFT
2024-07-16,446.09979248046875,450.84342238707205,443.26156747821994,450.764044396858,17175700,MSFT
2024-07-17,440.1454162597656,441.46531376189114,435.8384412822571,439.22249954002416,21778000,MSFT
2024-07-18,437.0193786621094,441.2668124744543,431.0948010273652,440.95917357547034,20794800,MSFT
2024-07-19,433.7842102050781,437.7835768044072,428.71310445556236,429.80474110268796,20940400,MSFT
2024-07-22,439.5698547363281,441.2172281155517,435.5705185548157,438.4286106688719,15808800,MSFT
2024-07-23,441.4653015136719,444.9783753997072,439.7286166377608,440.5225176097392,13107100,MSFT
2024-07-24,425.63665771484375,438.12095826115956,424.3366274271562,437.0987963490377,26805800,MSFT
2024-07-25,415.216552734375,426.52980855641556,414.3333401430881,425.5374171635106,29943800,MSFT
2024-07-26,422.0342712402344,425.6565240052853,414.0951402007918,415.0180872010169,23583800,MSFT
2024-07-29,423.4831848144531,428.86192913835873,421.4686315229256,428.29625878283395,15125800,MSFT
2024-07-30,419.7021789550781,425.7855127211385,414.18445497765873,424.4656455012434,32687600,MSFT
2024-07-31,415.16693115234375,418.5708262456948,409.07363367025533,417.3005665174137,42891400,MSFT
2024-08-01,413.93634033203125,424.20759683358074,409.94693801865395,417.58836350695543,30296400,MSFT
2024-08-02,405.3819580078125,411.84243578824686,401.2635397070065,409.35152365396425,29437900,MSFT
2024-08-05,392.1434326171875,397.9886321568055,382.6462402085907,386.20895177644206,40709200,MSFT
2024-08-06,396.56951904296875,402.5834388839359,395.4679791086585,396.9565662320286,24946500,MSFT
2024-08-07,395.39849853515625,406.95985229689995,394.44581127033643,405.53083654236127,20650900,MSFT
2024-08-08,399.6260986328125,402.77196243732243,396.8970222599762,399.3780007807365,20203000,MSFT
2024-08-09,402.9307556152344,404.9453089972664,399.1993844500031,400.9559063701233,19276700,MSFT
2024-08-12,403.7146911621094,405.64986625772775,401.16423832317224,403.9627889802462,16762900,MSFT
2024-08-13,410.8599548339844,411.79280513110314,406.4537347921751,406.47357171655057,19414300,MSFT
2024-08-14,413.6882629394531,414.54173528870035,409.3118435327495,411.64393908583247,18267000,MSFT
2024-08-15,418.5796203613281,418.6591414148161,415.22923848625584,417.35676799168647,20752100,MSFT
2024-08-16,416.0345458984375,418.8878379189571,414.87134183677813,418.15215435686315,22775600,MSFT
2024-08-19,419.07672119140625,419.2954420190991,414.03622098500824,416.52167114516885,15234000,MSFT
2024-08-20,422.3276672363281,423.3814956474892,419.18608502114756,419.2457333961214,16387600,MSFT
2024-08-21,421.67156982421875,423.9183962597862,419.2656405890008,421.6118911043651,16067300,MSFT
2024-08-22,413.13153076171875,424.30613578026436,412.1969990352219,421.8902550651885,19361900,MSFT
2024-08-23,414.36431884765625,416.8199448280934,409.69166039420327,414.5532154876874,18493800,MSFT
2024-08-26,411.08349609375,414.85144695028356,408.9460150702165,413.94673947074824,13152800,MSFT
2024-08-27,411.43145751953125,411.9484202096587,407.8623548739229,410.4571501735566,13492900,MSFT
2024-08-28,408.2103576660156,412.58474406521935,404.939496621488,412.46544730687265,14882700,MSFT
2024-08-29,410.71563720703125,419.59365733541364,408.2103145266043,412.52505209065583,17045200,MSFT
2024-08-30,414.7122802734375,415.0602190186727,409.7314285183125,413.18123450252676,24308300,MSFT
2024-09-03,407.0570983886719,417.43634095322227,404.66112073149435,415.47780496274754,20313600,MSFT
2024-09-04,406.5202331542969,408.8466109265116,402.01659855552833,403.5476443909062,15135800,MSFT
2024-09-05,406.01318359375,410.69576288507244,403.7663270914325,405.2476455783769,14195500,MSFT
2024-09-06,399.36212158203125,408.2600144548305,398.4673353023376,406.6792718819864,19609500,MSFT
2024-09-09,403.3587646484375,406.2717051556254,399.80953429314275,404.8699075277366,15295100,MSFT
2024-09-10,411.7894287109375,413.9070069368657,405.32725776034073,405.82434783346355,19594300,MSFT
2024-09-11,420.57794189453125,421.52239474938517,407.19625641616165,413.08181573237965,19266900,MSFT
2024-09-12,424.514892578125,424.8827343519594,417.30708702498356,420.84636566939764,17418800,MSFT
2024-09-13,428.083984375,429.3167579290349,422.98383586069434,423.35167762504557,15874600,MSFT
2024-09-16,428.8296203613281,431.0068771042965,425.72778345078893,428.09393683099876,13834700,MSFT
2024-09-17,432.6174621582031,439.27848092894993,429.75421863095636,437.6679140298658,18874200,MSFT
2024-09-18,428.3027038574219,433.49232491922675,427.90503790639565,432.46832068384987,18898000,MSFT
2024-09-19,436.1368408203125,438.93048428402824,434.3572500672092,438.66206659768085,21706600,MSFT
2024-09-20,432.73675537109375,436.6836515284863,431.6928784161533,434.6754186759471,55167100,MSFT
2024-09-23,430.9870300292969,433.9198431554934,427.88519293448667,431.75253779309,15128900,MSFT
2024-09-24,426.6722717285156,430.82793711748263,423.62013164821116,430.47996802683457,17015800,MSFT
2024-09-25,429.5951232910156,430.5992548420044,426.07574778788546,427.3283940093525,13396400,MSFT
2024-09-26,428.7998046875,432.766573468399,426.6324994108163,432.5578041483432,14492000,MSFT
2024-09-27,425.5289611816406,429.33668800604624,424.98217425530135,429.0085915782672,14896100,MSFT
2024-09-30,427.7956848144531,427.9150119120048,422.8943842039572,425.7178520466358,16807300,MSFT
2024-10-01,418.24163818359375,425.9863098334652,416.37257469880086,425.95648564338745,19092900,MSFT
2024-10-02,414.7023620605469,420.3592494217051,414.2847930567838,420.12062555956777,16582300,MSFT
2024-10-03,414.11578369140625,417.1082451347957,411.8788784861643,415.19943635003835,13686400,MSFT
2024-10-04,413.6385498046875,417.30707662196244,412.55489718933603,415.80585503539044,19169700,MSFT
2024-10-07,407.156494140625,414.6824138383572,406.61962843429865,413.57888857865095,20919800,MSFT
2024-10-08,412.2964172363281,413.24090045920747,405.79450128292336,408.50859351504334,19229300,MSFT
2024-10-09,415.0304260253906,417.9334453367463,411.8888131930908,413.4397317591671,14974300,MSFT
2024-10-10,413.4198303222656,414.9210519137125,410.74548354781774,412.81339505205864,13848400,MSFT
2024-10-11,413.89703369140625,414.70231708134946,410.84489374484957,413.7180885691892,14144900,MSFT
2024-10-14,416.7006530761719,421.5721293976272,415.09005586184196,415.3386008817118,16653100,MSFT
2024-10-15,416.3029479980469,420.02120204810905,412.84322081195853,419.7229298265709,18900200,MSFT
2024-10-16,413.69818115234375,413.93677464609624,408.0910216693982,412.7537283462629,15508900,MSFT
2024-10-17,414.2947082519531,420.0410676802283,413.17127995027164,419.9018679111856,14820000,MSFT
2024-10-18,415.7263488769531,417.2076674979936,413.8374127793913,414.7122961104646,17145300,MSFT
2024-10-21,416.3427429199219,416.5216880571269,411.3420182082338,413.6982202013397,14206100,MSFT
2024-10-22,425.02191162109375,428.07402123533683,415.6070255834921,416.0543883901565,25482200,MSFT
2024-10-23,422.1288757324219,428.5711433507003,420.0709156477079,428.35242251551375,19654400,MSFT
2024-10-24,422.25811767578125,423.5008427798279,419.94166109145596,422.85460145374896,13581600,MSFT
2024-10-25,425.658203125,430.0027653012564,424.0874119188817,424.2763085648032,16899100,MSFT
2024-10-28,424.1072998046875,429.4261695906152,423.81897907057987,429.1478003666399,14882400,MSFT
2024-10-29,429.43609619140625,430.64899709836675,423.32186444879665,425.5090727531412,17644100,MSFT
2024-10-30,430.0127258300781,435.9479823564893,429.5852356603292,434.8941538571239,29749100,MSFT
2024-10-31,403.9850769042969,413.7379809491165,403.93534969689097,412.9426186903331,53971000,MSFT
2024-11-01,407.981689453125,413.0818383039077,405.12839737386855,406.6296190582037,24230400,MSFT
2024-11-04,406.0827941894531,408.03140902561756,403.2096294840388,407.414991879503,19672300,MSFT
2024-11-05,409.0653381347656,412.4853201284023,405.7050045203228,405.99332524640585,17626000,MSFT
2024-11-06,417.7345886230469,418.0030366685823,408.13080518207255,410.0197716507701,26681800,MSFT
2024-11-07,422.9540100097656,424.3657590257446,417.43632288625736,418.8281688837221,19901800,MSFT
2024-11-08,420.08087158203125,424.01781631688647,419.3252849907069,422.84469107033385,16891400,MSFT
2024-11-11,415.5772399902344,422.3376526429211,413.5789282483213,420.060971682132,24503300,MSFT
2024-11-12,420.5679931640625,421.969790701444,414.77193671429194,415.81581365023004,19401200,MSFT
2024-11-13,422.7253723144531,426.8313104637277,415.7760330857976,419.1860937392156,21502200,MSFT
2024-11-14,424.4055480957031,425.6780973820496,417.5556327945319,422.526533184943,30246900,MSFT
2024-11-15,412.5847473144531,420.3393400677491,411.23267692258383,417.3767027455775,28247600,MSFT
2024-11-18,413.34033203125,415.9649517435253,409.7016291897124,412.4554971706168,24742000,MSFT
2024-11-19,415.3584899902344,415.5076109291685,409.154785870871,410.7057043157201,18133500,MSFT
2024-11-20,413.0718688964844,414.86141123218795,408.19044109637775,414.4438422518667,19191700,MSFT
2024-11-21,411.2887268066406,418.1722655525636,408.7186214344056,417.8933391524707,20780200,MSFT
2024-11-22,415.40289306640625,415.80135498920845,409.48564079067086,409.79445106089474,24814600,MSFT
2024-11-25,417.1860656738281,419.46727321033643,413.2611532266888,416.7776323033626,27691100,MSFT
2024-11-26,426.350830078125,427.396826920373,417.24585120009374,417.98300734363517,23458900,MSFT
2024-11-27,421.3699645996094,425.59374633298364,420.4036784238945,423.48184026594765,18332400,MSFT
2024-11-29,421.83819580078125,423.25277076525435,416.1998692026867,418.4811073183322,16271900,MSFT
2024-12-02,429.3293762207031,431.3416287639885,419.6963985253484,419.95541246483856,20207200,MSFT
2024-12-03,429.5485534667969,430.8136785324232,426.10178307894205,428.19374634076934,18302000,MSFT
2024-12-04,435.7447204589844,437.98610309109085,430.973057365549,431.3715193088951,26009400,MSFT
2024-12-05,440.9248046875,442.9570002031869,434.4995257845279,436.2428234590915,21697800,MSFT
2024-12-06,441.87115478515625,444.3914637865622,440.0780304611881,440.605999369761,18821000,MSFT
2024-12-09,444.311767578125,446.61291802797285,438.8129196876974,440.904882933204,19144400,MSFT
2024-12-10,441.6320495605469,447.89796761162455,439.9086948512907,442.6880177694449,18469500,MSFT
2024-12-11,447.2704162597656,448.6252234428676,442.34933339299914,442.34933339299914,19200200,MSFT
2024-12-12,447.83819580078125,454.4129240722559,447.389907127457,447.389907127457,20834800,MSFT
2024-12-13,445.5569763183594,449.7010474581427,443.8734464678006,446.722508676707,20177800,MSFT
2024-12-16,449.86041259765625,450.4481492573408,443.57458224663304,445.55695084461104,23598800,MSFT
2024-12-17,452.7194519042969,453.5462901057899,447.84819595840975,449.2826833242326,22733500,MSFT
2024-12-18,435.71484375,450.9163784238889,435.34623528561843,449.59148560028365,24444500,MSFT
2024-12-19,435.356201171875,441.4826409757379,434.64892893973837,439.92861811038824,22963700,MSFT
2024-12-20,434.9278869628906,442.04052591747404,426.98840977197597,431.4512325197303,64263700,MSFT
2024-12-23,433.5830383300781,435.97384050264867,431.1722932989543,435.06732205874545,19152500,MSFT
2024-12-24,437.64739990234375,437.91638528778583,432.52710135873434,432.98533109593694,7164500,MSFT
2024-12-26,436.43206787109375,439.2512462781778,434.9577555797017,437.3983540840164,8194200,MSFT
2024-12-27,428.881103515625,433.5531436249425,424.71711987555517,432.9355230391817,18117700,MSFT
2024-12-30,423.2029113769531,425.91249514442245,420.2841404099869,424.42821148968693,13158700,MSFT
2024-12-31,419.88568115234375,425.09566152109494,419.0489019483089,424.4680695178944,13246500,MSFT
2025-01-02,416.97686767578125,424.43820240788705,413.2611726539346,423.90026204092493,16896500,MSFT
2025-01-03,421.7286071777344,422.40599553232005,417.93320162542307,419.4672816518615,16662900,MSFT
2025-01-06,426.21136474609375,432.6565862275622,423.85044657634234,426.3607841744266,20573600,MSFT
2025-01-07,420.7523498535156,429.00063686122985,419.18835553907815,427.356962317073,18139100,MSFT
2025-01-08,422.9339599609375,425.3347334633813,419.9255373117582,421.8381668103431,15054600,MSFT
2025-01-10,417.345458984375,423.0833778600729,413.4304875422897,423.0036976315441,20201100,MSFT
2025-01-13,415.5921936035156,416.8971739621178,410.71096634455273,413.6496498082875,17604800,MSFT
2025-01-14,414.0780334472656,418.13242259689986,409.1469793562449,416.2098216251219,16935900,MSFT
2025-01-15,424.67724609375,426.51019531397225,416.6680304830878,417.5247525233758,19637800,MSFT
2025-01-16,422.953857421875,427.8450559110229,422.76461308505725,427.0581034768278,15300000,MSFT
2025-01-17,427.3868408203125,432.81597982276594,426.53014915865293,432.4274589059452,26197500,MSFT
2025-01-21,426.85888671875,429.2496888722742,423.9699995165458,428.55238804454143,26085700,MSFT
2025-01-22,444.4910888671875,445.5569677171093,434.33014218783535,435.8841650351672,27803800,MSFT
2025-01-23,444.9991149902344,445.03897030447143,439.8090775364838,440.30716256200645,18389300,MSFT
2025-01-24,442.3592834472656,444.9393603072831,439.70946738545626,443.4550766157881,15549500,MSFT
2025-01-27,432.8956604003906,433.5332238334213,421.8780219291722,422.3860783898249,35647800,MSFT
2025-01-28,445.4872741699219,446.66274757404807,429.72785612913765,432.93552501884864,23491700,MSFT
2025-01-29,440.6358947753906,445.16848684550723,438.7132938317083,444.97921209968376,23581400,MSFT
2025-01-30,413.4006042480469,421.24045777086803,411.57762641112805,417.1661258658952,54586300,MSFT
2025-01-31,413.4703369140625,419.0787791378778,413.32091748728266,417.3753368711932,34223400,MSFT
2025-02-03,409.3462219238281,413.819015846871,407.09486781879804,410.02361028085903,25679100,MSFT
2025-02-04,410.7906494140625,412.3347312724244,408.1707172498281,411.1094311345796,20532100,MSFT
2025-02-05,411.7071228027344,412.2450327338191,408.828176805576,410.77072053658367,16316700,MSFT
2025-02-06,414.2274475097656,416.59833715024297,412.41441067873023,412.41441067873023,16309800,MSFT
2025-02-07,408.1806945800781,417.0466023053385,406.5370200109021,414.8849302333569,22886800,MSFT
2025-02-10,410.6412048339844,413.86878595463395,409.3461959746536,412.12548842823685,20817900,MSFT
2025-02-11,409.86419677734375,410.91016314142485,407.73237833536206,408.07110289586285,18140600,MSFT
2025-02-12,407.473388671875,409.1768308737253,402.82126135721137,405.6503805324544,19121700,MSFT
2025-02-13,408.9676513671875,409.4258810673793,404.8036375500993,405.4412009596675,23891700,MSFT
2025-02-14,406.86572265625,407.3438952203064,404.3255012113121,406.22818963820515,22758500,MSFT
2025-02-18,408.07110595703125,409.0274206742818,404.943117468385,406.43737251439387,21423100,MSFT
2025-02-19,413.1814270019531,413.8986706302125,406.0887013451084,406.3178313932664,24114200,MSFT
2025-02-20,415.3674621582031,418.5416276159257,411.78404435480104,414.52900508229465,23508700,MSFT
2025-02-21,407.4619445800781,417.28390907488637,407.14255413255484,416.57521868274245,27524800,MSFT
2025-02-24,403.2596740722656,408.6198287275297,398.58825743588903,407.7614192904554,26443700,MSFT
2025-02-25,397.17083740234375,401.18349019975926,395.9730546936776,400.3649855487621,29387400,MSFT
2025-02-26,398.99749755859375,402.860400830509,393.5275288045757,397.28064827533655,19619000,MSFT
2025-02-27,391.8106994628906,404.9964840093174,391.45137377356565,400.53467393026557,21127400,MSFT
2025-02-28,396.26251220703125,396.9013540385077,385.86162375466716,391.94046026830176,32845700,MSFT
2025-03-03,387.778076171875,398.0891633417286,385.4523593369203,398.0891633417286,23007700,MSFT
2025-03-04,387.8978576660156,391.86058386063223,380.30181761040467,382.6974135187692,29342900,MSFT
2025-03-05,400.2851257324219,400.9339589862258,388.09750890861034,388.62653647287385,23433100,MSFT
2025-03-06,396.1627197265625,401.4130601425524,391.9604125552081,393.557486671848,23304600,MSFT
2025-03-07,392.5892639160156,394.07652376953155,384.83351327034705,391.601087821307,22034100,MSFT
2025-03-10,379.46337890625,385.69193466137494,376.5287638766263,385.1329632711281,32840100,MSFT
2025-03-11,379.7528381347656,385.29265558349334,376.2193166501511,378.30548307291184,30380200,MSFT
2025-03-12,382.5676574707031,384.5140963348653,378.2555969008229,382.2482670126177,24253600,MSFT
2025-03-13,378.0758972167969,384.6139126915579,376.75833925298997,382.4578672121625,20473000,MSFT
2025-03-14,387.84796142578125,389.51491455417886,378.81455773398244,379.0840519928303,19952800,MSFT
2025-03-17,387.98773193359375,391.99036302361236,384.8634626840814,385.9913968692823,22474300,MSFT
2025-03-18,382.81719970703125,386.6601507855219,380.4016513456866,386.36071271152235,19486900,MSFT
2025-03-19,387.1093444824219,388.9659214939022,383.29633715100766,384.8235322758774,19185500,MSFT
2025-03-20,386.131103515625,391.07204471614995,382.5776297310475,385.0331131975468,18470500,MSFT
2025-03-21,390.54302978515625,391.0221306945889,382.09851071654674,382.5177544739553,39675900,MSFT
2025-03-24,392.35968017578125,394.67543616141086,389.09568331150246,394.67543616141086,21004500,MSFT
2025-03-25,394.4358825683594,395.63366532055824,391.9205113732519,393.19816458592396,15775000,MSFT
2025-03-26,389.2554016113281,394.5856126855185,387.85797313035886,394.27618318122023,16108400,MSFT
2025-03-27,389.8642578125,391.5212195564284,386.6900923994873,389.4151007040484,13766800,MSFT
2025-03-28,378.1058349609375,388.4169222438939,376.2392666189567,387.36882809704144,21632000,MSFT
2025-03-31,374.7021179199219,376.3790320336197,366.5670283067677,371.8573344110368,35184700,MSFT
2025-04-01,381.4896545410156,382.1484487727996,372.54608191207893,373.96346276032,19689500,MSFT
2025-04-02,381.43975830078125,384.3743428432238,375.92985398533636,377.2773862564683,16092600,MSFT
2025-04-03,372.42626953125,376.788287190408,368.67318036225987,374.10321411915555,30198000,MSFT
2025-04-04,359.18060302734375,373.9035742050073,358.8212773354498,363.4627502923482,49209900,MSFT
2025-04-07,357.2042236328125,370.32015981776436,344.1581969485817,350.2370336524557,50425000,MSFT
2025-04-08,353.9102783203125,372.9652928837084,349.6081786868937,367.585185716996,35868900,MSFT
2025-04-09,389.7744140625,392.50941370351666,352.45294739016697,352.8921435234206,50199700,MSFT
2025-04-10,380.65118408203125,383.19649903483815,367.12599611378243,381.3598744812396,38024400,MSFT
2025-04-11,387.7381896972656,389.3352333779351,378.19571053548395,379.9425037151649,23839200,MSFT
2025-04-14,387.0993347167969,393.92679674338564,383.5059256339463,392.4994245329486,19251200,MSFT
2025-04-15,385.0231628417969,391.17187833074144,383.4560325474498,387.79806728846995,17199900,MSFT
2025-04-16,370.92901611328125,380.9106912763521,367.32564600100716,379.97244183574617,21967800,MSFT
2025-04-17,367.1060485839844,373.6340726815441,366.2176953329466,373.0651098854367,20943700,MSFT
2025-04-21,358.4619140625,363.8121077971333,355.01825440362086,362.1551460624454,20807300,MSFT
2025-04-22,366.1478271484375,367.09606804173376,359.20055908423666,362.7141283475077,19485000,MSFT
2025-04-23,373.7039489746094,379.6929540391626,372.33643389707953,375.3708716590499,20545500,MSFT
2025-04-24,386.59027099609375,387.7381880213899,374.5024768665421,375.01155205300716,22232300,MSFT
2025-04-25,391.1319580078125,391.44138750936105,383.8952433175299,386.29083932956814,18973200,MSFT
2025-04-28,390.4432067871094,392.0202980494585,385.9315006090283,391.241728610284,16579400,MSFT
2025-04-29,393.31793212890625,394.3759872470841,389.66463540586307,390.5829324517716,14974000,MSFT
2025-04-30,394.53570556640625,395.93313400867555,383.73552563819743,389.58477271143016,36461100,MSFT
2025-05-01,424.6204528808594,436.1892106723326,424.12136912560175,430.3199808366381,58938100,MSFT
2025-05-02,434.48236083984375,438.63474141621873,429.20204608174254,430.948839257634,30757400,MSFT
2025-05-05,435.3707275390625,438.6946118778074,431.3181395047298,432.07675654489867,20136100,MSFT
2025-05-06,432.5159606933594,436.92787448428356,430.3798980651205,431.408009380462,15104200,MSFT
2025-05-07,432.555908203125,437.3171563878889,430.319992206568,433.04500054847074,23295300,MSFT
2025-05-08,437.3670654296875,442.85698666150637,434.86165526525525,437.12748451655574,23491300,MSFT
2025-05-09,437.9260559082031,439.93235195021686,435.08127232610667,439.19371771814804,15324200,MSFT
2025-05-12,448.4367370605469,448.5465208630377,438.9740982732109,445.12281367736733,22821900,MSFT
2025-05-13,448.3169860839844,449.8441812103938,444.54388351816056,446.9594623818115,23618800,MSFT
2025-05-14,452.1099853515625,453.0682176126866,447.3187935842875,447.3187935842875,19902800,MSFT
2025-05-15,453.1300048828125,456.19000244140625,450.42999267578125,450.7699890136719,21992300,MSFT
2025-05-16,454.2699890136719,454.3599853515625,448.7300109863281,452.04998779296875,23849800,MSFT
2025-05-19,458.8699951171875,459.5899963378906,450.79998779296875,450.8800048828125,21336500,MSFT
2025-05-20,458.1700134277344,458.3399963378906,454.32000732421875,455.5899963378906,15441800,MSFT
2025-05-21,452.57000732421875,457.7799987792969,451.80999755859375,454.57000732421875,19216900,MSFT
2025-05-22,454.8599853515625,460.25,453.8999938964844,454.95001220703125,18025600,MSFT
2025-05-23,450.17999267578125,453.69000244140625,448.9100036621094,449.9800109863281,16876000,MSFT
2020-05-26,28.34224510192871,28.727853878825698,28.149440713480214,28.34224510192871,47875500,PTT_BK
2020-05-27,28.14944076538086,28.342245154184837,27.763831987772903,28.14944076538086,39041200,PTT_BK
2020-05-28,27.378225326538086,28.34224734507816,27.378225326538086,28.149442941370143,74678900,PTT_BK
2020-05-29,27.378225326538086,27.5710297302461,26.992616519122056,27.378225326538086,92200800,PTT_BK
2020-06-01,27.76383399963379,28.149442805184258,27.571029596858555,27.571029596858555,57097800,PTT_BK
2020-06-02,28.535049438476562,28.535049438476562,27.57102749798749,27.95663627418312,53305400,PTT_BK
2020-06-04,29.30626678466797,29.499071171409206,28.72785362444426,29.113462397926735,112629200,PTT_BK
2020-06-05,30.463096618652344,31.23431425456759,28.920661346821845,29.30627016477947,172777600,PTT_BK
2020-06-08,31.42711639404297,32.0055295792094,31.04150760393201,31.23431199898749,120902300,PTT_BK
2020-06-09,30.077486038208008,31.23431242429293,29.884681640527187,31.04150802661211,116567300,PTT_BK
2020-06-10,30.270288467407227,30.46309285254995,29.691875311979064,30.46309285254995,66057000,PTT_BK
2020-06-11,29.691871643066406,30.270284727022247,29.30626292042918,30.077480365703632,55341900,PTT_BK
2020-06-12,28.727853775024414,29.113462550528094,28.34224499952073,28.727853775024414,93979600,PTT_BK
2020-06-15,28.14944076538086,28.727853931792794,27.763831987772903,28.342245154184837,74051700,PTT_BK
2020-06-16,29.30626678466797,29.691875558150443,28.72785362444426,29.113462397926735,78565000,PTT_BK
2020-06-17,29.30626678466797,29.306266784667972,28.535049237703024,28.9206580111855,77566900,PTT_BK
2020-06-18,29.113462448120117,29.30626683519376,28.535049286899188,28.72785367397283,34172200,PTT_BK
2020-06-19,29.499069213867188,29.499069213867188,28.920656092026654,29.306264839920342,48335300,PTT_BK
2020-06-22,29.691871643066406,29.691871643066406,29.11345855911057,29.30626292042918,43698000,PTT_BK
2020-06-23,29.88468360900879,29.88468360900879,29.499074788247388,29.88468360900879,27061200,PTT_BK
2020-06-24,28.920658111572266,30.077484436035157,28.727853724161786,30.077484436035157,45653000,PTT_BK
2020-06-25,28.727853775024414,28.727853775024414,27.956636224017046,28.535049387272572,50161000,PTT_BK
2020-06-26,28.535049438476562,29.306266990867822,28.535049438476562,29.113462602770007,32050100,PTT_BK
2020-06-29,28.727853775024414,28.920658162776252,28.14944061176889,28.14944061176889,35798700,PTT_BK
2020-06-30,29.113462448120117,29.499071222267403,28.920658061046474,29.113462448120117,48960900,PTT_BK
2020-07-01,29.691871643066406,29.691871643066406,28.920654197791954,29.30626292042918,51477700,PTT_BK
2020-07-02,30.077486038208008,30.65589923125047,29.499072845165546,29.691877242846367,85892400,PTT_BK
2020-07-03,30.270288467407227,30.65589723769267,29.884679697121786,30.270288467407227,45900700,PTT_BK
2020-07-07,31.04151153564453,31.619924794072688,30.655902696692422,30.655902696692422,98297800,PTT_BK
2020-07-08,30.463096618652344,31.23431425456759,30.07748780069472,30.84870543660997,75150800,PTT_BK
2020-07-09,30.270288467407227,30.65589723769267,30.077484082264505,30.46309285254995,52227100,PTT_BK
2020-07-10,29.499069213867188,30.07748233570772,29.306264839920342,29.884677961760875,51049000,PTT_BK
2020-07-13,28.920658111572266,29.884680048624677,28.920658111572266,29.691875661214194,51480300,PTT_BK
2020-07-14,29.30626678466797,29.306266784667972,28.535049237703024,28.72785362444426,33133600,PTT_BK
2020-07-15,29.88468360900879,30.07748801938949,29.306270377866685,29.499074788247388,44600300,PTT_BK
2020-07-16,29.499069213867188,29.884677961760875,29.113460465973496,29.884677961760875,37275700,PTT_BK
2020-07-17,29.88468360900879,30.07748801938949,29.306270377866685,29.691879198628087,27833900,PTT_BK
2020-07-20,29.691871643066406,30.077480365703632,29.499067281747795,29.691871643066406,25566500,PTT_BK
2020-07-21,31.04151153564453,31.234315955120582,30.077489438264266,30.077489438264266,65615400,PTT_BK
2020-07-22,30.463096618652344,31.427118663546402,30.07748780069472,31.041509845588777,65462200,PTT_BK
2020-07-23,30.65589714050293,30.848701525034397,30.077483986908536,30.463092755971466,36524100,PTT_BK
2020-07-24,29.691871643066406,30.270284727022247,29.691871643066406,30.077480365703632,42731400,PTT_BK
2020-07-29,29.691871643066406,29.88467600438502,29.499067281747795,29.691871643066406,29212400,PTT_BK
2020-07-30,29.30626678466797,30.077484331632917,29.306266784667972,29.691875558150443,37445600,PTT_BK
2020-07-31,30.077486038208008,30.27029043588883,28.72785525444226,29.499072845165546,75399200,PTT_BK
2020-08-03,29.691871643066406,30.077480365703632,29.499067281747795,30.077480365703632,35058600,PTT_BK
2020-08-04,29.30626678466797,30.077484331632917,29.306266784667972,29.88467994489168,60854500,PTT_BK
2020-08-05,30.077486038208008,30.27029043588883,29.306268447484726,29.499072845165546,61561600,PTT_BK
2020-08-06,29.88468360900879,30.463096840150897,29.691879198628087,29.88468360900879,34953700,PTT_BK
2020-08-07,29.499069213867188,29.884677961760875,29.113460465973496,29.69187358781403,59234200,PTT_BK
2020-08-10,29.113462448120117,29.691875609341047,29.113462448120117,29.499071222267403,23190400,PTT_BK
2020-08-11,28.920658111572266,29.691875661214194,28.920658111572266,29.30626688639323,61644200,PTT_BK
2020-08-13,29.499069213867188,29.884677961760875,29.113460465973496,29.113460465973496,61045300,PTT_BK
2020-08-14,29.113462448120117,29.691875609341047,28.920658061046474,29.499071222267403,38129200,PTT_BK
2020-08-17,29.30626678466797,29.499071171409206,29.113462397926735,29.306266784667972,20152300,PTT_BK
2020-08-18,29.30626678466797,29.499071171409206,29.113462397926735,29.306266784667972,31995400,PTT_BK
2020-08-19,28.727853775024414,29.49907132603178,28.727853775024414,29.49907132603178,55437600,PTT_BK
2020-08-20,27.956636428833008,28.72785398549047,27.956636428833008,28.535049596326104,49667200,PTT_BK
2020-08-21,28.14944076538086,28.535049542988816,27.95663637657688,28.342245154184837,35237700,PTT_BK
2020-08-24,28.34224510192871,28.727853878825698,27.95663632503172,28.149440713480214,40119000,PTT_BK
2020-08-25,28.727853775024414,29.113462550528094,28.535049387272572,28.535049387272572,40673600,PTT_BK
2020-08-26,28.535049438476562,28.92065821467219,28.342245050378747,28.72785382657438,32468600,PTT_BK
2020-08-27,28.727853775024414,29.306266938279936,28.535049387272572,28.727853775024414,66120700,PTT_BK
2020-08-28,28.34224510192871,29.11346265572269,28.149440713480214,28.920658267274195,60845600,PTT_BK
2020-08-31,27.76383399963379,28.72785601350996,27.76383399963379,28.342247207959492,58945200,PTT_BK
2020-09-01,27.956636428833008,28.149440817997373,27.763832039668642,27.956636428833008,32744800,PTT_BK
2020-09-02,28.14944076538086,28.14944076538086,27.763831987772903,27.95663637657688,31752700,PTT_BK
2020-09-03,27.76383399963379,28.149442805184258,27.76383399963379,27.956638402409023,33798000,PTT_BK
2020-09-08,26.99261474609375,27.57102791922433,26.99261474609375,27.378223528180804,38232100,PTT_BK
2020-09-09,27.185420989990234,27.37822539417456,26.028594564884266,26.41420337325292,52814100,PTT_BK
2020-09-10,27.185420989990234,27.57102979835889,26.992616585805905,27.185420989990234,33592600,PTT_BK
2020-09-11,26.99261474609375,27.378223528180804,26.99261474609375,26.99261474609375,22348300,PTT_BK
2020-09-14,26.99261474609375,27.378223528180804,26.99261474609375,27.185419137137277,30045200,PTT_BK
2020-09-15,27.185420989990234,27.37822539417456,26.60700777743725,26.992616585805905,45036600,PTT_BK
2020-09-16,27.185420989990234,27.37822539417456,26.992616585805905,27.185420989990234,37845700,PTT_BK
2020-09-17,27.571025848388672,27.571025848388672,26.992612718702198,27.185417095264356,32618600,PTT_BK
2020-09-18,27.185420989990234,27.57102979835889,26.992616585805905,27.57102979835889,56531100,PTT_BK
2020-09-21,26.99261474609375,27.378223528180804,26.799810355050223,27.185419137137277,30099100,PTT_BK
2020-09-22,26.414201736450195,26.79981052092392,26.221397344213333,26.607006128687058,53563000,PTT_BK
2020-09-23,25.835790634155273,26.60700826502558,25.835790634155273,26.60700826502558,53308400,PTT_BK
2020-09-24,25.064571380615234,25.835788961557242,25.064571380615234,25.450180171086238,65105400,PTT_BK
2020-09-25,25.064571380615234,25.450180171086238,24.871766985379733,25.064571380615234,43553600,PTT_BK
2020-09-28,25.835790634155273,25.835790634155273,25.064573003284966,25.257377411002544,43085800,PTT_BK
2020-09-29,25.64298439025879,25.83578878417051,25.450179996347067,25.83578878417051,34346000,PTT_BK
2020-09-30,24.813291549682617,25.782560750842094,24.813291549682617,25.5887069106102,55633600,PTT_BK
2020-10-01,25.58870506286621,25.782558889100045,24.81328975793087,25.20099741039854,35311400,PTT_BK
2020-10-02,25.00714111328125,25.58870253452035,24.619433499121854,25.39484872744065,46626700,PTT_BK
2020-10-05,25.00714111328125,25.39484872744065,24.813287306201552,25.20099492036095,33832700,PTT_BK
2020-10-06,25.58870506286621,25.782558889100045,25.20099741039854,25.394851236632377,67785500,PTT_BK
2020-10-07,25.58870506286621,25.58870506286621,25.007143584164705,25.394851236632377,43231700,PTT_BK
2020-10-08,25.58870506286621,26.170266541567717,25.394851236632377,25.58870506286621,55614500,PTT_BK
2020-10-09,25.782560348510742,25.976414185717587,25.394852674097045,25.782560348510742,38909600,PTT_BK
2020-10-12,26.55797576904297,26.75182960677321,25.588706580391765,25.782560418122006,78586500,PTT_BK
2020-10-14,25.782560348510742,26.364121860131284,25.588706511303894,26.170268022924436,60663600,PTT_BK
2020-10-15,25.58870506286621,25.97641271533388,25.394851236632377,25.58870506286621,61294100,PTT_BK
2020-10-16,25.39484977722168,25.782557407408273,25.200995962128385,25.588703592314975,49334500,PTT_BK
2020-10-19,25.200998306274414,25.394852139399603,25.00714447314923,25.200998306274414,37145300,PTT_BK
2020-10-20,25.00714111328125,25.20099492036095,24.425579692042152,24.813287306201552,54014500,PTT_BK
2020-10-21,25.00714111328125,25.20099492036095,24.619433499121854,25.00714111328125,49705800,PTT_BK
2020-10-22,25.00714111328125,25.39484872744065,24.425579692042152,24.813287306201552,38068700,PTT_BK
2020-10-26,25.00714111328125,25.00714111328125,24.425579692042152,24.813287306201552,32681300,PTT_BK
2020-10-27,24.813291549682617,25.007145389914513,24.425583869218826,24.61943770945072,47632800,PTT_BK
2020-10-28,24.425582885742188,25.007144383021764,24.425582885742188,24.61943671816871,51605900,PTT_BK
2020-10-29,24.037874221801758,24.231728046171128,23.65016657306302,24.037874221801758,52314400,PTT_BK
2020-10-30,24.037874221801758,24.231728046171128,23.65016657306302,24.037874221801758,56732200,PTT_BK
2020-11-02,24.037874221801758,24.231728046171128,23.65016657306302,24.037874221801758,30857500,PTT_BK
2020-11-03,25.39484977722168,25.39484977722168,24.23172688666191,24.23172688666191,65590200,PTT_BK
2020-11-04,25.200998306274414,25.588705972524792,25.00714447314923,25.200998306274414,45413600,PTT_BK
2020-11-05,26.36412239074707,26.36412239074707,25.588707026313333,25.78256086742177,82258200,PTT_BK
2020-11-06,26.36412239074707,26.75183007296394,25.78256086742177,26.36412239074707,60023200,PTT_BK
2020-11-09,26.94568634033203,27.721101774586188,26.751832481768492,26.751832481768492,93598600,PTT_BK
2020-11-10,29.659637451171875,29.85349129072202,28.108806734770734,28.49651441387102,176251200,PTT_BK
2020-11-11,29.659637451171875,30.047345130272163,28.884222092971306,29.85349129072202,110716000,PTT_BK
2020-11-12,28.88422203063965,29.46578354803508,28.496514352376032,29.27192970890327,100172800,PTT_BK
2020-11-13,29.078073501586914,29.46578114827474,28.302658208211263,28.496512031555177,71186700,PTT_BK
2020-11-16,29.078073501586914,29.659634971618654,29.078073501586914,29.46578114827474,48351600,PTT_BK
2020-11-17,29.078073501586914,29.46578114827474,28.884219678243003,29.078073501586914,66524600,PTT_BK
2020-11-18,29.465782165527344,29.465782165527344,28.690366845381888,28.690366845381888,56396500,PTT_BK
2020-11-19,29.27193260192871,29.659640318510547,29.078078743637793,29.46578646021963,51648000,PTT_BK
2020-11-20,29.659637451171875,29.85349129072202,29.078075932521447,29.27192977207159,67251700,PTT_BK
2020-11-23,31.40431785583496,31.40431785583496,30.04734115836061,30.04734115836061,138790200,PTT_BK
2020-11-24,31.01661491394043,31.985884130001065,31.01661491394043,31.59817644357681,162888600,PTT_BK
2020-11-25,32.17973327636719,32.56744090620294,31.210464201777814,31.98587946144931,195748500,PTT_BK
2020-11-26,32.567440032958984,32.567440032958984,31.985878603799,32.37358622323899,83353600,PTT_BK
2020-11-27,32.37358856201172,32.56744238573634,32.179734738287095,32.179734738287095,54491000,PTT_BK
2020-11-30,31.01661491394043,32.17973797321319,30.8227610707283,31.985884130001065,108599500,PTT_BK
2020-12-01,31.792024612426758,32.17973222965148,31.210463186589685,31.404316995202045,55254600,PTT_BK
2020-12-02,31.792024612426758,32.17973222965148,31.210463186589685,31.210463186589685,73399900,PTT_BK
2020-12-03,32.76129913330078,32.95515297432623,31.598176087148094,32.179737610224436,96101000,PTT_BK
2020-12-04,33.342857360839844,33.5367111827052,32.95514971710915,32.95514971710915,92410000,PTT_BK
2020-12-08,33.53670883178711,34.11827025661579,32.7612935986822,32.95514740695843,117678700,PTT_BK
2020-12-09,33.342857360839844,33.73056500457054,32.95514971710915,33.5367111827052,71762300,PTT_BK
2020-12-14,32.76129913330078,33.73056833842803,32.76129913330078,33.14900681535168,77686300,PTT_BK
2020-12-15,33.14900207519531,33.342855888500544,32.37358682197437,32.76129444858484,64379400,PTT_BK
2020-12-16,32.95514678955078,33.53670820348403,32.76129298490637,33.34285439883961,52564400,PTT_BK
2020-12-17,32.76129913330078,33.14900681535168,32.76129913330078,33.14900681535168,35362500,PTT_BK
2020-12-18,33.14900207519531,33.53670970180578,32.76129444858484,32.76129444858484,134028200,PTT_BK
2020-12-21,31.40431785583496,32.76129455330931,31.40431785583496,32.3735869254595,106732300,PTT_BK
2020-12-22,31.985881805419922,32.373589463667436,31.016612659801133,31.598174147172408,97200700,PTT_BK
2020-12-23,31.210466384887695,32.373589355753076,31.210466384887695,31.792027870320386,122121200,PTT_BK
2020-12-24,31.985881805419922,32.179735634543675,31.598174147172408,31.598174147172408,45405500,PTT_BK
2020-12-25,32.567440032958984,32.761293842678974,31.985878603799,31.985878603799,32414000,PTT_BK
2020-12-28,31.792024612426758,33.14900127271327,31.79202461242676,32.76129365548855,60698100,PTT_BK
2020-12-29,32.95514678955078,32.95514678955078,31.792023961684286,31.985877766328702,41046600,PTT_BK
2020-12-30,32.95514678955078,33.53670820348403,32.76129298490637,33.53670820348403,67293300,PTT_BK
2021-01-04,32.95514678955078,33.1490005941952,31.598170157039867,31.792023961684286,74638600,PTT_BK
2021-01-05,32.567440032958984,32.95514765239897,31.985878603799,32.761293842678974,75867500,PTT_BK
2021-01-06,33.14900207519531,33.730563515111015,32.95514826189007,33.342855888500544,88565400,PTT_BK
2021-01-07,32.95514678955078,33.53670820348403,32.76129298490637,33.34285439883961,63128900,PTT_BK
2021-01-08,33.14900207519531,33.730563515111015,32.5674406352796,33.14900207519531,83698400,PTT_BK
2021-01-11,33.342857360839844,33.342857360839844,32.95514971710915,33.1490035389745,45553200,PTT_BK
2021-01-12,33.92441940307617,34.1182732282366,32.955150277273994,33.342857927594864,101081900,PTT_BK
2021-01-13,34.505977630615234,34.89368524444237,34.118270016788095,34.118270016788095,129830400,PTT_BK
2021-01-14,34.11827087402344,34.69983230937611,34.11827087402344,34.50597849759189,66527800,PTT_BK
2021-01-15,33.53670883178711,34.699831681444465,33.34285502351088,34.31212406489201,124773600,PTT_BK
2021-01-18,32.95514678955078,33.53670820348403,32.56743918026195,33.34285439883961,82965000,PTT_BK
2021-01-19,31.792024612426758,32.95514746410091,31.79202461242676,32.76129365548855,154588600,PTT_BK
2021-01-20,31.792024612426758,32.37358603826384,31.79202461242676,31.985878421039118,93360500,PTT_BK
2021-01-21,31.598175048828125,32.17973655279429,31.40432121417274,32.17973655279429,73920700,PTT_BK
2021-01-22,30.62890625,31.59817543512658,30.62890625,31.59817543512658,105024200,PTT_BK
2021-01-25,31.01661491394043,31.404322600364683,30.628907227516173,30.628907227516173,78808700,PTT_BK
2021-01-26,30.82275390625,31.016607704402514,30.43504630994497,30.82275390625,66223400,PTT_BK
2021-01-27,30.43505096435547,30.822758619952356,30.43505096435547,30.628904792153914,53759100,PTT_BK
2021-01-28,29.853490829467773,30.241198502577742,29.853490829467773,30.241198502577742,78536000,PTT_BK
2021-01-29,29.27193260192871,30.241201893383305,29.27193260192871,30.047348035092384,99172400,PTT_BK
2021-02-01,30.43505096435547,30.43505096435547,28.690366514169487,29.078074169766374,161452500,PTT_BK
2021-02-02,30.047346115112305,31.016615344632058,30.047346115112305,30.822761498728106,123434300,PTT_BK
2021-02-03,29.659637451171875,30.62890664892259,29.465783611621735,30.43505280937245,103367800,PTT_BK
2021-02-04,29.659637451171875,30.047345130272163,29.465783611621735,30.047345130272163,92014700,PTT_BK
2021-02-05,30.241199493408203,30.62890717922113,29.85349180759528,30.047345650501743,103580800,PTT_BK
2021-02-08,31.210466384887695,31.59817404184282,30.435051070977444,30.628904899455005,128518800,PTT_BK
2021-02-09,31.792024612426758,32.37358603826384,31.5981708038144,31.79202461242676,135090700,PTT_BK
2021-02-10,31.598175048828125,31.9858827181389,31.21046737951735,31.792028883483514,73597200,PTT_BK
2021-02-11,31.210466384887695,31.98588169879795,31.01661255641013,31.792027870320386,63452700,PTT_BK
2021-02-15,31.985881805419922,32.179735634543675,31.598174147172408,31.598174147172408,84832900,PTT_BK
2021-02-16,31.985881805419922,32.56744329279119,31.985881805419922,32.373589463667436,69476400,PTT_BK
2021-02-17,31.598175048828125,31.9858827181389,31.40432121417274,31.792028883483514,46059200,PTT_BK
2021-02-18,31.40431785583496,32.17973311153459,31.016610227985147,31.598171669759868,78147700,PTT_BK
2021-02-19,31.01661491394043,31.210468757152555,30.628907227516173,31.01661491394043,60699900,PTT_BK
2021-02-22,31.01661491394043,31.404322600364683,30.628907227516173,31.01661491394043,51572700,PTT_BK
2021-02-23,31.40431785583496,31.98587929760968,31.016610227985147,31.210464041910054,98305000,PTT_BK
2021-02-24,30.62890625,31.59817543512658,30.62890625,31.404321598101262,88002400,PTT_BK
2021-02-25,31.01661491394043,31.59817644357681,30.8227610707283,31.210468757152555,106429500,PTT_BK
2021-03-01,31.01661491394043,31.210468757152555,30.8227610707283,31.01661491394043,55518400,PTT_BK
2021-03-02,30.82275390625,31.21046150255503,30.628900108097483,30.82275390625,54742000,PTT_BK
2021-03-03,31.792024612426758,31.79202461242676,31.016609377977325,31.016609377977325,76191500,PTT_BK
2021-03-04,31.649606704711914,32.045226788520814,31.649606704711914,31.84741674661636,85198500,PTT_BK
2021-03-05,32.045223236083984,32.63865329601146,31.84741321610816,31.84741321610816,90370700,PTT_BK
2021-03-08,33.232086181640625,33.62770625523158,32.83646610804966,32.83646610804966,126615700,PTT_BK
2021-03-09,32.63865280151367,33.42989286942915,32.4408427845348,33.42989286942915,95147400,PTT_BK
2021-03-10,32.836463928222656,32.836463928222656,32.243033857230685,32.440843880894676,79871400,PTT_BK
2021-03-11,32.836463928222656,33.232083975550644,32.638653904558666,33.034273951886654,61501400,PTT_BK
2021-03-12,33.03427505493164,33.232085085200694,32.63865499439354,33.03427505493164,63249100,PTT_BK
2021-03-15,32.63865280151367,33.23208285245028,32.4408427845348,33.03427283547141,80602500,PTT_BK
2021-03-16,32.24303436279297,32.63865441632417,32.04522433602737,32.63865441632417,63962400,PTT_BK
2021-03-17,32.045223236083984,32.24303325605981,31.64960319613233,32.045223236083984,94213200,PTT_BK
2021-03-18,32.045223236083984,32.63865329601146,32.045223236083984,32.24303325605981,48932200,PTT_BK
2021-03-19,32.045223236083984,32.045223236083984,31.451793176156503,31.64960319613233,80270400,PTT_BK
2021-03-22,32.045223236083984,32.24303325605981,31.64960319613233,32.045223236083984,34058900,PTT_BK
2021-03-23,31.847414016723633,32.04522404167223,31.649603991775038,31.847414016723633,35990800,PTT_BK
2021-03-24,31.847414016723633,31.847414016723633,31.451793966826443,31.649603991775038,45431600,PTT_BK
2021-03-25,31.847414016723633,32.04522404167223,31.649603991775038,31.847414016723633,41435200,PTT_BK
2021-03-26,31.847414016723633,32.04522404167223,31.649603991775038,31.847414016723633,23495900,PTT_BK
2021-03-29,32.24303436279297,32.44084438955857,31.847414309261765,32.04522433602737,49691200,PTT_BK
2021-03-30,32.24303436279297,32.63865441632417,32.04522433602737,32.44084438955857,45195300,PTT_BK
2021-03-31,32.44084167480469,32.63865168501691,32.045221654380235,32.045221654380235,57139700,PTT_BK
2021-04-01,32.24303436279297,32.63865441632417,32.24303436279297,32.44084438955857,52230600,PTT_BK
2021-04-02,32.045223236083984,32.63865329601146,32.045223236083984,32.63865329601146,40479900,PTT_BK
2021-04-05,31.649606704711914,32.24303683042526,31.649606704711914,32.045226788520814,28921000,PTT_BK
2021-04-07,31.253984451293945,31.649604507639438,31.0561744231212,31.45179447946669,83189600,PTT_BK
2021-04-08,30.858366012573242,31.253986089657513,30.858366012573242,31.05617605111538,37568700,PTT_BK
2021-04-09,31.05617332458496,31.451793366936364,30.858363303409263,30.858363303409263,51489000,PTT_BK
2021-04-12,30.858366012573242,31.253986089657513,30.660555974031105,31.05617605111538,37609500,PTT_BK
2021-04-16,31.451786041259766,31.649596016362025,31.05616609105524,31.253976066157502,60260500,PTT_BK
2021-04-19,31.451786041259766,31.649596016362025,31.253976066157502,31.451786041259766,30128300,PTT_BK
2021-04-20,31.451786041259766,31.84740599146429,31.253976066157502,31.451786041259766,34410000,PTT_BK
2021-04-21,31.05617332458496,31.253983345760663,30.858363303409263,31.253983345760663,40084200,PTT_BK
2021-04-22,30.858366012573242,31.253986089657513,30.858366012573242,31.05617605111538,36460500,PTT_BK
2021-04-23,30.66055679321289,30.85836683704007,30.46274674938571,30.85836683704007,33893600,PTT_BK
2021-04-26,30.66055679321289,30.85836683704007,30.46274674938571,30.660556793212887,34829000,PTT_BK
2021-04-27,30.858366012573242,30.858366012573242,30.462745935488968,30.660555974031105,26567400,PTT_BK
2021-04-28,31.05617332458496,31.253983345760663,30.66055328223356,30.858363303409263,35232600,PTT_BK
2021-04-29,32.045223236083984,32.24303325605981,31.253983156180677,31.451793176156503,77856600,PTT_BK
2021-04-30,31.649606704711914,32.24303683042526,31.649606704711914,32.045226788520814,53259900,PTT_BK
2021-05-05,31.253984451293945,32.440844620330424,31.0561744231212,32.24303459215768,97820000,PTT_BK
2021-05-06,31.451786041259766,31.84740599146429,31.05616609105524,31.451786041259766,51747300,PTT_BK
2021-05-07,32.045223236083984,32.045223236083984,31.451793176156503,31.64960319613233,43201900,PTT_BK
2021-05-10,32.045223236083984,32.440843276035636,31.64960319613233,32.24303325605981,39373600,PTT_BK
2021-05-11,31.847414016723633,32.04522404167223,31.451793966826443,31.649603991775038,45648500,PTT_BK
2021-05-12,31.451786041259766,31.84740599146429,31.253976066157502,31.649596016362025,57783300,PTT_BK
2021-05-13,31.649606704711914,31.649606704711914,31.056176578998564,31.253986620903014,76074000,PTT_BK
2021-05-14,31.847414016723633,32.04522404167223,31.25398394187785,31.847414016723633,75052100,PTT_BK
2021-05-17,31.451786041259766,32.04521596656655,31.451786041259766,31.84740599146429,57341500,PTT_BK
2021-05-18,31.649606704711914,32.045226788520814,31.451796662807464,31.649606704711914,61374500,PTT_BK
2021-05-19,31.451786041259766,31.451786041259766,31.05616609105524,31.253976066157502,53432200,PTT_BK
2021-05-20,30.858366012573242,31.45179612819965,30.660555974031105,31.45179612819965,76811700,PTT_BK
2021-05-21,30.46274185180664,30.85836187585608,30.067121827757205,30.660551863831362,108867200,PTT_BK
2021-05-24,30.264936447143555,30.858366573558136,30.06712640500536,30.46274648928175,53404300,PTT_BK
2021-05-25,30.66055679321289,30.85836683704007,30.46274674938571,30.660556793212887,47606200,PTT_BK
2021-05-27,30.66055679321289,31.05617688086725,30.46274674938571,30.85836683704007,201215000,PTT_BK
2021-05-28,31.05617332458496,31.253983345760663,30.858363303409263,31.056173324584964,47154300,PTT_BK
2021-05-31,31.253984451293945,31.253984451293945,30.858364394948453,31.0561744231212,32629600,PTT_BK
2021-06-01,32.836463928222656,32.836463928222656,31.649603786238707,31.649603786238707,139641800,PTT_BK
2021-06-02,32.836463928222656,33.232083975550644,32.638653904558666,33.034273951886654,90445900,PTT_BK
2021-06-04,32.63865280151367,33.03427283547141,32.4408427845348,32.63865280151367,76905100,PTT_BK
2021-06-07,32.63865280151367,33.03427283547141,32.4408427845348,32.83646281849254,65914800,PTT_BK
2021-06-08,32.045223236083984,32.836463315987295,32.045223236083984,32.63865329601146,49609300,PTT_BK
2021-06-09,32.24303436279297,32.63865441632417,32.24303436279297,32.24303436279297,36053500,PTT_BK
2021-06-10,32.24303436279297,32.44084438955857,32.04522433602737,32.24303436279297,28605300,PTT_BK
2021-06-11,32.836463928222656,32.836463928222656,32.243033857230685,32.440843880894676,38833600,PTT_BK
2021-06-14,32.836463928222656,33.034273951886654,32.638653904558666,33.034273951886654,26194000,PTT_BK
2021-06-15,32.24303436279297,32.83646444308977,32.24303436279297,32.63865441632417,55556800,PTT_BK
2021-06-16,32.63865280151367,33.23208285245028,32.24303276755593,32.4408427845348,117516500,PTT_BK
2021-06-17,32.44084167480469,33.034271705441355,32.44084167480469,32.63865168501691,36768900,PTT_BK
2021-06-18,31.649606704711914,32.63865691423416,31.649606704711914,32.44084687232971,122846500,PTT_BK
2021-06-21,31.451786041259766,31.649596016362025,31.253976066157502,31.451786041259766,71785600,PTT_BK
2021-06-22,31.649606704711914,32.24303683042526,31.649606704711914,31.649606704711914,50246400,PTT_BK
2021-06-23,31.649606704711914,32.045226788520814,31.649606704711914,31.84741674661636,31244600,PTT_BK
2021-06-24,31.649606704711914,31.84741674661636,31.253986620903014,31.649606704711914,43225600,PTT_BK
2021-06-25,31.451786041259766,32.04521596656655,31.451786041259766,31.649596016362025,41171000,PTT_BK
2021-06-28,31.451786041259766,31.649596016362025,31.253976066157502,31.451786041259766,30819800,PTT_BK
2021-06-29,31.253984451293945,31.649604507639438,31.253984451293945,31.45179447946669,38739300,PTT_BK
2021-06-30,31.05617332458496,31.451793366936364,31.056173324584964,31.253983345760663,41053800,PTT_BK
2021-07-01,30.858366012573242,31.253986089657513,30.858366012573242,31.05617605111538,57676100,PTT_BK
2021-07-02,30.66055679321289,31.253986924694427,30.46274674938571,31.05617688086725,102326100,PTT_BK
2021-07-05,30.858366012573242,31.05617605111538,30.462745935488968,30.660555974031105,37405700,PTT_BK
2021-07-06,30.858366012573242,31.253986089657513,30.858366012573242,31.05617605111538,20708400,PTT_BK
2021-07-07,30.66055679321289,31.05617688086725,30.660556793212887,30.85836683704007,32207000,PTT_BK
2021-07-08,29.473695755004883,30.660555986750047,29.275885716380692,30.462745948125853,127566500,PTT_BK
2021-07-09,29.473695755004883,30.067125870877465,29.275885716380692,29.473695755004886,57764800,PTT_BK
2021-07-12,29.275882720947266,29.8693127761016,29.275882720947266,29.671502757716823,52279800,PTT_BK
2021-07-13,29.86931610107422,30.067126141478685,29.275885979860824,29.275885979860824,44033500,PTT_BK
2021-07-14,29.6715030670166,30.067123107910156,29.473693046569824,29.86931308746338,43594900,PTT_BK
2021-07-15,29.473695755004883,29.86931583225327,29.275885716380692,29.86931583225327,80596200,PTT_BK
2021-07-16,29.6715030670166,29.6715030670166,29.275883026123047,29.473693046569824,25437600,PTT_BK
2021-07-19,28.880266189575195,29.473696316758247,28.880266189575195,29.2758862743639,67501000,PTT_BK
2021-07-20,28.28683090209961,28.880260921024778,28.089020895791222,28.682450914716387,139101700,PTT_BK
2021-07-21,28.48464584350586,28.682455884085762,28.089025762346058,28.28683580292596,71498400,PTT_BK
2021-07-22,28.68245506286621,28.880265097782527,28.48464502794989,28.682455062866207,25587300,PTT_BK
2021-07-23,28.28683090209961,28.682450914716387,28.089020895791222,28.484640908408,41631800,PTT_BK
2021-07-27,28.089021682739258,28.48464170643981,27.891211670888982,28.286831694589534,38861800,PTT_BK
2021-07-29,28.089021682739258,28.286831694589534,27.693401659038706,28.089021682739258,58569300,PTT_BK
2021-07-30,27.49559783935547,27.89121795215195,27.29778778295723,27.693407895753708,80028700,PTT_BK
2021-08-02,27.693403244018555,27.693403244018555,27.09997317450387,27.49559322084699,67631700,PTT_BK
2021-08-03,27.89121437072754,28.089024401725606,27.495594308731405,27.693404339729472,42044900,PTT_BK
2021-08-04,27.693403244018555,28.089023290361677,27.693403244018555,27.891213267190114,51778500,PTT_BK
2021-08-05,27.297779083251953,27.69339906996575,27.297779083251953,27.49558907660885,63568300,PTT_BK
2021-08-06,27.297779083251953,27.49558907660885,26.90215909653816,27.297779083251953,69864700,PTT_BK
2021-08-09,27.297779083251953,27.49558907660885,27.09996908989506,27.49558907660885,51686900,PTT_BK
2021-08-10,27.49559783935547,27.89121795215195,27.29778778295723,27.49559783935547,79799300,PTT_BK
2021-08-11,27.297779083251953,27.69339906996575,27.09996908989506,27.69339906996575,81840800,PTT_BK
2021-08-13,27.693403244018555,27.891213267190114,27.09997317450387,27.49559322084699,74494100,PTT_BK
2021-08-16,27.89121437072754,27.89121437072754,27.495594308731405,27.495594308731405,45881900,PTT_BK
2021-08-17,28.48464584350586,28.48464584350586,27.693405681186253,27.891215721766155,112879000,PTT_BK
2021-08-18,28.28683090209961,28.880260921024778,28.28683090209961,28.484640908408,83022700,PTT_BK
2021-08-19,27.89121437072754,28.286834432723676,27.89121437072754,28.089024401725606,47716600,PTT_BK
2021-08-20,27.693403244018555,28.286833313533236,27.49559322084699,27.891213267190114,56414400,PTT_BK
2021-08-23,28.48464584350586,28.880265924665665,27.693405681186253,27.891215721766155,87545600,PTT_BK
2021-08-24,29.275882720947266,30.06712279448638,29.078072702562487,29.275882720947266,142064800,PTT_BK
2021-08-25,29.473695755004883,29.86931583225327,29.078075677756498,29.473695755004886,88846900,PTT_BK
2021-08-26,29.275882720947266,29.671502757716823,29.275882720947266,29.671502757716823,45226100,PTT_BK
2021-08-27,29.86931610107422,29.869316101074222,29.275885979860824,29.47369602026529,66171000,PTT_BK
2021-08-30,30.66055679321289,30.660556793212887,30.06712666173135,30.06712666173135,97994200,PTT_BK
2021-08-31,30.264936447143555,30.660556531419942,30.06712640500536,30.46274648928175,98277700,PTT_BK
2021-09-01,29.6715030670166,30.46274314880371,29.6715030670166,30.264933128356933,83087800,PTT_BK
2021-09-02,30.067123413085938,30.26493343554045,29.4736933457224,29.67150336817691,53803000,PTT_BK
2021-09-03,30.264936447143555,30.46274648928175,29.86931636286717,30.264936447143555,49420400,PTT_BK
2021-09-06,30.067123413085938,30.26493343554045,29.67150336817691,30.067123413085938,28381900,PTT_BK
2021-09-07,29.6715030670166,30.264933128356933,29.6715030670166,29.86931308746338,75256800,PTT_BK
2021-09-08,29.473695755004883,29.86931583225327,29.275885716380692,29.473695755004886,41794200,PTT_BK
2021-09-09,29.473695755004883,29.86931583225327,29.275885716380692,29.275885716380692,52432500,PTT_BK
2021-09-10,30.067123413085938,30.26493343554045,29.275883323267884,29.67150336817691,41561200,PTT_BK
2021-09-13,30.264936447143555,30.46274648928175,29.86931636286717,30.06712640500536,62065800,PTT_BK
2021-09-14,30.858366012573242,30.858366012573242,30.264935896946835,30.462745935488968,75280400,PTT_BK
2021-09-15,30.858366012573242,31.253986089657513,30.660555974031105,30.858366012573242,59325300,PTT_BK
2021-09-16,31.451786041259766,31.451786041259766,31.05616609105524,31.05616609105524,81297200,PTT_BK
2021-09-17,30.858366012573242,31.84741620528392,30.858366012573242,31.649606166741787,141093900,PTT_BK
2021-09-20,30.858366012573242,31.05617605111538,30.462745935488968,30.660555974031105,75862900,PTT_BK
2021-09-21,31.253984451293945,31.253984451293945,30.660554366775706,30.660554366775706,57929900,PTT_BK
2021-09-22,31.253984451293945,31.45179447946669,31.0561744231212,31.253984451293945,44421800,PTT_BK
2021-09-23,31.649606704711914,31.84741674661636,31.253986620903014,31.451796662807464,63355900,PTT_BK
2021-09-27,32.045223236083984,32.24303325605981,31.64960319613233,31.84741321610816,114666600,PTT_BK
2021-09-28,32.045223236083984,32.440843276035636,31.84741321610816,32.24303325605981,104953600,PTT_BK
2021-09-29,32.00445556640625,32.20830560186107,31.800605530951437,32.00445556640625,90070800,PTT_BK
2021-09-30,31.80060577392578,32.004455810938126,31.596755736913437,31.80060577392578,63650300,PTT_BK
2021-10-01,31.596755981445312,31.800606020035282,31.392905942855343,31.596755981445312,38212800,PTT_BK
2021-10-04,31.80060577392578,32.20830584795047,31.80060577392578,31.80060577392578,53749600,PTT_BK
2021-10-05,32.41215133666992,32.41215133666992,32.004451319856464,32.004451319856464,42021700,PTT_BK
2021-10-06,32.616004943847656,32.819854974746704,32.20830488204956,32.41215491294861,67639600,PTT_BK
2021-10-07,32.20830154418945,32.616001563736155,32.0044515344161,32.616001563736155,77452800,PTT_BK
2021-10-08,32.41215133666992,32.616001345076654,32.20830132826319,32.41215133666992,25810400,PTT_BK
2021-10-11,32.616004943847656,32.819854974746704,32.41215491294861,32.616004943847656,58294200,PTT_BK
2021-10-12,32.616004943847656,32.819854974746704,32.20830488204956,32.616004943847656,40520000,PTT_BK
2021-10-14,32.20830154418945,32.616001563736155,32.0044515344161,32.4121515539628,51400700,PTT_BK
2021-10-15,32.00445556640625,32.616005672770704,31.800605530951437,32.412155637315884,51076700,PTT_BK
2021-10-18,32.616004943847656,32.616004943847656,32.20830488204956,32.20830488204956,39184000,PTT_BK
2021-10-19,32.20830154418945,32.8198515735095,32.0044515344161,32.616001563736155,54502400,PTT_BK
2021-10-20,32.20830154418945,32.4121515539628,32.0044515344161,32.20830154418945,43860200,PTT_BK
2021-10-21,32.616004943847656,32.616004943847656,32.20830488204956,32.41215491294861,45160800,PTT_BK
2021-10-25,32.20830154418945,32.616001563736155,32.0044515344161,32.4121515539628,23571500,PTT_BK
2021-10-26,32.00445556640625,32.412155637315884,31.59675549549662,32.20830560186107,54563900,PTT_BK
2021-10-27,31.596755981445312,32.00445605862525,31.596755981445312,32.00445605862525,35816700,PTT_BK
2021-10-28,31.18905258178711,31.596752615535962,30.985202564912683,31.392902598661536,57779100,PTT_BK
2021-10-29,30.98520278930664,31.392902826008044,30.98520278930664,31.18905280765734,49185600,PTT_BK
2021-11-01,30.98520278930664,31.392902826008044,30.577502752605238,30.98520278930664,54152100,PTT_BK
2021-11-02,30.98520278930664,31.18905280765734,30.781352770955937,30.98520278930664,38169900,PTT_BK
2021-11-03,30.781352996826172,31.189053036519237,30.57750297697964,30.985203016672706,26751000,PTT_BK
2021-11-04,30.57750701904297,30.781357065836588,30.169806925455728,30.57750701904297,57080200,PTT_BK
2021-11-05,30.373655319213867,30.78135539061271,30.373655319213867,30.57750535491329,34196500,PTT_BK
2021-11-08,31.18905258178711,31.18905258178711,30.577502531163834,30.577502531163834,52474600,PTT_BK
2021-11-09,31.18905258178711,31.800602632410385,31.18905258178711,31.18905258178711,68309500,PTT_BK
2021-11-10,31.39290428161621,31.596754309418912,30.985204226010808,31.18905425381351,40667200,PTT_BK
2021-11-11,30.98520278930664,31.392902826008044,30.98520278930664,31.18905280765734,27612600,PTT_BK
2021-11-12,30.57750701904297,31.18905715942383,30.57750701904297,31.18905715942383,34319600,PTT_BK
2021-11-15,30.98520278930664,31.18905280765734,30.577502752605238,30.577502752605238,27749200,PTT_BK
2021-11-16,30.781352996826172,31.392903056365768,30.781352996826172,30.781352996826172,57516600,PTT_BK
2021-11-17,30.98520278930664,31.392902826008044,30.98520278930664,30.98520278930664,45437900,PTT_BK
2021-11-18,30.781352996826172,31.189053036519237,30.781352996826172,30.985203016672706,37107700,PTT_BK
2021-11-19,30.781352996826172,31.189053036519237,30.57750297697964,30.985203016672706,40590100,PTT_BK
2021-11-22,30.373655319213867,30.78135539061271,30.169805283514446,30.78135539061271,93525700,PTT_BK
2021-11-23,30.1698055267334,30.781355638761777,30.1698055267334,30.577505601418984,55594000,PTT_BK
2021-11-24,30.781352996826172,30.985203016672706,30.57750297697964,30.57750297697964,40737600,PTT_BK
2021-11-25,30.781352996826172,31.189053036519237,30.57750297697964,30.985203016672706,30842500,PTT_BK
2021-11-26,30.1698055267334,30.781355638761777,29.965955489390602,30.577505601418984,68866700,PTT_BK
2021-11-29,29.354406356811523,30.169806533389618,29.354406356811523,29.965956489245094,76252300,PTT_BK
2021-11-30,28.946704864501953,29.965955035787232,28.946704864501953,29.762105001530177,121299400,PTT_BK
2021-12-01,29.965957641601562,30.16980769358525,28.946707381683144,29.150557433666826,64936900,PTT_BK
2021-12-02,30.373655319213867,30.373655319213867,29.354405140716757,29.55825517641618,61302400,PTT_BK
2021-12-03,29.965957641601562,30.577507797552617,29.965957641601562,30.373657745568934,36459300,PTT_BK
2021-12-07,30.57750701904297,30.781357065836588,30.169806925455728,30.37365697224935,61053200,PTT_BK
2021-12-08,30.57750701904297,30.985207112630206,30.57750701904297,30.57750701904297,34299900,PTT_BK
2021-12-09,30.57750701904297,30.781357065836588,30.169806925455728,30.57750701904297,52624400,PTT_BK
2021-12-13,30.57750701904297,30.985207112630206,30.169806925455728,30.781357065836588,84879300,PTT_BK
2021-12-14,30.781352996826172,30.781352996826172,30.37365295713311,30.57750297697964,36242300,PTT_BK
2021-12-15,30.57750701904297,30.781357065836588,30.37365697224935,30.57750701904297,38990500,PTT_BK
2021-12-16,30.57750701904297,30.781357065836588,30.169806925455728,30.57750701904297,35239100,PTT_BK
2021-12-17,30.98520278930664,30.98520278930664,30.577502752605238,30.577502752605238,67784100,PTT_BK
2021-12-20,30.373655319213867,30.78135539061271,30.169805283514446,30.57750535491329,39688100,PTT_BK
2021-12-21,30.1698055267334,30.577505601418984,30.1698055267334,30.577505601418984,21118200,PTT_BK
2021-12-22,30.57750701904297,30.57750701904297,30.37365697224935,30.57750701904297,9297200,PTT_BK
2021-12-23,30.98520278930664,30.98520278930664,30.577502752605238,30.577502752605238,41667500,PTT_BK
2021-12-24,30.98520278930664,31.18905280765734,30.781352770955937,30.98520278930664,19817700,PTT_BK
2021-12-27,30.781352996826172,30.985203016672706,30.57750297697964,30.985203016672706,29699300,PTT_BK
2021-12-28,30.98520278930664,30.98520278930664,30.781352770955937,30.781352770955937,18096900,PTT_BK
2021-12-29,31.18905258178711,31.18905258178711,30.78135254803826,30.78135254803826,42015700,PTT_BK
2021-12-30,30.98520278930664,31.392902826008044,30.98520278930664,31.392902826008044,45388600,PTT_BK
2022-01-04,30.98520278930664,31.392902826008044,30.98520278930664,31.18905280765734,59500200,PTT_BK
2022-01-05,31.80060577392578,31.80060577392578,30.9852056258764,31.189055662888748,76590500,PTT_BK
2022-01-06,30.98520278930664,31.800602862709447,30.98520278930664,31.800602862709447,71677600,PTT_BK
2022-01-07,31.596755981445312,31.596755981445312,31.189055904265373,31.392905942855343,59556500,PTT_BK
2022-01-10,31.39290428161621,31.596754309418912,30.985204226010808,31.596754309418912,34789500,PTT_BK
2022-01-11,31.80060577392578,31.80060577392578,31.189055662888748,31.189055662888748,35007100,PTT_BK
2022-01-12,32.00445556640625,32.20830560186107,31.800605530951437,32.00445556640625,36693300,PTT_BK
2022-01-13,32.00445556640625,32.20830560186107,31.59675549549662,32.20830560186107,41109600,PTT_BK
2022-01-14,31.596755981445312,31.800606020035282,31.392905942855343,31.800606020035282,34315800,PTT_BK
2022-01-17,31.596755981445312,32.00445605862525,31.392905942855343,31.800606020035282,32721000,PTT_BK
2022-01-18,30.98520278930664,31.596752844358743,30.98520278930664,31.596752844358743,45708100,PTT_BK
2022-01-19,31.80060577392578,32.004455810938126,31.189055662888748,31.189055662888748,94167200,PTT_BK
2022-01-20,32.20830154418945,32.20830154418945,31.80060152464275,32.20830154418945,45122000,PTT_BK
2022-01-21,31.596755981445312,32.00445605862525,31.189055904265373,31.800606020035282,69342700,PTT_BK
2022-01-24,31.39290428161621,31.596754309418912,30.985204226010808,31.39290428161621,63689200,PTT_BK
2022-01-25,31.18905258178711,31.392902598661536,30.985202564912683,31.18905258178711,39626500,PTT_BK
2022-01-26,31.80060577392578,31.80060577392578,31.189055662888748,31.392905699901092,51285800,PTT_BK
2022-01-27,31.596755981445312,31.596755981445312,30.985205865675404,31.392905942855343,53237100,PTT_BK
2022-01-28,31.596755981445312,31.800606020035282,31.392905942855343,31.596755981445312,33797400,PTT_BK
2022-01-31,31.80060577392578,32.20830584795047,31.596755736913437,31.80060577392578,69888200,PTT_BK
2022-02-01,31.596755981445312,32.20830609721522,31.596755981445312,32.20830609721522,29896300,PTT_BK
2022-02-02,31.596755981445312,31.800606020035282,31.189055904265373,31.596755981445312,35655800,PTT_BK
2022-02-03,31.596755981445312,31.800606020035282,31.392905942855343,31.392905942855343,50852600,PTT_BK
2022-02-04,32.41215133666992,32.616001345076654,31.800601311449736,31.800601311449736,107894100,PTT_BK
2022-02-07,32.616004943847656,32.819854974746704,32.20830488204956,32.616004943847656,88542300,PTT_BK
2022-02-08,32.819854736328125,33.02370476574631,32.61600470690994,32.61600470690994,103839300,PTT_BK
2022-02-09,33.023704528808594,33.227554556764204,32.20830441698616,32.81985450085298,132279000,PTT_BK
2022-02-10,33.023704528808594,33.227554556764204,32.81985450085298,33.023704528808594,68752900,PTT_BK
2022-02-11,32.819854736328125,33.02370476574631,32.61600470690994,32.819854736328125,52130700,PTT_BK
2022-02-14,33.023704528808594,33.63525461267542,33.023704528808594,33.227554556764204,75857700,PTT_BK
2022-02-15,32.819854736328125,33.2275547951645,32.61600470690994,33.02370476574631,57052600,PTT_BK
2022-02-17,32.616004943847656,33.02370500564575,32.616004943847656,32.819854974746704,35510200,PTT_BK
2022-02-18,32.20830154418945,32.616001563736155,32.20830154418945,32.616001563736155,63088500,PTT_BK
2022-02-21,31.596755981445312,32.20830609721522,31.392905942855343,32.20830609721522,81379000,PTT_BK
2022-02-22,31.80060577392578,32.004455810938126,31.392905699901092,31.80060577392578,79687700,PTT_BK
2022-02-23,31.39290428161621,31.800604337221618,31.18905425381351,31.800604337221618,91735100,PTT_BK
2022-02-24,31.596755981445312,31.800606020035282,31.189055904265373,31.392905942855343,76774900,PTT_BK
2022-02-25,31.80060577392578,32.004455810938126,31.596755736913437,31.80060577392578,39802200,PTT_BK
2022-02-28,32.20830154418945,32.4121515539628,32.0044515344161,32.20830154418945,75534700,PTT_BK
2022-03-01,31.80060577392578,32.61600592197516,31.80060577392578,32.412155884962814,59172500,PTT_BK
2022-03-02,32.41215133666992,32.81985135348338,32.004451319856464,32.41215133666992,100744400,PTT_BK
2022-03-03,33.28590774536133,33.493944668769835,32.86983389854431,33.28590774536133,142534500,PTT_BK
2022-03-04,32.037689208984375,33.07787392356179,32.037689208984375,33.07787392356179,103829500,PTT_BK
2022-03-07,32.037689208984375,32.869836980646305,31.82965226606889,32.66180003773082,117744600,PTT_BK
2022-03-08,31.82965087890625,32.245724746604374,30.99750314351001,32.037687812755316,112177000,PTT_BK
2022-03-09,32.2457275390625,32.2457275390625,31.621616683467742,32.03769058719758,81740400,PTT_BK
2022-03-10,32.2457275390625,32.2457275390625,31.82965363533266,32.03769058719758,64666100,PTT_BK
2022-03-11,32.869834899902344,33.077871829648565,31.82965025117126,32.03768718091747,89337900,PTT_BK
2022-03-14,32.869834899902344,32.869834899902344,32.66179797015613,32.66179797015613,24802800,PTT_BK
2022-03-15,32.2457275390625,32.45376449092742,31.82965363533266,32.2457275390625,60174700,PTT_BK
2022-03-16,32.45376205444336,32.45376205444336,32.0376881819505,32.45376205444336,41795600,PTT_BK
2022-03-17,32.661800384521484,32.869837329645826,32.45376343939714,32.661800384521484,54709700,PTT_BK
2022-03-18,32.45376205444336,32.869835926936226,32.45376205444336,32.66179899068979,61983100,PTT_BK
2022-03-21,32.45376205444336,32.66179899068979,32.24572511819693,32.66179899068979,34846800,PTT_BK
2022-03-22,32.661800384521484,33.07787427477017,32.2457264942728,32.2457264942728,89193800,PTT_BK
2022-03-23,32.661800384521484,32.869837329645826,32.45376343939714,32.661800384521484,40523000,PTT_BK
2022-03-24,32.869834899902344,32.869834899902344,32.245724110663694,32.66179797015613,76967400,PTT_BK
2022-03-25,32.45376205444336,32.869835926936226,32.24572511819693,32.66179899068979,33546900,PTT_BK
2022-03-28,32.45376205444336,32.869835926936226,32.45376205444336,32.45376205444336,23921800,PTT_BK
2022-03-29,32.2457275390625,32.66180144279234,32.03769058719758,32.45376449092742,36520900,PTT_BK
2022-03-30,32.2457275390625,32.45376449092742,32.03769058719758,32.2457275390625,42685600,PTT_BK
2022-03-31,32.037689208984375,32.453763094815336,32.037689208984375,32.453763094815336,38098600,PTT_BK
2022-04-01,32.2457275390625,32.45376449092742,32.03769058719758,32.03769058719758,40102700,PTT_BK
2022-04-04,32.2457275390625,32.45376449092742,32.03769058719758,32.2457275390625,35910600,PTT_BK
2022-04-05,32.037689208984375,32.453763094815336,32.037689208984375,32.24572615189986,45728000,PTT_BK
2022-04-07,31.82965087890625,32.037687812755316,31.62161394505719,32.037687812755316,68030700,PTT_BK
2022-04-08,31.41357421875,32.037684964817885,31.413574218750004,31.829648049461923,53592600,PTT_BK
2022-04-11,31.41357421875,31.62161113410596,31.205537303394042,31.413574218750004,26445000,PTT_BK
2022-04-12,30.789466857910156,31.413577672597523,30.789466857910156,31.2055407343684,52893300,PTT_BK
2022-04-18,30.99750518798828,31.205542135558673,30.78946824041789,30.99750518798828,61554400,PTT_BK
2022-04-19,31.41357421875,31.829648049461923,30.99750038803808,31.205537303394042,55317000,PTT_BK
2022-04-20,31.20554542541504,31.621619364420575,31.20554542541504,31.413582394917807,27315600,PTT_BK
2022-04-21,31.41357421875,31.413574218750004,31.205537303394042,31.413574218750004,19730200,PTT_BK
2022-04-22,30.99750518798828,31.205542135558673,30.78946824041789,31.205542135558673,39360500,PTT_BK
2022-04-25,30.789466857910156,30.997503796139277,30.58142991968103,30.789466857910156,41645800,PTT_BK
2022-04-26,30.581432342529297,30.997506251951464,30.581432342529297,30.78946929724038,36076200,PTT_BK
2022-04-27,30.373394012451172,30.789467903032694,30.373394012451172,30.581430957741933,44241500,PTT_BK
2022-04-28,30.99750518798828,30.99750518798828,30.37339434527711,30.581431292847498,52595000,PTT_BK
2022-04-29,31.20554542541504,31.413582394917807,30.99750845591227,30.99750845591227,40607100,PTT_BK
2022-05-03,30.99750518798828,31.413579083129065,30.78946824041789,31.205542135558673,32133300,PTT_BK
2022-05-05,31.20554542541504,31.621619364420575,30.99750845591227,31.413582394917807,40723300,PTT_BK
2022-05-06,30.99750518798828,31.205542135558673,30.99750518798828,30.99750518798828,30300400,PTT_BK
2022-05-09,30.789466857910156,31.413577672597523,30.789466857910156,31.2055407343684,41035800,PTT_BK
2022-05-10,30.789466857910156,30.997503796139277,30.58142991968103,30.789466857910156,84699200,PTT_BK
2022-05-11,30.581432342529297,30.997506251951464,30.373395387818213,30.78946929724038,50440000,PTT_BK
2022-05-12,30.373394012451172,30.789467903032694,30.16535706716041,30.581430957741933,68386000,PTT_BK
2022-05-13,30.16535186767578,30.78946259597252,30.16535186767578,30.78946259597252,39847200,PTT_BK
2022-05-17,30.789466857910156,30.789466857910156,30.165356043222786,30.37339298145191,78725500,PTT_BK
2022-05-18,30.581432342529297,30.997506251951464,30.581432342529297,30.78946929724038,53076800,PTT_BK
2022-05-19,30.16535186767578,30.373388777108026,30.16535186767578,30.16535186767578,33653100,PTT_BK
2022-05-20,30.581432342529297,30.78946929724038,30.373395387818213,30.373395387818213,31182100,PTT_BK
2022-05-23,31.20554542541504,31.413582394917807,30.58143451690674,30.58143451690674,62122800,PTT_BK
2022-05-24,30.789466857910156,31.2055407343684,30.58142991968103,30.997503796139277,60315400,PTT_BK
2022-05-25,30.581432342529297,30.997506251951464,30.581432342529297,30.78946929724038,33843300,PTT_BK
2022-05-26,30.789466857910156,30.997503796139277,30.58142991968103,30.789466857910156,32512900,PTT_BK
2022-05-27,31.20554542541504,31.20554542541504,30.789471486409504,30.99750845591227,36074200,PTT_BK
2022-05-30,31.621614456176758,31.621614456176758,31.20554058175338,31.41357751896507,61181000,PTT_BK
2022-05-31,31.82965087890625,31.82965087890625,31.20554007735907,31.62161394505719,82813300,PTT_BK
2022-06-01,31.82965087890625,32.037687812755316,31.62161394505719,31.62161394505719,52395000,PTT_BK
2022-06-02,31.621614456176758,31.82965139338845,31.41357751896507,31.41357751896507,30230400,PTT_BK
2022-06-06,31.82965087890625,32.037687812755316,31.62161394505719,31.62161394505719,38003100,PTT_BK
2022-06-07,31.621614456176758,31.82965139338845,31.41357751896507,31.82965139338845,34007000,PTT_BK
2022-06-08,31.621614456176758,31.82965139338845,31.41357751896507,31.82965139338845,32084300,PTT_BK
2022-06-09,31.41357421875,31.829648049461923,31.205537303394042,31.62161113410596,36018700,PTT_BK
2022-06-10,31.20554542541504,31.413582394917807,30.99750845591227,31.20554542541504,39593300,PTT_BK
2022-06-13,30.373394012451172,30.997504848323455,30.373394012451172,30.997504848323455,69982900,PTT_BK
2022-06-14,30.373394012451172,30.581430957741933,30.16535706716041,30.373394012451172,29172400,PTT_BK
2022-06-15,29.957319259643555,30.581430077552795,29.957319259643555,30.581430077552795,64502900,PTT_BK
2022-06-16,28.91713523864746,30.16535690362505,28.91713523864746,29.957319959462115,181631200,PTT_BK
2022-06-17,27.8769474029541,28.709095086624373,27.8769474029541,28.709095086624373,252882700,PTT_BK
2022-06-20,27.668914794921875,27.87695174826715,27.460877841576597,27.668914794921875,44082000,PTT_BK
2022-06-21,28.08498764038086,28.29302458586516,27.876950694896557,28.08498764038086,66612500,PTT_BK
2022-06-22,28.08498764038086,28.08498764038086,27.668913749412255,27.876950694896557,60696200,PTT_BK
2022-06-23,27.668914794921875,28.084988701612428,27.460877841576597,27.87695174826715,95160600,PTT_BK
2022-06-24,27.668914794921875,27.87695174826715,27.25284088823132,27.87695174826715,101170400,PTT_BK
2022-06-27,28.293025970458984,28.50106292612412,27.668915103463565,27.876952059128705,60386500,PTT_BK
2022-06-28,29.125173568725586,29.125173568725586,28.084988798413956,28.293025752476282,103017000,PTT_BK
2022-06-29,29.125173568725586,29.333210522787912,28.709099660600934,28.91713661466326,87925800,PTT_BK
2022-06-30,28.293025970458984,29.33321074878468,28.293025970458984,29.33321074878468,73497500,PTT_BK
2022-07-01,28.709096908569336,28.709096908569336,28.293023040329203,28.50105997444927,26783100,PTT_BK
2022-07-04,28.501056671142578,28.709093581150917,28.084982851125897,28.709093581150917,69448200,PTT_BK
2022-07-05,28.501056671142578,28.501056671142578,28.084982851125897,28.29301976113424,57879800,PTT_BK
2022-07-06,28.293025970458984,28.50106292612412,27.876952059128705,28.293025970458984,60256300,PTT_BK
2022-07-07,28.91713523864746,29.12517218281039,27.876950517832803,28.293024406158665,73502900,PTT_BK
2022-07-08,28.709096908569336,29.125170776809473,28.50105997444927,28.917133842689406,54322900,PTT_BK
2022-07-11,28.293025970458984,28.70909988178926,28.084989014793845,28.50106292612412,49444500,PTT_BK
2022-07-12,28.08498764038086,28.29302458586516,27.876950694896557,28.08498764038086,44995200,PTT_BK
2022-07-14,28.08498764038086,28.29302458586516,27.668913749412255,27.668913749412255,68303400,PTT_BK
2022-07-15,27.8769474029541,28.293021244789237,27.460873561118966,28.08498432387167,46734000,PTT_BK
2022-07-18,28.709096908569336,28.709096908569336,27.876949172089066,27.876949172089066,61647600,PTT_BK
2022-07-19,28.501056671142578,28.709093581150917,28.29301976113424,28.501056671142578,58599300,PTT_BK
2022-07-20,28.501056671142578,28.709093581150917,28.29301976113424,28.501056671142578,62716500,PTT_BK
2022-07-21,28.501056671142578,28.501056671142578,28.084982851125897,28.29301976113424,19639400,PTT_BK
2022-07-22,28.709096908569336,28.709096908569336,28.293023040329203,28.50105997444927,31604300,PTT_BK
2022-07-25,28.501056671142578,28.709093581150917,28.29301976113424,28.501056671142578,19818200,PTT_BK
2022-07-26,28.709096908569336,28.917133842689406,28.50105997444927,28.709096908569336,30315100,PTT_BK
2022-07-27,28.91713523864746,28.91713523864746,28.501061350321596,28.501061350321596,29089000,PTT_BK
2022-08-01,29.333209991455078,29.541246941749087,28.709099140573056,28.917136090867064,88917000,PTT_BK
2022-08-02,29.333209991455078,29.541246941749087,28.917136090867064,29.333209991455078,53686100,PTT_BK
2022-08-03,29.333209991455078,29.541246941749087,29.12517304116107,29.333209991455078,27271900,PTT_BK
2022-08-04,29.125173568725586,29.541247476850238,28.91713661466326,29.541247476850238,32575400,PTT_BK
2022-08-05,29.54124641418457,29.54124641418457,28.709098627869515,28.917135574448277,53854700,PTT_BK
2022-08-08,30.373394012451172,30.373394012451172,29.1251723407066,29.333209285997363,80742100,PTT_BK
2022-08-09,30.16535186767578,30.581425686540275,29.957314958243533,30.16535186767578,46983100,PTT_BK
2022-08-10,30.581432342529297,30.581432342529297,30.16535843310713,30.16535843310713,45477700,PTT_BK
2022-08-11,30.789466857910156,30.789466857910156,30.165356043222786,30.789466857910156,51073400,PTT_BK
2022-08-15,30.789466857910156,30.997503796139277,30.37339298145191,30.58142991968103,34452500,PTT_BK
2022-08-16,31.20554542541504,31.20554542541504,30.789471486409504,30.99750845591227,75762700,PTT_BK
2022-08-17,31.41357421875,31.62161113410596,30.99750038803808,31.205537303394042,89352700,PTT_BK
2022-08-18,30.99750518798828,31.413579083129065,30.78946824041789,31.205542135558673,45521500,PTT_BK
2022-08-19,30.789466857910156,31.2055407343684,30.789466857910156,30.997503796139277,38474800,PTT_BK
2022-08-22,30.581432342529297,31.20554320666255,30.581432342529297,30.78946929724038,52110800,PTT_BK
2022-08-23,31.20554542541504,31.413582394917807,30.58143451690674,30.58143451690674,47634400,PTT_BK
2022-08-24,31.41357421875,31.829648049461923,31.205537303394042,31.413574218750004,96869700,PTT_BK
2022-08-25,31.41357421875,31.62161113410596,31.205537303394042,31.413574218750004,42514900,PTT_BK
2022-08-26,31.621614456176758,31.621614456176758,31.20554058175338,31.41357751896507,35083300,PTT_BK
2022-08-29,31.20554542541504,31.413582394917807,30.789471486409504,31.20554542541504,64898600,PTT_BK
2022-08-30,31.621614456176758,31.621614456176758,31.20554058175338,31.20554058175338,49033400,PTT_BK
2022-08-31,31.20554542541504,31.413582394917807,30.99750845591227,31.413582394917807,76636200,PTT_BK
2022-09-01,30.581432342529297,31.20554320666255,30.373395387818213,30.997506251951464,68865000,PTT_BK
2022-09-02,30.581432342529297,30.78946929724038,30.373395387818213,30.581432342529297,35303200,PTT_BK
2022-09-05,30.789466857910156,30.997503796139277,30.37339298145191,30.58142991968103,37083900,PTT_BK
2022-09-06,30.99750518798828,31.205542135558673,30.78946824041789,30.78946824041789,20756500,PTT_BK
2022-09-07,30.789466857910156,30.997503796139277,30.58142991968103,30.789466857910156,36279400,PTT_BK
2022-09-08,30.16535186767578,30.581425686540275,30.16535186767578,30.581425686540275,67305800,PTT_BK
2022-09-09,30.581432342529297,30.78946929724038,30.16535843310713,30.373395387818213,36255000,PTT_BK
2022-09-12,30.99750518798828,31.205542135558673,30.581431292847498,30.78946824041789,56435400,PTT_BK
2022-09-13,30.789466857910156,30.997503796139277,30.58142991968103,30.789466857910156,44958500,PTT_BK
2022-09-14,30.581432342529297,30.78946929724038,30.373395387818213,30.581432342529297,41145900,PTT_BK
2022-09-15,30.581432342529297,30.997506251951464,30.581432342529297,30.78946929724038,42997100,PTT_BK
2022-09-16,30.581432342529297,30.997506251951464,30.581432342529297,30.78946929724038,96082500,PTT_BK
2022-09-19,30.581432342529297,30.997506251951464,30.581432342529297,30.78946929724038,31788500,PTT_BK
2022-09-20,30.789466857910156,30.997503796139277,30.58142991968103,30.789466857910156,53669000,PTT_BK
2022-09-21,30.789466857910156,30.997503796139277,30.58142991968103,30.789466857910156,46103900,PTT_BK
2022-09-22,30.99750518798828,31.205542135558673,30.581431292847498,30.78946824041789,60802000,PTT_BK
2022-09-23,30.789466857910156,30.997503796139277,30.789466857910156,30.997503796139277,38769800,PTT_BK
2022-09-26,30.789466857910156,30.997503796139277,30.37339298145191,30.789466857910156,55859200,PTT_BK
2022-09-27,30.581432342529297,30.78946929724038,30.581432342529297,30.581432342529297,55111300,PTT_BK
2022-09-28,30.193233489990234,30.624565396990096,30.193233489990234,30.408899443490167,49151800,PTT_BK
2022-09-29,29.54623031616211,30.62455988974467,29.3305644014456,30.408893975028157,96070900,PTT_BK
2022-09-30,29.330564498901367,29.761896329767563,29.330564498901367,29.330564498901367,75492000,PTT_BK
2022-10-03,29.330564498901367,29.546230414334467,29.11489858346827,29.330564498901367,55553600,PTT_BK
2022-10-04,29.76190185546875,29.97756781094316,29.546235899994336,29.76190185546875,51217300,PTT_BK
2022-10-05,29.76190185546875,29.97756781094316,29.546235899994336,29.76190185546875,69696700,PTT_BK
2022-10-06,29.76190185546875,30.19323376641757,29.76190185546875,29.76190185546875,71940600,PTT_BK
2022-10-07,29.76190185546875,29.97756781094316,29.546235899994336,29.76190185546875,58567500,PTT_BK
2022-10-10,29.76190185546875,29.97756781094316,29.330569944519926,29.76190185546875,87348000,PTT_BK
2022-10-11,29.76190185546875,29.76190185546875,29.546235899994336,29.546235899994336,20949500,PTT_BK
2022-10-12,29.76190185546875,30.19323376641757,29.76190185546875,29.76190185546875,38256500,PTT_BK
2022-10-17,29.54623031616211,29.761896230878623,29.3305644014456,29.761896230878623,91968100,PTT_BK
2022-10-18,29.54623031616211,29.761896230878623,29.3305644014456,29.54623031616211,69784400,PTT_BK
2022-10-19,29.54623031616211,29.761896230878623,29.54623031616211,29.54623031616211,10486300,PTT_BK
2022-10-20,29.977567672729492,29.977567672729492,29.546235763769356,29.546235763769356,33038700,PTT_BK
2022-10-21,29.977567672729492,30.408899581689628,29.977567672729492,29.977567672729492,24070000,PTT_BK
2022-10-25,30.193233489990234,30.624565396990096,30.193233489990234,30.408899443490167,67017600,PTT_BK
2022-10-26,30.193233489990234,30.408899443490167,29.977567536490305,30.193233489990234,41593100,PTT_BK
2022-10-27,30.62456512451172,30.62456512451172,29.977567269768514,30.19323322134958,32737400,PTT_BK
2022-10-28,31.055896759033203,31.055896759033203,30.408898909886677,30.408898909886677,53733200,PTT_BK
2022-10-31,31.055896759033203,31.27156270874871,30.840230809317692,31.055896759033203,52149800,PTT_BK
2022-11-01,31.055896759033203,31.27156270874871,30.840230809317692,31.055896759033203,60355400,PTT_BK
2022-11-02,31.055896759033203,31.27156270874871,30.840230809317692,31.27156270874871,59855100,PTT_BK
2022-11-03,30.84023094177246,31.05589689241423,30.624564991130697,30.84023094177246,43601200,PTT_BK
2022-11-04,31.055896759033203,31.27156270874871,31.055896759033203,31.055896759033203,60730300,PTT_BK
2022-11-07,30.84023094177246,31.271562843055992,30.624564991130697,31.05589689241423,78978600,PTT_BK
2022-11-08,30.62456512451172,30.84023107609279,30.40889917293065,30.84023107609279,28564500,PTT_BK
2022-11-09,30.193233489990234,30.624565396990096,30.193233489990234,30.624565396990096,51277300,PTT_BK
2022-11-10,29.54623031616211,29.977562145595133,29.3305644014456,29.761896230878623,64884000,PTT_BK
2022-11-11,29.977567672729492,30.19323362720956,29.546235763769356,29.761901718249423,54886600,PTT_BK
2022-11-14,29.330564498901367,29.977562245200662,28.89923266803517,29.761896329767563,102696100,PTT_BK
2022-11-15,28.89923858642578,29.330570505626163,28.683572626825587,29.114904546025972,85702900,PTT_BK
2022-11-16,28.89923858642578,29.114904546025972,28.683572626825587,28.89923858642578,56698100,PTT_BK
2022-11-17,28.46790313720703,28.89923500292229,28.46790313720703,28.68356907006466,71697700,PTT_BK
2022-11-18,28.89923858642578,28.89923858642578,28.2522407076252,28.467906667225396,71033500,PTT_BK
2022-11-21,28.683568954467773,28.899234886456252,28.467903022479295,28.683568954467773,39724000,PTT_BK
2022-11-22,28.683568954467773,28.899234886456252,28.467903022479295,28.683568954467773,44381500,PTT_BK
2022-11-23,29.114904403686523,29.33057036223235,28.467906528049046,28.467906528049046,68409800,PTT_BK
2022-11-24,29.114904403686523,29.33057036223235,28.683572486594873,29.33057036223235,53964000,PTT_BK
2022-11-25,29.114904403686523,29.114904403686523,28.683572486594873,29.114904403686523,36071400,PTT_BK
2022-11-28,28.683568954467773,28.899234886456252,28.252237090490816,28.467903022479295,62644300,PTT_BK
2022-11-29,28.683568954467773,28.899234886456252,28.467903022479295,28.683568954467773,55324600,PTT_BK
2022-11-30,28.683568954467773,29.11490081844473,28.467903022479295,28.683568954467773,88354200,PTT_BK
2022-12-01,28.683568954467773,29.11490081844473,28.683568954467773,28.899234886456252,56433700,PTT_BK
2022-12-02,28.46790313720703,28.89923500292229,28.46790313720703,28.68356907006466,28119000,PTT_BK
2022-12-06,28.25223731994629,28.683569187426382,28.25223731994629,28.683569187426382,60085700,PTT_BK
2022-12-07,27.820905685424805,28.46790349206259,27.605239749878876,28.25223755651666,112248500,PTT_BK
2022-12-08,27.389572143554688,27.820903988335075,27.389572143554688,27.820903988335075,77577900,PTT_BK
2022-12-09,27.605239868164062,28.036571741104126,27.173907995224,27.38957393169403,72581800,PTT_BK
2022-12-13,27.605239868164062,27.820905804634094,27.38957393169403,27.820905804634094,65611400,PTT_BK
2022-12-14,27.389572143554688,27.820903988335075,27.389572143554688,27.60523806594488,50389300,PTT_BK
2022-12-15,27.17391014099121,27.605242047991073,26.95824418749128,27.389576094491144,96837000,PTT_BK
2022-12-16,26.958242416381836,27.17390835571289,26.742576477050783,26.958242416381836,74996800,PTT_BK
2022-12-19,26.958242416381836,26.958242416381836,26.526910537719726,26.742576477050783,47133700,PTT_BK
2022-12-20,26.958242416381836,27.17390835571289,26.742576477050783,26.742576477050783,48572100,PTT_BK
2022-12-21,26.742578506469727,27.173910417864402,26.52691255077239,26.958244462167066,76194000,PTT_BK
2022-12-22,27.17391014099121,27.17391014099121,26.742578233991352,26.742578233991352,30432600,PTT_BK
2022-12-23,27.17391014099121,27.389576094491144,26.95824418749128,27.17391014099121,37979900,PTT_BK
2022-12-26,27.820905685424805,27.820905685424805,27.17390787878702,27.17390787878702,39661000,PTT_BK
2022-12-27,28.03657341003418,28.252239359342138,27.820907460726225,28.03657341003418,80790200,PTT_BK
2022-12-28,28.25223731994629,28.25223731994629,27.820905452466192,28.03657138620624,49817800,PTT_BK
2022-12-29,28.25223731994629,28.467903253686337,28.03657138620624,28.25223731994629,61347100,PTT_BK
2022-12-30,28.683568954467773,28.899234886456252,28.252237090490816,28.467903022479295,94398400,PTT_BK
2023-01-03,28.25223731994629,28.89923512116643,28.25223731994629,28.467903253686337,46133500,PTT_BK
2023-01-04,27.605239868164062,28.036571741104126,27.605239868164062,28.036571741104126,54885800,PTT_BK
2023-01-05,27.820905685424805,27.820905685424805,27.605239749878876,27.605239749878876,32895800,PTT_BK
2023-01-06,28.03657341003418,28.252239359342138,27.820907460726225,27.820907460726225,53655400,PTT_BK
2023-01-09,28.46790313720703,28.68356907006466,28.252237204349402,28.252237204349402,48532500,PTT_BK
2023-01-10,28.683568954467773,28.683568954467773,28.252237090490816,28.683568954467773,39536000,PTT_BK
2023-01-11,28.89923858642578,28.89923858642578,28.467906667225396,28.683572626825587,45429000,PTT_BK
2023-01-12,29.114904403686523,29.114904403686523,28.683572486594873,28.899238445140696,41011700,PTT_BK
2023-01-13,29.114904403686523,29.33057036223235,28.683572486594873,29.114904403686523,70859700,PTT_BK
2023-01-16,29.114904403686523,29.33057036223235,28.899238445140696,29.114904403686523,67881400,PTT_BK
2023-01-17,28.89923858642578,29.330570505626163,28.683572626825587,29.114904546025972,81911800,PTT_BK
2023-01-18,28.89923858642578,29.114904546025972,28.683572626825587,28.683572626825587,33231900,PTT_BK
2023-01-19,28.89923858642578,28.89923858642578,28.467906667225396,28.683572626825587,24592400,PTT_BK
2023-01-20,28.683568954467773,29.11490081844473,28.467903022479295,28.899234886456252,64287500,PTT_BK
2023-01-23,29.114904403686523,29.114904403686523,28.683572486594873,28.683572486594873,15055100,PTT_BK
2023-01-24,28.89923858642578,29.330570505626163,28.89923858642578,29.114904546025972,15614500,PTT_BK
2023-01-25,28.89923858642578,29.114904546025972,28.683572626825587,28.89923858642578,13118000,PTT_BK
2023-01-26,28.683568954467773,28.899234886456252,28.467903022479295,28.683568954467773,50612800,PTT_BK
2023-01-27,28.683568954467773,28.899234886456252,28.467903022479295,28.683568954467773,27506500,PTT_BK
2023-01-30,28.683568954467773,28.899234886456252,28.683568954467773,28.683568954467773,18635300,PTT_BK
2023-01-31,28.683568954467773,28.899234886456252,28.467903022479295,28.683568954467773,35789700,PTT_BK
2023-02-01,28.683568954467773,28.899234886456252,28.467903022479295,28.683568954467773,30502600,PTT_BK
2023-02-02,28.46790313720703,28.68356907006466,28.46790313720703,28.46790313720703,18714300,PTT_BK
2023-02-03,28.46790313720703,28.46790313720703,28.036571271491773,28.46790313720703,51993500,PTT_BK
2023-02-06,28.25223731994629,28.467903253686337,28.03657138620624,28.25223731994629,34777800,PTT_BK
2023-02-07,28.03657341003418,28.467905308650092,28.03657341003418,28.252239359342138,33722000,PTT_BK
2023-02-08,28.25223731994629,28.467903253686337,28.03657138620624,28.25223731994629,42268500,PTT_BK
2023-02-09,28.03657341003418,28.252239359342138,27.820907460726225,28.252239359342138,41334100,PTT_BK
2023-02-10,28.03657341003418,28.03657341003418,27.820907460726225,27.820907460726225,29947400,PTT_BK
2023-02-13,27.820905685424805,28.036571620970733,27.820905685424805,27.820905685424805,18038400,PTT_BK
2023-02-14,28.25223731994629,28.25223731994629,27.820905452466192,28.03657138620624,59581000,PTT_BK
2023-02-15,28.25223731994629,28.25223731994629,28.03657138620624,28.03657138620624,15754100,PTT_BK
2023-02-16,28.25223731994629,28.467903253686337,28.03657138620624,28.25223731994629,24067400,PTT_BK
2023-02-17,28.89923858642578,28.89923858642578,28.03657474802501,28.03657474802501,58417200,PTT_BK
2023-02-20,28.46790313720703,28.89923500292229,28.252237204349402,28.89923500292229,43001100,PTT_BK
2023-02-21,28.683568954467773,28.683568954467773,28.252237090490816,28.467903022479295,38438700,PTT_BK
2023-02-22,28.25223731994629,28.683569187426382,28.25223731994629,28.467903253686337,35863900,PTT_BK
2023-02-23,27.820905685424805,28.25223755651666,27.820905685424805,28.25223755651666,48150200,PTT_BK
2023-02-24,28.03657341003418,28.03657341003418,27.820907460726225,28.03657341003418,22536100,PTT_BK
2023-02-27,27.605239868164062,28.036571741104126,27.605239868164062,27.820905804634094,44190500,PTT_BK
2023-02-28,27.389572143554688,28.03656991072527,27.389572143554688,27.820903988335075,75359100,PTT_BK
2023-03-01,27.605239868164062,28.036571741104126,27.605239868164062,27.605239868164062,36462800,PTT_BK
2023-03-02,27.781633377075195,28.002122530861506,27.561144223288885,27.781633377075195,60011300,PTT_BK
2023-03-03,27.781633377075195,28.002122530861506,27.781633377075195,27.781633377075195,19908100,PTT_BK
2023-03-07,28.002119064331055,28.44309731731265,27.78162993784026,28.002119064331055,42108700,PTT_BK
2023-03-08,27.781633377075195,28.002122530861506,27.781633377075195,27.781633377075195,24125500,PTT_BK
2023-03-09,27.340656280517578,27.781634607622703,27.340656280517578,27.781634607622703,58118800,PTT_BK
2023-03-10,27.120166778564453,27.120166778564453,26.67918845696178,27.120166778564453,26879800,PTT_BK
2023-03-13,26.679189682006836,27.340657194783866,26.679189682006836,26.89967885293251,51544100,PTT_BK
2023-03-14,26.017719268798828,26.89967585418184,26.017719268798828,26.679186707836088,110899000,PTT_BK
2023-03-15,26.679189682006836,27.120168023858188,26.458700511081158,26.458700511081158,63129600,PTT_BK
2023-03-16,26.238210678100586,26.458699843462774,26.017721512738394,26.238210678100586,51758200,PTT_BK
2023-03-17,26.458698272705078,26.67918742497762,26.238209120432536,26.238209120432536,95312200,PTT_BK
2023-03-20,26.458698272705078,26.67918742497762,26.017719968159994,26.238209120432536,50034500,PTT_BK
2023-03-21,27.120166778564453,27.120166778564453,26.458699296160443,26.458699296160443,34149100,PTT_BK
2023-03-22,27.781633377075195,27.781633377075195,27.34065506950257,27.34065506950257,47338800,PTT_BK
2023-03-23,27.56114387512207,27.78163302612305,27.340654724121094,27.56114387512207,37963400,PTT_BK
2023-03-24,27.340656280517578,27.781634607622703,27.340656280517578,27.781634607622703,24768200,PTT_BK
2023-03-27,27.56114387512207,27.56114387512207,27.12016557312012,27.56114387512207,21350800,PTT_BK
2023-03-28,27.781633377075195,28.002122530861506,27.561144223288885,27.781633377075195,22263200,PTT_BK
2023-03-29,28.002119064331055,28.002119064331055,27.561140811349464,28.002119064331055,26832100,PTT_BK
2023-03-30,27.56114387512207,28.002122177124026,27.56114387512207,27.78163302612305,38196200,PTT_BK
2023-03-31,27.781633377075195,28.002122530861506,27.561144223288885,27.561144223288885,20385200,PTT_BK
2023-04-03,28.002119064331055,28.222608190821852,27.561140811349464,28.002119064331055,88734400,PTT_BK
2023-04-04,27.781633377075195,28.002122530861506,27.561144223288885,27.781633377075195,34517100,PTT_BK
2023-04-05,27.56114387512207,27.56114387512207,27.12016557312012,27.56114387512207,39472700,PTT_BK
2023-04-07,27.56114387512207,27.56114387512207,27.340654724121094,27.340654724121094,15385800,PTT_BK
2023-04-10,27.781633377075195,27.781633377075195,27.34065506950257,27.34065506950257,22580200,PTT_BK
2023-04-11,27.781633377075195,28.002122530861506,27.561144223288885,27.561144223288885,33670600,PTT_BK
2023-04-12,27.781633377075195,28.002122530861506,27.34065506950257,28.002122530861506,39285600,PTT_BK
2023-04-17,27.781633377075195,28.002122530861506,27.561144223288885,28.002122530861506,27799200,PTT_BK
2023-04-18,27.781633377075195,27.781633377075195,27.561144223288885,27.561144223288885,8998200,PTT_BK
2023-04-19,27.340656280517578,27.781634607622703,27.340656280517578,27.561145444070142,37178600,PTT_BK
2023-04-20,26.899675369262695,27.561142796375712,26.899675369262695,27.340653654004708,31693300,PTT_BK
2023-04-21,27.120166778564453,27.34065593936579,26.67918845696178,26.899677617763114,36070500,PTT_BK
2023-04-24,27.340656280517578,27.340656280517578,26.899677953412457,26.899677953412457,17726300,PTT_BK
2023-04-25,27.340656280517578,27.340656280517578,27.120167116965018,27.340656280517578,11618700,PTT_BK
2023-04-26,26.899675369262695,27.340653654004708,26.899675369262695,27.1201645116337,30213700,PTT_BK
2023-04-27,27.120166778564453,27.120166778564453,26.67918845696178,26.899677617763114,24268400,PTT_BK
2023-04-28,27.340656280517578,27.561145444070142,27.120167116965018,27.120167116965018,30317000,PTT_BK
2023-05-02,27.340656280517578,27.561145444070142,27.120167116965018,27.340656280517578,34330700,PTT_BK
2023-05-03,26.899675369262695,27.1201645116337,26.458697084520683,27.1201645116337,76260200,PTT_BK
2023-05-08,27.340656280517578,27.561145444070142,26.899677953412457,27.120167116965018,51404200,PTT_BK
2023-05-09,27.781633377075195,27.781633377075195,27.34065506950257,27.561144223288885,58405400,PTT_BK
2023-05-10,28.222610473632812,28.44309961795807,27.7816321849823,27.7816321849823,46012300,PTT_BK
2023-05-11,28.443099975585938,28.6635891226835,28.22261082848837,28.22261082848837,37154600,PTT_BK
2023-05-12,28.443099975585938,28.6635891226835,28.22261082848837,28.443099975585938,35997800,PTT_BK
2023-05-15,28.443099975585938,28.6635891226835,28.22261082848837,28.6635891226835,46728900,PTT_BK
2023-05-16,28.443099975585938,28.6635891226835,28.22261082848837,28.443099975585938,38638800,PTT_BK
2023-05-17,28.002119064331055,28.44309731731265,27.78162993784026,28.44309731731265,38755000,PTT_BK
2023-05-18,27.781633377075195,28.443100838434127,28.002122530861506,28.002122530861506,26434300,PTT_BK
2023-05-19,27.56114387512207,28.002122177124026,27.56114387512207,28.002122177124026,21238600,PTT_BK
2023-05-22,27.56114387512207,27.78163302612305,26.899676422119143,27.340654724121094,51009500,PTT_BK
2023-05-23,27.781633377075195,27.781633377075195,27.34065506950257,27.561144223288885,33718300,PTT_BK
2023-05-24,27.781633377075195,28.002122530861506,27.561144223288885,27.781633377075195,11832000,PTT_BK
2023-05-25,27.56114387512207,28.002122177124026,27.56114387512207,27.78163302612305,26468100,PTT_BK
2023-05-26,27.340656280517578,27.781634607622703,27.340656280517578,27.561145444070142,8197000,PTT_BK
2023-05-29,27.340656280517578,27.561145444070142,27.120167116965018,27.340656280517578,43824300,PTT_BK
2023-05-30,27.120166778564453,27.34065593936579,26.899677617763114,27.34065593936579,24932500,PTT_BK
2023-05-31,26.458698272705078,26.899676577250162,26.458698272705078,26.899676577250162,59120500,PTT_BK
2023-06-01,26.458698272705078,26.67918742497762,26.238209120432536,26.458698272705078,17753900,PTT_BK
2023-06-02,26.679189682006836,26.89967885293251,26.458700511081158,26.458700511081158,17069900,PTT_BK
2023-06-06,27.120166778564453,27.120166778564453,26.67918845696178,26.899677617763114,21804800,PTT_BK
2023-06-07,27.120166778564453,27.120166778564453,26.67918845696178,26.899677617763114,23931000,PTT_BK
2023-06-08,28.002119064331055,27.78162993784026,26.899673431877076,26.899673431877076,70895500,PTT_BK
2023-06-09,28.002119064331055,28.222608190821852,27.78162993784026,28.002119064331055,21710400,PTT_BK
2023-06-12,27.781633377075195,28.002122530861506,27.781633377075195,27.781633377075195,5939500,PTT_BK
2023-06-13,27.781633377075195,28.002122530861506,27.561144223288885,27.781633377075195,22574700,PTT_BK
2023-06-14,27.781633377075195,28.002122530861506,27.781633377075195,27.781633377075195,4761700,PTT_BK
2023-06-15,27.56114387512207,28.002122177124026,27.56114387512207,27.78163302612305,13090800,PTT_BK
2023-06-16,28.002119064331055,28.222608190821852,27.561140811349464,27.78162993784026,44010400,PTT_BK
2023-06-19,27.781633377075195,28.222611684647816,27.781633377075195,28.002122530861506,15303600,PTT_BK
2023-06-20,27.781633377075195,28.222611684647816,27.561144223288885,28.002122530861506,31338400,PTT_BK
2023-06-21,28.002119064331055,28.222608190821852,27.78162993784026,28.002119064331055,28363300,PTT_BK
2023-06-22,27.781633377075195,28.222611684647816,27.781633377075195,28.002122530861506,33735200,PTT_BK
2023-06-23,28.002119064331055,28.002119064331055,27.561140811349464,27.78162993784026,21021500,PTT_BK
2023-06-26,27.781633377075195,28.002122530861506,27.781633377075195,27.781633377075195,7318600,PTT_BK
2023-06-27,27.781633377075195,28.002122530861506,27.561144223288885,28.002122530861506,30779800,PTT_BK
2023-06-28,27.56114387512207,27.78163302612305,27.340654724121094,27.78163302612305,50943100,PTT_BK
2023-06-29,28.884077072143555,28.884077072143555,27.56114224441179,27.781631382367085,84534700,PTT_BK
2023-06-30,29.545547485351562,29.98652580602845,28.884080004336226,29.104569164674672,168226000,PTT_BK
2023-07-03,29.545547485351562,29.766036645690004,29.325058325013117,29.766036645690004,48102400,PTT_BK
2023-07-04,29.766036987304688,29.766036987304688,29.325058661566842,29.545547824435765,37024800,PTT_BK
2023-07-05,29.986520767211914,29.986520767211914,29.54554252063527,29.766031643923593,17656100,PTT_BK
2023-07-06,29.766036987304688,29.98652615017361,29.325058661566842,29.766036987304688,54063100,PTT_BK
2023-07-07,29.766036987304688,29.766036987304688,29.325058661566842,29.545547824435765,33761200,PTT_BK
2023-07-10,29.986520767211914,29.986520767211914,29.54554252063527,29.766031643923593,22586700,PTT_BK
2023-07-11,29.986520767211914,30.207009890500238,29.54554252063527,29.986520767211914,33770600,PTT_BK
2023-07-12,30.20701026916504,30.20701026916504,29.76603201706044,30.20701026916504,40729100,PTT_BK
2023-07-13,30.20701026916504,30.42749939521734,29.98652114311274,30.20701026916504,53489000,PTT_BK
2023-07-14,30.86848258972168,30.86848258972168,30.427504267011372,30.427504267011372,67013900,PTT_BK
2023-07-17,30.42750358581543,30.868481898653336,30.207014429396477,30.868481898653336,90240700,PTT_BK
2023-07-18,30.647993087768555,30.868482246673363,30.207014769958935,30.427503928863747,56844000,PTT_BK
2023-07-19,30.42750358581543,30.868481898653336,30.42750358581543,30.647992742234383,46472400,PTT_BK
2023-07-20,29.986520767211914,30.647988137076883,29.986520767211914,30.42749901378856,37481400,PTT_BK
2023-07-21,30.647993087768555,30.647993087768555,29.986525611054127,30.207014769958935,45646900,PTT_BK
2023-07-24,30.42750358581543,30.868481898653336,30.42750358581543,30.647992742234383,41856200,PTT_BK
2023-07-25,30.86848258972168,30.86848258972168,30.427504267011372,30.647993428366526,24748700,PTT_BK
2023-07-26,30.86848258972168,30.86848258972168,30.427504267011372,30.647993428366526,25716000,PTT_BK
2023-07-27,30.647993087768555,31.088971405578175,30.427503928863747,30.647993087768555,81782000,PTT_BK
2023-07-31,30.86848258972168,30.86848258972168,30.647993428366526,30.86848258972168,4704300,PTT_BK
2023-08-02,31.088966369628906,31.088966369628906,30.647988123251192,30.86847724644005,24657000,PTT_BK
2023-08-03,30.647993087768555,31.088971405578175,30.647993087768555,30.868482246673363,43519900,PTT_BK
2023-08-04,30.647993087768555,31.088971405578175,30.647993087768555,30.868482246673363,40792500,PTT_BK
2023-08-07,30.647993087768555,30.868482246673363,30.427503928863747,30.868482246673363,42066100,PTT_BK
2023-08-08,30.647993087768555,30.868482246673363,30.427503928863747,30.647993087768555,31401000,PTT_BK
2023-08-09,30.86848258972168,31.088971751076837,30.427504267011372,30.647993428366526,44663500,PTT_BK
2023-08-10,31.529949188232422,31.529949188232422,30.868481722745027,30.868481722745027,67528400,PTT_BK
2023-08-11,31.529949188232422,31.529949188232422,31.088970877907492,31.309460033069957,50153400,PTT_BK
2023-08-15,31.750438690185547,31.750438690185547,31.30946037504408,31.52994953261481,28887500,PTT_BK
2023-08-16,31.529949188232422,31.750438343394883,31.309460033069957,31.529949188232422,41009300,PTT_BK
2023-08-17,31.750438690185547,31.750438690185547,31.30946037504408,31.30946037504408,21896800,PTT_BK
2023-08-18,31.750438690185547,31.97092784775628,31.52994953261481,31.750438690185547,48856700,PTT_BK
2023-08-21,31.750438690185547,31.97092784775628,31.52994953261481,31.750438690185547,45399900,PTT_BK
2023-08-22,31.970928192138672,32.19141735208446,31.750439032192887,31.970928192138672,73642000,PTT_BK
2023-08-23,31.529949188232422,31.970927498557348,31.309460033069957,31.750438343394883,102724900,PTT_BK
2023-08-24,31.309459686279297,31.750437991719853,31.309459686279297,31.529948838999577,28170000,PTT_BK
2023-08-25,31.309459686279297,31.529948838999577,31.08897053355902,31.309459686279297,40568400,PTT_BK
2023-08-28,31.529949188232422,31.750438343394883,31.309460033069957,31.529949188232422,37590800,PTT_BK
2023-08-29,31.750438690185547,31.750438690185547,31.30946037504408,31.52994953261481,49805300,PTT_BK
2023-08-30,31.309459686279297,31.750437991719853,31.08897053355902,31.529948838999577,56155200,PTT_BK
2023-08-31,30.647993087768555,31.529949723387794,30.427503928863747,31.309460564482983,96686000,PTT_BK
2023-09-01,30.86848258972168,31.088971751076837,30.427504267011372,30.647993428366526,52576100,PTT_BK
2023-09-04,30.647993087768555,31.309460564482983,30.647993087768555,31.088971405578175,46316700,PTT_BK
2023-09-05,30.647993087768555,30.868482246673363,30.427503928863747,30.647993087768555,19970100,PTT_BK
2023-09-06,31.088966369628906,31.309455492817765,30.647988123251192,30.647988123251192,69316900,PTT_BK
2023-09-07,30.86848258972168,31.30946091243199,30.86848258972168,31.088971751076837,38540300,PTT_BK
2023-09-08,30.86848258972168,30.86848258972168,30.647993428366526,30.86848258972168,22924100,PTT_BK
2023-09-11,30.42750358581543,30.868481898653336,30.42750358581543,30.647992742234383,21912900,PTT_BK
2023-09-12,30.42750358581543,30.647992742234383,30.207014429396477,30.647992742234383,43144300,PTT_BK
2023-09-13,30.647993087768555,30.868482246673363,29.986525611054127,30.427503928863747,78765400,PTT_BK
2023-09-14,30.647993087768555,30.868482246673363,30.427503928863747,30.647993087768555,17508900,PTT_BK
2023-09-15,30.86848258972168,31.088971751076837,30.427504267011372,30.647993428366526,21441700,PTT_BK
2023-09-18,29.986520767211914,30.868477260365207,29.766031643923593,30.868477260365207,100544600,PTT_BK
2023-09-19,29.986520767211914,29.986520767211914,29.54554252063527,29.766031643923593,47534400,PTT_BK
2023-09-20,29.325056076049805,29.986523506336642,28.884077789191913,29.986523506336642,79813700,PTT_BK
2023-09-21,29.325056076049805,29.325056076049805,28.663588645762967,29.10456693262086,37673300,PTT_BK
2023-09-22,29.545547485351562,29.98652580602845,29.104569164674672,29.325058325013117,84432400,PTT_BK
2023-09-25,29.545547485351562,29.766036645690004,29.325058325013117,29.545547485351562,42607200,PTT_BK
2023-09-26,29.766036987304688,29.98652615017361,29.545547824435765,29.545547824435765,42290100,PTT_BK
2023-09-27,29.986520767211914,29.986520767211914,29.54554252063527,29.986520767211914,35652100,PTT_BK
2023-09-28,29.545547485351562,30.207014966366895,29.545547485351562,29.98652580602845,70700700,PTT_BK
2023-09-29,29.545547485351562,29.98652580602845,29.545547485351562,29.766036645690004,38018000,PTT_BK
2023-10-02,29.325056076049805,29.766034362907696,29.10456693262086,29.54554521947875,90928100,PTT_BK
2023-10-03,28.663589477539062,29.10456777719351,28.44310032771184,29.10456777719351,116721500,PTT_BK
2023-10-04,29.160907745361328,29.160907745361328,28.256693551706714,28.482747100120367,48695800,PTT_BK
2023-10-05,28.93485450744629,28.93485450744629,28.708800956606865,28.708800956606865,8903200,PTT_BK
2023-10-06,28.70880126953125,29.16090837613804,28.482747716227852,28.934854822834644,25355300,PTT_BK
2023-10-09,29.160907745361328,29.386961293774984,28.934854196947676,29.160907745361328,22990300,PTT_BK
2023-10-10,29.386962890625,29.613016451322114,29.160909329927883,29.386962890625,14840300,PTT_BK
2023-10-11,30.29117774963379,30.29117774963379,29.160909923154918,29.386963488450693,53942000,PTT_BK
2023-10-12,30.29117774963379,30.29117774963379,29.839070619042243,30.065124184338014,39114000,PTT_BK
2023-10-16,30.065120697021484,30.743281314247533,29.839067157946133,30.291174236096833,53092000,PTT_BK
2023-10-17,29.839069366455078,30.06512292226156,29.6130158106486,30.06512292226156,23630600,PTT_BK
2023-10-18,30.743282318115234,30.743282318115234,29.83906813228832,29.83906813228832,48688700,PTT_BK
2023-10-19,30.29117774963379,30.517231314929564,30.065124184338014,30.29117774963379,35703400,PTT_BK
2023-10-20,30.065120697021484,30.291174236096833,29.839067157946133,30.065120697021484,36614900,PTT_BK
2023-10-24,29.613014221191406,30.06512130853784,29.613014221191406,29.839067764864623,38262000,PTT_BK
2023-10-25,29.613014221191406,30.06512130853784,29.38696067751819,29.839067764864623,31823600,PTT_BK
2023-10-26,29.613014221191406,29.839067764864623,29.38696067751819,29.613014221191406,61162200,PTT_BK
2023-10-27,30.29117774963379,30.29117774963379,29.386963488450693,29.613017053746468,54078799,PTT_BK
2023-10-30,30.065120697021484,30.517227775172184,30.065120697021484,30.065120697021484,23839900,PTT_BK
2023-10-31,30.065120697021484,30.291174236096833,29.613013618870784,30.065120697021484,28287500,PTT_BK
2023-11-01,29.839069366455078,30.06512292226156,29.6130158106486,30.06512292226156,15017000,PTT_BK
2023-11-02,30.29117774963379,30.29117774963379,29.613017053746468,29.839070619042243,53122200,PTT_BK
2023-11-03,30.517227172851562,30.743280707465278,30.291173638237847,30.517227172851562,32488700,PTT_BK
2023-11-06,30.065120697021484,30.517227775172184,30.065120697021484,30.517227775172184,33418800,PTT_BK
2023-11-07,30.065120697021484,30.291174236096833,29.839067157946133,29.839067157946133,27651300,PTT_BK
2023-11-08,29.839069366455078,30.06512292226156,29.6130158106486,30.06512292226156,43540700,PTT_BK
2023-11-09,30.065120697021484,30.291174236096833,29.613013618870784,29.839067157946133,48471900,PTT_BK
2023-11-10,29.839069366455078,30.06512292226156,29.6130158106486,30.06512292226156,36165300,PTT_BK
2023-11-13,30.065120697021484,30.065120697021484,29.386960079795436,29.839067157946133,27920800,PTT_BK
2023-11-14,30.517227172851562,30.743280707465278,29.839066569010416,30.065120103624132,80936100,PTT_BK
2023-11-15,30.969335556030273,31.195389100234873,30.51722846762107,30.74328201182567,39113400,PTT_BK
2023-11-16,31.195388793945312,31.421442335930422,30.51722816798998,30.74328170997509,54842200,PTT_BK
2023-11-17,30.969335556030273,31.195389100234873,30.51722846762107,30.969335556030273,58530500,PTT_BK
2023-11-20,31.195388793945312,31.421442335930422,30.969335251960203,31.195388793945312,50396700,PTT_BK
2023-11-21,31.42144012451172,31.647493650587343,31.195386598436095,31.42144012451172,51895800,PTT_BK
2023-11-22,31.42144012451172,31.42144012451172,30.96933307236047,31.195386598436095,27252800,PTT_BK
2023-11-23,30.969335556030273,31.421442644439473,30.969335556030273,31.195389100234873,29494000,PTT_BK
2023-11-24,31.195388793945312,31.195388793945312,30.969335251960203,31.195388793945312,13088300,PTT_BK
2023-11-27,31.42144012451172,31.42144012451172,30.96933307236047,31.195386598436095,28951500,PTT_BK
2023-11-28,31.42144012451172,31.647493650587343,31.195386598436095,31.647493650587343,59310700,PTT_BK
2023-11-29,31.647497177124023,31.647497177124023,31.421443625858853,31.647497177124023,35925700,PTT_BK
2023-11-30,31.42144012451172,31.647493650587343,31.195386598436095,31.647493650587343,84135200,PTT_BK
2023-12-01,31.873552322387695,31.873552322387695,31.195391634677318,31.195391634677318,62257800,PTT_BK
2023-12-04,32.32565689086914,32.55171043556054,31.87354980148636,31.87354980148636,77737900,PTT_BK
2023-12-06,32.32565689086914,32.32565689086914,31.87354980148636,32.09960334617775,55977900,PTT_BK
2023-12-07,32.09960174560547,32.09960174560547,31.647494678765955,32.09960174560547,66960800,PTT_BK
2023-12-08,32.32565689086914,32.32565689086914,32.09960334617775,32.09960334617775,27906100,PTT_BK
2023-12-12,32.32565689086914,32.32565689086914,32.09960334617775,32.32565689086914,23832200,PTT_BK
2023-12-13,32.32565689086914,32.55171043556054,32.09960334617775,32.09960334617775,47823600,PTT_BK
2023-12-14,32.32565689086914,32.55171043556054,32.09960334617775,32.32565689086914,65749400,PTT_BK
2023-12-15,32.32565689086914,32.55171043556054,32.09960334617775,32.32565689086914,63439100,PTT_BK
2023-12-18,32.32565689086914,32.32565689086914,32.09960334617775,32.32565689086914,18612400,PTT_BK
2023-12-19,32.32565689086914,32.32565689086914,31.87354980148636,32.32565689086914,33109200,PTT_BK
2023-12-20,31.873552322387695,32.32565944752795,31.873552322387695,32.09960588495782,56196100,PTT_BK
2023-12-21,31.647497177124023,32.099604279654365,31.421443625858853,31.873550728389194,73762000,PTT_BK
2023-12-22,31.873552322387695,31.873552322387695,31.421445197247444,31.64749875981757,24537400,PTT_BK
2023-12-25,32.09960174560547,32.09960174560547,31.647494678765955,31.647494678765955,19204200,PTT_BK
2023-12-26,32.32565689086914,32.32565689086914,31.87354980148636,31.87354980148636,34982300,PTT_BK
2023-12-27,32.32565689086914,32.55171043556054,32.09960334617775,32.09960334617775,52394400,PTT_BK
2023-12-28,32.32565689086914,32.55171043556054,32.09960334617775,32.32565689086914,57344100,PTT_BK
2024-01-03,31.873552322387695,32.09960588495782,31.64749875981757,32.09960588495782,32190700,PTT_BK
2024-01-04,32.09960174560547,32.32565527902523,31.647494678765955,31.87354821218571,80609500,PTT_BK
2024-01-05,31.873552322387695,32.32565944752795,31.873552322387695,31.873552322387695,21692900,PTT_BK
2024-01-08,32.09960174560547,32.09960174560547,31.647494678765955,32.09960174560547,29953100,PTT_BK
2024-01-09,31.873552322387695,32.09960588495782,31.64749875981757,32.09960588495782,51337400,PTT_BK
2024-01-10,31.873552322387695,32.09960588495782,31.64749875981757,31.873552322387695,27180000,PTT_BK
2024-01-11,31.647497177124023,31.873550728389194,31.647497177124023,31.873550728389194,8032800,PTT_BK
2024-01-12,30.969335556030273,31.873549732848673,30.969335556030273,31.647496188644073,77705300,PTT_BK
2024-01-15,30.29117774963379,30.969338445521114,30.29117774963379,30.969338445521114,60579100,PTT_BK
2024-01-16,30.517227172851562,30.743280707465278,30.065120103624132,30.291173638237847,44606100,PTT_BK
2024-01-17,30.29117774963379,30.517231314929564,29.839070619042243,30.517231314929564,83651300,PTT_BK
2024-01-18,30.517227172851562,30.743280707465278,30.291173638237847,30.291173638237847,56301400,PTT_BK
2024-01-19,30.969335556030273,31.195389100234873,30.74328201182567,30.74328201182567,55437000,PTT_BK
2024-01-22,30.743282318115234,30.969335864571967,30.517228771658505,30.969335864571967,20909000,PTT_BK
2024-01-23,30.743282318115234,30.969335864571967,30.291175225201776,30.969335864571967,38875800,PTT_BK
2024-01-24,30.969335556030273,30.969335556030273,30.51722846762107,30.74328201182567,28836900,PTT_BK
2024-01-25,30.969335556030273,31.195389100234873,30.74328201182567,30.969335556030273,21760400,PTT_BK
2024-01-26,30.743282318115234,31.195389411028696,30.743282318115234,30.969335864571967,16987200,PTT_BK
2024-01-29,31.195388793945312,31.195388793945312,30.74328170997509,31.195388793945312,28776500,PTT_BK
2024-01-30,30.743282318115234,30.969335864571967,30.743282318115234,30.969335864571967,35241900,PTT_BK
2024-01-31,30.517227172851562,30.969334242078993,30.517227172851562,30.743280707465278,47266600,PTT_BK
2024-02-01,30.969335556030273,30.969335556030273,30.51722846762107,30.74328201182567,36959700,PTT_BK
2024-02-02,30.743282318115234,30.969335864571967,30.743282318115234,30.969335864571967,19403200,PTT_BK
2024-02-05,30.743282318115234,30.969335864571967,30.517228771658505,30.743282318115234,27945300,PTT_BK
2024-02-06,30.969335556030273,31.195389100234873,30.74328201182567,30.969335556030273,20578900,PTT_BK
2024-02-07,31.647497177124023,31.647497177124023,30.969336523328508,30.969336523328508,43166300,PTT_BK
2024-02-08,31.42144012451172,31.873547176662967,31.42144012451172,31.647493650587343,39944600,PTT_BK
2024-02-09,31.647497177124023,31.647497177124023,31.421443625858853,31.647497177124023,15907400,PTT_BK
2024-02-12,31.42144012451172,31.647493650587343,31.42144012451172,31.42144012451172,6057800,PTT_BK
2024-02-13,31.647497177124023,31.873550728389194,31.421443625858853,31.647497177124023,27500600,PTT_BK
2024-02-14,31.42144012451172,31.647493650587343,31.195386598436095,31.42144012451172,23687100,PTT_BK
2024-02-15,31.42144012451172,31.647493650587343,31.195386598436095,31.42144012451172,25626000,PTT_BK
2024-02-16,32.32565689086914,32.55171043556054,31.647496256794966,31.87354980148636,86147000,PTT_BK
2024-02-19,32.32565689086914,32.55171043556054,32.09960334617775,32.32565689086914,37320000,PTT_BK
2024-02-20,32.32565689086914,32.55171043556054,32.09960334617775,32.32565689086914,23171400,PTT_BK
2024-02-21,32.55171203613281,32.55171203613281,32.09960492451986,32.32565848032634,41840800,PTT_BK
2024-02-22,32.55171203613281,32.77776559193929,32.32565848032634,32.32565848032634,41100400,PTT_BK
2024-02-23,32.55171203613281,32.55171203613281,32.09960492451986,32.32565848032634,48602500,PTT_BK
2024-02-27,32.32565689086914,32.55171043556054,32.09960334617775,32.32565689086914,47957600,PTT_BK
2024-02-28,32.09960174560547,32.32565527902523,32.09960174560547,32.09960174560547,41754200,PTT_BK
2024-02-29,32.05281066894531,32.52073491228758,31.81884854727418,32.286772790616446,72863600,PTT_BK
2024-03-01,31.81884765625,32.28677188648897,31.81884765625,32.05280977136948,32854700,PTT_BK
2024-03-04,32.05281066894531,32.05281066894531,31.584886425603045,31.81884854727418,42686500,PTT_BK
2024-03-05,32.05281066894531,32.05281066894531,31.584886425603045,31.81884854727418,27978000,PTT_BK
2024-03-06,32.05281066894531,32.286772790616446,31.584886425603045,31.81884854727418,28711800,PTT_BK
2024-03-07,32.286773681640625,32.286773681640625,31.818849425384965,32.0528115535128,56735600,PTT_BK
2024-03-08,31.81884765625,32.05280977136948,31.584885541130514,32.05280977136948,46329600,PTT_BK
2024-03-11,31.584888458251953,31.818850594979747,31.584888458251953,31.584888458251953,36316500,PTT_BK
2024-03-12,31.584888458251953,31.584888458251953,31.584888458251953,31.584888458251953,0,PTT_BK
2024-03-13,32.05281066894531,32.05281066894531,31.584886425603045,31.584886425603045,24096500,PTT_BK
2024-03-14,32.52073287963867,32.75469498668643,31.818846558495395,31.818846558495395,65262600,PTT_BK
2024-03-15,32.52073287963867,32.52073287963867,32.52073287963867,32.52073287963867,0,PTT_BK
2024-03-18,32.05281066894531,32.75469703395871,32.05281066894531,32.52073491228758,42992200,PTT_BK
2024-03-19,32.286773681640625,32.286773681640625,32.0528115535128,32.0528115535128,9841600,PTT_BK
2024-03-20,32.286773681640625,32.286773681640625,32.286773681640625,32.286773681640625,0,PTT_BK
2024-03-21,32.05281066894531,32.05281066894531,31.584886425603045,31.81884854727418,20317100,PTT_BK
2024-03-22,32.05281066894531,32.05281066894531,32.05281066894531,32.05281066894531,0,PTT_BK
2024-03-25,31.584888458251953,32.05281273170754,31.350926321524163,31.818850594979747,69549100,PTT_BK
2024-03-26,31.584888458251953,31.584888458251953,31.584888458251953,31.584888458251953,0,PTT_BK
2024-03-27,31.584888458251953,31.584888458251953,31.350926321524163,31.350926321524163,6680800,PTT_BK
2024-03-28,31.584888458251953,31.584888458251953,31.584888458251953,31.584888458251953,0,PTT_BK
2024-03-29,31.81884765625,31.81884765625,31.35092342601103,31.35092342601103,12813100,PTT_BK
2024-04-01,31.584888458251953,31.818850594979747,31.350926321524163,31.818850594979747,39930400,PTT_BK
2024-04-02,31.81884765625,31.81884765625,31.35092342601103,31.35092342601103,35655800,PTT_BK
2024-04-03,32.286773681640625,32.52073580976846,31.818849425384965,31.818849425384965,40357800,PTT_BK
2024-04-04,32.286773681640625,32.286773681640625,32.286773681640625,32.286773681640625,0,PTT_BK
2024-04-05,32.52073287963867,32.52073287963867,32.052808665543154,32.28677077259091,25086500,PTT_BK
2024-04-09,32.52073287963867,32.52073287963867,32.52073287963867,32.52073287963867,0,PTT_BK
2024-04-10,32.52073287963867,32.52073287963867,32.52073287963867,32.52073287963867,0,PTT_BK
2024-04-11,32.52073287963867,32.9886570937342,32.52073287963867,32.75469498668643,33644800,PTT_BK
2024-04-17,32.52073287963867,32.52073287963867,32.52073287963867,32.52073287963867,0,PTT_BK
2024-04-18,32.52073287963867,32.52073287963867,32.52073287963867,32.52073287963867,0,PTT_BK
2024-04-19,32.52073287963867,32.52073287963867,32.52073287963867,32.52073287963867,0,PTT_BK
2024-04-22,31.584888458251953,31.584888458251953,31.350926321524163,31.584888458251953,15080400,PTT_BK
2024-04-23,31.81884765625,32.05280977136948,31.35092342601103,31.584885541130514,24988300,PTT_BK
2024-04-24,31.81884765625,31.81884765625,31.81884765625,31.81884765625,0,PTT_BK
2024-04-25,31.584888458251953,31.818850594979747,31.584888458251953,31.584888458251953,6503500,PTT_BK
2024-04-26,31.584888458251953,32.05281273170754,31.350926321524163,31.818850594979747,32118100,PTT_BK
2024-04-29,31.584888458251953,31.818850594979747,31.11696418479637,31.584888458251953,56874300,PTT_BK
2024-04-30,31.584888458251953,31.584888458251953,31.350926321524163,31.584888458251953,17428200,PTT_BK
2024-05-02,31.116962432861328,31.584886679972026,31.116962432861328,31.35092455641668,39656500,PTT_BK
2024-05-03,31.584888458251953,31.584888458251953,31.11696418479637,31.11696418479637,32885000,PTT_BK
2024-05-07,31.584888458251953,31.584888458251953,31.584888458251953,31.584888458251953,0,PTT_BK
2024-05-08,31.584888458251953,31.818850594979747,31.350926321524163,31.584888458251953,63054700,PTT_BK
2024-05-09,31.584888458251953,31.818850594979747,31.350926321524163,31.584888458251953,20770900,PTT_BK
2024-05-10,31.584888458251953,31.584888458251953,31.350926321524163,31.584888458251953,11790800,PTT_BK
2024-05-13,31.584888458251953,31.584888458251953,31.350926321524163,31.584888458251953,4738100,PTT_BK
2024-05-14,31.81884765625,31.81884765625,31.35092342601103,31.35092342601103,16463600,PTT_BK
2024-05-15,31.81884765625,31.81884765625,31.81884765625,31.81884765625,0,PTT_BK
2024-05-16,31.81884765625,31.81884765625,31.81884765625,31.81884765625,0,PTT_BK
2024-05-17,31.584888458251953,31.818850594979747,31.584888458251953,31.818850594979747,10665700,PTT_BK
2024-05-20,31.584888458251953,31.584888458251953,31.584888458251953,31.584888458251953,0,PTT_BK
2024-05-21,31.584888458251953,31.584888458251953,31.584888458251953,31.584888458251953,0,PTT_BK
2024-05-23,31.35092544555664,31.584887575747363,31.35092544555664,31.35092544555664,35105600,PTT_BK
2024-05-24,31.35092544555664,31.35092544555664,31.35092544555664,31.35092544555664,0,PTT_BK
2024-05-27,31.35092544555664,31.584887575747363,30.8830011851752,31.584887575747363,55968100,PTT_BK
2024-05-28,30.88300132751465,31.350925590052746,30.88300132751465,31.350925590052746,66022900,PTT_BK
2024-05-29,30.649038314819336,31.116962563900547,30.41507619027873,30.88300043935994,83231800,PTT_BK
2024-05-30,30.649038314819336,30.649038314819336,30.649038314819336,30.649038314819336,0,PTT_BK
2024-05-31,30.649038314819336,30.649038314819336,30.649038314819336,30.649038314819336,0,PTT_BK
2024-06-04,30.415077209472656,31.116963606614334,30.415077209472656,30.649039341853218,35393400,PTT_BK
2024-06-05,30.649038314819336,30.88300043935994,30.41507619027873,30.649038314819336,19277800,PTT_BK
2024-06-06,29.94715118408203,30.649037539958954,29.71318906545639,30.649037539958954,63670200,PTT_BK
2024-06-07,29.94715118408203,29.94715118408203,29.94715118408203,29.94715118408203,0,PTT_BK
2024-06-10,30.181114196777344,30.181114196777344,29.713189945664517,29.94715207122093,23058700,PTT_BK
2024-06-11,29.94715118408203,30.415075421333313,29.94715118408203,29.94715118408203,24149300,PTT_BK
2024-06-12,29.94715118408203,30.181113302707672,29.94715118408203,29.94715118408203,29755300,PTT_BK
2024-06-13,29.71319007873535,29.947152205339567,29.479227952131136,29.947152205339567,32166200,PTT_BK
2024-06-14,29.71319007873535,29.947152205339567,29.479227952131136,29.479227952131136,23980700,PTT_BK
2024-06-17,29.71319007873535,29.71319007873535,29.71319007873535,29.71319007873535,0,PTT_BK
2024-06-18,29.71319007873535,29.71319007873535,29.71319007873535,29.71319007873535,0,PTT_BK
2024-06-19,29.71319007873535,29.71319007873535,29.71319007873535,29.71319007873535,0,PTT_BK
2024-06-20,30.181114196777344,30.415076322333757,29.94715207122093,30.415076322333757,25575700,PTT_BK
2024-06-21,29.94715118408203,30.181113302707672,29.71318906545639,30.181113302707672,35584700,PTT_BK
2024-06-24,29.94715118408203,29.94715118408203,29.94715118408203,29.94715118408203,0,PTT_BK
2024-06-25,29.94715118408203,29.94715118408203,29.94715118408203,29.94715118408203,0,PTT_BK
2024-06-26,29.94715118408203,29.94715118408203,29.94715118408203,29.94715118408203,0,PTT_BK
2024-06-27,30.415077209472656,30.649039341853218,30.415077209472656,30.649039341853218,13045100,PTT_BK
2024-06-28,30.415077209472656,30.649039341853218,30.415077209472656,30.415077209472656,21755800,PTT_BK
2024-07-01,30.415077209472656,30.415077209472656,30.415077209472656,30.415077209472656,0,PTT_BK
2024-07-02,30.415077209472656,30.415077209472656,30.415077209472656,30.415077209472656,0,PTT_BK
2024-07-03,30.649038314819336,30.649038314819336,30.41507619027873,30.41507619027873,10114800,PTT_BK
2024-07-04,30.649038314819336,30.88300043935994,30.649038314819336,30.649038314819336,13980500,PTT_BK
2024-07-05,30.88300132751465,30.88300132751465,30.649039196245596,30.88300132751465,4758600,PTT_BK
2024-07-08,30.88300132751465,30.88300132751465,30.649039196245596,30.88300132751465,13042600,PTT_BK
2024-07-09,30.88300132751465,30.88300132751465,30.88300132751465,30.88300132751465,0,PTT_BK
2024-07-10,31.116962432861328,31.116962432861328,30.649038185750634,30.88300030930598,17480800,PTT_BK
2024-07-11,31.116962432861328,31.116962432861328,31.116962432861328,31.116962432861328,0,PTT_BK
2024-07-12,31.116962432861328,31.116962432861328,31.116962432861328,31.116962432861328,0,PTT_BK
2024-07-15,31.116962432861328,31.116962432861328,31.116962432861328,31.116962432861328,0,PTT_BK
2024-07-16,29.94715118408203,30.649037539958954,29.94715118408203,30.415075421333313,40206600,PTT_BK
2024-07-17,29.94715118408203,29.94715118408203,29.94715118408203,29.94715118408203,0,PTT_BK
2024-07-18,30.415077209472656,30.649039341853218,30.181115077092098,30.181115077092098,14775000,PTT_BK
2024-07-19,30.181114196777344,30.64903844789017,30.181114196777344,30.64903844789017,21537500,PTT_BK
2024-07-23,29.94715118408203,30.415075421333313,29.94715118408203,30.181113302707672,22822100,PTT_BK
2024-07-24,29.71319007873535,30.181114331943782,29.71319007873535,29.947152205339567,23816000,PTT_BK
2024-07-25,29.71319007873535,29.947152205339567,29.479227952131136,29.71319007873535,25980600,PTT_BK
2024-07-26,29.71319007873535,29.947152205339567,29.71319007873535,29.947152205339567,18522800,PTT_BK
2024-07-30,29.71319007873535,29.71319007873535,29.71319007873535,29.71319007873535,0,PTT_BK
2024-07-31,29.94715118408203,30.181113302707672,29.71318906545639,29.71318906545639,33634100,PTT_BK
2024-08-01,29.71319007873535,30.181114331943782,29.71319007873535,29.947152205339567,24674200,PTT_BK
2024-08-02,29.71319007873535,29.71319007873535,29.71319007873535,29.71319007873535,0,PTT_BK
2024-08-05,29.24526596069336,29.94715234375,29.24526596069336,29.71319021606445,37553100,PTT_BK
2024-08-06,29.71319007873535,29.71319007873535,29.24526582552692,29.24526582552692,15129500,PTT_BK
2024-08-07,29.94715118408203,29.94715118408203,29.71318906545639,29.71318906545639,12872100,PTT_BK
2024-08-08,29.94715118408203,29.94715118408203,29.94715118408203,29.94715118408203,0,PTT_BK
2024-08-09,31.116962432861328,31.35092455641668,30.181113938639935,30.181113938639935,82898900,PTT_BK
2024-08-13,32.05281066894531,32.05281066894531,30.883000060589644,31.116962182260778,84608600,PTT_BK
2024-08-14,31.584888458251953,32.28677486843533,31.350926321524163,32.05281273170754,71902700,PTT_BK
2024-08-15,31.584888458251953,31.584888458251953,31.584888458251953,31.584888458251953,0,PTT_BK
2024-08-16,32.05281066894531,32.286772790616446,31.81884854727418,32.05281066894531,33174800,PTT_BK
2024-08-19,32.05281066894531,32.05281066894531,32.05281066894531,32.05281066894531,0,PTT_BK
2024-08-20,32.05281066894531,32.286772790616446,31.81884854727418,32.286772790616446,30248300,PTT_BK
2024-08-21,32.05281066894531,32.05281066894531,31.81884854727418,32.05281066894531,22283900,PTT_BK
2024-08-22,32.05281066894531,32.05281066894531,32.05281066894531,32.05281066894531,0,PTT_BK
2024-08-23,32.286773681640625,32.52073580976846,32.0528115535128,32.0528115535128,45905800,PTT_BK
2024-08-26,32.52073287963867,32.52073287963867,32.28677077259091,32.28677077259091,15942500,PTT_BK
2024-08-27,32.286773681640625,32.52073580976846,32.0528115535128,32.52073580976846,45996900,PTT_BK
2024-08-28,31.85564422607422,32.57419259207589,31.85564422607422,32.33467647007533,53671900,PTT_BK
2024-08-29,32.09516143798828,32.09516143798828,31.855645307854044,31.855645307854044,6356600,PTT_BK
2024-08-30,32.09516143798828,32.33467756812252,31.855645307854044,32.09516143798828,63780300,PTT_BK
2024-09-02,32.09516143798828,32.09516143798828,32.09516143798828,32.09516143798828,0,PTT_BK
2024-09-03,32.09516143798828,32.09516143798828,32.09516143798828,32.09516143798828,0,PTT_BK
2024-09-04,32.09516143798828,32.09516143798828,32.09516143798828,32.09516143798828,0,PTT_BK
2024-09-05,32.334678649902344,32.574194788049766,31.376614097312643,31.61613023546007,104377100,PTT_BK
2024-09-06,33.29273986816406,33.53225598232351,32.5741915256857,32.5741915256857,75294800,PTT_BK
2024-09-09,33.29273986816406,33.29273986816406,33.29273986816406,33.29273986816406,0,PTT_BK
2024-09-10,32.334678649902344,33.05322706434462,32.334678649902344,32.81371092619719,56443000,PTT_BK
2024-09-11,31.61612892150879,32.33467730608854,31.37661279331554,32.33467730608854,111564700,PTT_BK
2024-09-12,31.61612892150879,31.855645049702037,31.61612892150879,31.61612892150879,33553800,PTT_BK
2024-09-13,31.61612892150879,31.855645049702037,31.37661279331554,31.61612892150879,47273100,PTT_BK
2024-09-16,31.61612892150879,31.61612892150879,31.61612892150879,31.61612892150879,0,PTT_BK
2024-09-17,31.61612892150879,31.61612892150879,31.61612892150879,31.61612892150879,0,PTT_BK
2024-09-18,31.61612892150879,31.61612892150879,31.61612892150879,31.61612892150879,0,PTT_BK
2024-09-19,31.61612892150879,31.61612892150879,31.61612892150879,31.61612892150879,0,PTT_BK
2024-09-20,31.61612892150879,31.61612892150879,31.61612892150879,31.61612892150879,0,PTT_BK
2024-09-23,31.85564422607422,32.09516034807478,31.61612810407366,32.09516034807478,30278900,PTT_BK
2024-09-24,32.334678649902344,32.334678649902344,31.85564637360749,32.095162511754914,38595900,PTT_BK
2024-09-25,32.09516143798828,32.574193698256764,32.09516143798828,32.33467756812252,28629800,PTT_BK
2024-09-26,32.09516143798828,32.33467756812252,31.855645307854044,32.09516143798828,32310700,PTT_BK
2024-09-27,32.09516143798828,32.09516143798828,32.09516143798828,32.09516143798828,0,PTT_BK
2024-09-30,32.57419204711914,32.57419204711914,32.09515981113209,32.09515981113209,27238000,PTT_BK
2024-10-01,32.57419204711914,32.57419204711914,32.57419204711914,32.57419204711914,0,PTT_BK
2024-10-02,32.09516143798828,32.574193698256764,32.09516143798828,32.574193698256764,17749300,PTT_BK
2024-10-03,32.09516143798828,32.33467756812252,32.09516143798828,32.09516143798828,9085400,PTT_BK
2024-10-04,32.09516143798828,32.09516143798828,32.09516143798828,32.09516143798828,0,PTT_BK
2024-10-07,32.57419204711914,32.57419204711914,32.334675929125616,32.57419204711914,15970700,PTT_BK
2024-10-08,32.334678649902344,32.574194788049766,32.334678649902344,32.574194788049766,14942600,PTT_BK
2024-10-09,32.09516143798828,32.574193698256764,32.09516143798828,32.33467756812252,15564000,PTT_BK
2024-10-10,32.09516143798828,32.33467756812252,32.09516143798828,32.33467756812252,7270600,PTT_BK
2024-10-11,32.8137092590332,33.29274151098989,32.334677007076515,32.574193133054855,118991700,PTT_BK
2024-10-15,32.09516143798828,32.813709828391005,32.09516143798828,32.813709828391005,37933300,PTT_BK
2024-10-16,32.09516143798828,32.09516143798828,32.09516143798828,32.09516143798828,0,PTT_BK
2024-10-17,32.334678649902344,32.574194788049766,32.095162511754914,32.095162511754914,26255800,PTT_BK
2024-10-18,32.334678649902344,32.574194788049766,32.334678649902344,32.334678649902344,14803700,PTT_BK
2024-10-21,32.57419204711914,32.57419204711914,32.334675929125616,32.57419204711914,19053500,PTT_BK
2024-10-22,32.57419204711914,32.57419204711914,32.57419204711914,32.57419204711914,0,PTT_BK
2024-10-24,32.09516143798828,32.33467756812252,32.09516143798828,32.09516143798828,10521700,PTT_BK
2024-10-25,32.09516143798828,32.09516143798828,32.09516143798828,32.09516143798828,0,PTT_BK
2024-10-28,32.8137092590332,32.8137092590332,31.855644755119823,32.09516088109817,75145700,PTT_BK
2024-10-29,32.8137092590332,32.8137092590332,32.8137092590332,32.8137092590332,0,PTT_BK
2024-10-30,32.09516143798828,32.574193698256764,32.09516143798828,32.33467756812252,34992500,PTT_BK
2024-10-31,32.09516143798828,32.33467756812252,32.09516143798828,32.09516143798828,17976900,PTT_BK
2024-11-01,32.334678649902344,32.334678649902344,32.095162511754914,32.095162511754914,18419000,PTT_BK
2024-11-04,32.09516143798828,32.574193698256764,32.09516143798828,32.33467756812252,9630000,PTT_BK
2024-11-05,32.334678649902344,32.81371092619719,32.334678649902344,32.334678649902344,30125100,PTT_BK
2024-11-06,32.09516143798828,32.33467756812252,32.09516143798828,32.33467756812252,16566200,PTT_BK
2024-11-07,32.09516143798828,32.33467756812252,32.09516143798828,32.09516143798828,7865000,PTT_BK
2024-11-08,31.85564422607422,32.33467647007533,31.85564422607422,32.09516034807478,17067700,PTT_BK
2024-11-11,31.61612892150879,32.095161177895285,31.61612892150879,31.855645049702037,15618100,PTT_BK
2024-11-12,31.61612892150879,31.855645049702037,31.61612892150879,31.61612892150879,10463600,PTT_BK
2024-11-13,31.376611709594727,31.855643949435866,31.376611709594727,31.616127829515296,18111000,PTT_BK
2024-11-14,31.137096405029297,31.61612865741436,31.137096405029297,31.376612531221827,35789000,PTT_BK
2024-11-15,31.137096405029297,31.376612531221827,31.137096405029297,31.137096405029297,10765100,PTT_BK
2024-11-18,30.897579193115234,31.37661142866741,30.897579193115234,31.37661142866741,23568700,PTT_BK
2024-11-19,31.137096405029297,31.376612531221827,30.897580278836763,31.137096405029297,28461900,PTT_BK
2024-11-20,30.897579193115234,31.137095310891322,30.897579193115234,30.897579193115234,14781400,PTT_BK
2024-11-21,31.61612892150879,31.855645049702037,30.897580536929045,31.137096665122293,37966000,PTT_BK
2024-11-22,32.334678649902344,32.334678649902344,31.85564637360749,31.85564637360749,21975600,PTT_BK
2024-11-25,31.85564422607422,32.33467647007533,31.85564422607422,32.33467647007533,38123400,PTT_BK
2024-11-26,31.61612892150879,32.095161177895285,31.37661279331554,31.855645049702037,21457400,PTT_BK
2024-11-27,31.137096405029297,31.376612531221827,31.137096405029297,31.376612531221827,11700600,PTT_BK
2024-11-28,30.897579193115234,31.37661142866741,30.897579193115234,31.137095310891322,20784500,PTT_BK
2024-11-29,30.897579193115234,31.37661142866741,30.897579193115234,31.137095310891322,18006700,PTT_BK
2024-12-02,30.897579193115234,30.897579193115234,30.658063075339147,30.897579193115234,24802600,PTT_BK
2024-12-03,30.897579193115234,31.137095310891322,30.897579193115234,30.897579193115234,17691100,PTT_BK
2024-12-04,30.897579193115234,31.37661142866741,30.658063075339147,31.137095310891322,30338600,PTT_BK
2024-12-06,30.897579193115234,31.137095310891322,30.658063075339147,30.897579193115234,24310500,PTT_BK
2024-12-09,30.658063888549805,30.8975800126791,30.658063888549805,30.658063888549805,12600200,PTT_BK
2024-12-11,30.897579193115234,31.137095310891322,30.658063075339147,30.897579193115234,33668400,PTT_BK
2024-12-12,30.418548583984375,30.897580845149484,30.418548583984375,30.65806471456693,21679200,PTT_BK
2024-12-13,30.418548583984375,30.65806471456693,30.418548583984375,30.418548583984375,5701800,PTT_BK
2024-12-16,30.658063888549805,31.137096136808395,30.41854776442051,30.41854776442051,23994800,PTT_BK
2024-12-17,30.897579193115234,30.897579193115234,30.658063075339147,30.897579193115234,18774500,PTT_BK
2024-12-18,31.137096405029297,31.137096405029297,30.65806415264423,30.897580278836763,29184800,PTT_BK
2024-12-19,30.418548583984375,31.13709697573204,30.418548583984375,30.897580845149484,35334500,PTT_BK
2024-12-20,29.69999885559082,30.418547215000274,29.220966615984516,30.418547215000274,78567400,PTT_BK
2024-12-23,29.939516067504883,29.939516067504883,29.460483810424805,29.699999938964844,18484200,PTT_BK
2024-12-24,30.179031372070312,30.179031372070312,29.699999128069194,29.939515250069753,16269300,PTT_BK
2024-12-25,30.179031372070312,30.418547494070868,29.939515250069753,30.179031372070312,14585100,PTT_BK
2024-12-26,29.939516067504883,30.658064453125,29.939516067504883,30.179032196044922,16854100,PTT_BK
2024-12-27,30.418548583984375,30.65806471456693,29.939516322819266,30.17903245340182,21344300,PTT_BK
2024-12-30,30.418548583984375,30.65806471456693,30.418548583984375,30.418548583984375,12242200,PTT_BK
2025-01-02,30.418548583984375,30.65806471456693,30.17903245340182,30.418548583984375,15869400,PTT_BK
2025-01-03,30.658063888549805,30.658063888549805,30.41854776442051,30.41854776442051,11683300,PTT_BK
2025-01-06,30.658063888549805,31.137096136808395,30.658063888549805,30.8975800126791,21436600,PTT_BK
2025-01-07,30.658063888549805,30.658063888549805,30.179031640291214,30.658063888549805,27710300,PTT_BK
2025-01-08,30.179031372070312,30.658063616071427,30.179031372070312,30.658063616071427,23137600,PTT_BK
2025-01-09,30.179031372070312,30.658063616071427,29.939515250069753,30.179031372070312,19876400,PTT_BK
2025-01-10,29.939516067504883,30.41854832458496,29.699999938964844,30.179032196044922,32576800,PTT_BK
2025-01-13,29.939516067504883,30.179032196044922,29.699999938964844,29.939516067504883,23360500,PTT_BK
2025-01-14,28.9814510345459,29.93951553155568,28.741934910293455,29.93951553155568,74724200,PTT_BK
2025-01-15,29.939516067504883,29.939516067504883,28.981451553344726,28.981451553344726,27152600,PTT_BK
2025-01-16,29.69999885559082,30.17903109519712,29.460482735787668,29.93951497539397,47515200,PTT_BK
2025-01-17,29.46048355102539,29.93951580388759,29.46048355102539,29.699999677456493,32420200,PTT_BK
2025-01-20,29.46048355102539,29.699999677456493,29.22096742459429,29.699999677456493,18689100,PTT_BK
2025-01-21,29.939516067504883,29.939516067504883,29.220967681884765,29.699999938964844,40292900,PTT_BK
2025-01-22,29.939516067504883,30.179032196044922,29.699999938964844,29.939516067504883,20600800,PTT_BK
2025-01-23,29.220966339111328,29.93951469171243,29.220966339111328,29.69999857417873,44482600,PTT_BK
2025-01-24,29.46048355102539,29.699999677456493,29.22096742459429,29.22096742459429,26775900,PTT_BK
2025-01-27,29.46048355102539,29.93951580388759,29.22096742459429,29.46048355102539,19802900,PTT_BK
2025-01-28,29.69999885559082,29.93951497539397,29.460482735787668,29.460482735787668,15403000,PTT_BK
2025-01-29,29.69999885559082,29.93951497539397,29.460482735787668,29.69999885559082,4736300,PTT_BK
2025-01-30,29.69999885559082,29.69999885559082,29.460482735787668,29.69999885559082,4855300,PTT_BK
2025-01-31,30.179031372070312,30.418547494070868,29.699999128069194,29.699999128069194,40135000,PTT_BK
2025-02-03,29.69999885559082,29.69999885559082,29.220966615984516,29.69999885559082,50620400,PTT_BK
2025-02-04,29.46048355102539,29.93951580388759,28.98145129816319,29.699999677456493,39102300,PTT_BK
2025-02-05,28.74193572998047,29.460484123229982,28.74193572998047,29.460484123229982,35088900,PTT_BK
2025-02-06,28.9814510345459,29.220967158798345,28.741934910293455,28.741934910293455,38887600,PTT_BK
2025-02-07,29.46048355102539,29.46048355102539,28.741935171732088,28.98145129816319,41157300,PTT_BK
2025-02-10,28.9814510345459,29.46048328305079,28.741934910293455,29.220967158798345,48121500,PTT_BK
2025-02-11,29.220966339111328,29.46048245664503,28.981450221577628,28.981450221577628,14977900,PTT_BK
2025-02-13,28.9814510345459,29.46048328305079,28.9814510345459,29.220967158798345,30759000,PTT_BK
2025-02-14,29.69999885559082,29.69999885559082,28.981450496181363,28.981450496181363,58961600,PTT_BK
2025-02-17,29.939516067504883,30.179032196044922,29.699999938964844,30.179032196044922,41727400,PTT_BK
2025-02-18,30.179031372070312,30.179031372070312,29.460483006068635,29.699999128069194,39307100,PTT_BK
2025-02-19,30.179031372070312,30.658063616071427,29.939515250069753,30.179031372070312,40329100,PTT_BK
2025-02-20,30.179031372070312,30.418547494070868,29.699999128069194,29.939515250069753,43379300,PTT_BK
2025-02-21,30.897579193115234,30.897579193115234,30.17903083978697,30.41854695756306,53283400,PTT_BK
2025-02-24,30.897579193115234,31.137095310891322,30.658063075339147,30.897579193115234,35309900,PTT_BK
2025-02-25,30.897579193115234,31.37661142866741,30.897579193115234,31.137095310891322,56817200,PTT_BK
2025-02-26,30.658063888549805,31.137096136808395,30.658063888549805,30.8975800126791,42289400,PTT_BK
2025-02-27,30.418548583984375,30.897580845149484,30.418548583984375,30.65806471456693,27707600,PTT_BK
2025-02-28,30.179031372070312,30.658063616071427,29.699999128069194,30.179031372070312,78835600,PTT_BK
2025-03-03,29.69999885559082,30.418547215000274,29.69999885559082,30.418547215000274,43412100,PTT_BK
2025-03-04,29.46048355102539,29.93951580388759,29.22096742459429,29.699999677456493,40053400,PTT_BK
2025-03-05,29.69999885559082,29.93951497539397,29.460482735787668,29.460482735787668,43113200,PTT_BK
2025-03-06,29.75,30.25,29.5,29.75,52970100,PTT_BK
2025-03-07,29.75,30.0,29.5,29.75,37345200,PTT_BK
2025-03-10,28.25,29.75,28.0,29.5,92884400,PTT_BK
2025-03-11,28.0,28.25,27.0,28.0,126369200,PTT_BK
2025-03-12,27.25,28.25,27.25,28.0,88194200,PTT_BK
2025-03-13,27.25,27.75,27.0,27.25,40928000,PTT_BK
2025-03-14,29.0,29.25,27.25,27.5,92957300,PTT_BK
2025-03-17,29.5,29.5,28.5,29.0,78375800,PTT_BK
2025-03-18,29.5,30.0,29.0,29.75,58312500,PTT_BK
2025-03-19,29.75,30.0,29.25,29.5,57656100,PTT_BK
2025-03-20,30.75,31.25,29.5,29.5,97709700,PTT_BK
2025-03-21,31.75,32.0,31.25,31.75,82292500,PTT_BK
2025-03-24,32.25,32.25,31.25,31.75,60701300,PTT_BK
2025-03-25,32.5,32.5,32.0,32.25,55017000,PTT_BK
2025-03-26,32.5,32.75,32.25,32.5,30966300,PTT_BK
2025-03-27,32.5,32.75,32.25,32.5,29589700,PTT_BK
2025-03-28,32.0,32.5,32.0,32.25,27547300,PTT_BK
2025-03-31,32.0,32.25,31.5,32.0,40124600,PTT_BK
2025-04-01,32.0,32.25,31.75,32.0,24892400,PTT_BK
2025-04-02,32.25,32.25,31.75,31.75,32787700,PTT_BK
2025-04-03,32.25,32.25,31.5,31.75,36044100,PTT_BK
2025-04-04,31.5,32.25,31.0,31.75,61283900,PTT_BK
2025-04-08,30.25,30.75,29.5,30.0,73333600,PTT_BK
2025-04-09,30.5,30.5,30.0,30.0,51082000,PTT_BK
2025-04-10,30.75,31.75,30.75,31.25,85360700,PTT_BK
2025-04-11,31.5,31.5,30.25,30.75,53493900,PTT_BK
2025-04-16,31.0,31.5,30.5,31.25,42868900,PTT_BK
2025-04-17,30.75,31.25,30.75,31.0,17112300,PTT_BK
2025-04-18,31.0,31.5,30.75,31.0,36229600,PTT_BK
2025-04-21,30.75,31.0,30.25,31.0,39254200,PTT_BK
2025-04-22,30.5,30.75,30.25,30.5,22245800,PTT_BK
2025-04-23,30.5,31.0,30.5,30.75,36211500,PTT_BK
2025-04-24,30.25,30.75,30.25,30.5,13586800,PTT_BK
2025-04-25,30.5,30.5,30.25,30.5,9162000,PTT_BK
2025-04-28,30.75,30.75,30.5,30.5,15194900,PTT_BK
2025-04-29,30.75,31.0,30.5,30.75,11992100,PTT_BK
2025-04-30,31.0,31.0,30.5,30.75,27889300,PTT_BK
2025-05-02,31.25,31.25,30.75,31.0,31531400,PTT_BK
2025-05-06,30.75,31.25,30.5,31.0,19733400,PTT_BK
2025-05-07,31.5,31.5,30.75,30.75,52060700,PTT_BK
2025-05-08,31.0,31.5,31.0,31.25,36019200,PTT_BK
2025-05-09,31.25,31.25,30.75,31.25,29798300,PTT_BK
2025-05-13,31.0,31.75,31.0,31.25,81889800,PTT_BK
2025-05-14,31.25,31.25,31.0,31.0,36743400,PTT_BK
2025-05-15,31.0,31.25,30.75,31.25,49774200,PTT_BK
2025-05-16,31.25,31.25,30.75,31.0,30926700,PTT_BK
2025-05-19,31.0,31.25,30.75,31.0,32321500,PTT_BK
2025-05-20,30.75,31.0,30.75,31.0,10621300,PTT_BK
2025-05-21,30.75,31.0,30.5,31.0,57019900,PTT_BK
2025-05-22,30.5,30.75,30.25,30.5,32095000,PTT_BK
2025-05-23,30.5,30.75,30.25,30.75,26930600,PTT_BK
2025-05-26,30.25,30.75,30.25,30.5,21260502,PTT_BK
2020-05-26,54.591331481933594,55.63999938964844,54.38066864013672,55.633331298828125,121345500,TSLA
2020-05-27,54.68199920654297,55.180667877197266,52.33333206176758,54.7239990234375,173242500,TSLA
2020-05-28,53.72066879272461,54.983333587646484,53.44599914550781,54.23400115966797,108834000,TSLA
2020-05-29,55.66666793823242,55.66666793823242,53.61399841308594,53.91666793823242,176467500,TSLA
2020-06-01,59.87333297729492,59.93333435058594,56.939998626708984,57.20000076293945,224092500,TSLA
2020-06-02,58.770668029785156,60.57733154296875,58.06666564941406,59.64666748046875,203484000,TSLA
2020-06-03,58.86399841308594,59.862667083740234,58.67333221435547,59.20800018310547,119242500,TSLA
2020-06-04,57.62533187866211,59.71666717529297,57.229331970214844,59.32533264160156,133315500,TSLA
2020-06-05,59.04399871826172,59.10133361816406,57.746665954589844,58.522666931152344,117178500,TSLA
2020-06-08,63.327999114990234,63.33333206176758,60.61066818237305,61.266666412353516,212620500,TSLA
2020-06-09,62.711334228515625,63.62933349609375,61.595333099365234,62.66733169555664,170823000,TSLA
2020-06-10,68.336669921875,68.49866485595703,65.5,66.12533569335938,278451000,TSLA
2020-06-11,64.85600280761719,67.9306640625,64.80000305175781,66.01333618164062,238747500,TSLA
2020-06-12,62.35200119018555,65.8653335571289,60.84000015258789,65.33333587646484,251451000,TSLA
2020-06-15,66.05999755859375,66.5893325805664,60.56666564941406,61.18600082397461,235458000,TSLA
2020-06-16,65.47533416748047,67.52532958984375,64.15933227539062,67.4566650390625,210766500,TSLA
2020-06-17,66.11933135986328,67.0,65.50466918945312,65.84733581542969,148362000,TSLA
2020-06-18,66.9306640625,67.94667053222656,66.2979965209961,66.86666870117188,146278500,TSLA
2020-06-19,66.72666931152344,67.73133087158203,66.0893325805664,67.51866912841797,130195500,TSLA
2020-06-22,66.28800201416016,67.2586669921875,66.00133514404297,66.663330078125,95436000,TSLA
2020-06-23,66.78533172607422,67.46666717529297,66.267333984375,66.59200286865234,95479500,TSLA
2020-06-24,64.0566635131836,66.72533416748047,63.542667388916016,66.27400207519531,164394000,TSLA
2020-06-25,65.73200225830078,65.73200225830078,62.47666549682617,63.61800003051758,138817500,TSLA
2020-06-26,63.982666015625,66.33333587646484,63.65800094604492,66.31866455078125,132823500,TSLA
2020-06-29,67.29000091552734,67.33333587646484,63.23466873168945,64.60066986083984,135396000,TSLA
2020-06-30,71.98733520507812,72.51266479492188,66.91533660888672,67.0999984741211,253777500,TSLA
2020-07-01,74.64199829101562,75.68866729736328,72.03333282470703,72.19999694824219,199903500,TSLA
2020-07-02,80.57733154296875,81.86666870117188,79.04000091552734,81.43199920654297,258751500,TSLA
2020-07-06,91.43866729736328,91.85266876220703,84.40266418457031,85.11266326904297,308548500,TSLA
2020-07-07,92.65733337402344,95.30000305175781,89.11399841308594,93.6673355102539,322345500,TSLA
2020-07-08,91.05867004394531,94.48400115966797,87.42266845703125,93.66666412353516,244669500,TSLA
2020-07-09,92.9520034790039,93.90399932861328,90.08533477783203,93.1326675415039,175764000,TSLA
2020-07-10,102.97666931152344,103.2613296508789,91.73400115966797,93.06666564941406,350064000,TSLA
2020-07-13,99.80400085449219,119.66600036621094,98.0739974975586,110.5999984741211,584781000,TSLA
2020-07-14,101.12000274658203,106.0,95.4000015258789,103.73332977294922,351271500,TSLA
2020-07-15,103.06732940673828,103.33333587646484,97.13333129882812,102.86666870117188,245517000,TSLA
2020-07-16,100.04266357421875,102.11399841308594,97.73332977294922,98.47733306884766,214512000,TSLA
2020-07-17,100.05599975585938,102.50066375732422,99.33333587646484,100.89666748046875,139950000,TSLA
2020-07-20,109.53333282470703,110.0,99.19999694824219,101.267333984375,256821000,TSLA
2020-07-21,104.55733489990234,111.66666412353516,103.86666870117188,109.32866668701172,241608000,TSLA
2020-07-22,106.15533447265625,108.4280014038086,104.13333129882812,106.5999984741211,212416500,TSLA
2020-07-23,100.87133026123047,112.5999984741211,98.71800231933594,111.93000030517578,364927500,TSLA
2020-07-24,94.46666717529297,97.66666412353516,91.10266876220703,94.40066528320312,290949000,TSLA
2020-07-27,102.63999938964844,103.19599914550781,94.19999694824219,95.66666412353516,240730500,TSLA
2020-07-28,98.43267059326172,104.3133316040039,98.29467010498047,100.26667022705078,237130500,TSLA
2020-07-29,99.94066619873047,102.32066345214844,99.13333129882812,100.06666564941406,141403500,TSLA
2020-07-30,99.16600036621094,100.8826675415039,98.06666564941406,99.19999694824219,114315000,TSLA
2020-07-31,95.38400268554688,101.13666534423828,94.73200225830078,101.0,183123000,TSLA
2020-08-03,99.0,100.65399932861328,96.29199981689453,96.61333465576172,132139500,TSLA
2020-08-04,99.13333129882812,101.82733154296875,97.46666717529297,99.6673355102539,126225000,TSLA
2020-08-05,99.00133514404297,99.98933410644531,97.88733673095703,99.53266906738281,74217000,TSLA
2020-08-06,99.30533599853516,101.15399932861328,98.48400115966797,99.38866424560547,89884500,TSLA
2020-08-07,96.84733581542969,99.98332977294922,94.33399963378906,99.96932983398438,133446000,TSLA
2020-08-10,94.57133483886719,97.16666412353516,92.38933563232422,96.53333282470703,112834500,TSLA
2020-08-11,91.6259994506836,94.66666412353516,91.0,93.06666564941406,129387000,TSLA
2020-08-12,103.65066528320312,105.66666412353516,95.66666412353516,98.0,327441000,TSLA
2020-08-13,108.06666564941406,110.07866668701172,104.48400115966797,107.4000015258789,306379500,TSLA
2020-08-14,110.04733276367188,111.25333404541016,108.44266510009766,110.99933624267578,188664000,TSLA
2020-08-17,122.3759994506836,123.05733489990234,111.52200317382812,111.80000305175781,303634500,TSLA
2020-08-18,125.80599975585938,128.25999450683594,123.00733184814453,126.59933471679688,247117500,TSLA
2020-08-19,125.23533630371094,127.4000015258789,122.74732971191406,124.33333587646484,183079500,TSLA
2020-08-20,133.45533752441406,134.79933166503906,123.80400085449219,124.04533386230469,309177000,TSLA
2020-08-21,136.6653289794922,139.69932556152344,135.00332641601562,136.3173370361328,322344000,TSLA
2020-08-24,134.27999877929688,141.93333435058594,128.50132751464844,141.7519989013672,300954000,TSLA
2020-08-25,134.8893280029297,135.19667053222656,131.1999969482422,131.65933227539062,159883500,TSLA
2020-08-26,143.54466247558594,144.39999389648438,136.90866088867188,137.3333282470703,213591000,TSLA
2020-08-27,149.25,153.0399932861328,142.8333282470703,145.36399841308594,355395000,TSLA
2020-08-28,147.55999755859375,154.5659942626953,145.76800537109375,153.00799560546875,301218000,TSLA
2020-08-31,166.10667419433594,166.7133331298828,146.70333862304688,148.20333862304688,355123200,TSLA
2020-09-01,158.35000610351562,167.49667358398438,156.836669921875,167.3800048828125,269523300,TSLA
2020-09-02,149.1233367919922,159.67999267578125,135.0399932861328,159.663330078125,288528300,TSLA
2020-09-03,135.6666717529297,143.93333435058594,134.0,135.7433319091797,262788300,TSLA
2020-09-04,139.44000244140625,142.6666717529297,124.00666809082031,134.27000427246094,330965700,TSLA
2020-09-08,110.06999969482422,122.913330078125,109.95999908447266,118.66666412353516,346397100,TSLA
2020-09-09,122.09333038330078,123.0,113.836669921875,118.86666870117188,238397400,TSLA
2020-09-10,123.77999877929688,132.99667358398438,120.1866683959961,128.73666381835938,254791800,TSLA
2020-09-11,124.23999786376953,127.5,120.16666412353516,127.3133316040039,182152500,TSLA
2020-09-14,139.8733367919922,140.0,124.43333435058594,126.98332977294922,249061800,TSLA
2020-09-15,149.9199981689453,153.97999572753906,143.56666564941406,145.52000427246094,291894600,TSLA
2020-09-16,147.25332641601562,152.59666442871094,145.10333251953125,146.6233367919922,216837900,TSLA
2020-09-17,141.14332580566406,145.92999267578125,136.0,138.53334045410156,230337600,TSLA
2020-09-18,147.38333129882812,150.3333282470703,142.93333435058594,149.31333923339844,259220400,TSLA
2020-09-21,149.79666137695312,151.89332580566406,135.69000244140625,151.0433349609375,328430400,TSLA
2020-09-22,141.41000366210938,145.9199981689453,139.1999969482422,143.1999969482422,238742400,TSLA
2020-09-23,126.78666687011719,137.38333129882812,125.2933349609375,135.05332946777344,285222600,TSLA
2020-09-24,129.26333618164062,133.1666717529297,117.0999984741211,121.26667022705078,289683300,TSLA
2020-09-25,135.77999877929688,136.2433319091797,130.43333435058594,131.1566619873047,201625500,TSLA
2020-09-28,140.39999389648438,142.69332885742188,138.51666259765625,141.5399932861328,149158800,TSLA
2020-09-29,139.69000244140625,142.8333282470703,137.1999969482422,138.6666717529297,150657900,TSLA
2020-09-30,143.00332641601562,144.64332580566406,140.1566619873047,140.44000244140625,144436800,TSLA
2020-10-01,149.3866729736328,149.6266632080078,144.80667114257812,146.9199981689453,152224500,TSLA
2020-10-02,138.3633270263672,146.3766632080078,138.3333282470703,140.4633331298828,214290000,TSLA
2020-10-05,141.89332580566406,144.54666137695312,139.77667236328125,141.11666870117188,134168400,TSLA
2020-10-06,137.9933319091797,142.92666625976562,135.35000610351562,141.26333618164062,147438900,TSLA
2020-10-07,141.76666259765625,143.3000030517578,137.9499969482422,139.9566650390625,129383100,TSLA
2020-10-08,141.97332763671875,146.3333282470703,141.76666259765625,146.14666748046875,121263300,TSLA
2020-10-09,144.6666717529297,144.8633270263672,142.15333557128906,143.3766632080078,86777100,TSLA
2020-10-12,147.43333435058594,149.5800018310547,146.19332885742188,147.3333282470703,116373300,TSLA
2020-10-13,148.88333129882812,149.6300048828125,145.53334045410156,147.78334045410156,103391100,TSLA
2020-10-14,153.76666259765625,155.3000030517578,149.11666870117188,149.92666625976562,143639100,TSLA
2020-10-15,149.6266632080078,152.19000244140625,147.5,150.10333251953125,107017200,TSLA
2020-10-16,146.55667114257812,151.98333740234375,146.28334045410156,151.47999572753906,98327700,TSLA
2020-10-19,143.61000061035156,149.0,142.9566650390625,148.74667358398438,108863400,TSLA
2020-10-20,140.64666748046875,143.9166717529297,139.68333435058594,143.9166717529297,94968900,TSLA
2020-10-21,140.8800048828125,144.31666564941406,140.4166717529297,140.89999389648438,97111500,TSLA
2020-10-22,141.92999267578125,148.41000366210938,141.50332641601562,147.30667114257812,119979600,TSLA
2020-10-23,140.2100067138672,140.9633331298828,135.7933349609375,140.6133270263672,101151000,TSLA
2020-10-26,140.0933380126953,141.9199981689453,136.6666717529297,137.2100067138672,84717600,TSLA
2020-10-27,141.55999755859375,143.5,140.03334045410156,141.25332641601562,68059500,TSLA
2020-10-28,135.33999633789062,139.53334045410156,135.3333282470703,138.82666015625,76354200,TSLA
2020-10-29,136.94332885742188,139.35333251953125,135.48666381835938,136.65333557128906,67965900,TSLA
2020-10-30,129.34666442871094,135.8633270263672,126.37000274658203,135.63333129882812,127533900,TSLA
2020-11-02,133.50332641601562,135.66000366210938,130.76666259765625,131.3333282470703,87063300,TSLA
2020-11-03,141.3000030517578,142.58999633789062,135.56333923339844,136.57666015625,103055100,TSLA
2020-11-04,140.32666015625,145.13333129882812,139.03334045410156,143.5399932861328,96429300,TSLA
2020-11-05,146.02999877929688,146.6666717529297,141.3333282470703,142.76666259765625,85243500,TSLA
2020-11-06,143.31666564941406,145.52333068847656,141.42666625976562,145.36666870117188,65118000,TSLA
2020-11-09,140.4199981689453,150.8333282470703,140.3333282470703,146.5,104499000,TSLA
2020-11-10,136.7866668701172,140.02999877929688,132.00999450683594,140.02999877929688,90852600,TSLA
2020-11-11,139.0433349609375,139.56666564941406,136.86000061035156,138.81666564941406,52073100,TSLA
2020-11-12,137.25332641601562,141.0,136.5066680908203,138.35000610351562,59565300,TSLA
2020-11-13,136.1666717529297,137.50999450683594,133.8866729736328,136.9499969482422,59313300,TSLA
2020-11-16,136.02999877929688,137.48333740234375,134.69667053222656,136.30999755859375,80515800,TSLA
2020-11-17,147.20333862304688,154.0,144.336669921875,153.38999938964844,183564900,TSLA
2020-11-18,162.2133331298828,165.3333282470703,147.8333282470703,149.4499969482422,234132000,TSLA
2020-11-19,166.42333984375,169.5366668701172,162.52333068847656,164.0,187425900,TSLA
2020-11-20,163.20333862304688,167.5,163.02000427246094,165.99667358398438,98735700,TSLA
2020-11-23,173.9499969482422,175.3333282470703,167.26333618164062,167.8333282470703,150780900,TSLA
2020-11-24,185.1266632080078,186.663330078125,175.39999389648438,180.13333129882812,160945500,TSLA
2020-11-25,191.3333282470703,191.3333282470703,181.7899932861328,183.35333251953125,146790600,TSLA
2020-11-27,195.25332641601562,199.5933380126953,192.81666564941406,193.72000122070312,112683300,TSLA
2020-11-30,189.1999969482422,202.60000610351562,184.836669921875,200.73666381835938,189009300,TSLA
2020-12-01,194.9199981689453,199.28334045410156,190.68333435058594,199.19667053222656,120310500,TSLA
2020-12-02,189.60667419433594,190.51333618164062,180.40333557128906,185.47999572753906,143327100,TSLA
2020-12-03,197.7933349609375,199.6566619873047,194.14332580566406,196.67333984375,127656000,TSLA
2020-12-04,199.67999267578125,199.67999267578125,195.1666717529297,197.00332641601562,88203900,TSLA
2020-12-07,213.9199981689453,216.26333618164062,201.01666259765625,201.63999938964844,168929100,TSLA
2020-12-08,216.6266632080078,217.0933380126953,206.1666717529297,208.50332641601562,192795000,TSLA
2020-12-09,201.4933319091797,218.10667419433594,196.0,217.89666748046875,213873600,TSLA
2020-12-10,209.02333068847656,209.25,188.77999877929688,191.4566650390625,201249600,TSLA
2020-12-11,203.3300018310547,208.0,198.93333435058594,205.00332641601562,139425000,TSLA
2020-12-14,213.27667236328125,214.25,203.39999389648438,206.3333282470703,156121800,TSLA
2020-12-15,211.0833282470703,215.63333129882812,207.93333435058594,214.42666625976562,135214500,TSLA
2020-12-16,207.58999633789062,210.8333282470703,201.6666717529297,209.41000366210938,126287400,TSLA
2020-12-17,218.63333129882812,219.60667419433594,206.5,209.39666748046875,168810300,TSLA
2020-12-18,231.6666717529297,231.6666717529297,209.51333618164062,222.96665954589844,666378600,TSLA
2020-12-21,216.6199951171875,222.8333282470703,215.35667419433594,222.0800018310547,174135900,TSLA
2020-12-22,213.44667053222656,216.6266632080078,204.7433319091797,216.0,155148000,TSLA
2020-12-23,215.32666015625,217.1666717529297,207.52333068847656,210.73333740234375,99519000,TSLA
2020-12-24,220.58999633789062,222.02999877929688,213.6666717529297,214.3300018310547,68596800,TSLA
2020-12-28,221.22999572753906,227.13333129882812,220.26666259765625,224.836669921875,96835800,TSLA
2020-12-29,221.99667358398438,223.3000030517578,218.3333282470703,220.3333282470703,68732400,TSLA
2020-12-30,231.5933380126953,232.1999969482422,222.7866668701172,224.0,128538000,TSLA
2020-12-31,235.22332763671875,239.57333374023438,230.3733367919922,233.3300018310547,148949700,TSLA
2021-01-04,243.2566680908203,248.163330078125,239.06333923339844,239.82000732421875,145914600,TSLA
2021-01-05,245.0366668701172,246.94667053222656,239.73333740234375,241.22000122070312,96735600,TSLA
2021-01-06,251.9933319091797,258.0,249.6999969482422,252.8300018310547,134100000,TSLA
2021-01-07,272.0133361816406,272.3299865722656,258.3999938964844,259.2099914550781,154496700,TSLA
2021-01-08,293.3399963378906,294.8299865722656,279.46331787109375,285.3333435058594,225166500,TSLA
2021-01-11,270.39666748046875,284.80999755859375,267.8733215332031,283.1333312988281,177904800,TSLA
2021-01-12,283.14666748046875,289.3333435058594,275.7799987792969,277.0,138812100,TSLA
2021-01-13,284.8033447265625,286.8233337402344,277.3333435058594,284.2533264160156,99937500,TSLA
2021-01-14,281.6666564941406,287.6666564941406,279.5833435058594,281.1300048828125,93798900,TSLA
2021-01-15,275.38665771484375,286.6333312988281,273.0333251953125,284.0,116332800,TSLA
2021-01-19,281.51666259765625,283.3333435058594,277.6666564941406,279.26666259765625,76101000,TSLA
2021-01-20,283.48333740234375,286.5,279.09332275390625,286.2466735839844,76997700,TSLA
2021-01-21,281.663330078125,285.239990234375,280.47332763671875,285.0,61563300,TSLA
2021-01-22,282.21331787109375,282.6666564941406,276.2066650390625,278.10333251953125,60199500,TSLA
2021-01-25,293.6000061035156,300.1333312988281,279.6066589355469,285.0,123520200,TSLA
2021-01-26,294.36334228515625,298.6333312988281,290.5333251953125,297.1266784667969,69394800,TSLA
2021-01-27,288.0533447265625,297.1666564941406,286.2200012207031,290.1166687011719,82002000,TSLA
2021-01-28,278.4766540527344,282.6666564941406,267.0,273.3333435058594,79134000,TSLA
2021-01-29,264.510009765625,280.8033447265625,260.0333251953125,276.6666564941406,104972400,TSLA
2021-02-01,279.9366760253906,280.6666564941406,265.1866760253906,271.42999267578125,76174200,TSLA
2021-02-02,290.92999267578125,293.5,280.73333740234375,281.55999755859375,73038600,TSLA
2021-02-03,284.89666748046875,292.6933288574219,284.35333251953125,292.3399963378906,55030500,TSLA
2021-02-04,283.3299865722656,285.5,277.8066711425781,285.0,47438100,TSLA
2021-02-05,284.07666015625,288.25665283203125,279.65667724609375,281.6666564941406,55699800,TSLA
2021-02-08,287.8066711425781,292.5899963378906,284.9166564941406,289.8900146484375,60485100,TSLA
2021-02-09,283.1533203125,286.6000061035156,280.5833435058594,285.0400085449219,45473100,TSLA
2021-02-10,268.2733459472656,281.6066589355469,266.67333984375,281.21331787109375,108648300,TSLA
2021-02-11,270.5533447265625,276.6266784667969,267.24334716796875,270.8133239746094,64868400,TSLA
2021-02-12,272.0400085449219,272.4433288574219,261.77667236328125,267.086669921875,71304900,TSLA
2021-02-16,265.40667724609375,273.6666564941406,264.14666748046875,272.6666564941406,59406900,TSLA
2021-02-17,266.04998779296875,266.61334228515625,254.00332641601562,259.6966552734375,77989500,TSLA
2021-02-18,262.4599914550781,264.89666748046875,258.75665283203125,260.29998779296875,53871300,TSLA
2021-02-19,260.4333190917969,265.5966796875,259.1233215332031,265.0,56874900,TSLA
2021-02-22,238.1666717529297,256.1666564941406,236.73333740234375,254.2133331298828,111809100,TSLA
2021-02-23,232.94667053222656,237.8699951171875,206.3333282470703,220.7100067138672,199820700,TSLA
2021-02-24,247.33999633789062,248.3333282470703,231.38999938964844,237.28334045410156,110301000,TSLA
2021-02-25,227.4066619873047,245.73666381835938,223.52667236328125,242.0500030517578,117071700,TSLA
2021-02-26,225.1666717529297,235.56666564941406,219.836669921875,233.3333282470703,123267600,TSLA
2021-03-01,239.47666931152344,239.6666717529297,228.35000610351562,230.0366668701172,81408600,TSLA
2021-03-02,228.81333923339844,240.3699951171875,228.3333282470703,239.42666625976562,71196600,TSLA
2021-03-03,217.73333740234375,233.56666564941406,217.23666381835938,229.3300018310547,90624000,TSLA
2021-03-04,207.14666748046875,222.81666564941406,200.0,218.60000610351562,197758500,TSLA
2021-03-05,199.31666564941406,209.27999877929688,179.8300018310547,208.68666076660156,268189500,TSLA
2021-03-08,187.6666717529297,206.7100067138672,186.26333618164062,200.18333435058594,155361000,TSLA
2021-03-09,224.52667236328125,226.02999877929688,198.40333557128906,202.72666931152344,202569900,TSLA
2021-03-10,222.68666076660156,239.28334045410156,218.35333251953125,233.43333435058594,181817100,TSLA
2021-03-11,233.1999969482422,234.1666717529297,225.72666931152344,233.13333129882812,108761700,TSLA
2021-03-12,231.2433319091797,231.6266632080078,222.04666137695312,223.3333282470703,100751400,TSLA
2021-03-15,235.97999572753906,237.72666931152344,228.01333618164062,231.3633270263672,88006800,TSLA
2021-03-16,225.6266632080078,235.97332763671875,223.6666717529297,234.4499969482422,96587100,TSLA
2021-03-17,233.93666076660156,234.57666015625,217.00332641601562,218.9566650390625,121117500,TSLA
2021-03-18,217.72000122070312,229.7433319091797,217.3333282470703,228.09666442871094,99674400,TSLA
2021-03-19,218.2899932861328,219.07666015625,208.2066650390625,215.53334045410156,128682000,TSLA
2021-03-22,223.3333282470703,233.2066650390625,222.9166717529297,228.19667053222656,118536600,TSLA
2021-03-23,220.72000122070312,225.93333435058594,219.1699981689453,225.2566680908203,91475700,TSLA
2021-03-24,210.08999633789062,222.67333984375,210.0366668701172,222.6366729736328,101385600,TSLA
2021-03-25,213.4633331298828,215.1666717529297,203.1666717529297,204.3333282470703,117674700,TSLA
2021-03-26,206.23666381835938,214.60667419433594,199.9633331298828,213.9566650390625,101558400,TSLA
2021-03-29,203.76333618164062,205.4933319091797,198.67333984375,205.2133331298828,85911000,TSLA
2021-03-30,211.8733367919922,212.55332946777344,197.00332641601562,200.5833282470703,118297200,TSLA
2021-03-31,222.64332580566406,224.0,213.70333862304688,215.5399932861328,100011900,TSLA
2021-04-01,220.5833282470703,230.80667114257812,219.80667114257812,229.4566650390625,105895200,TSLA
2021-04-05,230.35000610351562,236.05332946777344,228.23333740234375,235.90333557128906,125528400,TSLA
2021-04-06,230.5399932861328,232.18333435058594,227.1233367919922,230.10000610351562,84815400,TSLA
2021-04-07,223.6566619873047,230.4600067138672,222.6133270263672,229.0,78928200,TSLA
2021-04-08,227.93333435058594,229.85000610351562,223.88333129882812,225.7933349609375,71772900,TSLA
2021-04-09,225.67333984375,226.99000549316406,223.14332580566406,225.92333984375,64311300,TSLA
2021-04-12,233.9933319091797,234.93333435058594,227.3633270263672,228.56666564941406,87407100,TSLA
2021-04-13,254.10667419433594,254.3333282470703,236.8866729736328,237.56666564941406,133958400,TSLA
2021-04-14,244.07666015625,260.2633361816406,242.67666625976562,256.8999938964844,147052200,TSLA
2021-04-15,246.28334045410156,247.89666748046875,240.43666076660156,247.6999969482422,83546700,TSLA
2021-04-16,246.5933380126953,249.80332946777344,241.53334045410156,242.88333129882812,83938500,TSLA
2021-04-19,238.2100067138672,241.8000030517578,230.60000610351562,239.86666870117188,119058600,TSLA
2021-04-20,239.663330078125,245.75,236.89666748046875,239.13999938964844,106827000,TSLA
2021-04-21,248.0399932861328,248.27999877929688,232.6666717529297,234.92333984375,93646500,TSLA
2021-04-22,239.89666748046875,251.2566680908203,239.34666442871094,247.1666717529297,106770900,TSLA
2021-04-23,243.13333129882812,245.7866668701172,238.48666381835938,239.93333435058594,85110000,TSLA
2021-04-26,246.06666564941406,249.76666259765625,244.20333862304688,247.0,93115500,TSLA
2021-04-27,234.913330078125,241.3333282470703,234.4499969482422,239.32000732421875,88311000,TSLA
2021-04-28,231.46665954589844,236.1666717529297,231.1999969482422,232.1366729736328,66813000,TSLA
2021-04-29,225.6666717529297,234.0833282470703,222.8333282470703,233.1699981689453,86536200,TSLA
2021-04-30,236.47999572753906,238.49000549316406,222.04666137695312,222.52999877929688,122276100,TSLA
2021-05-03,228.3000030517578,235.3333282470703,226.8333282470703,234.60000610351562,81129300,TSLA
2021-05-04,224.53334045410156,227.81666564941406,219.23333740234375,226.31333923339844,89217900,TSLA
2021-05-05,223.64666748046875,228.43333435058594,222.44667053222656,227.02000427246094,65705700,TSLA
2021-05-06,221.17999267578125,227.0066680908203,216.6666717529297,226.9199981689453,83353800,TSLA
2021-05-07,224.1233367919922,230.0,220.07333374023438,221.93333435058594,70407600,TSLA
2021-05-10,209.67999267578125,221.68333435058594,209.20333862304688,221.63333129882812,94177200,TSLA
2021-05-11,205.73333740234375,209.03334045410156,198.53334045410156,199.74667358398438,139511700,TSLA
2021-05-12,196.6300048828125,206.80332946777344,195.58999633789062,200.8300018310547,101470800,TSLA
2021-05-13,190.56333923339844,202.15333557128906,186.5500030517578,200.51333618164062,132554700,TSLA
2021-05-14,196.5800018310547,197.6233367919922,190.15333557128906,194.47000122070312,100112700,TSLA
2021-05-17,192.27667236328125,196.57666015625,187.06666564941406,191.85000610351562,97171200,TSLA
2021-05-18,192.6233367919922,198.75,187.7933349609375,189.3333282470703,110491800,TSLA
2021-05-19,187.82000732421875,188.73666381835938,182.32666015625,184.18333435058594,118735200,TSLA
2021-05-20,195.5933380126953,196.28334045410156,190.35667419433594,191.6666717529297,92463300,TSLA
2021-05-21,193.6266632080078,198.89332580566406,193.3333282470703,198.70333862304688,78091800,TSLA
2021-05-24,202.14666748046875,204.82666015625,191.21665954589844,193.86666870117188,103674300,TSLA
2021-05-25,201.56333923339844,204.663330078125,198.57000732421875,202.43666076660156,84017700,TSLA
2021-05-26,206.3766632080078,208.72332763671875,200.5,202.52000427246094,85917900,TSLA
2021-05-27,210.28334045410156,210.3766632080078,205.40333557128906,206.74667358398438,79111800,TSLA
2021-05-28,208.4066619873047,211.8633270263672,207.4600067138672,209.5,68211000,TSLA
2021-06-01,207.96665954589844,211.26666259765625,206.85000610351562,209.26666259765625,54254700,TSLA
2021-06-02,201.7066650390625,207.7866668701172,199.7133331298828,206.7100067138672,69908400,TSLA
2021-06-03,190.94667053222656,201.51666259765625,190.4066619873047,200.60000610351562,90335700,TSLA
2021-06-04,199.68333435058594,200.20333862304688,192.39999389648438,193.23666381835938,72110700,TSLA
2021-06-07,201.7100067138672,203.3333282470703,194.2933349609375,197.27667236328125,67631100,TSLA
2021-06-08,201.19667053222656,207.69667053222656,198.5,207.6699981689453,78160200,TSLA
2021-06-09,199.5933380126953,203.92999267578125,199.2100067138672,200.72332763671875,49753800,TSLA
2021-06-10,203.3733367919922,205.52999877929688,200.1666717529297,201.2933349609375,71758800,TSLA
2021-06-11,203.29666137695312,204.18666076660156,200.5066680908203,203.41000366210938,48615900,TSLA
2021-06-14,205.89666748046875,208.49667358398438,203.05999755859375,204.07666015625,61272000,TSLA
2021-06-15,199.7866668701172,205.59666442871094,199.41000366210938,205.56333923339844,53292300,TSLA
2021-06-16,201.6233367919922,202.8333282470703,197.8333282470703,199.17999267578125,66432300,TSLA
2021-06-17,205.53334045410156,207.1566619873047,200.44667053222656,200.6300048828125,68104200,TSLA
2021-06-18,207.77000427246094,209.4499969482422,203.93333435058594,204.4566650390625,73682700,TSLA
2021-06-21,206.94332885742188,210.4633331298828,202.9600067138672,208.16000366210938,74438100,TSLA
2021-06-22,207.90333557128906,209.52333068847656,205.1666717529297,206.0833282470703,57476700,TSLA
2021-06-23,218.85667419433594,219.06666564941406,210.01333618164062,210.6666717529297,93297600,TSLA
2021-06-24,226.60667419433594,232.5399932861328,222.5366668701172,224.99667358398438,137947200,TSLA
2021-06-25,223.9566650390625,231.27000427246094,222.89999389648438,229.86000061035156,97490100,TSLA
2021-06-28,229.57333374023438,231.56666564941406,223.44000244140625,223.8800048828125,64884600,TSLA
2021-06-29,226.9199981689453,229.1699981689453,225.29666137695312,228.21665954589844,52143900,TSLA
2021-06-30,226.56666564941406,230.93666076660156,226.04666137695312,226.58999633789062,56774700,TSLA
2021-07-01,225.97332763671875,229.3300018310547,224.26666259765625,227.97332763671875,55903500,TSLA
2021-07-02,226.3000030517578,233.3333282470703,224.4199981689453,226.32666015625,81163500,TSLA
2021-07-06,219.86000061035156,228.0,217.13333129882812,227.23666381835938,69853500,TSLA
2021-07-07,214.88333129882812,221.89999389648438,212.77333068847656,221.42333984375,56376000,TSLA
2021-07-08,217.60333251953125,218.14332580566406,206.82000732421875,209.4566650390625,68319900,TSLA
2021-07-09,218.98333740234375,219.6366729736328,214.89666748046875,217.72666931152344,54421500,TSLA
2021-07-12,228.56666564941406,229.0800018310547,220.72000122070312,220.73333740234375,77781000,TSLA
2021-07-13,222.84666442871094,231.0933380126953,222.10000610351562,228.77333068847656,62898300,TSLA
2021-07-14,217.7933349609375,226.20333862304688,217.6133270263672,223.5833282470703,64923600,TSLA
2021-07-15,216.86666870117188,222.04666137695312,212.6266632080078,219.4633331298828,60628800,TSLA
2021-07-16,214.74000549316406,218.89999389648438,214.06666564941406,218.22666931152344,49113000,TSLA
2021-07-19,215.4066619873047,215.73333740234375,207.09666442871094,209.9633331298828,63891300,TSLA
2021-07-20,220.1666717529297,220.79666137695312,213.5,217.3300018310547,46461300,TSLA
2021-07-21,218.42999267578125,221.6199951171875,216.76333618164062,219.8699951171875,41859900,TSLA
2021-07-22,216.4199981689453,220.72332763671875,214.86666870117188,218.81333923339844,45317100,TSLA
2021-07-23,214.4600067138672,216.26666259765625,212.43333435058594,215.45333862304688,43814700,TSLA
2021-07-26,219.2066650390625,222.73333740234375,215.70333862304688,216.99000549316406,76009800,TSLA
2021-07-27,214.92666625976562,222.1666717529297,209.0800018310547,221.13333129882812,98439900,TSLA
2021-07-28,215.66000366210938,218.32333374023438,213.13333129882812,215.6666717529297,48019800,TSLA
2021-07-29,225.78334045410156,227.89666748046875,216.26666259765625,216.59666442871094,91183800,TSLA
2021-07-30,229.06666564941406,232.50999450683594,223.0,223.9199981689453,88969200,TSLA
2021-08-02,236.55667114257812,242.31333923339844,232.8000030517578,233.3333282470703,100847400,TSLA
2021-08-03,236.5800018310547,240.88333129882812,233.6699981689453,239.6666717529297,64860900,TSLA
2021-08-04,236.97332763671875,241.63333129882812,236.30999755859375,237.0,51007800,TSLA
2021-08-05,238.2100067138672,240.31666564941406,237.1366729736328,238.6666717529297,38758800,TSLA
2021-08-06,233.03334045410156,238.77667236328125,232.5433349609375,237.3000030517578,46869000,TSLA
2021-08-09,237.9199981689453,239.67666625976562,235.0433349609375,236.72332763671875,44145900,TSLA
2021-08-10,236.663330078125,238.8633270263672,233.9600067138672,237.99667358398438,40296900,TSLA
2021-08-11,235.94000244140625,238.39332580566406,234.73666381835938,237.57000732421875,29401800,TSLA
2021-08-12,240.75,240.93333435058594,233.13333129882812,235.44667053222656,52377300,TSLA
2021-08-13,239.05667114257812,243.3000030517578,238.1133270263672,241.23666381835938,50194500,TSLA
2021-08-16,228.72332763671875,236.5,225.46665954589844,235.02333068847656,68032200,TSLA
2021-08-17,221.90333557128906,224.86000061035156,216.27999877929688,224.22000122070312,71163900,TSLA
2021-08-18,229.663330078125,231.92333984375,223.11666870117188,223.25,61048200,TSLA
2021-08-19,224.49000549316406,228.85000610351562,222.52999877929688,226.07000732421875,42940500,TSLA
2021-08-20,226.75332641601562,230.7100067138672,224.56666564941406,227.61666870117188,44525700,TSLA
2021-08-23,235.43333435058594,237.3766632080078,226.9166717529297,228.47999572753906,60794700,TSLA
2021-08-24,236.163330078125,238.4066619873047,234.2133331298828,236.89332580566406,39249300,TSLA
2021-08-25,237.06666564941406,238.99000549316406,234.6666717529297,235.67666625976562,37936800,TSLA
2021-08-26,233.72000122070312,238.46665954589844,232.5399932861328,236.10333251953125,39642900,TSLA
2021-08-27,237.30667114257812,238.3333282470703,234.03334045410156,235.0,41501400,TSLA
2021-08-30,243.6366729736328,243.6666717529297,237.57666015625,238.24000549316406,55812600,TSLA
2021-08-31,245.24000549316406,246.79666137695312,242.14666748046875,244.3333282470703,62566200,TSLA
2021-09-01,244.69667053222656,247.3300018310547,243.7566680908203,244.69332885742188,39612900,TSLA
2021-09-02,244.1300048828125,246.99000549316406,243.51333618164062,244.8333282470703,38331900,TSLA
2021-09-03,244.52333068847656,244.6666717529297,241.39999389648438,244.0833282470703,45738300,TSLA
2021-09-07,250.97332763671875,253.39999389648438,246.4199981689453,246.6666717529297,60119400,TSLA
2021-09-08,251.2899932861328,254.81666564941406,246.92333984375,253.86000061035156,56379000,TSLA
2021-09-09,251.6199951171875,254.03334045410156,250.5433349609375,251.1366729736328,42233100,TSLA
2021-09-10,245.42333984375,254.20333862304688,244.83999633789062,253.1999969482422,45552600,TSLA
2021-09-13,247.6666717529297,248.25999450683594,236.28334045410156,246.73666381835938,68857500,TSLA
2021-09-14,248.163330078125,251.49000549316406,245.46665954589844,247.52333068847656,55574700,TSLA
2021-09-15,251.94332885742188,252.2866668701172,246.1199951171875,248.3333282470703,46073100,TSLA
2021-09-16,252.3300018310547,252.97000122070312,249.20333862304688,250.94332885742188,41770200,TSLA
2021-09-17,253.163330078125,253.67999267578125,250.0,252.38333129882812,84612600,TSLA
2021-09-20,243.38999938964844,247.3333282470703,239.5399932861328,244.85333251953125,74273100,TSLA
2021-09-21,246.4600067138672,248.24667358398438,243.47999572753906,244.92999267578125,48992100,TSLA
2021-09-22,250.64666748046875,251.22332763671875,246.3733367919922,247.8433380126953,45378900,TSLA
2021-09-23,251.2133331298828,252.73333740234375,249.30667114257812,251.6666717529297,35842500,TSLA
2021-09-24,258.1300048828125,258.26666259765625,248.18666076660156,248.6300048828125,64119000,TSLA
2021-09-27,263.78668212890625,266.3333435058594,256.4366760253906,257.7066650390625,84212100,TSLA
2021-09-28,259.1866760253906,265.21331787109375,255.39332580566406,262.3999938964844,76144200,TSLA
2021-09-29,260.4366760253906,264.5,256.8933410644531,259.9333190917969,62828700,TSLA
2021-09-30,258.49334716796875,263.0433349609375,258.3333435058594,260.3333435058594,53868000,TSLA
2021-10-01,258.40667724609375,260.260009765625,254.52999877929688,259.4666748046875,51094200,TSLA
2021-10-04,260.510009765625,268.989990234375,258.7066650390625,265.5,91449900,TSLA
2021-10-05,260.1966552734375,265.7699890136719,258.0666809082031,261.6000061035156,55297800,TSLA
2021-10-06,260.9166564941406,262.2200012207031,257.739990234375,258.73333740234375,43898400,TSLA
2021-10-07,264.53668212890625,268.3333435058594,261.1266784667969,261.82000732421875,57587400,TSLA
2021-10-08,261.8299865722656,265.4599914550781,260.3033447265625,265.4033203125,50215800,TSLA
2021-10-11,263.9800109863281,267.0799865722656,261.8333435058594,262.54998779296875,42600900,TSLA
2021-10-12,268.5733337402344,270.7733459472656,265.5233459472656,266.9766540527344,66060000,TSLA
2021-10-13,270.3599853515625,271.8033447265625,268.59332275390625,270.15667724609375,42360300,TSLA
2021-10-14,272.7733459472656,273.4166564941406,271.1166687011719,271.8299865722656,36741600,TSLA
2021-10-15,281.010009765625,281.07000732421875,274.1166687011719,274.5799865722656,56773800,TSLA
2021-10-18,290.03668212890625,291.7533264160156,283.8233337402344,283.92999267578125,72621600,TSLA
2021-10-19,288.0899963378906,292.6499938964844,287.5033264160156,292.510009765625,52143300,TSLA
2021-10-20,288.6000061035156,289.8299865722656,285.7933349609375,288.45001220703125,42096300,TSLA
2021-10-21,298.0,300.0,285.1666564941406,285.3333435058594,94444500,TSLA
2021-10-22,303.2266540527344,303.3333435058594,296.9866638183594,298.5,68642400,TSLA
2021-10-25,341.6199951171875,348.3399963378906,314.73333740234375,316.84332275390625,188556300,TSLA
2021-10-26,339.4766540527344,364.9800109863281,333.8133239746094,341.5633239746094,187245000,TSLA
2021-10-27,345.9533386230469,356.9599914550781,343.59332275390625,346.5533447265625,115579500,TSLA
2021-10-28,359.0133361816406,360.3333435058594,351.3999938964844,356.10333251953125,81639600,TSLA
2021-10-29,371.3333435058594,371.7366638183594,357.7366638183594,360.6199951171875,89755200,TSLA
2021-11-01,402.86334228515625,403.25,372.88665771484375,381.6666564941406,168146100,TSLA
2021-11-02,390.6666564941406,402.86334228515625,382.0,386.4533386230469,128213400,TSLA
2021-11-03,404.6199951171875,405.1300048828125,384.2066650390625,392.4433288574219,103885500,TSLA
2021-11-04,409.9700012207031,414.4966735839844,405.6666564941406,411.4700012207031,76192200,TSLA
2021-11-05,407.36334228515625,413.2900085449219,402.6666564941406,409.3333435058594,64886400,TSLA
2021-11-08,387.64666748046875,399.0,377.6666564941406,383.2633361816406,100337100,TSLA
2021-11-09,341.1666564941406,391.5,337.17333984375,391.20001220703125,177317400,TSLA
2021-11-10,355.98333740234375,359.3666687011719,329.10333251953125,336.8033447265625,128408100,TSLA
2021-11-11,354.5033264160156,368.3233337402344,351.55999755859375,367.5899963378906,67189800,TSLA
2021-11-12,344.47332763671875,351.5,339.73333740234375,349.1666564941406,76719300,TSLA
2021-11-15,337.7966613769531,343.99334716796875,326.20001220703125,339.2099914550781,104326800,TSLA
2021-11-16,351.57666015625,352.3999938964844,334.05999755859375,334.4366760253906,79627200,TSLA
2021-11-17,363.0033264160156,373.21331787109375,351.8333435058594,354.5033264160156,94336200,TSLA
2021-11-18,365.4599914550781,370.6666564941406,358.3399963378906,368.8500061035156,62696700,TSLA
2021-11-19,379.0199890136719,379.5733337402344,364.23333740234375,366.2900085449219,64926900,TSLA
2021-11-22,385.6233215332031,400.6499938964844,377.4766540527344,387.4433288574219,99217500,TSLA
2021-11-23,369.6766662597656,393.5,354.23333740234375,389.1700134277344,108515100,TSLA
2021-11-24,372.0,377.5899963378906,354.0,360.1300048828125,67680600,TSLA
2021-11-26,360.6400146484375,369.59332275390625,360.3333435058594,366.489990234375,35042700,TSLA
2021-11-29,378.9966735839844,380.8900146484375,366.7300109863281,366.9966735839844,58393500,TSLA
2021-11-30,381.586669921875,389.3333435058594,372.6666564941406,381.4566650390625,81276000,TSLA
2021-12-01,365.0,390.9466552734375,363.586669921875,386.8999938964844,68450400,TSLA
2021-12-02,361.5333251953125,371.0,352.2166748046875,366.35333251953125,73114800,TSLA
2021-12-03,338.3233337402344,363.52667236328125,333.4033203125,361.5966796875,92322000,TSLA
2021-12-06,336.336669921875,340.5466613769531,316.8333435058594,333.836669921875,81663000,TSLA
2021-12-07,350.5833435058594,352.5566711425781,342.2699890136719,348.0666809082031,56084700,TSLA
2021-12-08,356.32000732421875,357.4599914550781,344.3333435058594,350.9033203125,41906400,TSLA
2021-12-09,334.6000061035156,354.163330078125,334.1199951171875,353.5466613769531,59438400,TSLA
2021-12-10,339.010009765625,340.32666015625,327.510009765625,336.25,59664300,TSLA
2021-12-13,322.13665771484375,335.0,317.1400146484375,333.6966552734375,78595500,TSLA
2021-12-14,319.5033264160156,322.13665771484375,310.0,315.0,70806300,TSLA
2021-12-15,325.3299865722656,326.25,309.4166564941406,317.7366638183594,75169200,TSLA
2021-12-16,308.97332763671875,331.6600036621094,307.2833251953125,331.5,82771500,TSLA
2021-12-17,310.8566589355469,320.2200012207031,303.0133361816406,304.92333984375,100437300,TSLA
2021-12-20,299.9800109863281,307.2300109863281,297.7966613769531,303.5666809082031,56480100,TSLA
2021-12-21,312.84332275390625,313.1666564941406,295.3733215332031,305.6233215332031,71517900,TSLA
2021-12-22,336.2900085449219,338.5533447265625,319.01666259765625,321.88665771484375,93634200,TSLA
2021-12-23,355.6666564941406,357.6600036621094,332.5199890136719,335.6000061035156,92713200,TSLA
2021-12-27,364.64666748046875,372.3333435058594,356.90667724609375,357.8900146484375,71145900,TSLA
2021-12-28,362.8233337402344,373.0,359.47332763671875,369.8299865722656,60324000,TSLA
2021-12-29,362.0633239746094,368.0,354.71331787109375,366.21331787109375,56154000,TSLA
2021-12-30,356.7799987792969,365.1833190917969,351.04998779296875,353.77667236328125,47040900,TSLA
2021-12-31,352.260009765625,360.6666564941406,351.5299987792969,357.8133239746094,40733700,TSLA
2022-01-03,399.9266662597656,400.3566589355469,378.67999267578125,382.5833435058594,103931400,TSLA
2022-01-04,383.1966552734375,402.6666564941406,374.3500061035156,396.51666259765625,100248300,TSLA
2022-01-05,362.7066650390625,390.11334228515625,360.336669921875,382.2166748046875,80119800,TSLA
2022-01-06,354.8999938964844,362.6666564941406,340.1666564941406,359.0,90336600,TSLA
2022-01-07,342.32000732421875,360.30999755859375,336.6666564941406,360.1233215332031,84164700,TSLA
2022-01-10,352.7066650390625,353.0333251953125,326.6666564941406,333.3333435058594,91815000,TSLA
2022-01-11,354.79998779296875,358.6166687011719,346.2733459472656,351.22332763671875,66063300,TSLA
2022-01-12,368.739990234375,371.61334228515625,357.5299987792969,359.6166687011719,83739000,TSLA
2022-01-13,343.85333251953125,371.8666687011719,342.17999267578125,369.69000244140625,97209900,TSLA
2022-01-14,349.8699951171875,350.6666564941406,337.7933349609375,339.9599914550781,72924300,TSLA
2022-01-18,343.5033264160156,356.92999267578125,338.6866760253906,342.2033386230469,66743400,TSLA
2022-01-19,331.8833312988281,351.5566711425781,331.6666564941406,347.2366638183594,75442500,TSLA
2022-01-20,332.0899963378906,347.2200012207031,331.3333435058594,336.57666015625,70488600,TSLA
2022-01-21,314.6333312988281,334.8500061035156,313.5,332.11334228515625,103416000,TSLA
2022-01-24,310.0,311.1700134277344,283.8233337402344,301.586669921875,151565700,TSLA
2022-01-25,306.1333312988281,317.086669921875,301.07000732421875,304.73333740234375,86595900,TSLA
2022-01-26,312.4700012207031,329.2300109863281,302.0,317.4766540527344,104867400,TSLA
2022-01-27,276.3666687011719,311.7966613769531,276.3333435058594,311.1199951171875,147109500,TSLA
2022-01-28,282.1166687011719,285.8333435058594,264.0033264160156,277.1866760253906,134789100,TSLA
2022-01-31,312.239990234375,312.663330078125,287.3500061035156,290.9033203125,104436000,TSLA
2022-02-01,310.4166564941406,314.5666809082031,301.6666564941406,311.7366638183594,73138200,TSLA
2022-02-02,301.88665771484375,310.5,296.4700012207031,309.3933410644531,66792900,TSLA
2022-02-03,297.0466613769531,312.3333435058594,293.50665283203125,294.0,78855600,TSLA
2022-02-04,307.7733459472656,312.1666564941406,293.72332763671875,299.0733337402344,73625400,TSLA
2022-02-07,302.4466552734375,315.92333984375,300.9033203125,307.92999267578125,60994500,TSLA
2022-02-08,307.3333435058594,308.7633361816406,298.26666259765625,301.84332275390625,50729100,TSLA
2022-02-09,310.6666564941406,315.42333984375,306.6666564941406,311.6666564941406,52259400,TSLA
2022-02-10,301.51666259765625,314.60333251953125,298.8999938964844,302.7900085449219,66126900,TSLA
2022-02-11,286.6666564941406,305.32000732421875,283.5666809082031,303.2099914550781,79645800,TSLA
2022-02-14,291.9200134277344,299.6266784667969,284.3833312988281,287.19000244140625,67756500,TSLA
2022-02-15,307.4766540527344,307.6666564941406,297.7933349609375,300.0,57286200,TSLA
2022-02-16,307.7966613769531,308.80999755859375,300.4033203125,304.6833190917969,51294300,TSLA
2022-02-17,292.1166687011719,306.1666564941406,291.3666687011719,304.4200134277344,55178400,TSLA
2022-02-18,285.6600036621094,295.6233215332031,279.2033386230469,295.3333435058594,68501700,TSLA
2022-02-22,273.84332275390625,285.57666015625,267.0333251953125,278.0433349609375,83288100,TSLA
2022-02-23,254.67999267578125,278.4333190917969,253.52000427246094,276.80999755859375,95256900,TSLA
2022-02-24,266.92333984375,267.49334716796875,233.3333282470703,233.4633331298828,135322200,TSLA
2022-02-25,269.9566650390625,273.1666564941406,260.79998779296875,269.74334716796875,76067700,TSLA
2022-02-28,290.1433410644531,292.28668212890625,271.57000732421875,271.6700134277344,99006900,TSLA
2022-03-01,288.1233215332031,296.6266784667969,284.59332275390625,289.8933410644531,74766900,TSLA
2022-03-02,293.2966613769531,295.49334716796875,281.42333984375,290.7099914550781,74643300,TSLA
2022-03-03,279.7633361816406,295.4800109863281,277.5333251953125,292.92333984375,61623600,TSLA
2022-03-04,279.42999267578125,285.2166748046875,275.0533447265625,283.0333251953125,66999600,TSLA
2022-03-07,268.1933288574219,288.71331787109375,268.19000244140625,285.4333190917969,72494100,TSLA
2022-03-08,274.79998779296875,283.3299865722656,260.72332763671875,265.1766662597656,80399100,TSLA
2022-03-09,286.3233337402344,286.85333251953125,277.336669921875,279.82666015625,59184000,TSLA
2022-03-10,279.4333190917969,284.8166809082031,270.1199951171875,283.8166809082031,58648500,TSLA
2022-03-11,265.1166687011719,281.26666259765625,264.5899963378906,280.0666809082031,67037100,TSLA
2022-03-14,255.4566650390625,266.8999938964844,252.01333618164062,260.2033386230469,71152200,TSLA
2022-03-15,267.2966613769531,268.5233459472656,252.19000244140625,258.42333984375,66841200,TSLA
2022-03-16,280.07666015625,280.6666564941406,267.4200134277344,269.6666564941406,84028800,TSLA
2022-03-17,290.5333251953125,291.6666564941406,275.239990234375,276.9966735839844,66582900,TSLA
2022-03-18,301.7966613769531,302.6166687011719,289.1300048828125,291.4966735839844,100414200,TSLA
2022-03-21,307.0533447265625,314.2833251953125,302.36334228515625,304.99334716796875,81981600,TSLA
2022-03-22,331.32666015625,332.6199951171875,307.25,310.0,105868500,TSLA
2022-03-23,333.03668212890625,346.8999938964844,325.4666748046875,326.64666748046875,120676200,TSLA
2022-03-24,337.97332763671875,341.4966735839844,329.6000061035156,336.57666015625,68920800,TSLA
2022-03-25,336.8800048828125,340.6000061035156,332.44000244140625,336.0,62031600,TSLA
2022-03-28,363.9466552734375,365.9599914550781,351.20001220703125,355.0333251953125,102506100,TSLA
2022-03-29,366.5233459472656,371.5899963378906,357.7033386230469,369.3299865722656,73614900,TSLA
2022-03-30,364.663330078125,371.3166809082031,361.3333435058594,363.72332763671875,59865000,TSLA
2022-03-31,359.20001220703125,367.71331787109375,358.8800048828125,364.8566589355469,48992700,TSLA
2022-04-01,361.5299987792969,364.9166564941406,355.5466613769531,360.3833312988281,54263100,TSLA
2022-04-04,381.8166809082031,383.3033447265625,357.510009765625,363.1266784667969,82035900,TSLA
2022-04-05,363.7533264160156,384.2900085449219,362.4333190917969,378.76666259765625,80075100,TSLA
2022-04-06,348.586669921875,359.6666564941406,342.5666809082031,357.8233337402344,89348400,TSLA
2022-04-07,352.4200134277344,358.86334228515625,340.5133361816406,350.7966613769531,79447200,TSLA
2022-04-08,341.8299865722656,349.4800109863281,340.8133239746094,347.7366638183594,55013700,TSLA
2022-04-11,325.30999755859375,336.15667724609375,324.8800048828125,326.79998779296875,59357100,TSLA
2022-04-12,328.98333740234375,340.39666748046875,325.5333251953125,332.5466613769531,65976000,TSLA
2022-04-13,340.7900085449219,342.0799865722656,324.3666687011719,327.02667236328125,55121100,TSLA
2022-04-14,328.3333435058594,337.57000732421875,327.39666748046875,333.0966796875,58422300,TSLA
2022-04-18,334.7633361816406,338.3066711425781,324.4700012207031,329.6766662597656,51715200,TSLA
2022-04-19,342.7166748046875,344.9800109863281,331.77667236328125,335.0199890136719,49847700,TSLA
2022-04-20,325.73333740234375,344.6666564941406,325.0833435058594,343.3333435058594,70711200,TSLA
2022-04-21,336.260009765625,364.0733337402344,332.1400146484375,358.24334716796875,105416400,TSLA
2022-04-22,335.01666259765625,344.95001220703125,331.3333435058594,338.3033447265625,69696600,TSLA
2022-04-25,332.67333984375,336.2066650390625,325.1000061035156,326.3233337402344,68341200,TSLA
2022-04-26,292.1400146484375,333.3333435058594,291.6666564941406,331.80999755859375,136133700,TSLA
2022-04-27,293.836669921875,306.0,292.4533386230469,299.52667236328125,76956300,TSLA
2022-04-28,292.5033264160156,300.0,273.8999938964844,299.99334716796875,124948500,TSLA
2022-04-29,290.2533264160156,311.4666748046875,290.0,300.75,88133100,TSLA
2022-05-02,300.9800109863281,302.1199951171875,282.6766662597656,286.92333984375,75781500,TSLA
2022-05-03,303.0833435058594,308.02667236328125,296.1966552734375,301.05999755859375,63709500,TSLA
2022-05-04,317.5400085449219,318.5,295.09332275390625,301.3133239746094,81643800,TSLA
2022-05-05,291.09332275390625,315.20001220703125,285.8999938964844,313.00665283203125,92519100,TSLA
2022-05-06,288.54998779296875,296.0,281.03668212890625,295.6666564941406,72903000,TSLA
2022-05-09,262.3699951171875,281.8766784667969,260.3833312988281,278.8166809082031,90810300,TSLA
2022-05-10,266.67999267578125,275.1199951171875,258.0833435058594,273.10333251953125,84401700,TSLA
2022-05-11,244.6666717529297,269.92333984375,242.39999389648438,265.0,97224600,TSLA
2022-05-12,242.6666717529297,253.22000122070312,226.6666717529297,233.6666717529297,140313000,TSLA
2022-05-13,256.5299987792969,262.45001220703125,250.52333068847656,257.82666015625,92150700,TSLA
2022-05-16,241.4566650390625,256.586669921875,239.69667053222656,255.72000122070312,86098500,TSLA
2022-05-17,253.8699951171875,254.82666015625,242.9499969482422,249.1199951171875,80236200,TSLA
2022-05-18,236.60333251953125,253.5,233.60333251953125,248.17333984375,87811800,TSLA
2022-05-19,236.47332763671875,244.6666717529297,231.3699951171875,235.6666717529297,90296700,TSLA
2022-05-20,221.3000030517578,240.52667236328125,211.0,237.99667358398438,144973200,TSLA
2022-05-23,224.96665954589844,226.65333557128906,212.68666076660156,218.33999633789062,88903500,TSLA
2022-05-24,209.3866729736328,217.97332763671875,206.85667419433594,217.8433380126953,89092500,TSLA
2022-05-25,219.60000610351562,223.10667419433594,207.6699981689453,207.9499969482422,92139300,TSLA
2022-05-26,235.91000366210938,239.55667114257812,217.8866729736328,220.47332763671875,106003200,TSLA
2022-05-27,253.2100067138672,253.26666259765625,240.17666625976562,241.0833282470703,89295000,TSLA
2022-05-31,252.75332641601562,259.6000061035156,244.7433319091797,257.9466552734375,101914500,TSLA
2022-06-01,246.7899932861328,257.32666015625,243.63999938964844,251.72000122070312,77247900,TSLA
2022-06-02,258.3333435058594,264.2099914550781,242.06666564941406,244.1566619873047,93473100,TSLA
2022-06-03,234.51666259765625,247.79666137695312,233.4166717529297,243.22666931152344,112393800,TSLA
2022-06-06,238.27999877929688,244.86666870117188,234.35000610351562,244.35333251953125,84204600,TSLA
2022-06-07,238.8866729736328,239.99667358398438,230.0933380126953,234.0,72808500,TSLA
2022-06-08,241.86666870117188,249.9633331298828,239.17666625976562,240.086669921875,76210500,TSLA
2022-06-09,239.7066650390625,255.54666137695312,239.32666015625,249.33999633789062,96491400,TSLA
2022-06-10,232.22999572753906,239.5,227.913330078125,235.1566619873047,97536600,TSLA
2022-06-13,215.73666381835938,226.63333129882812,214.68333435058594,223.1666717529297,102767400,TSLA
2022-06-14,220.88999938964844,226.3300018310547,211.73666381835938,218.2866668701172,97988700,TSLA
2022-06-15,233.0,235.663330078125,218.14999389648438,220.9166717529297,119131800,TSLA
2022-06-16,213.10000610351562,225.1666717529297,208.69332885742188,222.73666381835938,107390700,TSLA
2022-06-17,216.75999450683594,220.97000122070312,213.19667053222656,213.43333435058594,92641800,TSLA
2022-06-21,237.0366668701172,243.57666015625,224.3333282470703,224.60333251953125,122793000,TSLA
2022-06-22,236.086669921875,246.8333282470703,233.82666015625,234.50332641601562,101107500,TSLA
2022-06-23,235.07000732421875,239.31666564941406,228.6366729736328,237.9066619873047,104202600,TSLA
2022-06-24,245.7066650390625,246.06666564941406,236.086669921875,237.47000122070312,95770800,TSLA
2022-06-27,244.9199981689453,252.07000732421875,242.56666564941406,249.36666870117188,89178300,TSLA
2022-06-28,232.663330078125,249.97000122070312,232.3433380126953,244.48333740234375,90391200,TSLA
2022-06-29,228.49000549316406,231.17333984375,222.27333068847656,230.5,82897200,TSLA
2022-06-30,224.47332763671875,229.4566650390625,218.8633270263672,224.50999450683594,94600500,TSLA
2022-07-01,227.26333618164062,230.22999572753906,222.1199951171875,227.0,74460300,TSLA
2022-07-05,233.06666564941406,233.14666748046875,216.1666717529297,223.0,84581100,TSLA
2022-07-06,231.73333740234375,234.56333923339844,227.18666076660156,230.77999877929688,71853600,TSLA
2022-07-07,244.5433349609375,245.3633270263672,232.2100067138672,233.9199981689453,81930600,TSLA
2022-07-08,250.76333618164062,254.97999572753906,241.16000366210938,242.3333282470703,101854200,TSLA
2022-07-11,234.3433380126953,253.06333923339844,233.6266632080078,252.10333251953125,99241200,TSLA
2022-07-12,233.07000732421875,239.77333068847656,228.3699951171875,236.84666442871094,87930900,TSLA
2022-07-13,237.0399932861328,242.05999755859375,225.03334045410156,225.5,97954500,TSLA
2022-07-14,238.31333923339844,238.65333557128906,229.3333282470703,234.89666748046875,78557400,TSLA
2022-07-15,240.06666564941406,243.6233367919922,236.88999938964844,240.0,69683100,TSLA
2022-07-18,240.54666137695312,250.51666259765625,239.60333251953125,244.93666076660156,82537500,TSLA
2022-07-19,245.52999877929688,247.13999938964844,236.97666931152344,245.0,80890200,TSLA
2022-07-20,247.5,250.663330078125,243.48333740234375,246.78334045410156,88864200,TSLA
2022-07-21,271.7066650390625,273.26666259765625,254.86666870117188,255.10667419433594,142032300,TSLA
2022-07-22,272.24334716796875,280.78668212890625,270.71331787109375,276.2200012207031,103472700,TSLA
2022-07-25,268.4333190917969,274.14666748046875,267.3999938964844,272.2166748046875,64073400,TSLA
2022-07-26,258.8599853515625,267.30999755859375,256.2633361816406,266.5133361816406,66820800,TSLA
2022-07-27,274.82000732421875,275.9266662597656,261.7900085449219,263.80999755859375,88110000,TSLA
2022-07-28,280.8999938964844,283.29998779296875,272.79998779296875,280.0666809082031,84723000,TSLA
2022-07-29,297.1499938964844,298.32000732421875,279.1000061035156,280.70001220703125,95313000,TSLA
2022-08-01,297.27667236328125,311.8766784667969,295.0,301.27667236328125,117042900,TSLA
2022-08-02,300.586669921875,307.8333435058594,292.6666564941406,294.0033264160156,95577600,TSLA
2022-08-03,307.39666748046875,309.54998779296875,301.1499938964844,305.0,80091000,TSLA
2022-08-04,308.6333312988281,313.6066589355469,305.0,311.0,72256200,TSLA
2022-08-05,288.1700134277344,304.6066589355469,285.5433349609375,302.6700134277344,113172900,TSLA
2022-08-08,290.42333984375,305.20001220703125,289.086669921875,295.0,98994000,TSLA
2022-08-09,283.3333435058594,292.39666748046875,279.35333251953125,290.2933349609375,86244600,TSLA
2022-08-10,294.3566589355469,297.510009765625,283.3699951171875,297.0666809082031,94918800,TSLA
2022-08-11,286.6300048828125,298.2366638183594,285.8333435058594,296.5133361816406,70155000,TSLA
2022-08-12,300.0299987792969,300.1600036621094,285.0333251953125,289.4166564941406,79657200,TSLA
2022-08-15,309.32000732421875,313.1333312988281,301.2300109863281,301.78668212890625,89359200,TSLA
2022-08-16,306.5633239746094,314.6666564941406,302.8833312988281,311.6666564941406,88136400,TSLA
2022-08-17,303.9966735839844,309.65667724609375,300.0333251953125,303.39666748046875,68766000,TSLA
2022-08-18,302.8699951171875,306.5,301.85333251953125,306.0,47500500,TSLA
2022-08-19,296.6666564941406,300.3599853515625,292.5,299.0,61395300,TSLA
2022-08-22,289.913330078125,292.3999938964844,286.2966613769531,291.913330078125,55843200,TSLA
2022-08-23,296.4533386230469,298.82666015625,287.92333984375,291.4533386230469,63984900,TSLA
2022-08-24,297.0966796875,303.64666748046875,296.5,297.5633239746094,57259800,TSLA
2022-08-25,296.07000732421875,302.9599914550781,291.6000061035156,302.3599853515625,53230000,TSLA
2022-08-26,288.0899963378906,302.0,287.4700012207031,297.42999267578125,57163900,TSLA
2022-08-29,284.82000732421875,287.739990234375,280.70001220703125,282.8299865722656,41864700,TSLA
2022-08-30,277.70001220703125,288.4800109863281,272.6499938964844,287.8699951171875,50541800,TSLA
2022-08-31,275.6099853515625,281.25,271.80999755859375,280.6199951171875,52107300,TSLA
2022-09-01,277.1600036621094,277.5799865722656,266.1499938964844,272.5799865722656,54287000,TSLA
2022-09-02,270.2099914550781,282.3500061035156,269.0799865722656,281.07000732421875,50890100,TSLA
2022-09-06,274.4200134277344,275.989990234375,265.739990234375,272.67999267578125,55860000,TSLA
2022-09-07,283.70001220703125,283.8399963378906,272.2699890136719,273.1000061035156,50028900,TSLA
2022-09-08,289.260009765625,289.5,279.760009765625,281.29998779296875,53713100,TSLA
2022-09-09,299.67999267578125,299.8500061035156,291.25,291.6700134277344,54338100,TSLA
2022-09-12,304.4200134277344,305.489990234375,300.3999938964844,300.7200012207031,48674600,TSLA
2022-09-13,292.1300048828125,297.3999938964844,290.3999938964844,292.8999938964844,68229600,TSLA
2022-09-14,302.6099853515625,306.0,291.6400146484375,292.239990234375,72628700,TSLA
2022-09-15,303.75,309.1199951171875,300.7200012207031,301.8299865722656,64795500,TSLA
2022-09-16,303.3500061035156,303.7099914550781,295.6000061035156,299.6099853515625,87087800,TSLA
2022-09-19,309.07000732421875,309.8399963378906,297.79998779296875,300.0899963378906,60231200,TSLA
2022-09-20,308.7300109863281,313.3299865722656,305.5799865722656,306.9100036621094,61642800,TSLA
2022-09-21,300.79998779296875,313.79998779296875,300.6300048828125,308.2900085449219,62555700,TSLA
2022-09-22,288.5899963378906,301.2900085449219,285.82000732421875,299.8599853515625,70545400,TSLA
2022-09-23,275.3299865722656,284.5,272.82000732421875,283.0899963378906,63748400,TSLA
2022-09-26,276.010009765625,284.0899963378906,270.30999755859375,271.8299865722656,58076900,TSLA
2022-09-27,282.94000244140625,288.6700134277344,277.510009765625,283.8399963378906,61925200,TSLA
2022-09-28,287.80999755859375,289.0,277.57000732421875,283.0799865722656,54664800,TSLA
2022-09-29,268.2099914550781,283.6499938964844,265.7799987792969,282.760009765625,77620600,TSLA
2022-09-30,265.25,275.57000732421875,262.4700012207031,266.1499938964844,67726600,TSLA
2022-10-03,242.39999389648438,255.16000366210938,241.00999450683594,254.5,98363500,TSLA
2022-10-04,249.44000244140625,257.5,242.00999450683594,250.52000427246094,109578500,TSLA
2022-10-05,240.80999755859375,246.6699981689453,233.27000427246094,245.00999450683594,86982700,TSLA
2022-10-06,238.1300048828125,244.5800018310547,235.35000610351562,239.44000244140625,69298400,TSLA
2022-10-07,223.07000732421875,234.57000732421875,222.02000427246094,233.94000244140625,83916800,TSLA
2022-10-10,222.9600067138672,226.99000549316406,218.36000061035156,223.92999267578125,67925000,TSLA
2022-10-11,216.5,225.75,215.0,220.9499969482422,77013200,TSLA
2022-10-12,217.24000549316406,219.3000030517578,211.50999450683594,215.3300018310547,66860700,TSLA
2022-10-13,221.72000122070312,222.99000549316406,206.22000122070312,208.3000030517578,91483000,TSLA
2022-10-14,204.99000549316406,226.25999450683594,204.16000366210938,224.00999450683594,94124500,TSLA
2022-10-17,219.35000610351562,221.86000061035156,209.4499969482422,210.0399932861328,79428800,TSLA
2022-10-18,220.19000244140625,229.82000732421875,217.25,229.5,75891900,TSLA
2022-10-19,222.0399932861328,222.92999267578125,217.77999877929688,219.8000030517578,66571500,TSLA
2022-10-20,207.27999877929688,215.5500030517578,202.0,208.27999877929688,117798100,TSLA
2022-10-21,214.44000244140625,214.66000366210938,203.8000030517578,206.4199981689453,75713800,TSLA
2022-10-24,211.25,213.5,198.58999633789062,205.82000732421875,100446800,TSLA
2022-10-25,222.4199981689453,224.35000610351562,210.0,210.10000610351562,96507900,TSLA
2022-10-26,224.63999938964844,230.60000610351562,218.1999969482422,219.39999389648438,85012500,TSLA
2022-10-27,225.08999633789062,233.80999755859375,222.85000610351562,229.77000427246094,61638800,TSLA
2022-10-28,228.52000427246094,228.86000061035156,216.35000610351562,225.39999389648438,69152400,TSLA
2022-10-31,227.5399932861328,229.85000610351562,221.94000244140625,226.19000244140625,61554300,TSLA
2022-11-01,227.82000732421875,237.39999389648438,227.27999877929688,234.0500030517578,62688800,TSLA
2022-11-02,214.97999572753906,227.8699951171875,214.82000732421875,226.0399932861328,63070300,TSLA
2022-11-03,215.30999755859375,221.1999969482422,210.13999938964844,211.36000061035156,56538800,TSLA
2022-11-04,207.47000122070312,223.8000030517578,203.0800018310547,222.60000610351562,98622200,TSLA
2022-11-07,197.0800018310547,208.89999389648438,196.66000366210938,208.64999389648438,93916500,TSLA
2022-11-08,191.3000030517578,195.1999969482422,186.75,194.02000427246094,128803400,TSLA
2022-11-09,177.58999633789062,195.88999938964844,177.1199951171875,190.77999877929688,127062700,TSLA
2022-11-10,190.72000122070312,191.0,180.02999877929688,189.89999389648438,132703000,TSLA
2022-11-11,195.97000122070312,196.52000427246094,182.58999633789062,186.0,114403600,TSLA
2022-11-14,190.9499969482422,195.72999572753906,186.33999633789062,192.77000427246094,92226600,TSLA
2022-11-15,194.4199981689453,200.82000732421875,192.05999755859375,195.8800048828125,91293800,TSLA
2022-11-16,186.9199981689453,192.57000732421875,185.66000366210938,191.50999450683594,66567600,TSLA
2022-11-17,183.1699981689453,186.16000366210938,180.89999389648438,183.9600067138672,64336000,TSLA
2022-11-18,180.19000244140625,185.19000244140625,176.5500030517578,185.0500030517578,76048900,TSLA
2022-11-21,167.8699951171875,176.77000427246094,167.5399932861328,175.85000610351562,92882700,TSLA
2022-11-22,169.91000366210938,170.9199981689453,166.19000244140625,168.6300048828125,78452300,TSLA
2022-11-23,183.1999969482422,183.6199951171875,172.5,173.57000732421875,109536700,TSLA
2022-11-25,182.86000061035156,185.1999969482422,180.6300048828125,185.05999755859375,50672700,TSLA
2022-11-28,182.9199981689453,188.5,179.0,179.9600067138672,92905200,TSLA
2022-11-29,180.8300018310547,186.3800048828125,178.75,184.99000549316406,83357100,TSLA
2022-11-30,194.6999969482422,194.75999450683594,180.6300048828125,182.42999267578125,109186400,TSLA
2022-12-01,194.6999969482422,198.9199981689453,191.8000030517578,197.0800018310547,80046200,TSLA
2022-12-02,194.86000061035156,196.25,191.11000061035156,191.77999877929688,73645900,TSLA
2022-12-05,182.4499969482422,191.27000427246094,180.5500030517578,189.44000244140625,93122700,TSLA
2022-12-06,179.82000732421875,183.64999389648438,175.3300018310547,181.22000122070312,92150800,TSLA
2022-12-07,174.0399932861328,179.3800048828125,172.22000122070312,175.02999877929688,84213300,TSLA
2022-12-08,173.44000244140625,175.1999969482422,169.05999755859375,172.1999969482422,97624500,TSLA
2022-12-09,179.0500030517578,182.5,173.36000061035156,173.83999633789062,104872300,TSLA
2022-12-12,167.82000732421875,177.3699951171875,167.52000427246094,176.10000610351562,109794500,TSLA
2022-12-13,160.9499969482422,175.0500030517578,156.91000366210938,174.8699951171875,175862700,TSLA
2022-12-14,156.8000030517578,161.6199951171875,155.30999755859375,159.25,140682300,TSLA
2022-12-15,157.6699981689453,160.92999267578125,153.27999877929688,153.44000244140625,122334500,TSLA
2022-12-16,150.22999572753906,160.99000549316406,150.0399932861328,159.63999938964844,139032200,TSLA
2022-12-19,149.8699951171875,155.25,145.82000732421875,154.0,139390600,TSLA
2022-12-20,137.8000030517578,148.47000122070312,137.66000366210938,146.0500030517578,159563300,TSLA
2022-12-21,137.57000732421875,141.25999450683594,135.88999938964844,139.33999633789062,145417400,TSLA
2022-12-22,125.3499984741211,136.6300048828125,122.26000213623047,136.0,210090300,TSLA
2022-12-23,123.1500015258789,128.6199951171875,121.0199966430664,126.37000274658203,166989700,TSLA
2022-12-27,109.0999984741211,119.66999816894531,108.76000213623047,117.5,208643400,TSLA
2022-12-28,112.70999908447266,116.2699966430664,108.23999786376953,110.3499984741211,221070500,TSLA
2022-12-29,121.81999969482422,123.56999969482422,117.5,120.38999938964844,221923300,TSLA
2022-12-30,123.18000030517578,124.4800033569336,119.75,119.94999694824219,157777300,TSLA
2023-01-03,108.0999984741211,118.80000305175781,104.63999938964844,118.47000122070312,231402800,TSLA
2023-01-04,113.63999938964844,114.58999633789062,107.5199966430664,109.11000061035156,180389000,TSLA
2023-01-05,110.33999633789062,111.75,107.16000366210938,110.51000213623047,157986300,TSLA
2023-01-06,113.05999755859375,114.38999938964844,101.80999755859375,103.0,220911100,TSLA
2023-01-09,119.7699966430664,123.5199966430664,117.11000061035156,118.95999908447266,190284000,TSLA
2023-01-10,118.8499984741211,122.76000213623047,114.91999816894531,121.06999969482422,167642500,TSLA
2023-01-11,123.22000122070312,125.94999694824219,120.51000213623047,122.08999633789062,183810800,TSLA
2023-01-12,123.55999755859375,124.12999725341797,117.0,122.55999755859375,169400900,TSLA
2023-01-13,122.4000015258789,122.62999725341797,115.5999984741211,116.55000305175781,180714100,TSLA
2023-01-17,131.49000549316406,131.6999969482422,125.0199966430664,125.69999694824219,186477000,TSLA
2023-01-18,128.77999877929688,136.67999267578125,127.01000213623047,136.55999755859375,195680300,TSLA
2023-01-19,127.16999816894531,129.99000549316406,124.30999755859375,127.26000213623047,170291900,TSLA
2023-01-20,133.4199981689453,133.50999450683594,127.3499984741211,128.67999267578125,138858100,TSLA
2023-01-23,143.75,145.3800048828125,134.27000427246094,135.8699951171875,203119200,TSLA
2023-01-24,143.88999938964844,146.5,141.10000610351562,143.0,158699100,TSLA
2023-01-25,144.42999267578125,146.41000366210938,138.07000732421875,141.91000366210938,192734300,TSLA
2023-01-26,160.27000427246094,161.4199981689453,154.75999450683594,159.97000122070312,234815100,TSLA
2023-01-27,177.89999389648438,180.67999267578125,161.1699981689453,162.42999267578125,306590600,TSLA
2023-01-30,166.66000366210938,179.77000427246094,166.5,178.0500030517578,230878800,TSLA
2023-01-31,173.22000122070312,174.3000030517578,162.77999877929688,164.57000732421875,196813500,TSLA
2023-02-01,181.41000366210938,183.80999755859375,169.92999267578125,173.88999938964844,213806300,TSLA
2023-02-02,188.27000427246094,196.75,182.61000061035156,187.3300018310547,217448300,TSLA
2023-02-03,189.97999572753906,199.0,183.69000244140625,183.9499969482422,232662000,TSLA
2023-02-06,194.75999450683594,198.1699981689453,189.9199981689453,193.00999450683594,186188100,TSLA
2023-02-07,196.80999755859375,197.5,189.5500030517578,196.42999267578125,186010300,TSLA
2023-02-08,201.2899932861328,203.0,194.30999755859375,196.10000610351562,180673600,TSLA
2023-02-09,207.32000732421875,214.0,204.77000427246094,207.77999877929688,215431400,TSLA
2023-02-10,196.88999938964844,206.1999969482422,192.88999938964844,202.22999572753906,204754100,TSLA
2023-02-13,194.63999938964844,196.3000030517578,187.61000061035156,194.4199981689453,172475500,TSLA
2023-02-14,209.25,209.82000732421875,189.44000244140625,191.94000244140625,216455700,TSLA
2023-02-15,214.24000549316406,214.66000366210938,206.11000061035156,211.75999450683594,181006400,TSLA
2023-02-16,202.0399932861328,217.64999389648438,201.83999633789062,210.77999877929688,229586500,TSLA
2023-02-17,208.30999755859375,208.44000244140625,197.5,199.99000549316406,213738500,TSLA
2023-02-21,197.3699951171875,209.7100067138672,197.22000122070312,204.99000549316406,180018600,TSLA
2023-02-22,200.86000061035156,201.99000549316406,191.77999877929688,197.92999267578125,191828500,TSLA
2023-02-23,202.07000732421875,205.13999938964844,196.3300018310547,203.91000366210938,146360000,TSLA
2023-02-24,196.8800048828125,197.6699981689453,192.8000030517578,196.3300018310547,142228100,TSLA
2023-02-27,207.6300048828125,209.4199981689453,201.25999450683594,202.02999877929688,161028300,TSLA
2023-02-28,205.7100067138672,211.22999572753906,203.75,210.58999633789062,153144900,TSLA
2023-03-01,202.77000427246094,207.1999969482422,198.52000427246094,206.2100067138672,156852800,TSLA
2023-03-02,190.89999389648438,193.75,186.00999450683594,186.74000549316406,181500700,TSLA
2023-03-03,197.7899932861328,200.47999572753906,192.8800048828125,194.8000030517578,154193300,TSLA
2023-03-06,193.80999755859375,198.60000610351562,192.3000030517578,198.5399932861328,128100100,TSLA
2023-03-07,187.7100067138672,194.1999969482422,186.10000610351562,191.3800048828125,148125800,TSLA
2023-03-08,182.0,186.5,180.0,185.0399932861328,151897800,TSLA
2023-03-09,172.9199981689453,185.17999267578125,172.50999450683594,180.25,170023800,TSLA
2023-03-10,173.44000244140625,178.2899932861328,168.44000244140625,175.1300048828125,191488900,TSLA
2023-03-13,174.47999572753906,177.35000610351562,163.91000366210938,167.4600067138672,167790300,TSLA
2023-03-14,183.25999450683594,183.8000030517578,177.13999938964844,177.30999755859375,143717900,TSLA
2023-03-15,180.4499969482422,182.33999633789062,176.02999877929688,180.8000030517578,145995600,TSLA
2023-03-16,184.1300048828125,185.80999755859375,178.83999633789062,180.3699951171875,121136800,TSLA
2023-03-17,180.1300048828125,186.22000122070312,177.3300018310547,184.52000427246094,133197100,TSLA
2023-03-20,183.25,186.44000244140625,176.35000610351562,178.0800018310547,129684400,TSLA
2023-03-21,197.5800018310547,198.0,188.0399932861328,188.27999877929688,153391400,TSLA
2023-03-22,191.14999389648438,200.66000366210938,190.9499969482422,199.3000030517578,150376400,TSLA
2023-03-23,192.22000122070312,199.30999755859375,188.64999389648438,195.25999450683594,144193900,TSLA
2023-03-24,190.41000366210938,192.36000061035156,187.14999389648438,191.64999389648438,116312400,TSLA
2023-03-27,191.80999755859375,197.38999938964844,189.94000244140625,194.4199981689453,120851600,TSLA
2023-03-28,189.19000244140625,192.35000610351562,185.42999267578125,192.0,98654600,TSLA
2023-03-29,193.8800048828125,195.2899932861328,189.44000244140625,193.1300048828125,123660000,TSLA
2023-03-30,195.27999877929688,197.3300018310547,194.4199981689453,195.5800018310547,110252200,TSLA
2023-03-31,207.4600067138672,207.7899932861328,197.1999969482422,197.52999877929688,170222100,TSLA
2023-04-03,194.77000427246094,202.69000244140625,192.1999969482422,199.91000366210938,169545900,TSLA
2023-04-04,192.5800018310547,198.74000549316406,190.32000732421875,197.32000732421875,126463800,TSLA
2023-04-05,185.52000427246094,190.67999267578125,183.75999450683594,190.52000427246094,133882500,TSLA
2023-04-06,185.05999755859375,186.38999938964844,179.74000549316406,183.0800018310547,123857900,TSLA
2023-04-10,184.50999450683594,185.10000610351562,176.11000061035156,179.94000244140625,142154600,TSLA
2023-04-11,186.7899932861328,189.19000244140625,185.64999389648438,186.69000244140625,115770900,TSLA
2023-04-12,180.5399932861328,191.5800018310547,180.30999755859375,190.74000549316406,150256300,TSLA
2023-04-13,185.89999389648438,186.5,180.94000244140625,182.9600067138672,112933000,TSLA
2023-04-14,185.0,186.27999877929688,182.00999450683594,183.9499969482422,96438700,TSLA
2023-04-17,187.0399932861328,189.69000244140625,182.69000244140625,186.32000732421875,116662200,TSLA
2023-04-18,184.30999755859375,187.69000244140625,183.5800018310547,187.14999389648438,92067000,TSLA
2023-04-19,180.58999633789062,183.5,177.64999389648438,179.10000610351562,125732700,TSLA
2023-04-20,162.99000549316406,169.6999969482422,160.55999755859375,166.1699981689453,210970800,TSLA
2023-04-21,165.0800018310547,166.0,161.32000732421875,164.8000030517578,123539000,TSLA
2023-04-24,162.5500030517578,165.64999389648438,158.61000061035156,164.64999389648438,140006600,TSLA
2023-04-25,160.6699981689453,163.47000122070312,158.75,159.82000732421875,121999300,TSLA
2023-04-26,153.75,160.6699981689453,153.13999938964844,160.2899932861328,153364100,TSLA
2023-04-27,160.19000244140625,160.47999572753906,152.3699951171875,152.63999938964844,127015200,TSLA
2023-04-28,164.30999755859375,165.0,157.32000732421875,160.89999389648438,122515800,TSLA
2023-05-01,161.8300018310547,163.27999877929688,158.8300018310547,163.1699981689453,109015000,TSLA
2023-05-02,160.30999755859375,165.49000549316406,158.92999267578125,161.8800048828125,128259700,TSLA
2023-05-03,160.61000061035156,165.0,159.91000366210938,160.00999450683594,119728000,TSLA
2023-05-04,161.1999969482422,162.9499969482422,159.64999389648438,162.7100067138672,95108500,TSLA
2023-05-05,170.05999755859375,170.7899932861328,163.50999450683594,163.97000122070312,107440900,TSLA
2023-05-08,171.7899932861328,173.8000030517578,169.19000244140625,173.72000122070312,112249400,TSLA
2023-05-09,169.14999389648438,169.82000732421875,166.55999755859375,168.9499969482422,88965000,TSLA
2023-05-10,168.5399932861328,174.42999267578125,166.67999267578125,172.5500030517578,119840700,TSLA
2023-05-11,172.0800018310547,173.57000732421875,166.7899932861328,168.6999969482422,103889900,TSLA
2023-05-12,167.97999572753906,177.3800048828125,167.22999572753906,176.07000732421875,157577100,TSLA
2023-05-15,166.35000610351562,169.75999450683594,164.5500030517578,167.66000366210938,105592500,TSLA
2023-05-16,166.52000427246094,169.52000427246094,164.35000610351562,165.64999389648438,98288800,TSLA
2023-05-17,173.86000061035156,174.5,167.19000244140625,168.41000366210938,125473600,TSLA
2023-05-18,176.88999938964844,177.05999755859375,172.4499969482422,174.22000122070312,109520300,TSLA
2023-05-19,180.13999938964844,181.9499969482422,176.30999755859375,177.1699981689453,136024200,TSLA
2023-05-22,188.8699951171875,189.32000732421875,180.11000061035156,180.6999969482422,132001400,TSLA
2023-05-23,185.77000427246094,192.9600067138672,185.25999450683594,186.1999969482422,156952100,TSLA
2023-05-24,182.89999389648438,184.22000122070312,178.22000122070312,182.22999572753906,137605100,TSLA
2023-05-25,184.47000122070312,186.77999877929688,180.5800018310547,186.5399932861328,96870700,TSLA
2023-05-26,193.1699981689453,198.60000610351562,184.52999877929688,184.6199951171875,162061500,TSLA
2023-05-30,201.16000366210938,204.47999572753906,197.52999877929688,200.10000610351562,128818700,TSLA
2023-05-31,203.92999267578125,203.9499969482422,195.1199951171875,199.77999877929688,150711700,TSLA
2023-06-01,207.52000427246094,209.8000030517578,199.3699951171875,202.58999633789062,148029900,TSLA
2023-06-02,213.97000122070312,217.25,209.75,210.14999389648438,164129000,TSLA
2023-06-05,217.61000061035156,221.2899932861328,214.52000427246094,217.8000030517578,151143100,TSLA
2023-06-06,221.30999755859375,221.91000366210938,212.52999877929688,216.13999938964844,146911600,TSLA
2023-06-07,224.57000732421875,230.8300018310547,223.1999969482422,228.0,185710800,TSLA
2023-06-08,234.86000061035156,235.22999572753906,223.00999450683594,224.22000122070312,164489700,TSLA
2023-06-09,244.39999389648438,252.4199981689453,242.02000427246094,249.07000732421875,199882300,TSLA
2023-06-12,249.8300018310547,250.97000122070312,244.58999633789062,247.94000244140625,150337900,TSLA
2023-06-13,258.7099914550781,259.67999267578125,251.33999633789062,253.50999450683594,162384300,TSLA
2023-06-14,256.7900085449219,261.57000732421875,250.5,260.1700134277344,170575500,TSLA
2023-06-15,255.89999389648438,258.95001220703125,247.2899932861328,248.39999389648438,160171200,TSLA
2023-06-16,260.5400085449219,263.6000061035156,257.2099914550781,258.9200134277344,167563700,TSLA
2023-06-20,274.45001220703125,274.75,261.1199951171875,261.5,165611200,TSLA
2023-06-21,259.4599914550781,276.989990234375,257.7799987792969,275.1300048828125,211797100,TSLA
2023-06-22,264.6099853515625,265.0,248.25,250.77000427246094,166875900,TSLA
2023-06-23,256.6000061035156,262.45001220703125,252.8000030517578,259.2900085449219,176584100,TSLA
2023-06-26,241.0500030517578,258.3699951171875,240.6999969482422,250.07000732421875,179990600,TSLA
2023-06-27,250.2100067138672,250.38999938964844,240.85000610351562,243.24000549316406,164968200,TSLA
2023-06-28,256.239990234375,259.8800048828125,248.88999938964844,249.6999969482422,159770800,TSLA
2023-06-29,257.5,260.739990234375,253.61000061035156,258.0299987792969,131283400,TSLA
2023-06-30,261.7699890136719,264.45001220703125,259.8900146484375,260.6000061035156,112267600,TSLA
2023-07-03,279.82000732421875,284.25,275.1099853515625,276.489990234375,119685900,TSLA
2023-07-05,282.4800109863281,283.8500061035156,277.6000061035156,278.82000732421875,131530900,TSLA
2023-07-06,276.5400085449219,279.9700012207031,272.8800048828125,278.0899963378906,120332100,TSLA
2023-07-07,274.42999267578125,280.7799987792969,273.7699890136719,278.42999267578125,113602000,TSLA
2023-07-10,269.6099853515625,277.5199890136719,265.1000061035156,276.4700012207031,119425400,TSLA
2023-07-11,269.7900085449219,270.8999938964844,266.3699951171875,268.6499938964844,91972400,TSLA
2023-07-12,271.989990234375,276.5199890136719,271.4599914550781,276.3299865722656,95672100,TSLA
2023-07-13,277.8999938964844,279.45001220703125,270.6000061035156,274.5899963378906,112681500,TSLA
2023-07-14,281.3800048828125,285.29998779296875,276.30999755859375,277.010009765625,119771100,TSLA
2023-07-17,290.3800048828125,292.2300109863281,283.57000732421875,286.6300048828125,131569600,TSLA
2023-07-18,293.3399963378906,295.260009765625,286.010009765625,290.1499938964844,112434700,TSLA
2023-07-19,291.260009765625,299.2900085449219,289.5199890136719,296.0400085449219,142355400,TSLA
2023-07-20,262.8999938964844,280.92999267578125,261.20001220703125,279.55999755859375,175158300,TSLA
2023-07-21,260.0199890136719,268.0,255.8000030517578,268.0,161050100,TSLA
2023-07-24,269.05999755859375,269.8500061035156,254.1199951171875,255.85000610351562,136508500,TSLA
2023-07-25,265.2799987792969,272.8999938964844,265.0,272.3800048828125,112757300,TSLA
2023-07-26,264.3500061035156,268.0400085449219,261.75,263.25,95856200,TSLA
2023-07-27,255.7100067138672,269.1300048828125,255.3000030517578,268.30999755859375,103697300,TSLA
2023-07-28,266.44000244140625,267.25,258.2300109863281,259.8599853515625,111446000,TSLA
2023-07-31,267.42999267578125,269.0799865722656,263.7799987792969,267.4800109863281,84582200,TSLA
2023-08-01,261.07000732421875,266.4700012207031,260.25,266.260009765625,83166000,TSLA
2023-08-02,254.11000061035156,259.5199890136719,250.49000549316406,255.57000732421875,101752900,TSLA
2023-08-03,259.32000732421875,260.489990234375,252.0,252.0399932861328,97569100,TSLA
2023-08-04,253.86000061035156,264.7699890136719,253.11000061035156,260.9700012207031,99242600,TSLA
2023-08-07,251.4499969482422,253.64999389648438,242.75999450683594,251.4499969482422,111097900,TSLA
2023-08-08,249.6999969482422,250.9199981689453,245.00999450683594,247.4499969482422,96642200,TSLA
2023-08-09,242.19000244140625,251.10000610351562,241.89999389648438,250.8699951171875,101596300,TSLA
2023-08-10,245.33999633789062,251.8000030517578,243.0,245.39999389648438,109498600,TSLA
2023-08-11,242.64999389648438,243.7899932861328,238.02000427246094,241.77000427246094,98866600,TSLA
2023-08-14,239.75999450683594,240.66000366210938,233.75,235.6999969482422,98595300,TSLA
2023-08-15,232.9600067138672,240.5,232.61000061035156,238.72999572753906,88197600,TSLA
2023-08-16,225.60000610351562,233.97000122070312,225.3800048828125,228.02000427246094,112484500,TSLA
2023-08-17,219.22000122070312,226.74000549316406,218.8300018310547,226.05999755859375,120718400,TSLA
2023-08-18,215.49000549316406,217.5800018310547,212.36000061035156,214.1199951171875,135813700,TSLA
2023-08-21,231.27999877929688,232.1300048828125,220.5800018310547,221.5500030517578,135702700,TSLA
2023-08-22,233.19000244140625,240.82000732421875,229.5500030517578,240.25,130597900,TSLA
2023-08-23,236.86000061035156,238.97999572753906,229.2899932861328,229.33999633789062,101077600,TSLA
2023-08-24,230.0399932861328,238.9199981689453,228.17999267578125,238.66000366210938,99777400,TSLA
2023-08-25,238.58999633789062,239.0,230.35000610351562,231.30999755859375,106612200,TSLA
2023-08-28,238.82000732421875,244.3800048828125,235.35000610351562,242.5800018310547,107673700,TSLA
2023-08-29,257.17999267578125,257.4800109863281,237.77000427246094,238.5800018310547,134047600,TSLA
2023-08-30,256.8999938964844,260.510009765625,250.58999633789062,254.1999969482422,121988400,TSLA
2023-08-31,258.0799865722656,261.17999267578125,255.0500030517578,255.97999572753906,108861700,TSLA
2023-09-01,245.00999450683594,259.0799865722656,242.00999450683594,257.260009765625,132272500,TSLA
2023-09-05,256.489990234375,258.0,244.86000061035156,245.0,129469600,TSLA
2023-09-06,251.9199981689453,255.38999938964844,245.05999755859375,255.13999938964844,116959800,TSLA
2023-09-07,251.49000549316406,252.80999755859375,243.27000427246094,245.07000732421875,115312900,TSLA
2023-09-08,248.5,256.5199890136719,246.6699981689453,251.22000122070312,118367700,TSLA
2023-09-11,273.5799865722656,274.8500061035156,260.6099853515625,264.2699890136719,174667900,TSLA
2023-09-12,267.4800109863281,278.3900146484375,266.6000061035156,270.760009765625,135999900,TSLA
2023-09-13,271.29998779296875,274.9800109863281,268.1000061035156,270.07000732421875,111673700,TSLA
2023-09-14,276.0400085449219,276.7099914550781,270.4200134277344,271.32000732421875,107709800,TSLA
2023-09-15,274.3900146484375,278.9800109863281,271.0,277.54998779296875,133422800,TSLA
2023-09-18,265.2799987792969,271.44000244140625,263.760009765625,271.1600036621094,101543300,TSLA
2023-09-19,266.5,267.8500061035156,261.20001220703125,264.3500061035156,103704000,TSLA
2023-09-20,262.5899963378906,273.92999267578125,262.4599914550781,267.0400085449219,122514600,TSLA
2023-09-21,255.6999969482422,260.8599853515625,254.2100067138672,257.8500061035156,119531000,TSLA
2023-09-22,244.8800048828125,257.7900085449219,244.47999572753906,257.3999938964844,127524100,TSLA
2023-09-25,246.99000549316406,247.10000610351562,238.30999755859375,243.3800048828125,104636600,TSLA
2023-09-26,244.1199951171875,249.5500030517578,241.66000366210938,242.97999572753906,101993600,TSLA
2023-09-27,240.5,245.3300018310547,234.5800018310547,244.25999450683594,136597200,TSLA
2023-09-28,246.3800048828125,247.5500030517578,238.64999389648438,240.02000427246094,117058900,TSLA
2023-09-29,250.22000122070312,254.77000427246094,246.35000610351562,250.0,128346200,TSLA
2023-10-02,251.60000610351562,254.27999877929688,242.6199951171875,244.80999755859375,123810400,TSLA
2023-10-03,246.52999877929688,250.02000427246094,244.4499969482422,248.61000061035156,101985300,TSLA
2023-10-04,261.1600036621094,261.8599853515625,247.60000610351562,248.13999938964844,129721600,TSLA
2023-10-05,260.04998779296875,263.6000061035156,256.25,260.0,119159200,TSLA
2023-10-06,260.5299987792969,261.6499938964844,250.64999389648438,253.97999572753906,117947000,TSLA
2023-10-09,259.6700134277344,261.3599853515625,252.0500030517578,255.30999755859375,101377900,TSLA
2023-10-10,263.6199951171875,268.94000244140625,257.6499938964844,257.75,122656000,TSLA
2023-10-11,262.989990234375,268.6000061035156,260.8999938964844,266.20001220703125,103706300,TSLA
2023-10-12,258.8699951171875,265.4100036621094,256.6300048828125,262.9200134277344,111508100,TSLA
2023-10-13,251.1199951171875,259.6000061035156,250.22000122070312,258.8999938964844,102073800,TSLA
2023-10-16,253.9199981689453,255.39999389648438,248.47999572753906,250.0500030517578,88917200,TSLA
2023-10-17,254.85000610351562,257.17999267578125,247.0800018310547,250.10000610351562,93562900,TSLA
2023-10-18,242.67999267578125,254.6300048828125,242.0800018310547,252.6999969482422,125147800,TSLA
2023-10-19,220.11000061035156,230.61000061035156,216.77999877929688,225.9499969482422,170772700,TSLA
2023-10-20,211.99000549316406,218.86000061035156,210.4199981689453,217.00999450683594,137734000,TSLA
2023-10-23,212.0800018310547,216.97999572753906,202.50999450683594,210.0,150683400,TSLA
2023-10-24,216.52000427246094,222.0500030517578,214.11000061035156,216.5,118231100,TSLA
2023-10-25,212.4199981689453,220.10000610351562,212.1999969482422,215.8800048828125,107065100,TSLA
2023-10-26,205.75999450683594,214.8000030517578,204.8800048828125,211.32000732421875,115112600,TSLA
2023-10-27,207.3000030517578,212.41000366210938,205.77000427246094,210.60000610351562,94881200,TSLA
2023-10-30,197.36000061035156,210.8800048828125,194.6699981689453,209.27999877929688,136448200,TSLA
2023-10-31,200.83999633789062,202.8000030517578,194.07000732421875,196.1199951171875,118068300,TSLA
2023-11-01,205.66000366210938,205.99000549316406,197.85000610351562,204.0399932861328,121661700,TSLA
2023-11-02,218.50999450683594,219.1999969482422,211.4499969482422,212.97000122070312,125987600,TSLA
2023-11-03,219.9600067138672,226.3699951171875,218.39999389648438,221.14999389648438,119281000,TSLA
2023-11-06,219.27000427246094,226.32000732421875,215.0,223.97999572753906,117335800,TSLA
2023-11-07,222.17999267578125,223.1199951171875,215.72000122070312,219.97999572753906,116900100,TSLA
2023-11-08,222.11000061035156,224.14999389648438,217.63999938964844,223.14999389648438,106584800,TSLA
2023-11-09,209.97999572753906,220.8000030517578,206.67999267578125,219.75,142110500,TSLA
2023-11-10,214.64999389648438,215.3800048828125,205.69000244140625,210.02999877929688,130994000,TSLA
2023-11-13,223.7100067138672,225.39999389648438,211.61000061035156,215.60000610351562,140447600,TSLA
2023-11-14,237.41000366210938,238.13999938964844,230.72000122070312,235.02999877929688,149771600,TSLA
2023-11-15,242.83999633789062,246.6999969482422,236.4499969482422,239.2899932861328,150354000,TSLA
2023-11-16,233.58999633789062,240.8800048828125,230.9600067138672,239.49000549316406,136816800,TSLA
2023-11-17,234.3000030517578,237.38999938964844,226.5399932861328,232.0,142532800,TSLA
2023-11-20,235.60000610351562,237.10000610351562,231.02000427246094,234.0399932861328,116320100,TSLA
2023-11-21,241.1999969482422,243.6199951171875,233.33999633789062,235.0399932861328,122288000,TSLA
2023-11-22,234.2100067138672,244.00999450683594,231.39999389648438,242.0399932861328,117950600,TSLA
2023-11-24,235.4499969482422,238.75,232.3300018310547,233.75,65125200,TSLA
2023-11-27,236.0800018310547,238.3300018310547,232.10000610351562,236.88999938964844,112031800,TSLA
2023-11-28,246.72000122070312,247.0,234.00999450683594,236.67999267578125,148549900,TSLA
2023-11-29,244.13999938964844,252.75,242.75999450683594,249.2100067138672,135401300,TSLA
2023-11-30,240.0800018310547,245.22000122070312,236.91000366210938,245.13999938964844,132353200,TSLA
2023-12-01,238.8300018310547,240.19000244140625,231.89999389648438,233.13999938964844,121173500,TSLA
2023-12-04,235.5800018310547,239.3699951171875,233.2899932861328,235.75,104099800,TSLA
2023-12-05,238.72000122070312,246.66000366210938,233.6999969482422,233.8699951171875,137971100,TSLA
2023-12-06,239.3699951171875,246.57000732421875,239.1699981689453,242.9199981689453,126436200,TSLA
2023-12-07,242.63999938964844,244.0800018310547,236.97999572753906,241.5500030517578,107142300,TSLA
2023-12-08,243.83999633789062,245.27000427246094,239.27000427246094,240.27000427246094,102980100,TSLA
2023-12-11,239.74000549316406,243.44000244140625,237.4499969482422,242.74000549316406,97913900,TSLA
2023-12-12,237.00999450683594,238.99000549316406,233.8699951171875,238.5500030517578,95328300,TSLA
2023-12-13,239.2899932861328,240.3000030517578,228.1999969482422,234.19000244140625,146286300,TSLA
2023-12-14,251.0500030517578,253.8800048828125,240.7899932861328,241.22000122070312,160829200,TSLA
2023-12-15,253.5,254.1300048828125,248.3000030517578,251.2100067138672,135720800,TSLA
2023-12-18,252.0800018310547,258.739990234375,251.36000061035156,253.77999877929688,116416500,TSLA
2023-12-19,257.2200012207031,258.3399963378906,253.00999450683594,253.47999572753906,106737400,TSLA
2023-12-20,247.13999938964844,259.8399963378906,247.0,256.4100036621094,125097000,TSLA
2023-12-21,254.5,254.8000030517578,248.5500030517578,251.89999389648438,109594200,TSLA
2023-12-22,252.5399932861328,258.2200012207031,251.3699951171875,256.760009765625,93249800,TSLA
2023-12-26,256.6099853515625,257.9700012207031,252.91000366210938,254.49000549316406,86892400,TSLA
2023-12-27,261.44000244140625,263.3399963378906,257.5199890136719,258.3500061035156,106494400,TSLA
2023-12-28,253.17999267578125,265.1300048828125,252.7100067138672,263.6600036621094,113619900,TSLA
2023-12-29,248.47999572753906,255.19000244140625,247.42999267578125,255.10000610351562,100615300,TSLA
2024-01-02,248.4199981689453,251.25,244.41000366210938,250.0800018310547,104654200,TSLA
2024-01-03,238.4499969482422,245.67999267578125,236.32000732421875,244.97999572753906,121082600,TSLA
2024-01-04,237.92999267578125,242.6999969482422,237.72999572753906,239.25,102629300,TSLA
2024-01-05,237.49000549316406,240.1199951171875,234.89999389648438,236.86000061035156,92379400,TSLA
2024-01-08,240.4499969482422,241.25,235.3000030517578,236.13999938964844,85166600,TSLA
2024-01-09,234.9600067138672,238.9600067138672,232.0399932861328,238.11000061035156,96705700,TSLA
2024-01-10,233.94000244140625,235.5,231.2899932861328,235.10000610351562,91628500,TSLA
2024-01-11,227.22000122070312,230.92999267578125,225.3699951171875,230.57000732421875,105873600,TSLA
2024-01-12,218.88999938964844,225.33999633789062,217.14999389648438,220.0800018310547,122889000,TSLA
2024-01-16,219.91000366210938,223.49000549316406,212.17999267578125,215.10000610351562,115355000,TSLA
2024-01-17,215.5500030517578,215.6699981689453,212.00999450683594,214.86000061035156,103164400,TSLA
2024-01-18,211.8800048828125,217.4499969482422,208.74000549316406,216.8800048828125,108595400,TSLA
2024-01-19,212.19000244140625,213.19000244140625,207.55999755859375,209.99000549316406,102095800,TSLA
2024-01-22,208.8000030517578,217.8000030517578,206.27000427246094,212.25999450683594,117952500,TSLA
2024-01-23,209.13999938964844,215.64999389648438,207.75,211.3000030517578,106605900,TSLA
2024-01-24,207.8300018310547,212.72999572753906,206.77000427246094,211.8800048828125,123369900,TSLA
2024-01-25,182.6300048828125,193.0,180.05999755859375,189.6999969482422,198076800,TSLA
2024-01-26,183.25,186.77999877929688,182.10000610351562,185.5,107343200,TSLA
2024-01-29,190.92999267578125,191.47999572753906,183.6699981689453,185.6300048828125,125013100,TSLA
2024-01-30,191.58999633789062,196.36000061035156,190.61000061035156,195.3300018310547,109982300,TSLA
2024-01-31,187.2899932861328,193.97000122070312,185.85000610351562,187.0,103221400,TSLA
2024-02-01,188.86000061035156,189.8800048828125,184.27999877929688,188.5,91843300,TSLA
2024-02-02,187.91000366210938,188.69000244140625,182.0,185.0399932861328,110505100,TSLA
2024-02-05,181.05999755859375,184.67999267578125,175.00999450683594,184.25999450683594,134294400,TSLA
2024-02-06,185.10000610351562,186.49000549316406,177.11000061035156,177.2100067138672,122676000,TSLA
2024-02-07,187.5800018310547,189.7899932861328,182.67999267578125,188.17999267578125,111535200,TSLA
2024-02-08,189.55999755859375,191.6199951171875,185.5800018310547,189.0,83034000,TSLA
2024-02-09,193.57000732421875,194.1199951171875,189.47999572753906,190.17999267578125,84476300,TSLA
2024-02-12,188.1300048828125,194.72999572753906,187.27999877929688,192.11000061035156,95498600,TSLA
2024-02-13,184.02000427246094,187.25999450683594,182.11000061035156,183.99000549316406,86759500,TSLA
2024-02-14,188.7100067138672,188.88999938964844,183.35000610351562,185.3000030517578,81203000,TSLA
2024-02-15,200.4499969482422,200.8800048828125,188.86000061035156,189.16000366210938,120831800,TSLA
2024-02-16,199.9499969482422,203.1699981689453,197.39999389648438,202.05999755859375,111173600,TSLA
2024-02-20,193.75999450683594,198.60000610351562,189.1300048828125,196.1300048828125,104545800,TSLA
2024-02-21,194.77000427246094,199.44000244140625,191.9499969482422,193.36000061035156,103844000,TSLA
2024-02-22,197.41000366210938,198.32000732421875,191.36000061035156,194.0,92739500,TSLA
2024-02-23,191.97000122070312,197.57000732421875,191.5,195.30999755859375,78841900,TSLA
2024-02-26,199.39999389648438,201.77999877929688,192.0,192.2899932861328,111747100,TSLA
2024-02-27,199.72999572753906,205.60000610351562,198.25999450683594,204.0399932861328,108645400,TSLA
2024-02-28,202.0399932861328,205.3000030517578,198.44000244140625,200.4199981689453,99806200,TSLA
2024-02-29,201.8800048828125,205.27999877929688,198.4499969482422,204.17999267578125,85907000,TSLA
2024-03-01,202.63999938964844,204.52000427246094,198.5,200.52000427246094,82099200,TSLA
2024-03-04,188.13999938964844,199.75,186.72000122070312,198.72999572753906,134334900,TSLA
2024-03-05,180.74000549316406,184.58999633789062,177.57000732421875,183.0500030517578,119660800,TSLA
2024-03-06,176.5399932861328,181.5800018310547,173.6999969482422,179.99000549316406,107920900,TSLA
2024-03-07,178.64999389648438,180.0399932861328,173.6999969482422,174.35000610351562,102129000,TSLA
2024-03-08,175.33999633789062,182.72999572753906,174.6999969482422,181.5,85315300,TSLA
2024-03-11,177.77000427246094,182.8699951171875,174.8000030517578,175.4499969482422,85391500,TSLA
2024-03-12,177.5399932861328,179.42999267578125,172.41000366210938,177.77000427246094,87391700,TSLA
2024-03-13,169.47999572753906,176.0500030517578,169.14999389648438,173.0500030517578,106524500,TSLA
2024-03-14,162.5,171.1699981689453,160.50999450683594,167.77000427246094,126325700,TSLA
2024-03-15,163.57000732421875,165.17999267578125,160.75999450683594,163.16000366210938,96971900,TSLA
2024-03-18,173.8000030517578,174.72000122070312,165.89999389648438,170.02000427246094,108214400,TSLA
2024-03-19,171.32000732421875,172.82000732421875,167.4199981689453,172.36000061035156,77271400,TSLA
2024-03-20,175.66000366210938,176.25,170.82000732421875,173.0,83846700,TSLA
2024-03-21,172.82000732421875,178.17999267578125,171.8000030517578,176.38999938964844,73178000,TSLA
2024-03-22,170.8300018310547,171.1999969482422,166.3000030517578,166.69000244140625,75454700,TSLA
2024-03-25,172.6300048828125,175.24000549316406,168.72999572753906,168.75999450683594,74228600,TSLA
2024-03-26,177.6699981689453,184.25,177.3800048828125,178.5800018310547,113186200,TSLA
2024-03-27,179.8300018310547,181.91000366210938,176.0,181.41000366210938,81804000,TSLA
2024-03-28,175.7899932861328,179.57000732421875,175.3000030517578,177.4499969482422,77654800,TSLA
2024-04-01,175.22000122070312,176.75,170.2100067138672,176.1699981689453,81562100,TSLA
2024-04-02,166.6300048828125,167.69000244140625,163.42999267578125,164.75,116650600,TSLA
2024-04-03,168.3800048828125,168.82000732421875,163.27999877929688,164.02000427246094,82950100,TSLA
2024-04-04,171.11000061035156,177.19000244140625,168.00999450683594,170.07000732421875,123162000,TSLA
2024-04-05,164.89999389648438,170.86000061035156,160.50999450683594,169.0800018310547,141250700,TSLA
2024-04-08,172.97999572753906,174.5,167.7899932861328,169.33999633789062,104423300,TSLA
2024-04-09,176.8800048828125,179.22000122070312,171.9199981689453,172.91000366210938,103232700,TSLA
2024-04-10,171.75999450683594,174.92999267578125,170.00999450683594,173.0399932861328,84532400,TSLA
2024-04-11,174.60000610351562,175.8800048828125,168.50999450683594,172.5500030517578,94516000,TSLA
2024-04-12,171.0500030517578,173.80999755859375,170.36000061035156,172.33999633789062,64506600,TSLA
2024-04-15,161.47999572753906,170.69000244140625,161.3800048828125,170.24000549316406,100245300,TSLA
2024-04-16,157.11000061035156,158.19000244140625,153.75,156.74000549316406,97000000,TSLA
2024-04-17,155.4499969482422,158.3300018310547,153.77999877929688,157.63999938964844,82439700,TSLA
2024-04-18,149.92999267578125,152.1999969482422,148.6999969482422,151.25,96098800,TSLA
2024-04-19,147.0500030517578,150.94000244140625,146.22000122070312,148.97000122070312,86005100,TSLA
2024-04-22,142.0500030517578,144.44000244140625,138.8000030517578,140.55999755859375,107097600,TSLA
2024-04-23,144.67999267578125,147.25999450683594,141.11000061035156,143.3300018310547,124545100,TSLA
2024-04-24,162.1300048828125,167.97000122070312,157.50999450683594,162.83999633789062,181178000,TSLA
2024-04-25,170.17999267578125,170.8800048828125,158.36000061035156,158.9600067138672,126427500,TSLA
2024-04-26,168.2899932861328,172.1199951171875,166.3699951171875,168.85000610351562,109815700,TSLA
2024-04-29,194.0500030517578,198.8699951171875,184.5399932861328,188.4199981689453,243869700,TSLA
2024-04-30,183.27999877929688,190.9499969482422,182.83999633789062,186.97999572753906,127031800,TSLA
2024-05-01,179.99000549316406,185.86000061035156,179.00999450683594,182.0,92829700,TSLA
2024-05-02,180.00999450683594,184.60000610351562,176.02000427246094,182.86000061035156,89148000,TSLA
2024-05-03,181.19000244140625,184.77999877929688,178.4199981689453,182.10000610351562,75491500,TSLA
2024-05-06,184.75999450683594,187.55999755859375,182.1999969482422,183.8000030517578,84390300,TSLA
2024-05-07,177.80999755859375,183.25999450683594,177.39999389648438,182.39999389648438,75045900,TSLA
2024-05-08,174.72000122070312,176.05999755859375,170.14999389648438,171.58999633789062,79969500,TSLA
2024-05-09,171.97000122070312,175.6199951171875,171.3699951171875,175.00999450683594,65950300,TSLA
2024-05-10,168.47000122070312,173.05999755859375,167.75,173.0500030517578,72627200,TSLA
2024-05-13,171.88999938964844,175.39999389648438,169.0,170.0,67018900,TSLA
2024-05-14,177.5500030517578,179.49000549316406,174.07000732421875,174.5,86407400,TSLA
2024-05-15,173.99000549316406,180.0,173.11000061035156,179.89999389648438,79663000,TSLA
2024-05-16,174.83999633789062,175.7899932861328,171.42999267578125,174.10000610351562,59812200,TSLA
2024-05-17,177.4600067138672,179.6300048828125,172.75,173.5500030517578,77445800,TSLA
2024-05-20,174.9499969482422,177.75,173.52000427246094,177.55999755859375,61727400,TSLA
2024-05-21,186.60000610351562,186.8800048828125,174.7100067138672,175.50999450683594,115266500,TSLA
2024-05-22,180.11000061035156,183.8000030517578,178.1199951171875,182.85000610351562,88313500,TSLA
2024-05-23,173.74000549316406,181.89999389648438,173.25999450683594,181.8000030517578,71975500,TSLA
2024-05-24,179.24000549316406,180.0800018310547,173.72999572753906,174.83999633789062,65479700,TSLA
2024-05-28,176.75,178.25,173.16000366210938,176.39999389648438,59736600,TSLA
2024-05-29,176.19000244140625,178.14999389648438,173.92999267578125,174.19000244140625,54782600,TSLA
2024-05-30,178.7899932861328,182.6699981689453,175.3800048828125,178.5800018310547,77784800,TSLA
2024-05-31,178.0800018310547,180.32000732421875,173.82000732421875,178.5,67314600,TSLA
2024-06-03,176.2899932861328,182.63999938964844,174.49000549316406,178.1300048828125,68568900,TSLA
2024-06-04,174.77000427246094,177.75999450683594,174.0,174.77999877929688,60056300,TSLA
2024-06-05,175.0,176.14999389648438,172.1300048828125,175.35000610351562,57953800,TSLA
2024-06-06,177.94000244140625,179.72999572753906,172.72999572753906,174.60000610351562,69887000,TSLA
2024-06-07,177.47999572753906,179.35000610351562,175.5800018310547,176.1300048828125,56244900,TSLA
2024-06-10,173.7899932861328,178.57000732421875,173.1699981689453,176.05999755859375,50869700,TSLA
2024-06-11,170.66000366210938,174.75,167.41000366210938,173.9199981689453,64761900,TSLA
2024-06-12,177.2899932861328,180.5500030517578,169.8000030517578,171.1199951171875,90389400,TSLA
2024-06-13,182.47000122070312,191.0800018310547,181.22999572753906,188.38999938964844,118984100,TSLA
2024-06-14,178.00999450683594,186.0,176.9199981689453,185.8000030517578,82038200,TSLA
2024-06-17,187.44000244140625,188.80999755859375,177.0,177.9199981689453,109786100,TSLA
2024-06-18,184.86000061035156,187.1999969482422,182.3699951171875,186.55999755859375,68982300,TSLA
2024-06-20,181.57000732421875,185.2100067138672,179.66000366210938,184.67999267578125,55893100,TSLA
2024-06-21,183.00999450683594,183.9499969482422,180.69000244140625,182.3000030517578,63029500,TSLA
2024-06-24,182.5800018310547,188.8000030517578,182.5500030517578,184.97000122070312,61992100,TSLA
2024-06-25,187.35000610351562,187.97000122070312,182.00999450683594,184.39999389648438,63678300,TSLA
2024-06-26,196.3699951171875,197.75999450683594,186.36000061035156,186.5399932861328,95737100,TSLA
2024-06-27,197.4199981689453,198.72000122070312,194.0500030517578,195.1699981689453,72746500,TSLA
2024-06-28,197.8800048828125,203.1999969482422,195.25999450683594,199.5500030517578,95438100,TSLA
2024-07-01,209.86000061035156,213.22999572753906,200.85000610351562,201.02000427246094,135691400,TSLA
2024-07-02,231.25999450683594,231.3000030517578,218.05999755859375,218.88999938964844,205047900,TSLA
2024-07-03,246.38999938964844,248.35000610351562,234.25,234.55999755859375,166561500,TSLA
2024-07-05,251.52000427246094,252.3699951171875,242.4600067138672,249.80999755859375,154501200,TSLA
2024-07-08,252.94000244140625,259.44000244140625,244.57000732421875,247.7100067138672,157219600,TSLA
2024-07-09,262.3299865722656,265.6099853515625,250.3000030517578,251.0,160210900,TSLA
2024-07-10,263.260009765625,267.5899963378906,257.8599853515625,262.79998779296875,128519400,TSLA
2024-07-11,241.02999877929688,271.0,239.64999389648438,263.29998779296875,221707300,TSLA
2024-07-12,248.22999572753906,251.83999633789062,233.08999633789062,235.8000030517578,155955800,TSLA
2024-07-15,252.63999938964844,265.6000061035156,251.72999572753906,255.97000122070312,146912900,TSLA
2024-07-16,256.55999755859375,258.6199951171875,245.8000030517578,255.30999755859375,126332500,TSLA
2024-07-17,248.5,258.4700012207031,246.17999267578125,252.72999572753906,115584800,TSLA
2024-07-18,249.22999572753906,257.1400146484375,247.1999969482422,251.08999633789062,110869000,TSLA
2024-07-19,239.1999969482422,249.44000244140625,236.8300018310547,247.7899932861328,87403900,TSLA
2024-07-22,251.50999450683594,253.2100067138672,243.75,244.2100067138672,101225400,TSLA
2024-07-23,246.3800048828125,255.75999450683594,245.6300048828125,253.60000610351562,111928200,TSLA
2024-07-24,215.99000549316406,225.99000549316406,214.7100067138672,225.4199981689453,167942900,TSLA
2024-07-25,220.25,226.0,216.22999572753906,216.8000030517578,100636500,TSLA
2024-07-26,219.8000030517578,222.27999877929688,215.3300018310547,221.19000244140625,94604100,TSLA
2024-07-29,232.10000610351562,234.27000427246094,224.6999969482422,224.89999389648438,129201800,TSLA
2024-07-30,222.6199951171875,232.41000366210938,220.0,232.25,100560300,TSLA
2024-07-31,232.07000732421875,234.67999267578125,226.7899932861328,227.89999389648438,67497000,TSLA
2024-08-01,216.86000061035156,231.8699951171875,214.3300018310547,227.69000244140625,83861900,TSLA
2024-08-02,207.6699981689453,216.1300048828125,205.77999877929688,214.8800048828125,82880100,TSLA
2024-08-05,198.8800048828125,203.8800048828125,182.0,185.22000122070312,100308800,TSLA
2024-08-06,200.63999938964844,202.89999389648438,192.6699981689453,200.75,73783900,TSLA
2024-08-07,191.75999450683594,203.49000549316406,191.47999572753906,200.77000427246094,71159800,TSLA
2024-08-08,198.83999633789062,200.6999969482422,192.0399932861328,195.6999969482422,65033900,TSLA
2024-08-09,200.0,200.8800048828125,195.11000061035156,197.0500030517578,58648300,TSLA
2024-08-12,197.49000549316406,199.25999450683594,194.6699981689453,199.02000427246094,64044900,TSLA
2024-08-13,207.8300018310547,208.49000549316406,197.05999755859375,198.47000122070312,76247400,TSLA
2024-08-14,201.3800048828125,208.44000244140625,198.75,207.38999938964844,70250000,TSLA
2024-08-15,214.13999938964844,215.8800048828125,204.82000732421875,205.02000427246094,89848500,TSLA
2024-08-16,216.1199951171875,219.8000030517578,210.8000030517578,211.14999389648438,88765100,TSLA
2024-08-19,222.72000122070312,222.97999572753906,214.08999633789062,217.07000732421875,76435200,TSLA
2024-08-20,221.10000610351562,228.22000122070312,219.55999755859375,224.8800048828125,74001200,TSLA
2024-08-21,223.27000427246094,224.66000366210938,218.86000061035156,222.6699981689453,70146000,TSLA
2024-08-22,210.66000366210938,224.8000030517578,210.32000732421875,223.82000732421875,79514500,TSLA
2024-08-23,220.32000732421875,221.47999572753906,214.2100067138672,214.4600067138672,81525200,TSLA
2024-08-26,213.2100067138672,219.08999633789062,211.00999450683594,218.75,59301200,TSLA
2024-08-27,209.2100067138672,215.66000366210938,206.94000244140625,213.25,62821400,TSLA
2024-08-28,205.75,211.83999633789062,202.58999633789062,209.72000122070312,64116400,TSLA
2024-08-29,206.27999877929688,214.88999938964844,205.97000122070312,209.8000030517578,62308800,TSLA
2024-08-30,214.11000061035156,214.57000732421875,207.02999877929688,208.6300048828125,63370600,TSLA
2024-09-03,210.60000610351562,219.89999389648438,209.63999938964844,215.25999450683594,76714200,TSLA
2024-09-04,219.41000366210938,222.22000122070312,210.57000732421875,210.58999633789062,80651800,TSLA
2024-09-05,230.1699981689453,235.0,222.25,223.49000549316406,119355000,TSLA
2024-09-06,210.72999572753906,233.60000610351562,210.50999450683594,232.60000610351562,112177000,TSLA
2024-09-09,216.27000427246094,219.8699951171875,213.6699981689453,216.1999969482422,67443500,TSLA
2024-09-10,226.1699981689453,226.39999389648438,218.63999938964844,220.07000732421875,78891100,TSLA
2024-09-11,228.1300048828125,228.47000122070312,216.8000030517578,224.5500030517578,83548600,TSLA
2024-09-12,229.80999755859375,231.4499969482422,223.8300018310547,224.66000366210938,72020000,TSLA
2024-09-13,230.2899932861328,232.6699981689453,226.32000732421875,228.0,59515100,TSLA
2024-09-16,226.77999877929688,229.9600067138672,223.52999877929688,229.3000030517578,54323000,TSLA
2024-09-17,227.8699951171875,234.57000732421875,226.5500030517578,229.4499969482422,66761600,TSLA
2024-09-18,227.1999969482422,235.67999267578125,226.8800048828125,230.08999633789062,78010200,TSLA
2024-09-19,243.9199981689453,244.24000549316406,232.1300048828125,234.0,102694600,TSLA
2024-09-20,238.25,243.99000549316406,235.9199981689453,241.52000427246094,99879100,TSLA
2024-09-23,250.0,250.0,241.9199981689453,242.61000061035156,86927200,TSLA
2024-09-24,254.27000427246094,257.19000244140625,249.0500030517578,254.0800018310547,88491000,TSLA
2024-09-25,257.0199890136719,257.04998779296875,252.27999877929688,252.5399932861328,65034300,TSLA
2024-09-26,254.22000122070312,261.75,251.52999877929688,260.6000061035156,67142200,TSLA
2024-09-27,260.4599914550781,260.70001220703125,254.1199951171875,257.3800048828125,70988100,TSLA
2024-09-30,261.6300048828125,264.8599853515625,255.77000427246094,259.0400085449219,80705700,TSLA
2024-10-01,258.0199890136719,263.9800109863281,248.52999877929688,262.6700134277344,87397600,TSLA
2024-10-02,249.02000427246094,251.16000366210938,241.5,247.5500030517578,93983900,TSLA
2024-10-03,240.66000366210938,249.7899932861328,237.80999755859375,244.47999572753906,80729200,TSLA
2024-10-04,250.0800018310547,250.9600067138672,244.5800018310547,246.69000244140625,86573200,TSLA
2024-10-07,240.8300018310547,249.8300018310547,240.6999969482422,249.0,68113300,TSLA
2024-10-08,244.5,246.2100067138672,240.55999755859375,243.55999755859375,56303200,TSLA
2024-10-09,241.0500030517578,247.42999267578125,239.50999450683594,243.82000732421875,66289500,TSLA
2024-10-10,238.77000427246094,242.7899932861328,232.33999633789062,241.80999755859375,83087100,TSLA
2024-10-11,217.8000030517578,223.33999633789062,214.3800048828125,220.1300048828125,142628900,TSLA
2024-10-14,219.16000366210938,221.91000366210938,213.74000549316406,220.1300048828125,86291900,TSLA
2024-10-15,219.57000732421875,224.25999450683594,217.1199951171875,220.00999450683594,62988800,TSLA
2024-10-16,221.3300018310547,222.82000732421875,218.92999267578125,221.39999389648438,49632800,TSLA
2024-10-17,220.88999938964844,222.0800018310547,217.89999389648438,221.58999633789062,50791800,TSLA
2024-10-18,220.6999969482422,222.27999877929688,219.22999572753906,220.7100067138672,49611900,TSLA
2024-10-21,218.85000610351562,220.47999572753906,215.72999572753906,218.89999389648438,47329000,TSLA
2024-10-22,217.97000122070312,218.22000122070312,215.25999450683594,217.30999755859375,43268700,TSLA
2024-10-23,213.64999389648438,218.72000122070312,212.11000061035156,217.1300048828125,80938900,TSLA
2024-10-24,260.4800109863281,262.1199951171875,242.64999389648438,244.67999267578125,204491900,TSLA
2024-10-25,269.19000244140625,269.489990234375,255.32000732421875,256.010009765625,161611900,TSLA
2024-10-28,262.510009765625,273.5400085449219,262.239990234375,270.0,107653600,TSLA
2024-10-29,259.5199890136719,264.9800109863281,255.50999450683594,264.510009765625,80521800,TSLA
2024-10-30,257.54998779296875,263.3500061035156,255.82000732421875,258.0400085449219,53993600,TSLA
2024-10-31,249.85000610351562,259.75,249.25,257.989990234375,66575300,TSLA
2024-11-01,248.97999572753906,254.0,246.6300048828125,252.0399932861328,57544800,TSLA
2024-11-04,242.83999633789062,248.89999389648438,238.8800048828125,244.55999755859375,68802400,TSLA
2024-11-05,251.44000244140625,255.27999877929688,246.2100067138672,247.33999633789062,69282500,TSLA
2024-11-06,288.5299987792969,289.5899963378906,275.6199951171875,284.6700134277344,165228700,TSLA
2024-11-07,296.9100036621094,299.75,285.5199890136719,288.8900146484375,117309200,TSLA
2024-11-08,321.2200012207031,328.7099914550781,297.6600036621094,299.1400146484375,204782800,TSLA
2024-11-11,350.0,358.6400146484375,336.0,346.29998779296875,210521600,TSLA
2024-11-12,328.489990234375,345.8399963378906,323.30999755859375,342.739990234375,155726000,TSLA
2024-11-13,330.239990234375,344.6000061035156,322.5,335.8500061035156,125405600,TSLA
2024-11-14,311.17999267578125,329.9800109863281,310.3699951171875,327.69000244140625,120726100,TSLA
2024-11-15,320.7200012207031,324.67999267578125,309.2200012207031,310.57000732421875,114440300,TSLA
2024-11-18,338.739990234375,348.54998779296875,330.010009765625,340.7300109863281,126547500,TSLA
2024-11-19,346.0,347.3800048828125,332.75,335.760009765625,88852500,TSLA
2024-11-20,342.0299987792969,346.6000061035156,334.29998779296875,345.0,66340700,TSLA
2024-11-21,339.6400146484375,347.989990234375,335.2799987792969,343.80999755859375,58011700,TSLA
2024-11-22,352.55999755859375,361.5299987792969,337.70001220703125,341.0899963378906,89140700,TSLA
2024-11-25,338.5899963378906,361.92999267578125,338.20001220703125,360.1400146484375,95890900,TSLA
2024-11-26,338.2300109863281,346.9599914550781,335.6600036621094,341.0,62295900,TSLA
2024-11-27,332.8900146484375,342.54998779296875,326.5899963378906,341.79998779296875,57896400,TSLA
2024-11-29,345.1600036621094,345.45001220703125,334.6499938964844,336.0799865722656,37167600,TSLA
2024-12-02,357.0899963378906,360.0,351.1499938964844,352.3800048828125,77986500,TSLA
2024-12-03,351.4200134277344,355.69000244140625,348.20001220703125,351.79998779296875,58267200,TSLA
2024-12-04,357.92999267578125,358.1000061035156,348.6000061035156,353.0,50810900,TSLA
2024-12-05,369.489990234375,375.42999267578125,359.5,359.8699951171875,81403600,TSLA
2024-12-06,389.2200012207031,389.489990234375,370.79998779296875,377.4200134277344,81455800,TSLA
2024-12-09,389.7900085449219,404.79998779296875,378.010009765625,397.6099853515625,96359200,TSLA
2024-12-10,400.989990234375,409.7300109863281,390.8500061035156,392.67999267578125,97563600,TSLA
2024-12-11,424.7699890136719,424.8800048828125,402.3800048828125,409.70001220703125,104287600,TSLA
2024-12-12,418.1000061035156,429.29998779296875,415.0,424.8399963378906,87752200,TSLA
2024-12-13,436.2300109863281,436.29998779296875,415.7099914550781,420.0,89000200,TSLA
2024-12-16,463.0199890136719,463.19000244140625,436.1499938964844,441.0899963378906,114083800,TSLA
2024-12-17,479.8599853515625,483.989990234375,457.510009765625,475.8999938964844,131223000,TSLA
2024-12-18,440.1300048828125,488.5400085449219,427.010009765625,466.5,149340800,TSLA
2024-12-19,436.1700134277344,456.3599853515625,420.0199890136719,451.8800048828125,118566100,TSLA
2024-12-20,421.05999755859375,447.0799865722656,417.6400146484375,425.510009765625,132216200,TSLA
2024-12-23,430.6000061035156,434.510009765625,415.4100036621094,431.0,72698100,TSLA
2024-12-24,462.2799987792969,462.7799987792969,435.1400146484375,435.8999938964844,59551800,TSLA
2024-12-26,454.1300048828125,465.3299865722656,451.0199890136719,465.1600036621094,76366400,TSLA
2024-12-27,431.6600036621094,450.0,426.5,449.5199890136719,82666800,TSLA
2024-12-30,417.4100036621094,427.0,415.75,419.3999938964844,64941000,TSLA
2024-12-31,403.8399963378906,427.92999267578125,402.5400085449219,423.7900085449219,76825100,TSLA
2025-01-02,379.2799987792969,392.7300109863281,373.0400085449219,390.1000061035156,109710700,TSLA
2025-01-03,410.44000244140625,411.8800048828125,379.45001220703125,381.4800109863281,95423300,TSLA
2025-01-06,411.04998779296875,426.42999267578125,401.70001220703125,423.20001220703125,85516500,TSLA
2025-01-07,394.3599853515625,414.3299865722656,390.0,405.8299865722656,75699500,TSLA
2025-01-08,394.94000244140625,402.5,387.3999938964844,392.95001220703125,73038800,TSLA
2025-01-10,394.739990234375,399.2799987792969,377.2900085449219,391.3999938964844,62287300,TSLA
2025-01-13,403.30999755859375,403.7900085449219,380.07000732421875,383.2099914550781,67580500,TSLA
2025-01-14,396.3599853515625,422.6400146484375,394.5400085449219,414.3399963378906,84565000,TSLA
2025-01-15,428.2200012207031,429.79998779296875,405.6600036621094,409.8999938964844,81375500,TSLA
2025-01-16,413.82000732421875,424.0,409.1300048828125,423.489990234375,68335200,TSLA
2025-01-17,426.5,439.739990234375,419.75,421.5,94991400,TSLA
2025-01-21,424.07000732421875,433.20001220703125,406.30999755859375,432.6400146484375,87320900,TSLA
2025-01-22,415.1099853515625,428.0,414.5899963378906,416.80999755859375,60963300,TSLA
2025-01-23,412.3800048828125,420.7300109863281,408.95001220703125,416.05999755859375,50690600,TSLA
2025-01-24,406.5799865722656,418.8800048828125,405.7799987792969,414.45001220703125,56427100,TSLA
2025-01-27,397.1499938964844,406.69000244140625,389.0,394.79998779296875,58125500,TSLA
2025-01-28,398.0899963378906,400.5899963378906,386.5,396.9100036621094,48910700,TSLA
2025-01-29,389.1000061035156,398.5899963378906,384.4800109863281,395.2099914550781,68033600,TSLA
2025-01-30,400.2799987792969,412.5,384.4100036621094,410.7799987792969,98092900,TSLA
2025-01-31,404.6000061035156,419.989990234375,401.3399963378906,401.5299987792969,83568200,TSLA
2025-02-03,383.67999267578125,389.1700134277344,374.3599853515625,386.67999267578125,93732100,TSLA
2025-02-04,392.2099914550781,394.0,381.3999938964844,382.6300048828125,57072200,TSLA
2025-02-05,378.1700134277344,388.3900146484375,375.5299987792969,387.510009765625,57223300,TSLA
2025-02-06,374.32000732421875,375.3999938964844,363.17999267578125,373.0299987792969,77918200,TSLA
2025-02-07,361.6199951171875,380.54998779296875,360.3399963378906,370.19000244140625,70298300,TSLA
2025-02-10,350.7300109863281,362.70001220703125,350.510009765625,356.2099914550781,77514900,TSLA
2025-02-11,328.5,349.3699951171875,325.1000061035156,345.79998779296875,118543400,TSLA
2025-02-12,336.510009765625,346.3999938964844,329.1199951171875,329.94000244140625,105382700,TSLA
2025-02-13,355.94000244140625,358.69000244140625,342.8500061035156,345.0,89441500,TSLA
2025-02-14,355.8399963378906,362.0,347.5,360.6199951171875,68277300,TSLA
2025-02-18,354.1099853515625,359.1000061035156,350.0199890136719,355.010009765625,51631700,TSLA
2025-02-19,360.55999755859375,367.3399963378906,353.6700134277344,354.0,67094400,TSLA
2025-02-20,354.3999938964844,362.29998779296875,348.0,361.510009765625,45965400,TSLA
2025-02-21,337.79998779296875,354.9800109863281,334.4200134277344,353.44000244140625,74058600,TSLA
2025-02-24,330.5299987792969,342.3999938964844,324.70001220703125,338.1400146484375,76052300,TSLA
2025-02-25,302.79998779296875,328.8900146484375,297.25,327.0199890136719,134228800,TSLA
2025-02-26,290.79998779296875,309.0,288.0400085449219,303.7099914550781,100118300,TSLA
2025-02-27,281.95001220703125,297.2300109863281,280.8800048828125,291.1600036621094,101748200,TSLA
2025-02-28,292.9800109863281,293.8800048828125,273.6000061035156,279.5,115697000,TSLA
2025-03-03,284.6499938964844,303.94000244140625,277.29998779296875,300.3399963378906,115551400,TSLA
2025-03-04,272.0400085449219,284.3500061035156,261.8399963378906,270.92999267578125,126706600,TSLA
2025-03-05,279.1000061035156,279.54998779296875,267.7099914550781,272.9200134277344,94042900,TSLA
2025-03-06,263.45001220703125,272.6499938964844,260.0199890136719,272.05999755859375,98451600,TSLA
2025-03-07,262.6700134277344,266.25,250.72999572753906,259.32000732421875,102369600,TSLA
2025-03-10,222.14999389648438,253.3699951171875,220.0,252.5399932861328,189076900,TSLA
2025-03-11,230.5800018310547,237.05999755859375,217.02000427246094,225.30999755859375,174896400,TSLA
2025-03-12,248.08999633789062,251.83999633789062,241.10000610351562,247.22000122070312,142215700,TSLA
2025-03-13,240.67999267578125,248.2899932861328,232.60000610351562,248.1300048828125,114813500,TSLA
2025-03-14,249.97999572753906,251.5800018310547,240.72999572753906,247.30999755859375,100242300,TSLA
2025-03-17,238.00999450683594,245.39999389648438,232.8000030517578,245.05999755859375,111900600,TSLA
2025-03-18,225.30999755859375,230.10000610351562,222.27999877929688,228.16000366210938,111477600,TSLA
2025-03-19,235.86000061035156,241.41000366210938,229.1999969482422,231.61000061035156,111993800,TSLA
2025-03-20,236.25999450683594,238.0,230.0500030517578,233.35000610351562,99028300,TSLA
2025-03-21,248.7100067138672,249.52000427246094,234.5500030517578,234.99000549316406,132728700,TSLA
2025-03-24,278.3900146484375,278.6400146484375,256.3299865722656,258.0799865722656,169079900,TSLA
2025-03-25,288.1400146484375,288.20001220703125,271.2799987792969,283.6000061035156,150361500,TSLA
2025-03-26,272.05999755859375,284.8999938964844,266.510009765625,282.6600036621094,153629800,TSLA
2025-03-27,273.1300048828125,291.8500061035156,271.82000732421875,272.4800109863281,162572100,TSLA
2025-03-28,263.54998779296875,276.1000061035156,260.57000732421875,275.5799865722656,123809400,TSLA
2025-03-31,259.1600036621094,260.55999755859375,243.36000061035156,249.30999755859375,134008900,TSLA
2025-04-01,268.4599914550781,277.45001220703125,259.25,263.79998779296875,146486900,TSLA
2025-04-02,282.760009765625,284.989990234375,251.27000427246094,254.60000610351562,212787800,TSLA
2025-04-03,267.2799987792969,276.29998779296875,261.510009765625,265.2900085449219,136174300,TSLA
2025-04-04,239.42999267578125,261.0,236.0,255.3800048828125,181229400,TSLA
2025-04-07,233.2899932861328,252.0,214.25,223.77999877929688,183453800,TSLA
2025-04-08,221.86000061035156,250.44000244140625,217.8000030517578,245.0,171603500,TSLA
2025-04-09,272.20001220703125,274.69000244140625,223.8800048828125,224.69000244140625,219433400,TSLA
2025-04-10,252.39999389648438,262.489990234375,239.3300018310547,260.0,181722600,TSLA
2025-04-11,252.30999755859375,257.739990234375,241.36000061035156,251.83999633789062,128948100,TSLA
2025-04-14,252.35000610351562,261.79998779296875,245.92999267578125,258.3599853515625,100135200,TSLA
2025-04-15,254.11000061035156,258.75,247.5399932861328,249.91000366210938,79594300,TSLA
2025-04-16,241.5500030517578,251.97000122070312,233.88999938964844,247.61000061035156,112378700,TSLA
2025-04-17,241.3699951171875,244.33999633789062,237.67999267578125,243.47000122070312,83404800,TSLA
2025-04-21,227.5,232.2100067138672,222.7899932861328,230.25999450683594,97768000,TSLA
2025-04-22,237.97000122070312,242.7899932861328,229.85000610351562,230.9600067138672,120858500,TSLA
2025-04-23,250.74000549316406,259.45001220703125,244.42999267578125,254.86000061035156,150381900,TSLA
2025-04-24,259.510009765625,259.5400085449219,249.1999969482422,250.5,94464200,TSLA
2025-04-25,284.95001220703125,286.8500061035156,259.6300048828125,261.69000244140625,167560700,TSLA
2025-04-28,285.8800048828125,294.8599853515625,272.4200134277344,288.9800109863281,151731800,TSLA
2025-04-29,292.0299987792969,293.32000732421875,279.4700012207031,285.5,108906600,TSLA
2025-04-30,282.1600036621094,284.45001220703125,270.7799987792969,279.8999938964844,128961100,TSLA
2025-05-01,280.5199890136719,290.8699951171875,279.80999755859375,280.010009765625,99659000,TSLA
2025-05-02,287.2099914550781,294.7799987792969,279.80999755859375,284.8999938964844,114454700,TSLA
2025-05-05,280.260009765625,284.8500061035156,274.3999938964844,284.57000732421875,94618900,TSLA
2025-05-06,275.3500061035156,277.7300109863281,271.3500061035156,273.1099853515625,76715800,TSLA
2025-05-07,276.2200012207031,277.9200134277344,271.0,276.8800048828125,71592600,TSLA
2025-05-08,284.82000732421875,289.79998779296875,279.4100036621094,279.6300048828125,97539400,TSLA
2025-05-09,298.260009765625,307.0400085449219,290.0,290.2099914550781,132387800,TSLA
2025-05-12,318.3800048828125,322.2099914550781,311.5,321.989990234375,112826700,TSLA
2025-05-13,334.07000732421875,337.5899963378906,316.79998779296875,320.0,136992600,TSLA
2025-05-14,347.67999267578125,350.0,337.0,342.5,136997300,TSLA
2025-05-15,342.82000732421875,346.1400146484375,334.7200012207031,340.3399963378906,97882600,TSLA
2025-05-16,349.9800109863281,351.6199951171875,342.3299865722656,346.239990234375,95895700,TSLA
2025-05-19,342.0899963378906,343.0,333.3699951171875,336.29998779296875,88869900,TSLA
2025-05-20,343.82000732421875,354.989990234375,341.6300048828125,347.8699951171875,131715500,TSLA
2025-05-21,334.6199951171875,347.3500061035156,332.20001220703125,344.42999267578125,102354800,TSLA
2025-05-22,341.0400085449219,347.2699890136719,331.3900146484375,331.8999938964844,97113400,TSLA
2025-05-23,339.3399963378906,343.17999267578125,333.2099914550781,337.9200134277344,84439200,TSLA
