Date,Open,High,Low,Close,Volume,Ticker
2020-01-02 00:00:00-05:00,71.62707694862993,72.68127355425736,71.37320320125843,72.6208267211914,135480400,AAPL
2020-01-03 00:00:00-05:00,71.84712526182395,72.67645428247283,71.68996492576686,71.91482543945312,146322800,AAPL
2020-01-06 00:00:00-05:00,71.03472433546915,72.52654850385467,70.78326336625187,72.48786163330078,118387200,AAPL
2020-01-07 00:00:00-05:00,72.49752942348555,72.75382346407903,71.92691473047077,72.14694213867188,108872000,AAPL
2020-01-08 00:00:00-05:00,71.84954036585081,73.60975223726805,71.84954036585081,73.3075180053711,132079200,AAPL
2020-01-09 00:00:00-05:00,74.28675624192712,75.058058615668,74.0353026659935,74.86463165283203,170108400,AAPL
2020-01-10 00:00:00-05:00,75.09916182683553,75.59966347515947,74.53096000715122,75.03387451171875,140644800,AAPL
2020-01-13 00:00:00-05:00,75.3506140079616,76.66351755996668,75.23213318778205,76.63691711425781,121532000,AAPL
2020-01-14 00:00:00-05:00,76.57405589932931,76.78440971103713,75.4787595103825,75.60206604003906,161954400,AAPL
2020-01-15 00:00:00-05:00,75.40138244543428,76.28390474886808,74.84526714361999,75.27806854248047,121923600,AAPL
2020-01-16 00:00:00-05:00,75.82209877195635,76.33227394816954,75.45941772509225,76.2210464477539,108829200,AAPL
2020-01-17 00:00:00-05:00,76.47009335198214,77.06730848616459,76.16302603037396,77.06489562988281,137816400,AAPL
2020-01-21 00:00:00-05:00,76.69254005241989,77.13500771347044,76.4048124784183,76.54263305664062,110843200,AAPL
2020-01-22 00:00:00-05:00,77.0286006875468,77.36952169211204,76.72153344938081,76.81583404541016,101832400,AAPL
2020-01-23 00:00:00-05:00,76.86904252755714,77.26556997023165,76.3201804851689,77.18578338623047,104472000,AAPL
2020-01-24 00:00:00-05:00,77.43240119345582,78.17710300745777,76.772319051517,76.96333312988281,146537600,AAPL
2020-01-27 00:00:00-05:00,74.96858335214901,75.38203764467593,73.71612668009978,74.70020294189453,161940000,AAPL
2020-01-28 00:00:00-05:00,75.58272644118536,76.9850901077203,75.48359274307904,76.81342315673828,162234000,AAPL
2020-01-29 00:00:00-05:00,78.44792613497704,79.2700018323593,77.70563703421264,78.42132568359375,216229200,AAPL
2020-01-30 00:00:00-05:00,77.50250683445478,78.36084883811213,77.0697054811501,78.30765533447266,126743200,AAPL
2020-01-31 00:00:00-05:00,77.59682491329659,78.01995284367814,74.54063615595594,74.83561706542969,199588400,AAPL
2020-02-03 00:00:00-05:00,73.57589206005755,75.79791852993898,73.07297758859362,74.63008880615234,173788400,AAPL
2020-02-04 00:00:00-05:00,76.23797325215806,77.28491667175436,75.83177225101083,77.09390258789062,136616400,AAPL
2020-02-05 00:00:00-05:00,78.22305134186004,78.52287271376575,77.11808861152979,77.7225570678711,118826800,AAPL
2020-02-06 00:00:00-05:00,77.99334570709586,78.63408069608217,77.4348175300206,78.63166046142578,105425600,AAPL
2020-02-07 00:00:00-05:00,78.12998293153962,78.37961468469555,77.07086561575886,77.56285858154297,117684000,AAPL
2020-02-10 00:00:00-05:00,76.14503551271558,77.93123626708984,76.06505957583339,77.93123626708984,109348800,AAPL
2020-02-11 00:00:00-05:00,78.42809351227764,78.50079892091712,77.242943577511,77.46106719970703,94323200,AAPL
2020-02-12 00:00:00-05:00,77.91185812540034,79.30543507665523,77.91185812540034,79.30059051513672,113730400,AAPL
2020-02-13 00:00:00-05:00,78.57106654450395,79.06305941279798,78.36748405379012,78.73587036132812,94747600,AAPL
2020-02-14 00:00:00-05:00,78.70437073623225,79.00490364230242,78.24631193166864,78.7552719116211,80113600,AAPL
2020-02-18 00:00:00-05:00,76.43102645153198,77.49499569716498,76.24925554684746,77.31322479248047,152531200,AAPL
2020-02-19 00:00:00-05:00,77.5555685480905,78.66316078652402,77.5555685480905,78.43291473388672,93984000,AAPL
2020-02-20 00:00:00-05:00,78.19299399872004,78.68256095291854,77.12175425598554,77.62828826904297,100566000,AAPL
2020-02-21 00:00:00-05:00,77.22113145649439,77.66465663516524,75.2531595150605,75.87117767333984,129554000,AAPL
2020-02-24 00:00:00-05:00,72.04428953806494,73.72142482703582,70.09812948275813,72.26725769042969,222195200,AAPL
2020-02-25 00:00:00-05:00,72.93861510277681,73.32154259168735,69.34681990026353,69.81941986083984,230673600,AAPL
2020-02-26 00:00:00-05:00,69.44376009892217,72.19456142629366,69.43648955817032,70.92700958251953,198054800,AAPL
2020-02-27 00:00:00-05:00,68.12773623181833,69.31530465753468,66.15491247212168,66.29063415527344,320605600,AAPL
2020-02-28 00:00:00-05:00,62.34985890817242,67.47579797874893,62.13415384073174,66.25186920166016,426510000,AAPL
2020-03-02 00:00:00-05:00,68.41371468951469,73.0573558601896,67.30854828272852,72.4199447631836,341397200,AAPL
2020-03-03 00:00:00-05:00,73.59781027366749,73.6777861951104,69.26681051044577,70.11992645263672,319475600,AAPL
2020-03-04 00:00:00-05:00,71.8455487891952,73.53238053099778,71.04333387511636,73.37242126464844,219178400,AAPL
2020-03-05 00:00:00-05:00,71.62255701940494,72.59927205760484,70.62645634555987,70.99242401123047,187572800,AAPL
2020-03-06 00:00:00-05:00,68.34586817457833,70.48349603940056,68.15925268654892,70.04966735839844,226176800,AAPL
2020-03-09 00:00:00-04:00,63.922752484590724,67.39821044302454,63.74098162444497,64.50926971435547,286744800,AAPL
2020-03-10 00:00:00-04:00,67.16799216221737,69.4219485531025,65.28484074636239,69.15534973144531,285290000,AAPL
2020-03-11 00:00:00-04:00,67.22858097514904,68.15682117418298,65.88831635585085,66.75354766845703,255598800,AAPL
2020-03-12 00:00:00-04:00,62.02993408107194,65.43753239872558,60.105585314384975,60.16132736206055,418474000,AAPL
2020-03-13 00:00:00-04:00,64.19904495715387,67.84173254059745,61.30524869933192,67.36912536621094,370732000,AAPL
2020-03-16 00:00:00-04:00,58.63929237514396,62.79093727126344,58.166688768527365,58.702308654785156,322423600,AAPL
2020-03-17 00:00:00-04:00,59.98682095947624,62.43466692909921,57.77891021775957,61.28345489501953,324056000,AAPL
2020-03-18 00:00:00-04:00,58.11094663703243,60.59030070646208,57.46868723066085,59.78323745727539,300233600,AAPL
2020-03-19 00:00:00-04:00,59.95773914025238,61.27860698512917,58.79925286107015,59.32517623901367,271857200,AAPL
2020-03-20 00:00:00-04:00,59.906840554892725,61.03382237097015,55.258354443077174,55.55888366699219,401693200,AAPL
2020-03-23 00:00:00-04:00,55.27773981437753,55.37953106884565,51.52841196651316,54.378578186035156,336752800,AAPL
2020-03-24 00:00:00-04:00,57.28449233521307,60.03044512491102,56.785228864020425,59.83413314819336,287531200,AAPL
2020-03-25 00:00:00-04:00,60.77207619664994,62.58978535507417,59.20884706003286,59.5045280456543,303602000,AAPL
2020-03-26 00:00:00-04:00,59.746873911889004,62.693982792757915,59.70809523892207,62.63581848144531,252087200,AAPL
2020-03-27 00:00:00-04:00,61.25678098455218,62.0129465931236,59.875323161916825,60.04255294799805,204216800,AAPL
2020-03-30 00:00:00-04:00,60.76965331673908,61.92813964643738,60.444886473049856,61.75606155395508,167976400,AAPL
2020-03-31 00:00:00-04:00,61.94752788300978,63.61739280424554,61.07502603187046,61.63003158569336,197002000,AAPL
2020-04-01 00:00:00-04:00,59.74203576856197,60.28007792812991,57.95583490890622,58.387237548828125,176218400,AAPL
2020-04-02 00:00:00-04:00,58.24909322048442,59.41485006682693,57.41537005354861,59.36153030395508,165934000,AAPL
2020-04-03 00:00:00-04:00,58.84530096187596,59.54814697291925,57.91705710849798,58.508419036865234,129880000,AAPL
2020-04-06 00:00:00-04:00,60.80842412991893,63.76765233671357,60.440037765372786,63.612545013427734,201820400,AAPL
2020-04-07 00:00:00-04:00,65.63141650239487,65.84954752102261,62.77155701763157,62.875770568847656,202887200,AAPL
2020-04-08 00:00:00-04:00,63.67799451502323,64.80012832217328,63.31203404517182,64.48506164550781,168895200,AAPL
2020-04-09 00:00:00-04:00,65.12246785230607,65.45450156620154,64.15302289668575,64.95038604736328,161834800,AAPL
2020-04-13 00:00:00-04:00,65.02791695493936,66.33424705122269,64.42685866440337,66.22518157958984,131022800,AAPL
2020-04-14 00:00:00-04:00,67.8611200828743,69.86059951388755,67.38851289521565,69.56976318359375,194994800,AAPL
2020-04-15 00:00:00-04:00,68.44280621954762,69.39528402750159,68.01382952800463,68.93479919433594,131154400,AAPL
2020-04-16 00:00:00-04:00,69.64976614355342,69.8485041120879,68.43068954557212,69.48253631591797,157125200,AAPL
2020-04-17 00:00:00-04:00,68.99780771504257,69.54554637079254,67.1001154570163,68.53974151611328,215250000,AAPL
2020-04-20 00:00:00-04:00,67.36430148645341,68.26830406893325,67.09770267537306,67.1170883178711,130015200,AAPL
2020-04-21 00:00:00-04:00,66.95956649144395,67.19465720203259,64.32994542466056,65.04248809814453,180991600,AAPL
2020-04-22 00:00:00-04:00,66.31244725801642,67.35217892207115,65.9707244599182,66.91593170166016,116862400,AAPL
2020-04-23 00:00:00-04:00,66.8602064319422,68.28529196949285,66.6178451472235,66.65662384033203,124814400,AAPL
2020-04-24 00:00:00-04:00,67.18251896495144,68.59063676429346,67.1340437726702,68.58094024658203,126161200,AAPL
2020-04-27 00:00:00-04:00,68.29739158061335,68.9614663795542,67.84902922262711,68.62943267822266,117087600,AAPL
2020-04-28 00:00:00-04:00,69.09232309926307,69.27409398731281,67.42488436575898,67.51697540283203,112004800,AAPL
2020-04-29 00:00:00-04:00,69.00751259495229,70.2047776093199,68.80393005840862,69.7345962524414,137280800,AAPL
2020-04-30 00:00:00-04:00,70.27503779613664,71.38263003955775,69.88483989033415,71.20570373535156,183064000,AAPL
2020-05-01 00:00:00-04:00,69.37588874776901,72.46599383609758,69.27894575366496,70.0593490600586,240616800,AAPL
2020-05-04 00:00:00-04:00,70.08359453961356,71.17906454911665,69.39286360998993,71.05061340332031,133568000,AAPL
2020-05-05 00:00:00-04:00,71.51108621089136,72.95071215203899,71.36566802967198,72.11698913574219,147751200,AAPL
2020-05-06 00:00:00-04:00,72.81984880576161,73.49361268962589,72.43449536031221,72.86105346679688,142333600,AAPL
2020-05-07 00:00:00-04:00,73.48875147037694,73.9613586924263,73.18580001939033,73.61477661132812,115215200,AAPL
2020-05-08 00:00:00-04:00,74.27579824490549,75.42040745275091,73.94772346356687,75.366943359375,133838400,AAPL
2020-05-11 00:00:00-04:00,74.87361403597093,77.04861391058948,74.66461535055964,76.55286407470703,145946400,AAPL
2020-05-12 00:00:00-04:00,77.23817575538389,77.6901917346119,75.55650039805452,75.67800903320312,162301200,AAPL
2020-05-13 00:00:00-04:00,75.85784476081635,76.78131490249868,73.68526961866718,74.76426696777344,200622400,AAPL
2020-05-14 00:00:00-04:00,74.0011951417901,75.28432609802991,73.27700096934342,75.22357177734375,158929200,AAPL
2020-05-15 00:00:00-04:00,72.9902356348415,74.82501298410193,72.95620965856679,74.77883911132812,166348400,AAPL
2020-05-18 00:00:00-04:00,76.10572250052454,76.91496675486883,75.4131217905622,76.54071807861328,135178400,AAPL
2020-05-19 00:00:00-04:00,76.55772557449362,77.40585342154391,76.0668333890782,76.09842681884766,101729600,AAPL
2020-05-20 00:00:00-04:00,76.95871635566236,77.6488845938643,76.91983269792289,77.57841491699219,111504800,AAPL
2020-05-21 00:00:00-04:00,77.43989122316047,77.98182245463944,76.7618709013521,77.00003051757812,102688800,AAPL
2020-05-22 00:00:00-04:00,76.73756838596826,77.57841356436222,76.63550527544366,77.49578857421875,81803200,AAPL
2020-05-26 00:00:00-04:00,78.61610319118871,78.79593363516429,76.91498194748448,76.97087860107422,125522000,AAPL
2020-05-27 00:00:00-04:00,76.82747651889329,77.45202521130052,76.0862694610132,77.30621337890625,112945200,AAPL
2020-05-28 00:00:00-04:00,76.98059505729395,78.60152387162356,76.7035591643968,77.34026336669922,133560800,AAPL
2020-05-29 00:00:00-04:00,77.58327517421819,78.04500657374922,76.90768735815497,77.26492309570312,153532400,AAPL
2020-06-01 00:00:00-04:00,77.21874600870194,78.33662705652523,77.08751459195024,78.21511840820312,80791200,AAPL
2020-06-02 00:00:00-04:00,77.94778801471988,78.60150505310432,77.50549481099908,78.57720184326172,87642800,AAPL
2020-06-03 00:00:00-04:00,78.89798738729773,79.27223605785474,78.32446277639103,79.00977325439453,104491200,AAPL
2020-06-04 00:00:00-04:00,78.83237798726375,79.13128449132041,77.95508176147044,78.32933044433594,87560400,AAPL
2020-06-05 00:00:00-04:00,78.5796445797234,80.62098839416043,78.55048369064991,80.56023406982422,137250400,AAPL
2020-06-08 00:00:00-04:00,80.25644625054122,81.07055551560038,79.54440749293843,81.03652954101562,95654400,AAPL
2020-06-09 00:00:00-04:00,80.71574880080514,83.98918386938145,80.68415537333125,83.59549713134766,147712400,AAPL
2020-06-10 00:00:00-04:00,84.54569482376236,86.21522204655183,84.10583422041279,85.74620056152344,166651600,AAPL
2020-06-11 00:00:00-04:00,84.88834802864902,85.31362818120239,81.52742300049806,81.62948608398438,201662400,AAPL
2020-06-12 00:00:00-04:00,83.77291696294331,84.52140692132026,81.22123552584637,82.3342514038086,200146000,AAPL
2020-06-15 00:00:00-04:00,80.98551479918848,84.00621804239414,80.82268994587284,83.35250091552734,138808800,AAPL
2020-06-16 00:00:00-04:00,85.41085390565064,85.83370902956554,83.77291975886371,85.5615234375,165428800,AAPL
2020-06-17 00:00:00-04:00,86.30757705703857,86.36833137108918,85.3209275901605,85.44243621826172,114406400,AAPL
2020-06-18 00:00:00-04:00,85.39870363740545,85.89446096739049,84.86649519851686,85.47647094726562,96820400,AAPL
2020-06-19 00:00:00-04:00,86.18365491665244,86.65024395832843,83.8774158013372,84.98800659179688,264476000,AAPL
2020-06-22 00:00:00-04:00,85.38168909015546,87.35498818998958,85.33551521428704,87.21160888671875,135445200,AAPL
2020-06-23 00:00:00-04:00,88.4582791409651,90.49476488581807,88.03785662792788,89.07311248779297,212155600,AAPL
2020-06-24 00:00:00-04:00,88.70131477484408,89.62235242126178,87.12655999609684,87.50080871582031,192623200,AAPL
2020-06-25 00:00:00-04:00,87.65634205576191,88.70131346707345,86.89569672901172,88.66242980957031,137522400,AAPL
2020-06-26 00:00:00-04:00,88.55792788577938,88.77907450051282,85.78995750703652,85.93820190429688,205256800,AAPL
2020-06-29 00:00:00-04:00,85.84584813886048,88.01356538759049,85.36710383418715,87.91878509521484,130646000,AAPL
2020-06-30 00:00:00-04:00,87.50566045318362,88.93946836335702,87.48622233361435,88.65270233154297,140223200,AAPL
2020-07-01 00:00:00-04:00,88.7304656885215,89.2748220077914,88.43641686423359,88.48501586914062,110737200,AAPL
2020-07-02 00:00:00-04:00,89.39390551485566,90.03060958463712,88.37080487027472,88.48501586914062,114041600,AAPL
2020-07-06 00:00:00-04:00,89.91639461248228,91.32103421004693,89.88480117911871,90.85201263427734,118655600,AAPL
2020-07-07 00:00:00-04:00,91.2311060890885,92.0111893796949,90.45831301928035,90.57009887695312,112424400,AAPL
2020-07-08 00:00:00-04:00,91.549467922268,92.71109019742121,91.46197784699565,92.67949676513672,117092000,AAPL
2020-07-09 00:00:00-04:00,93.57377559635125,93.62723968026148,92.02818966997752,93.0780258178711,125642800,AAPL
2020-07-10 00:00:00-04:00,92.67220049027107,93.29918917048931,92.0597996685609,93.24085998535156,90257200,AAPL
2020-07-13 00:00:00-04:00,94.54828649886589,97.16315436612251,92.59685836455567,92.81071472167969,191649200,AAPL
2020-07-14 00:00:00-04:00,92.19100402173962,94.53855112963566,91.25539370849629,94.34657287597656,170989200,AAPL
2020-07-15 00:00:00-04:00,96.22511199118148,96.47541947180446,93.79493939627933,94.99544525146484,153198000,AAPL
2020-07-16 00:00:00-04:00,93.86541410703498,94.68438106422201,93.22627754411272,93.82653045654297,110577600,AAPL
2020-07-17 00:00:00-04:00,94.27857030894111,94.43409753404565,93.16311430688715,93.63700103759766,92186800,AAPL
2020-07-20 00:00:00-04:00,93.72448140194915,95.74881216241437,93.37939358732925,95.61029052734375,90318000,AAPL
2020-07-21 00:00:00-04:00,96.4025235355618,96.47785829760365,94.04039532290807,94.29070281982422,103433200,AAPL
2020-07-22 00:00:00-04:00,93.99177834386008,95.23845801277096,93.90429569439861,94.55558013916016,89001600,AAPL
2020-07-23 00:00:00-04:00,94.2882680485315,94.36603535470661,89.44007797032316,90.25175476074219,197004400,AAPL
2020-07-24 00:00:00-04:00,88.44613797665554,90.37326313898976,86.65509447529368,90.0281753540039,185438800,AAPL
2020-07-27 00:00:00-04:00,91.09259075129832,92.25421298171179,90.86901902055509,92.161865234375,121214000,AAPL
2020-07-28 00:00:00-04:00,91.73174329776009,91.90914860198515,90.6430230910152,90.64788818359375,103625600,AAPL
2020-07-29 00:00:00-04:00,91.13148218567702,92.57014778095314,91.09503107606254,92.38545227050781,90329200,AAPL
2020-07-30 00:00:00-04:00,91.55675572597188,93.60782206135195,91.14848849561243,93.50332641601562,158130000,AAPL
2020-07-31 00:00:00-04:00,100.01132775994397,103.44273037041387,98.0088604443455,103.29206085205078,374336800,AAPL
2020-08-03 00:00:00-04:00,105.17787905542978,108.51936675829901,104.87897253825906,105.89478302001953,308151200,AAPL
2020-08-04 00:00:00-04:00,106.08434642848965,107.6955523863337,105.36015217215363,106.60197448730469,173071600,AAPL
2020-08-05 00:00:00-04:00,106.32249256981191,107.30914213352884,105.855896128936,106.98835754394531,121776800,AAPL
2020-08-06 00:00:00-04:00,107.32128306989559,111.21684951983971,106.73075289757836,110.7210922241211,202428800,AAPL
2020-08-07 00:00:00-04:00,110.24149434670589,110.6991917635781,107.40523995090824,108.20377349853516,198045600,AAPL
2020-08-10 00:00:00-04:00,109.65233985206775,110.7965835084136,107.12040450426483,109.77650451660156,212403600,AAPL
2020-08-11 00:00:00-04:00,109.03883340833443,109.53791413310383,106.25126539914736,106.51176452636719,187902400,AAPL
2020-08-12 00:00:00-04:00,107.6048585408266,110.30965211624508,107.41009717699765,110.05158996582031,165598000,AAPL
2020-08-13 00:00:00-04:00,111.4344186850555,113.00470916588479,110.94507089779177,111.99923706054688,210082000,AAPL
2020-08-14 00:00:00-04:00,111.8239663506483,111.9895142842953,110.0856907583412,111.8994369506836,165565200,AAPL
2020-08-17 00:00:00-04:00,113.0241661986812,113.04851322391465,110.97914238344337,111.60725402832031,119561600,AAPL
2020-08-18 00:00:00-04:00,111.35894623327408,112.96331658371079,111.02297655985981,112.53726959228516,105633600,AAPL
2020-08-19 00:00:00-04:00,112.94626924012053,114.09537909958976,112.58352304816549,112.678466796875,145538000,AAPL
2020-08-20 00:00:00-04:00,112.71986303729176,115.2931886914799,112.7028193742301,115.17876434326172,126907200,AAPL
2020-08-21 00:00:00-04:00,116.14039723854333,121.5986706526925,116.12822744023912,121.11419677734375,338054800,AAPL
2020-08-24 00:00:00-04:00,125.32843278854135,125.41365111642796,120.69304610980436,122.56278228759766,345937600,AAPL
2020-08-25 00:00:00-04:00,121.43313191060219,121.90299909151933,119.83119107466611,121.55728912353516,211495600,AAPL
2020-08-26 00:00:00-04:00,122.87682491569296,123.66805506312153,121.8080520118478,123.21035766601562,163022400,AAPL
2020-08-27 00:00:00-04:00,123.81412407030223,124.14765680517117,120.59076927456684,121.7374496459961,155552400,AAPL
2020-08-28 00:00:00-04:00,122.71371757611423,123.13246125062976,121.31628565950032,121.54026794433594,187630000,AAPL
2020-08-31 00:00:00-04:00,124.24016267088327,127.57063079085206,122.7015227453997,125.66193389892578,225702700,AAPL
2020-09-01 00:00:00-04:00,129.28453368689472,131.27113781735756,127.11291595800266,130.6673583984375,151948100,AAPL
2020-09-02 00:00:00-04:00,133.98808575806447,134.3678755179063,123.67532047522884,127.96012878417969,200119000,AAPL
2020-09-03 00:00:00-04:00,123.58772784996529,125.46719678609372,117.34552656361724,117.715576171875,257599600,AAPL
2020-09-04 00:00:00-04:00,116.92677914209935,120.46174947786696,107.98709503336387,117.7934799194336,332607200,AAPL
2020-09-08 00:00:00-04:00,110.96697771586362,115.87503988575807,109.73022744851274,109.86656188964844,231366600,AAPL
2020-09-09 00:00:00-04:00,114.19034473779914,116.02112702129683,112.24270116526816,114.24877166748047,176940500,AAPL
2020-09-10 00:00:00-04:00,117.20916958731428,117.34550401835627,109.55493113746954,110.51901245117188,182274400,AAPL
2020-09-11 00:00:00-04:00,111.57076060821522,112.21348654678461,107.12039538792202,109.06803894042969,180860300,AAPL
2020-09-14 00:00:00-04:00,111.71685768245611,112.89518137560073,109.84712128158228,112.34010314941406,140150100,AAPL
2020-09-15 00:00:00-04:00,115.23233698136607,115.71924788814476,110.63589683262789,112.51537322998047,184642000,AAPL
2020-09-16 00:00:00-04:00,112.21348694471548,112.96332644603498,109.10699308995494,109.19463348388672,154679000,AAPL
2020-09-17 00:00:00-04:00,106.84772755719133,109.26280142604845,105.8641654729451,107.45149230957031,178011000,AAPL
2020-09-18 00:00:00-04:00,107.509932124424,107.97736244484516,103.31275496127046,104.04312133789062,287104900,AAPL
2020-09-21 00:00:00-04:00,101.80332242964299,107.30541657570868,100.40101679009732,107.19829559326172,195713800,AAPL
2020-09-22 00:00:00-04:00,109.73022311017552,109.90551130322969,106.30237419337884,108.88299560546875,183055400,AAPL
2020-09-23 00:00:00-04:00,108.69799408278124,109.17516469365749,103.97495231814074,104.3157958984375,150718700,AAPL
2020-09-24 00:00:00-04:00,102.41683403022385,107.36385041762158,102.25128611202055,105.38699340820312,167743300,AAPL
2020-09-25 00:00:00-04:00,105.59150095453244,109.49652855947329,104.85139428601482,109.34071350097656,149981400,AAPL
2020-09-28 00:00:00-04:00,111.99924032348427,112.30112268518972,109.82761457566852,111.95054626464844,137672400,AAPL
2020-09-29 00:00:00-04:00,111.55127413308996,112.29137324538236,110.59692563716497,111.10330963134766,99382200,AAPL
2020-09-30 00:00:00-04:00,110.8111882035102,114.19035118127651,110.64564027362456,112.77830505371094,142675200,AAPL
2020-10-01 00:00:00-04:00,114.56038244447453,114.63828996240579,112.7977675718812,113.73263549804688,116120400,AAPL
2020-10-02 00:00:00-04:00,109.93473092714387,112.3498120079921,109.28227217240111,110.06132507324219,144712000,AAPL
2020-10-05 00:00:00-04:00,110.92803870245231,113.5963082073717,110.57746227936272,113.45023345947266,106243800,AAPL
2020-10-06 00:00:00-04:00,112.67115502536377,113.08016573983656,109.31147351071068,110.1976547241211,161498200,AAPL
2020-10-07 00:00:00-04:00,111.61946379732167,112.5251184204905,111.1422857385701,112.06742095947266,96849000,AAPL
2020-10-08 00:00:00-04:00,113.20677195191192,113.35284669197739,111.59022437328177,111.96028137207031,83477200,AAPL
2020-10-09 00:00:00-04:00,112.26217489170202,113.93714956117775,111.91159845252474,113.9079360961914,100506900,AAPL
2020-10-12 00:00:00-04:00,116.91703480605202,121.90300475026318,116.1574550435818,121.14342498779297,240226800,AAPL
2020-10-13 00:00:00-04:00,121.99065227801567,122.1075135674145,116.51777857707339,117.92981719970703,262330500,AAPL
2020-10-14 00:00:00-04:00,117.8324275512861,119.80928444459767,116.48855625885349,118.0174560546875,150712000,AAPL
2020-10-15 00:00:00-04:00,115.61212268187877,118.02719653089068,115.05704456556252,117.5500259399414,112559200,AAPL
2020-10-16 00:00:00-04:00,118.10511346082514,118.36804952245832,115.69977228869678,115.9042739868164,115393800,AAPL
2020-10-19 00:00:00-04:00,116.81966187710711,117.26761901216874,112.6322326077899,112.94385528564453,120639300,AAPL
2020-10-20 00:00:00-04:00,113.15809570072342,115.86532667753185,112.60301754486916,114.43380737304688,124423700,AAPL
2020-10-21 00:00:00-04:00,113.6157704572297,115.60236752064498,113.40152850485114,113.81053924560547,89946000,AAPL
2020-10-22 00:00:00-04:00,114.37537332371151,114.94993207870618,111.59024223801931,112.71987915039062,101988000,AAPL
2020-10-23 00:00:00-04:00,113.34311554903111,113.49893059893087,111.28835101391871,112.02845764160156,82572600,AAPL
2020-10-26 00:00:00-04:00,111.02540970017918,113.49891761177703,109.92498646777234,112.0381851196289,111850700,AAPL
2020-10-27 00:00:00-04:00,112.46666475299311,114.20980646740922,111.54153712055215,113.547607421875,92276800,AAPL
2020-10-28 00:00:00-04:00,112.0381825728971,112.40823212114864,108.19158263987536,108.2889633178711,143937800,AAPL
2020-10-29 00:00:00-04:00,109.42833849678561,113.86896272202166,109.26278317425792,112.30110931396484,146129200,AAPL
2020-10-30 00:00:00-04:00,108.15264357304628,109.058298117793,104.90008242224502,106.01023864746094,190272600,AAPL
2020-11-02 00:00:00-05:00,106.25368777978908,107.7825875731632,104.51054602064647,105.9225845336914,122866900,AAPL
2020-11-03 00:00:00-05:00,106.78929414309684,108.57138225685797,105.88363963985061,107.54887390136719,107624400,AAPL
2020-11-04 00:00:00-05:00,111.15202546490423,112.56406417680968,109.40888346027108,111.9408187866211,138235500,AAPL
2020-11-05 00:00:00-05:00,114.86226463381101,116.48855249232687,113.81054286184263,115.91399383544922,126387100,AAPL
2020-11-06 00:00:00-05:00,115.42137214222052,116.27981104293774,113.2850208285467,115.78231048583984,114457900,AAPL
2020-11-09 00:00:00-05:00,117.54796519416685,119.00146077117734,113.20698522415755,113.47036743164062,154515300,AAPL
2020-11-10 00:00:00-05:00,112.719227827361,114.70924480626918,111.33400971509884,113.12893676757812,138023400,AAPL
2020-11-11 00:00:00-05:00,114.31905635772775,116.6992756479048,113.58743002030904,116.56270599365234,112295000,AAPL
2020-11-12 00:00:00-05:00,116.68952534133676,117.57722808905325,115.6652454976375,116.28956604003906,103162300,AAPL
2020-11-13 00:00:00-05:00,116.51393137193214,116.7382926065819,114.98239392252158,116.33834075927734,81581900,AAPL
2020-11-16 00:00:00-05:00,116.00666236482012,118.02595062070795,115.25552931764878,117.35285949707031,91183000,AAPL
2020-11-17 00:00:00-05:00,116.62124805150194,117.71380535006969,116.04569809530207,116.46516418457031,74271000,AAPL
2020-11-18 00:00:00-05:00,115.70426632741369,116.88462258409794,115.10920964823985,115.13847351074219,76322100,AAPL
2020-11-19 00:00:00-05:00,114.7092558747369,116.14324474635212,113.94836564306064,115.73353576660156,74113000,AAPL
2020-11-20 00:00:00-05:00,115.73354084039397,115.86035340373675,114.4166148091823,114.46538543701172,73604300,AAPL
2020-11-23 00:00:00-05:00,114.30931332180998,114.73853654084122,110.9633414959256,111.0608901977539,127959300,AAPL
2020-11-24 00:00:00-05:00,111.11941434226163,113.01188278583413,109.83174481299207,112.34854125976562,113874200,AAPL
2020-11-25 00:00:00-05:00,112.7192176037074,113.88981659600782,112.34852221690568,113.18745422363281,76499200,AAPL
2020-11-27 00:00:00-05:00,113.71427314101304,114.61173323663424,113.37284891360171,113.73377990722656,46691300,AAPL
2020-11-30 00:00:00-05:00,114.10443850293899,118.00644542136735,113.94835465380783,116.13348388671875,169410200,AAPL
2020-12-01 00:00:00-05:00,118.0454701527173,120.44520359107318,117.06996839196347,119.71357727050781,127728200,AAPL
2020-12-02 00:00:00-05:00,119.03072137520432,120.34765470402952,117.92840706667509,120.06475830078125,89004200,AAPL
2020-12-03 00:00:00-05:00,120.4939775191396,120.7476100677901,119.2160725590913,119.92819213867188,78967600,AAPL
2020-12-04 00:00:00-05:00,119.59652058101604,119.85015313585949,118.54297683857845,119.25509643554688,78260400,AAPL
2020-12-07 00:00:00-05:00,119.31362823363807,121.51826448637165,119.25510050455729,120.71835327148438,86712000,AAPL
2020-12-08 00:00:00-05:00,121.32315897116939,121.91821565194306,120.0745104419721,121.3329086303711,82225500,AAPL
2020-12-09 00:00:00-05:00,121.47924572192201,122.86445658019646,118.03572533878697,118.79661560058594,115089200,AAPL
2020-12-10 00:00:00-05:00,117.54796759030177,120.83541135490303,117.20654344679436,120.22084045410156,81312200,AAPL
2020-12-11 00:00:00-05:00,119.43067771947905,119.75259507824151,117.5967371368866,119.41117095947266,86939800,AAPL
2020-12-14 00:00:00-05:00,119.5965268299757,120.32815322670372,118.56249723752978,118.79661560058594,79184500,AAPL
2020-12-15 00:00:00-05:00,121.29389217444482,124.76668369873353,121.08903768627563,124.7471694946289,157243700,AAPL
2020-12-16 00:00:00-05:00,124.28869924138645,125.22517271917499,123.45951668180213,124.67889404296875,98208600,AAPL
2020-12-17 00:00:00-05:00,125.74218602149824,126.40553503820574,124.90325381167773,125.54708862304688,94359800,AAPL
2020-12-18 00:00:00-05:00,125.80073287061994,125.93730254262911,123.03030357595766,123.55707550048828,192541500,AAPL
2020-12-21 00:00:00-05:00,121.95724006069578,125.16664209419943,120.42570242817166,125.0886001586914,121251600,AAPL
2020-12-22 00:00:00-05:00,128.38576506556214,131.1171724990301,126.47377539664267,128.64915466308594,168904800,AAPL
2020-12-23 00:00:00-05:00,128.9223542413945,129.18572907717976,127.57615665190535,127.75175476074219,88223700,AAPL
2020-12-24 00:00:00-05:00,128.10288361785547,130.19045655011695,127.8882720644009,128.73695373535156,54930100,AAPL
2020-12-28 00:00:00-05:00,130.70750227088905,133.97542463818004,130.23925065126556,133.3413543701172,124486200,AAPL
2020-12-29 00:00:00-05:00,134.66803693280866,135.38989879452387,131.04891842415702,131.56593322753906,121047300,AAPL
2020-12-30 00:00:00-05:00,132.2585255999266,132.6584848793838,130.13192410023277,130.444091796875,96452100,AAPL
2020-12-31 00:00:00-05:00,130.79530874440758,131.43914363088683,128.49312345016165,129.43936157226562,99116600,AAPL
2021-01-04 00:00:00-05:00,130.24902146218815,130.33681306322433,123.65462635170266,126.23970794677734,143301900,AAPL
2021-01-05 00:00:00-05:00,125.73241717328166,128.51260305310566,125.28367982884573,127.80047607421875,97664900,AAPL
2021-01-06 00:00:00-05:00,124.59109223219541,127.83951504225611,123.28391593808439,123.49852752685547,155088000,AAPL
2021-01-07 00:00:00-05:00,125.21539510538169,128.40528973786473,124.72764426980214,127.71267700195312,109578200,AAPL
2021-01-08 00:00:00-05:00,129.1857135709603,129.38082586513295,127.03961229986527,128.81503295898438,105158200,AAPL
2021-01-11 00:00:00-05:00,126.0250675958265,126.9810550985185,125.3519690380728,125.82020568847656,100384500,AAPL
2021-01-12 00:00:00-05:00,125.35198453697099,126.51283409054386,123.75216213905773,125.64463806152344,91951100,AAPL
2021-01-13 00:00:00-05:00,125.60562488862021,128.22972749827673,125.34225008105514,127.6834487915039,88636800,AAPL
2021-01-14 00:00:00-05:00,127.5956665975865,127.79076402368018,125.60563415048419,125.75196838378906,90221800,AAPL
2021-01-15 00:00:00-05:00,125.62511371158065,127.02983860800374,123.88872179377304,124.0252914428711,111598500,AAPL
2021-01-19 00:00:00-05:00,124.64960145639841,125.55682574425981,123.83018363089234,124.69837951660156,90757300,AAPL
2021-01-20 00:00:00-05:00,125.50806539990329,129.24423908723023,125.40075960629947,128.79550170898438,104319500,AAPL
2021-01-21 00:00:00-05:00,130.52213931456455,136.24832991984417,130.31727739424184,133.5169219970703,120150900,AAPL
2021-01-22 00:00:00-05:00,132.941396802551,136.4239457057513,131.7122697758214,135.66305541992188,114459400,AAPL
2021-01-25 00:00:00-05:00,139.56506590746304,141.53556905552392,133.1950247182092,139.41873168945312,157611700,AAPL
2021-01-26 00:00:00-05:00,140.08207048216735,140.76491879465476,137.9066906570604,139.65284729003906,98390600,AAPL
2021-01-27 00:00:00-05:00,139.91622095789253,140.7649176755725,136.97021613529958,138.5797882080078,140843800,AAPL
2021-01-28 00:00:00-05:00,136.1020139559467,138.51150456888308,133.35109176240107,133.73153686523438,142621100,AAPL
2021-01-29 00:00:00-05:00,132.5023899646368,133.39010003222583,127.020075493765,128.72720336914062,177523800,AAPL
2021-02-01 00:00:00-05:00,130.47336045084296,132.06343308345475,127.72243834178269,130.8538055419922,106239800,AAPL
2021-02-02 00:00:00-05:00,132.40484514955168,132.97063793703109,131.31228797923288,131.6829833984375,83305400,AAPL
2021-02-03 00:00:00-05:00,132.43409664220874,132.44386118494435,130.33677408042246,130.65869140625,89880900,AAPL
2021-02-04 00:00:00-05:00,132.96087670510042,134.03391957969882,131.29276234885165,134.024169921875,84183100,AAPL
2021-02-05 00:00:00-05:00,134.18538039178418,134.25375979845862,132.72970551008535,133.6089630126953,75693800,AAPL
2021-02-08 00:00:00-05:00,132.8958097444442,133.80438990060523,131.81138402031524,133.7555389404297,71297200,AAPL
2021-02-09 00:00:00-05:00,133.47222774398102,134.70320649092713,132.71997951776038,132.87628173828125,76774200,AAPL
2021-02-10 00:00:00-05:00,133.33542054472144,133.83367940103972,131.30334311535862,132.27053833007812,73046600,AAPL
2021-02-11 00:00:00-05:00,132.76875790925305,133.24747331483033,130.6878448154924,132.01651000976562,64280000,AAPL
2021-02-12 00:00:00-05:00,131.2545039467926,132.40730890611044,130.60970715231767,132.25099182128906,60145100,AAPL
2021-02-16 00:00:00-05:00,132.36820974317396,132.87621780306984,129.73040793020203,130.12120056152344,80576300,AAPL
2021-02-17 00:00:00-05:00,128.22595070048854,129.17360272871935,126.48696376166149,127.82539367675781,97918500,AAPL
2021-02-18 00:00:00-05:00,126.22318421251387,127.00475491652134,124.47443299245604,126.72144317626953,96856700,AAPL
2021-02-19 00:00:00-05:00,127.23923179401972,127.69840402791259,125.8324074950476,126.87774658203125,87668800,AAPL
2021-02-22 00:00:00-05:00,125.06057648009266,126.73118373419764,122.70610803153758,123.09689331054688,103916400,AAPL
2021-02-23 00:00:00-05:00,120.9085077307379,123.79053522480318,115.6622326225289,122.96012115478516,158273000,AAPL
2021-02-24 00:00:00-05:00,122.06131117417482,122.6670212385794,119.41375206526031,122.46186065673828,111039900,AAPL
2021-02-25 00:00:00-05:00,121.80731459672973,123.54630136895392,117.76270273555825,118.20233154296875,148199500,AAPL
2021-02-26 00:00:00-05:00,119.76546069067267,121.97339123226033,118.40748759144725,118.46611022949219,164560400,AAPL
2021-03-01 00:00:00-05:00,120.89872523618496,124.98241580897377,119.96084511060396,124.84564208984375,116307900,AAPL
2021-03-02 00:00:00-05:00,125.45138828841935,125.75424338523828,122.1297240921733,122.23719024658203,102260900,AAPL
2021-03-03 00:00:00-05:00,121.93431943503865,122.81358452353464,119.03274836980684,119.2476806640625,112966300,AAPL
2021-03-04 00:00:00-05:00,118.94482157612892,120.75219519765207,115.88694096141373,117.36214447021484,178155000,AAPL
2021-03-05 00:00:00-05:00,118.1925717528084,119.13045204315196,114.8611360499832,118.62242889404297,153766600,AAPL
2021-03-08 00:00:00-05:00,118.14372104814352,118.2121079198701,113.53247068712139,113.67901611328125,154376600,AAPL
2021-03-09 00:00:00-05:00,116.28748419318423,119.24767018634864,116.05301600805683,118.30001831054688,129525800,AAPL
2021-03-10 00:00:00-05:00,118.88619110081129,119.3551274361463,116.69779669055235,117.21559143066406,111943300,AAPL
2021-03-11 00:00:00-05:00,119.71662459706546,120.37118570913563,118.46611756098815,119.14998626708984,103026500,AAPL
2021-03-12 00:00:00-05:00,117.62593507823823,118.37819067624436,116.41450728444738,118.24141693115234,88105100,AAPL
2021-03-15 00:00:00-04:00,118.61265932269635,121.14298091076107,117.64546402785827,121.13320922851562,92403800,AAPL
2021-03-16 00:00:00-04:00,122.80382091460702,124.28880370694225,121.84640466366358,122.67681884765625,115227900,AAPL
2021-03-17 00:00:00-04:00,121.19181960287058,122.96011377623877,119.52121242763155,121.88545989990234,111932600,AAPL
2021-03-18 00:00:00-04:00,120.04879862379342,120.34188949905379,117.54778431505103,117.75294494628906,121229700,AAPL
2021-03-19 00:00:00-04:00,117.13744953418819,118.63219642756981,116.92251724428318,117.22537231445312,185549500,AAPL
2021-03-22 00:00:00-04:00,117.55753401515928,121.0159714098922,117.48914715086833,120.54702758789062,111912300,AAPL
2021-03-23 00:00:00-04:00,120.4884279986942,121.37745734953342,119.32584370167895,119.71662902832031,95467100,AAPL
2021-03-24 00:00:00-04:00,119.9901539097823,120.0683124511043,117.3035155441106,117.32305145263672,88530500,AAPL
2021-03-25 00:00:00-04:00,116.7857432897759,118.85690017985242,116.25818424833348,117.8115463256836,98844700,AAPL
2021-03-26 00:00:00-04:00,117.57708103155676,118.68105009974973,116.18002856883523,118.41726684570312,94071200,AAPL
2021-03-29 00:00:00-04:00,118.8471283250857,119.7557009862055,117.94832734627744,118.5931167602539,80819200,AAPL
2021-03-30 00:00:00-04:00,117.34261942506161,117.6259386065679,116.1214199118157,117.13745880126953,85671900,AAPL
2021-03-31 00:00:00-04:00,118.84713726365028,120.67404695199468,118.35865746187088,119.33561706542969,118323800,AAPL
2021-04-01 00:00:00-04:00,120.81082779797158,121.31884351073731,119.66777940043077,120.16603088378906,75089100,AAPL
2021-04-05 00:00:00-04:00,121.0159723796355,123.25321046309428,120.2344018212396,122.99919891357422,88651200,AAPL
2021-04-06 00:00:00-04:00,123.585374503169,124.20085629367989,122.75496043398816,123.30205535888672,80171300,AAPL
2021-04-07 00:00:00-04:00,122.93081157124116,124.97265328036532,122.25670715358332,124.95311737060547,83466700,AAPL
2021-04-08 00:00:00-04:00,125.97891369955215,127.38573764361068,125.55882830617732,127.35643005371094,88844600,AAPL
2021-04-09 00:00:00-04:00,126.80932573443174,129.97466446592165,126.48692736229545,129.9355926513672,106686700,AAPL
2021-04-12 00:00:00-04:00,129.46669365058517,129.78909211563084,127.62024055602956,128.2161865234375,91420000,AAPL
2021-04-13 00:00:00-04:00,129.38853205211115,131.55738356076128,128.89027311455447,131.33267211914062,91266500,AAPL
2021-04-14 00:00:00-04:00,131.83091652103695,131.88953170552884,128.62649057291716,128.9879608154297,87222800,AAPL
2021-04-15 00:00:00-04:00,130.7367518420044,131.88955711166213,130.56089134743354,131.4010772705078,89347100,AAPL
2021-04-16 00:00:00-04:00,131.20565189509645,131.5671221069019,130.20914912173134,131.06887817382812,84922400,AAPL
2021-04-19 00:00:00-04:00,130.4338423005746,132.34868925693135,130.2677609937668,131.7332000732422,94264200,AAPL
2021-04-20 00:00:00-04:00,131.90907172571517,132.40731568848526,128.7730252699242,130.04307556152344,94812300,AAPL
2021-04-21 00:00:00-04:00,129.3103694680848,130.66834267605557,128.27479470754565,130.42410278320312,68847100,AAPL
2021-04-22 00:00:00-04:00,129.97468618567086,131.05911183417535,128.38225232698375,128.90003967285156,84566500,AAPL
2021-04-23 00:00:00-04:00,129.11496841390496,132.0067601257526,129.11496841390496,131.22520446777344,78657500,AAPL
2021-04-26 00:00:00-04:00,131.72344819452212,131.9481447004186,130.48270548356416,131.61598205566406,66905100,AAPL
2021-04-27 00:00:00-04:00,131.89930451580292,132.2900972832069,131.02004687677868,131.29359436035156,66015800,AAPL
2021-04-28 00:00:00-04:00,131.215434597292,131.9090824360274,130.0137785264441,130.50225830078125,107760100,AAPL
2021-04-29 00:00:00-04:00,133.32565508852434,133.91183671153877,129.39827399165063,130.404541015625,151101000,AAPL
2021-04-30 00:00:00-04:00,128.74374116163304,130.4827281416953,128.05010815991602,128.43112182617188,109839500,AAPL
2021-05-03 00:00:00-04:00,128.99774150408825,130.9809832448479,128.79258833218879,129.48622131347656,75135100,AAPL
2021-05-04 00:00:00-04:00,128.1673226815826,128.4604135210105,123.78076904048892,124.9042739868164,137564700,AAPL
2021-05-05 00:00:00-04:00,126.22318334896845,127.44438290711874,125.0215271577705,125.1485366821289,84000900,AAPL
2021-05-06 00:00:00-04:00,124.94335888284245,126.76050428037594,124.20086752220477,126.75074005126953,78128300,AAPL
2021-05-07 00:00:00-04:00,128.05227214213332,128.45349448946405,126.71155427190784,127.42595672607422,78973300,AAPL
2021-05-10 00:00:00-04:00,126.6430870741667,126.77029738873343,124.09867172726177,124.1378173828125,88071200,AAPL
2021-05-11 00:00:00-04:00,120.85942812202862,123.57019905466785,120.14503307550105,123.21790313720703,126142800,AAPL
2021-05-12 00:00:00-04:00,120.76159245913604,121.97507799254855,119.6361790565564,120.14505767822266,112172300,AAPL
2021-05-13 00:00:00-04:00,121.91635098532697,123.45278244324763,121.6031932189441,122.29801177978516,105861300,AAPL
2021-05-14 00:00:00-04:00,123.55063589463498,125.15557029034093,123.15918684211091,124.7249755859375,81918000,AAPL
2021-05-17 00:00:00-04:00,124.10847205991367,124.21612075656437,122.49374907642422,123.57022857666016,74244600,AAPL
2021-05-18 00:00:00-04:00,123.85400999222864,124.27481643282015,122.11206948298421,122.18057250976562,63342900,AAPL
2021-05-19 00:00:00-04:00,120.52671624181265,122.24908025776814,120.23312756354261,122.02400207519531,92612000,AAPL
2021-05-20 00:00:00-04:00,122.55246784212333,124.98922720446888,122.42524258624925,124.5879898071289,76857100,AAPL
2021-05-21 00:00:00-04:00,125.08706751938557,125.26321922006457,122.53287159267487,122.7481689453125,79295400,AAPL
2021-05-24 00:00:00-04:00,123.31577808732766,125.20451299175396,123.24727505830785,124.3824691772461,63092900,AAPL
2021-05-25 00:00:00-04:00,125.08708000544519,125.57639697063634,123.61915150868299,124.18675231933594,72009500,AAPL
2021-05-26 00:00:00-04:00,124.24546606900942,124.66627253334183,123.71701091848011,124.1378173828125,56575900,AAPL
2021-05-27 00:00:00-04:00,123.73659634683335,124.91093623243154,122.40567382781092,122.60139465332031,94625600,AAPL
2021-05-28 00:00:00-04:00,122.88518253436054,123.11026818036667,121.88699448010973,121.94570922851562,71311100,AAPL
2021-06-01 00:00:00-04:00,122.40566275113609,122.66988658829085,121.29003772089115,121.62276458740234,67637100,AAPL
2021-06-02 00:00:00-04:00,121.6227639113054,122.56223722280126,121.39768573021556,122.3860855102539,59278900,AAPL
2021-06-03 00:00:00-04:00,122.01420743170851,122.18057085645934,120.49734511687012,120.8985824584961,76229200,AAPL
2021-06-04 00:00:00-04:00,121.41725514528493,123.4625726722834,121.20195777757243,123.1983413696289,75169300,AAPL
2021-06-07 00:00:00-04:00,123.47234607394033,123.61914040368376,122.16100031844385,123.20812225341797,71057600,AAPL
2021-06-08 00:00:00-04:00,123.89316056697146,125.71339992147556,123.51149976456149,124.03016662597656,74403800,AAPL
2021-06-09 00:00:00-04:00,124.49011839698218,125.01857353724075,123.81486891782897,124.41182708740234,56877900,AAPL
2021-06-10 00:00:00-04:00,124.30418229225445,125.4491721984384,123.24727944494147,123.41364288330078,71186400,AAPL
2021-06-11 00:00:00-04:00,123.82466889713331,124.71521582863545,123.40386240122137,124.62713623046875,53522400,AAPL
2021-06-14 00:00:00-04:00,125.08709313933291,127.74893082128202,124.35312881388705,127.69021606445312,96906500,AAPL
2021-06-15 00:00:00-04:00,127.16172980207271,127.80762179662902,126.6234864732758,126.8681411743164,62746300,AAPL
2021-06-16 00:00:00-04:00,127.5825688225318,128.0914549417621,125.71341766779094,127.36727142333984,91815000,AAPL
2021-06-17 00:00:00-04:00,127.02474109836618,129.71594317700723,126.87793929818906,128.97218322753906,96721700,AAPL
2021-06-18 00:00:00-04:00,127.91528613971695,128.69816933296693,127.45533405078574,127.6706314086914,108953300,AAPL
2021-06-21 00:00:00-04:00,127.51406019462506,129.57894690634825,126.44736905581905,129.47129821777344,79663300,AAPL
2021-06-22 00:00:00-04:00,129.30489033805932,131.2131937682729,128.8057852568632,131.11532592773438,74783600,AAPL
2021-06-23 00:00:00-04:00,130.90981906585924,131.4480623019485,130.3813566404133,130.84130859375,60214200,AAPL
2021-06-24 00:00:00-04:00,131.57532865567404,131.76126866490313,130.087823514383,130.5575714111328,68711000,AAPL
2021-06-25 00:00:00-04:00,130.60651497629408,131.0273140323703,129.9704035855989,130.2639923095703,70783700,AAPL
2021-06-28 00:00:00-04:00,130.5575512774318,132.35820647299622,130.4988365325281,131.89825439453125,62111300,AAPL
2021-06-29 00:00:00-04:00,131.91781455854107,133.57168268629854,131.47743909395498,133.41510009765625,64556100,AAPL
2021-06-30 00:00:00-04:00,133.25852946059163,134.47202223259774,132.9649408136906,134.03164672851562,63261400,AAPL
2021-07-01 00:00:00-04:00,133.67934909478365,134.39373671805686,132.85729786155665,134.33502197265625,52485800,AAPL
2021-07-02 00:00:00-04:00,134.95157653755047,137.0066827518455,134.80478963619083,136.96754455566406,78852600,AAPL
2021-07-06 00:00:00-04:00,137.07517066561473,140.08930404867277,137.07517066561473,138.9834747314453,108181800,AAPL
2021-07-07 00:00:00-04:00,140.47093650660315,141.7920778645552,139.6097621135108,141.4789276123047,104911600,AAPL
2021-07-08 00:00:00-04:00,138.5528573041526,140.97982784878258,137.66231057501108,140.1773681640625,105575500,AAPL
2021-07-09 00:00:00-04:00,139.69784411639665,142.53583287499265,139.59997625608412,142.00738525390625,99890800,AAPL
2021-07-12 00:00:00-04:00,143.08386035648152,143.1915090210594,140.92110625270328,141.41041564941406,76299700,AAPL
2021-07-13 00:00:00-04:00,140.95046982883696,144.30714020300775,140.5590282672458,142.5260467529297,100827100,AAPL
2021-07-14 00:00:00-04:00,144.93343036461164,146.37200099780767,144.5223973843821,145.96096801757812,127050800,AAPL
2021-07-15 00:00:00-04:00,146.0491036180456,146.79284867562072,143.9450638275039,145.3053436279297,106820300,AAPL
2021-07-16 00:00:00-04:00,145.28577338362382,146.55796605066817,142.76093474422927,143.26002502441406,93251400,AAPL
2021-07-19 00:00:00-04:00,140.67644318208477,140.98960834495998,138.64091442100653,139.40423583984375,121434600,AAPL
2021-07-20 00:00:00-04:00,140.3926891605558,143.95486174482718,139.90337965759247,143.02516174316406,96350000,AAPL
2021-07-21 00:00:00-04:00,142.41843925319483,143.00561669785816,141.53768801874253,142.2912139892578,74993500,AAPL
2021-07-22 00:00:00-04:00,142.8196723856779,145.03134615339167,142.69244712556272,143.66128540039062,77338200,AAPL
2021-07-23 00:00:00-04:00,144.39523665880247,145.54021909866026,143.77870190944023,145.38363647460938,71447400,AAPL
2021-07-26 00:00:00-04:00,145.09985170281058,146.62649504189588,144.54203167293,145.80445861816406,72434100,AAPL
2021-07-27 00:00:00-04:00,145.93165788061674,146.01974493776575,142.43799587828508,143.6319122314453,104818600,AAPL
2021-07-28 00:00:00-04:00,141.7138245389889,143.8276453050716,139.49235507835914,141.88018798828125,118931200,AAPL
2021-07-29 00:00:00-04:00,141.5963618447469,143.41659347796872,141.4887131754286,142.5260467529297,56699500,AAPL
2021-07-30 00:00:00-04:00,141.29299652730543,143.2013003278204,141.0287652526068,142.74134826660156,70440600,AAPL
2021-08-02 00:00:00-04:00,143.23068203244566,143.80806367715948,142.14441431029425,142.4086456298828,62880000,AAPL
2021-08-03 00:00:00-04:00,142.69242718670878,144.87474327138378,142.0758924677375,144.20928955078125,64786600,AAPL
2021-08-04 00:00:00-04:00,144.12122494137196,144.63009607216787,143.15238675142038,143.8080596923828,56368300,AAPL
2021-08-05 00:00:00-04:00,143.8374191358459,144.67903208892778,143.04474012018966,143.91571044921875,46397700,AAPL
2021-08-06 00:00:00-04:00,143.43543867785064,144.180297857451,142.7297763161621,143.2296142578125,54126800,AAPL
2021-08-09 00:00:00-04:00,143.2884587780675,143.7785013969767,142.6220079947097,143.18064880371094,48908700,AAPL
2021-08-10 00:00:00-04:00,143.52370759550948,144.76842023417979,142.4064108437259,142.700439453125,69023100,AAPL
2021-08-11 00:00:00-04:00,143.14141874004835,143.79807390233603,142.6317703473361,142.9552001953125,48493500,AAPL
2021-08-12 00:00:00-04:00,143.27868396638186,146.08172874886253,142.93564810172333,145.92491149902344,72282600,AAPL
2021-08-13 00:00:00-04:00,146.00330617321433,146.46394745377953,145.3172494643666,146.13072204589844,59375000,AAPL
2021-08-16 00:00:00-04:00,145.58182197453553,148.17905624484246,143.55305376409413,148.11044311523438,103296000,AAPL
2021-08-17 00:00:00-04:00,147.23821721938666,148.65933797891813,146.12092052407525,147.1990203857422,92229700,AAPL
2021-08-18 00:00:00-04:00,146.81679335121513,147.7184701089043,143.2394727306363,143.44529724121094,86326000,AAPL
2021-08-19 00:00:00-04:00,142.1417477573086,145.05260184201776,141.62230382548356,143.7784881591797,86960300,AAPL
2021-08-20 00:00:00-04:00,144.50372110964267,145.54260871848416,143.85686148171573,145.23878479003906,60549600,AAPL
2021-08-23 00:00:00-04:00,145.35646338501562,147.19902872390466,144.94482931131162,146.7285919189453,60131800,AAPL
2021-08-24 00:00:00-04:00,146.47373764386114,147.85566143575133,146.17970907783348,146.64035034179688,48606400,AAPL
2021-08-25 00:00:00-04:00,146.82656183724308,147.32641486181075,144.8565959634032,145.4054412841797,58991300,AAPL
2021-08-26 00:00:00-04:00,145.39564242211458,146.15029724311051,144.57235950525344,144.6017608642578,48597200,AAPL
2021-08-27 00:00:00-04:00,144.54295000853472,145.7876623043235,143.90590065942186,145.64065551757812,55802400,AAPL
2021-08-30 00:00:00-04:00,146.03268691419282,150.43327460832862,145.65045430503002,150.0706329345703,90956700,AAPL
2021-08-31 00:00:00-04:00,149.61979260524265,149.75700391889114,148.27706586999156,148.8063201904297,86453100,AAPL
2021-09-01 00:00:00-04:00,149.7864127413778,151.89358979635324,149.30616564221367,149.4727783203125,80313700,AAPL
2021-09-02 00:00:00-04:00,150.80567727388555,151.63875552302687,149.36495109778645,150.59005737304688,71115500,AAPL
2021-09-03 00:00:00-04:00,150.69790318117794,151.55058752098978,150.0412478559802,151.22715759277344,57808700,AAPL
2021-09-07 00:00:00-04:00,151.88380185111185,154.12819033773275,151.31535065096162,153.56954956054688,82278300,AAPL
2021-09-08 00:00:00-04:00,153.8537503925487,153.91255310407425,150.91349517698131,152.02099609375,74420200,AAPL
2021-09-09 00:00:00-04:00,152.39344334318108,153.00109134257815,150.88410385737802,151.00172424316406,57305700,AAPL
2021-09-10 00:00:00-04:00,151.9131926811076,152.38362934848664,145.73865347147373,146.00328063964844,140893200,AAPL
2021-09-13 00:00:00-04:00,147.6302713904362,148.40453229097287,145.7877060178806,146.57177734375,102404300,AAPL
2021-09-14 00:00:00-04:00,147.3557970181365,148.06145946857694,143.98430196712366,145.17019653320312,109296300,AAPL
2021-09-15 00:00:00-04:00,145.6014772193292,146.46395711299766,143.45508790980514,146.06211853027344,83281300,AAPL
2021-09-16 00:00:00-04:00,145.48385292412618,146.00329689602742,144.28814775543293,145.82687377929688,68034100,AAPL
2021-09-17 00:00:00-04:00,145.85625880651142,145.85625880651142,142.8571861047404,143.15121459960938,129868800,AAPL
2021-09-20 00:00:00-04:00,140.93625767675672,141.9555397257547,138.4566432656741,140.0933837890625,123478900,AAPL
2021-09-21 00:00:00-04:00,141.0636356702139,141.72030582149347,139.93654383187783,140.57359313964844,75834000,AAPL
2021-09-22 00:00:00-04:00,141.5733062965506,143.5138708346114,140.83824238540038,142.9454345703125,76404300,AAPL
2021-09-23 00:00:00-04:00,143.72949119090302,144.1509356110608,142.73961050481446,143.90591430664062,64838200,AAPL
2021-09-24 00:00:00-04:00,142.75922331584852,144.53317525304487,142.66120880736443,143.99412536621094,53477900,AAPL
2021-09-27 00:00:00-04:00,142.572974815072,143.05322187803952,140.95584044871157,142.47496032714844,74150700,AAPL
2021-09-28 00:00:00-04:00,140.39721878980419,141.86734673524717,138.86828811932986,139.0839080810547,108972300,AAPL
2021-09-29 00:00:00-04:00,139.63273392978022,141.57329835904048,139.20149406663066,139.98556518554688,74602000,AAPL
2021-09-30 00:00:00-04:00,140.79904018482358,141.50470270899655,138.46643267686778,138.6820526123047,89056700,AAPL
2021-10-01 00:00:00-04:00,139.07406401271928,140.07375496115557,136.33963327586,139.8091278076172,94639600,AAPL
2021-10-04 00:00:00-04:00,138.93683632323862,139.37788651211082,135.51634943869888,136.3690185546875,98322000,AAPL
2021-10-05 00:00:00-04:00,136.71208674487298,139.40732098204438,136.5846708862709,138.29981994628906,80861100,AAPL
2021-10-06 00:00:00-04:00,136.69250441148458,139.31912596056787,135.61440454885152,139.172119140625,83221100,AAPL
2021-10-07 00:00:00-04:00,140.21097072484505,141.34787301957712,139.87774538308582,140.43638610839844,61732700,AAPL
2021-10-08 00:00:00-04:00,141.16165438015548,141.3086611617573,139.7209281008109,140.0541534423828,58773200,AAPL
2021-10-11 00:00:00-04:00,139.43673344275217,141.92614341076353,138.98588764520417,139.96597290039062,64452200,AAPL
2021-10-12 00:00:00-04:00,140.37759646472705,140.3972023557475,138.2312075228374,138.6918487548828,73035900,AAPL
2021-10-13 00:00:00-04:00,138.42722014967543,138.5840223945528,136.42783823964862,138.10379028320312,78762700,AAPL
2021-10-14 00:00:00-04:00,139.27988411618807,141.014638805476,138.69182711662617,140.8970184326172,69907100,AAPL
2021-10-15 00:00:00-04:00,140.90682221567036,142.0143080772975,140.65199054890746,141.95550537109375,67940300,AAPL
2021-10-18 00:00:00-04:00,140.59321496938745,143.91570310514462,140.3089968495944,143.63148498535156,85589200,AAPL
2021-10-19 00:00:00-04:00,144.08230590025846,146.1992933162076,143.63147512671546,145.79745483398438,76378900,AAPL
2021-10-20 00:00:00-04:00,145.73867600634514,146.76776852622643,145.17022475769727,146.2875213623047,58418800,AAPL
2021-10-21 00:00:00-04:00,145.84648796823797,146.65996054435885,144.92520541323566,146.50314331054688,61421000,AAPL
2021-10-22 00:00:00-04:00,146.7089517488773,147.18918391188018,145.6798593275794,145.72886657714844,58883400,AAPL
2021-10-25 00:00:00-04:00,145.71905217231605,146.3953133151153,144.68016431145858,145.6798553466797,50720600,AAPL
2021-10-26 00:00:00-04:00,146.3561394633592,147.8360628807674,146.04250498938632,146.34634399414062,60893400,AAPL
2021-10-27 00:00:00-04:00,146.38551919710656,146.74814591850827,145.53284989871335,145.88568115234375,56094900,AAPL
2021-10-28 00:00:00-04:00,146.8363367781858,150.11961244119928,146.73832229962608,149.5315704345703,100077900,AAPL
2021-10-29 00:00:00-04:00,144.2881357422398,146.95396852377547,143.4942691703326,146.81675720214844,124953200,AAPL
2021-11-01 00:00:00-04:00,146.02291637768752,146.71876857616604,144.85661246075344,145.99351501464844,74588300,AAPL
2021-11-02 00:00:00-04:00,145.69947786176533,148.5515295481681,145.68966743805245,147.0323944091797,69122000,AAPL
2021-11-03 00:00:00-04:00,147.39504459547632,148.94358134189824,146.83640368687838,148.47314453125,54511500,AAPL
2021-11-04 00:00:00-04:00,148.5613223792471,149.39438585976856,147.64003986144715,147.95367431640625,60394600,AAPL
2021-11-05 00:00:00-04:00,149.08239818789303,149.38666561598743,147.28622291132336,148.48367309570312,65463900,AAPL
2021-11-08 00:00:00-05:00,148.61126618413505,148.76831225932858,147.3843718030694,147.65919494628906,55020900,AAPL
2021-11-09 00:00:00-05:00,147.42362905586018,148.63088895973019,147.2862174812468,148.02235412597656,56787900,AAPL
2021-11-10 00:00:00-05:00,147.2469643655917,147.35493167322633,145.11707745747125,145.18577575683594,65187100,AAPL
2021-11-11 00:00:00-05:00,146.2065822230877,146.6678808138986,144.95022837459734,145.13671875,41000000,AAPL
2021-11-12 00:00:00-05:00,145.68635239017757,147.61993930798695,144.75391557147125,147.217529296875,63804000,AAPL
2021-11-15 00:00:00-05:00,147.59048138298093,149.0725793775171,146.66785441394896,147.22732543945312,59222800,AAPL
2021-11-16 00:00:00-05:00,147.16847326957455,148.6898256703758,146.57955783160577,148.20887756347656,59256200,AAPL
2021-11-17 00:00:00-05:00,148.20885284111802,152.13491516803506,148.19904307692684,150.65283203125,88807000,AAPL
2021-11-18 00:00:00-05:00,150.86876512432602,155.73707397326015,150.2209612525499,154.9518585205078,137827700,AAPL
2021-11-19 00:00:00-05:00,154.7359321301873,158.04364996719235,153.63663942388337,157.58233642578125,117305600,AAPL
2021-11-22 00:00:00-05:00,158.69145966859546,162.63715718696486,158.02403614576,158.04367065429688,117467900,AAPL
2021-11-23 00:00:00-05:00,158.14177423416734,158.80921256910548,156.11985467913553,158.42642211914062,96041900,AAPL
2021-11-24 00:00:00-05:00,157.77860375109535,159.14290958570567,156.6891210359219,158.9466094970703,69463600,AAPL
2021-11-26 00:00:00-05:00,156.62043026238874,157.48415368919132,153.46975902346642,153.91143798828125,76959800,AAPL
2021-11-29 00:00:00-05:00,156.42411700388635,158.2104823634522,155.85483622919187,157.27804565429688,88748200,AAPL
2021-11-30 00:00:00-05:00,157.03267696276697,162.46045671211468,156.96396368598957,162.24452209472656,174048100,AAPL
2021-12-01 00:00:00-05:00,164.38420267038478,167.1520834163963,161.48873510059954,161.72430419921875,152052500,AAPL
2021-12-02 00:00:00-05:00,155.80581858979062,161.1648863024873,154.88319137049137,160.73301696777344,136739200,AAPL
2021-12-03 00:00:00-05:00,160.98816107993892,161.9107879578243,156.7676418389402,158.84844970703125,118023100,AAPL
2021-12-06 00:00:00-05:00,161.25320051090569,164.77685309775336,161.24339074597364,162.26417541503906,107497000,AAPL
2021-12-07 00:00:00-05:00,165.95464971119893,168.4084385672728,165.22832281817514,168.0158233642578,120405400,AAPL
2021-12-08 00:00:00-05:00,168.94826702497062,172.70747316976616,167.54469207856837,171.84373474121094,116998900,AAPL
2021-12-09 00:00:00-05:00,171.67687992199998,173.48286484992437,170.70517418411447,171.33334350585938,108923700,AAPL
2021-12-10 00:00:00-05:00,171.971363576986,176.309660951534,171.460971245645,176.1329803466797,115402700,AAPL
2021-12-13 00:00:00-05:00,177.77213723694808,178.76347778192311,172.28546749907315,172.49159240722656,153237000,AAPL
2021-12-14 00:00:00-05:00,172.01061281459928,174.45459210584534,169.02681191245964,171.1076202392578,139380400,AAPL
2021-12-15 00:00:00-05:00,171.87321047464624,176.18206368948663,169.12496358887716,175.9857635498047,131063300,AAPL
2021-12-16 00:00:00-05:00,175.96611019421348,177.7917297535116,167.59378358012162,169.07586669921875,150185800,AAPL
2021-12-17 00:00:00-05:00,166.78896760491736,170.26354181764407,166.55341340523563,167.9766082763672,195432700,AAPL
2021-12-20 00:00:00-05:00,165.16942990386642,167.42691858696432,164.3645949683115,166.6122589111328,107499100,AAPL
2021-12-21 00:00:00-05:00,168.38879868844631,169.9984835275847,165.9938984450784,169.79237365722656,91185900,AAPL
2021-12-22 00:00:00-05:00,169.8414254429029,172.60930617734536,168.96787729885477,172.39337158203125,92135300,AAPL
2021-12-23 00:00:00-05:00,172.59951616954052,173.5810317235857,172.03023535098566,173.0215606689453,68356600,AAPL
2021-12-27 00:00:00-05:00,173.81660325556263,177.08505217463284,173.7969837257714,176.99671936035156,74919600,AAPL
2021-12-28 00:00:00-05:00,176.82983503623868,177.97820636728795,175.22995998807548,175.9759063720703,79144300,AAPL
2021-12-29 00:00:00-05:00,176.01520649958337,177.29117986304104,174.84720045865078,176.0642852783203,62348900,AAPL
2021-12-30 00:00:00-05:00,176.15259582853517,177.23226891731628,174.79809958565312,174.90606689453125,59773000,AAPL
2021-12-31 00:00:00-05:00,174.79809701854663,175.91702412287862,173.98343733201935,174.2877197265625,64062300,AAPL
2022-01-03 00:00:00-05:00,174.54290230186947,179.49955854778523,174.42512523500616,178.6456298828125,104487900,AAPL
2022-01-04 00:00:00-05:00,179.25419002967348,179.55845745447346,175.8090608575143,176.3783416748047,99310400,AAPL
2022-01-05 00:00:00-05:00,176.2900014242933,176.83964771384632,171.4118681394032,171.6866912841797,94537600,AAPL
2022-01-06 00:00:00-05:00,169.50772129643173,172.0596675486128,168.46731727841166,168.82066345214844,96904000,AAPL
2022-01-07 00:00:00-05:00,169.69421065393524,170.92110500332652,167.86859126297153,168.98751831054688,86709100,AAPL
2022-01-10 00:00:00-05:00,165.95467253383114,169.31145435336728,165.06148967296951,169.00718688964844,106765600,AAPL
2022-01-11 00:00:00-05:00,169.13475736538487,171.94187730471353,167.66248412220457,171.84373474121094,76138300,AAPL
2022-01-12 00:00:00-05:00,172.86449089372638,173.90489484214223,171.5885328297367,172.285400390625,74805200,AAPL
2022-01-13 00:00:00-05:00,172.53082457713552,173.35529415174287,168.6145716326397,169.00718688964844,84505800,AAPL
2022-01-14 00:00:00-05:00,168.1728627813742,170.56776300627916,167.9274839054903,169.8708953857422,80440800,AAPL
2022-01-18 00:00:00-05:00,168.33972966979056,169.35068950665382,166.27855596311068,166.66134643554688,90956700,AAPL
2022-01-19 00:00:00-05:00,166.85766697028808,167.91770571060235,162.87271567304091,163.1573486328125,94815000,AAPL
2022-01-20 00:00:00-05:00,163.8934762825247,166.54356549753263,161.14522951347425,161.46913146972656,91420500,AAPL
2022-01-21 00:00:00-05:00,161.38076913756592,163.25546724898456,159.29996116779535,159.40792846679688,122848900,AAPL
2022-01-24 00:00:00-05:00,157.06212195335075,159.29997620135896,151.84045205683918,158.63253784179688,162294600,AAPL
2022-01-25 00:00:00-05:00,156.04133790955973,159.7514654895658,154.1175758189767,156.82655334472656,115798400,AAPL
2022-01-26 00:00:00-05:00,160.47779205545413,161.35134029387297,154.90279093312674,156.73822021484375,108275300,AAPL
2022-01-27 00:00:00-05:00,159.44722329665106,160.81152952765763,155.3543046036314,156.2769317626953,121954600,AAPL
2022-01-28 00:00:00-05:00,162.64695192499494,167.2011835771804,159.79073801782928,167.18154907226562,179935700,AAPL
2022-01-31 00:00:00-05:00,167.0147037152971,171.76523578487254,166.37670956776643,171.54930114746094,115541600,AAPL
2022-02-01 00:00:00-05:00,170.79353091508946,171.6081906924981,169.12495732448602,171.3824462890625,86213900,AAPL
2022-02-02 00:00:00-05:00,171.51985796847407,172.62897543344508,170.1261075578704,172.58970642089844,84914300,AAPL
2022-02-03 00:00:00-05:00,171.25482156772748,172.9822984461671,168.93844437078735,169.7040252685547,89418100,AAPL
2022-02-04 00:00:00-05:00,168.72125118343195,171.09955797995624,167.73848523293438,169.4190216064453,82465400,AAPL
2022-02-07 00:00:00-05:00,169.88093057527257,170.95214191132882,168.00384392494493,168.7016143798828,77251200,AAPL
2022-02-08 00:00:00-05:00,168.7704203940124,172.32804392038554,168.4755875609354,171.81700134277344,74829200,AAPL
2022-02-09 00:00:00-05:00,173.01594191587955,173.60559246596077,171.88575211887613,173.24197387695312,71285000,AAPL
2022-02-10 00:00:00-05:00,171.13890900487118,172.4558121410886,168.59354809326686,169.15371704101562,90865900,AAPL
2022-02-11 00:00:00-05:00,169.3600823732159,170.09715694195197,165.14400744238606,165.73367309570312,98670700,AAPL
2022-02-14 00:00:00-05:00,164.48555705147456,166.65747672658372,163.68951891129095,165.96954345703125,86185500,AAPL
2022-02-15 00:00:00-05:00,168.02349233461683,169.9693646781473,167.3158996650025,169.81211853027344,62527400,AAPL
2022-02-16 00:00:00-05:00,168.88837586977738,170.35268789659128,167.1193937273566,169.57630920410156,61177400,AAPL
2022-02-17 00:00:00-05:00,168.0824845697611,168.94732353481027,165.56660575778602,165.96954345703125,69589300,AAPL
2022-02-18 00:00:00-05:00,166.89332246399607,167.6009001587836,163.32587723184227,164.416748046875,82772700,AAPL
2022-02-22 00:00:00-05:00,162.1367428748668,163.81727946148703,159.35551308277192,161.48812866210938,91162800,AAPL
2022-02-23 00:00:00-05:00,162.68711897669968,163.2866069910588,156.99690896812956,157.3114013671875,90009200,AAPL
2022-02-24 00:00:00-05:00,149.95042777885615,160.04343810435978,149.38042173851366,159.93533325195312,141147500,AAPL
2022-02-25 00:00:00-05:00,161.016429626563,162.27436931147176,158.09761246815737,162.009033203125,91974200,AAPL
2022-02-28 00:00:00-05:00,160.249841950296,162.569170605232,159.63069449285575,162.2743377685547,95056600,AAPL
2022-03-01 00:00:00-05:00,161.86155436972356,163.72881873455478,159.1786074354802,160.3874053955078,83474400,AAPL
2022-03-02 00:00:00-05:00,161.5569135885326,164.47573001503346,160.14172804891763,163.68951416015625,79724800,AAPL
2022-03-03 00:00:00-05:00,165.56662077426103,165.99904029600498,162.6969453068408,163.36521911621094,76678400,AAPL
2022-03-04 00:00:00-05:00,161.65519910712737,162.69692876038988,159.30638875818744,160.35794067382812,83737200,AAPL
2022-03-07 00:00:00-05:00,160.54466966467405,162.17606497919274,156.29911294194886,156.5546417236328,96418800,AAPL
2022-03-08 00:00:00-05:00,156.0829372614916,160.07296568987567,153.11497909721768,154.72671508789062,131148300,AAPL
2022-03-09 00:00:00-05:00,158.69707147174915,160.59381791240634,156.66275336768058,160.14173889160156,91454900,AAPL
2022-03-10 00:00:00-05:00,157.43911036241218,157.6258383019349,153.29183663849042,155.78807067871094,105342000,AAPL
2022-03-11 00:00:00-05:00,156.19103072019064,156.53500490118736,151.83738349184966,152.06341552734375,96970100,AAPL
2022-03-14 00:00:00-04:00,148.8398979655987,151.4638812144724,147.51317294986788,148.02420043945312,108732100,AAPL
2022-03-15 00:00:00-04:00,148.29938335493543,152.88891376980982,147.78835583208624,152.41717529296875,92964300,AAPL
2022-03-16 00:00:00-04:00,154.34342597712845,157.24258310394316,151.79806526213048,156.8396453857422,102300200,AAPL
2022-03-17 00:00:00-04:00,155.8765435805617,158.22535413843605,154.91343692811435,157.85189819335938,75615400,AAPL
2022-03-18 00:00:00-04:00,157.7437919035887,161.64537478221072,157.00671727910074,161.15399169921875,123511700,AAPL
2022-03-21 00:00:00-04:00,160.69206357071295,163.48313041290612,160.20068056976743,162.52984619140625,95811400,AAPL
2022-03-22 00:00:00-04:00,162.6576150439786,166.50023417031582,162.06796436975657,165.91058349609375,81532000,AAPL
2022-03-23 00:00:00-04:00,165.0948695579846,169.66472556538113,164.76071771343146,167.276611328125,98062700,AAPL
2022-03-24 00:00:00-04:00,168.11196337652208,171.1388847047802,167.27662120536306,171.07009887695312,90131400,AAPL
2022-03-25 00:00:00-04:00,170.88335771841636,172.25922412685,169.7728273342969,171.70887756347656,80546200,AAPL
2022-03-28 00:00:00-04:00,169.202805078983,172.70144932243193,169.0357366736293,172.57369995117188,90371900,AAPL
2022-03-29 00:00:00-04:00,173.64494077798946,175.92495028186923,173.30096665224875,175.87582397460938,100589400,AAPL
2022-03-30 00:00:00-04:00,175.4728703587719,176.51459990792134,173.6547472805492,174.70631408691406,92633200,AAPL
2022-03-31 00:00:00-04:00,174.77514559518622,174.9618735812638,171.39442730950734,171.60081481933594,103049300,AAPL
2022-04-01 00:00:00-04:00,171.0307806751932,171.86613784627107,168.97680315531144,171.3059539794922,78751300,AAPL
2022-04-04 00:00:00-04:00,171.56149171892602,175.4139331761271,171.43372732246453,175.3647918701172,76468400,AAPL
2022-04-05 00:00:00-04:00,174.44099692209318,175.22721286513178,171.4140752886788,172.0430450439453,73401800,AAPL
2022-04-06 00:00:00-04:00,169.38954763944744,170.63766465296877,167.19798366759716,168.86868286132812,89058800,AAPL
2022-04-07 00:00:00-04:00,168.21024852764788,170.37233093887772,166.9228273416991,169.17335510253906,77594700,AAPL
2022-04-08 00:00:00-04:00,168.81956860456353,168.81956860456353,166.28403012969582,167.15869140625,76575500,AAPL
2022-04-11 00:00:00-04:00,165.8024881311143,166.11696550956904,162.64780210837338,162.89349365234375,72246700,AAPL
2022-04-12 00:00:00-04:00,165.12434995391737,166.94245808323757,163.7681280552551,164.7705535888672,79265200,AAPL
2022-04-13 00:00:00-04:00,164.50522763279633,168.0923181339545,163.89591740962862,167.46334838867188,70618900,AAPL
2022-04-14 00:00:00-04:00,167.67956724809082,168.31837428702366,162.1957299543893,162.44142150878906,75329400,AAPL
2022-04-18 00:00:00-04:00,161.09502962767093,163.72885077484435,160.75107046386879,162.2252197265625,69023900,AAPL
2022-04-19 00:00:00-04:00,162.17607195952326,164.92782013945308,161.08520094874402,164.51504516601562,67723800,AAPL
2022-04-20 00:00:00-04:00,165.8515768758342,165.96951898738345,163.23743083695035,164.3479461669922,67929800,AAPL
2022-04-21 00:00:00-04:00,165.9990185433864,168.57386081804293,163.05072036783037,163.5519256591797,87227800,AAPL
2022-04-22 00:00:00-04:00,163.59123952892807,164.97692823082195,158.71671343457257,159.001708984375,84882400,AAPL
2022-04-25 00:00:00-04:00,158.34325918812343,160.35793256447772,155.72911292478716,160.07293701171875,96046400,AAPL
2022-04-26 00:00:00-04:00,159.45378917667253,159.54223452082468,154.01909420285892,154.09771728515625,95623200,AAPL
2022-04-27 00:00:00-04:00,153.22305964573388,157.0361817522216,152.70219483485,153.87168884277344,88063200,AAPL
2022-04-28 00:00:00-04:00,156.50549701980856,161.68467841985887,156.19100467866673,160.81983947753906,130216800,AAPL
2022-04-29 00:00:00-04:00,159.05083612128337,163.335696219265,154.53994405594406,154.93304443359375,131747600,AAPL
2022-05-02 00:00:00-04:00,154.00928950852122,155.50308325510557,150.6285715632027,155.2377471923828,123055300,AAPL
2022-05-03 00:00:00-04:00,155.42445612408045,157.94034999172632,153.62600731797474,156.73153686523438,88966500,AAPL
2022-05-04 00:00:00-04:00,156.91827280667675,163.61090803537846,156.51533507735743,163.15884399414062,108256500,AAPL
2022-05-05 00:00:00-04:00,161.02623866112972,161.25227067537543,152.27961098375334,154.06825256347656,130525300,AAPL
2022-05-06 00:00:00-04:00,153.54660360417492,156.92245186539364,151.74549742097102,154.7965545654297,116124600,AAPL
2022-05-09 00:00:00-04:00,152.48367497430928,153.36947314118723,149.0980045924118,149.65899658203125,131577900,AAPL
2022-05-10 00:00:00-04:00,153.06432833720223,154.26506562042874,150.5152132745714,152.0702667236328,115366700,AAPL
2022-05-11 00:00:00-04:00,151.0762217134339,152.99542804107662,143.50764507620434,144.18675231933594,142689800,AAPL
2022-05-12 00:00:00-04:00,140.515681208882,143.8915146679824,136.60836588189918,140.30899047851562,182602000,AAPL
2022-05-13 00:00:00-04:00,142.3069113841073,145.7614978791984,140.8502848803236,144.78712463378906,113990900,AAPL
2022-05-16 00:00:00-04:00,143.25177981278947,145.19067486728656,141.90340179419994,143.24192810058594,86643800,AAPL
2022-05-17 00:00:00-04:00,146.50950977669152,147.40514453340242,144.36392404181558,146.88351440429688,78336300,AAPL
2022-05-18 00:00:00-04:00,144.5312514480339,145.0331931657119,137.69097960525806,138.59646606445312,109742900,AAPL
2022-05-19 00:00:00-04:00,137.67130943156462,139.4232021551722,134.4431016025898,135.18125915527344,136095600,AAPL
2022-05-20 00:00:00-04:00,136.89376494741566,138.47834364409812,130.51608836864122,135.41744995117188,137426100,AAPL
2022-05-23 00:00:00-04:00,135.6142768341469,140.99790624101624,135.47648804751876,140.85028076171875,117726300,AAPL
2022-05-24 00:00:00-04:00,138.58661405091433,139.72830130754187,135.16156729888525,138.1437225341797,104132700,AAPL
2022-05-25 00:00:00-04:00,136.2441979580696,139.55114451962976,136.15562265268915,138.30120849609375,92482700,AAPL
2022-05-26 00:00:00-04:00,135.22061822713323,142.06087507401406,134.97456571452705,141.5097198486328,90601500,AAPL
2022-05-27 00:00:00-04:00,143.09429845299417,147.31655295622195,142.96634634088457,147.27719116210938,90978500,AAPL
2022-05-31 00:00:00-04:00,146.71618623300301,148.28107646818216,144.52138720505258,146.48980712890625,103718400,AAPL
2022-06-01 00:00:00-04:00,147.53304397850013,149.34400143591907,145.34809700677113,146.36184692382812,74286600,AAPL
2022-06-02 00:00:00-04:00,145.49576829817823,148.8814531521364,144.5410833823405,148.82240295410156,72348100,AAPL
2022-06-03 00:00:00-04:00,144.58044581379545,145.63355774291225,142.17898598193645,143.08445739746094,88570300,AAPL
2022-06-06 00:00:00-04:00,144.70837415100206,146.22406574159245,142.61200234875395,143.83242797851562,71598400,AAPL
2022-06-07 00:00:00-04:00,142.07069156702747,146.64726115984234,141.824639115417,146.36184692382812,67808200,AAPL
2022-06-08 00:00:00-04:00,146.23392365623158,147.50354794884595,145.13161326153673,145.62371826171875,53950200,AAPL
2022-06-09 00:00:00-04:00,144.75760527366657,145.61386314826538,140.2794468730643,140.38771057128906,69473000,AAPL
2022-06-10 00:00:00-04:00,138.06497716276021,138.53739375627023,134.89581977133565,134.9647216796875,91437900,AAPL
2022-06-13 00:00:00-04:00,130.77199636565416,133.0652077917095,129.36458307542827,129.79763793945312,122207100,AAPL
2022-06-14 00:00:00-04:00,131.02787945261767,131.77587363104502,129.40392397478837,130.66371154785156,84784300,AAPL
2022-06-15 00:00:00-04:00,132.16955091202541,135.1713943388265,130.07319387777778,133.2915496826172,91533000,AAPL
2022-06-16 00:00:00-04:00,129.99445602178534,130.29955871287268,127.00244927117835,128.00634765625,108123900,AAPL
2022-06-17 00:00:00-04:00,128.0162178037558,130.97868486516475,127.76031356055556,129.48268127441406,134520300,AAPL
2022-06-21 00:00:00-04:00,131.31329785187046,134.8958216908251,131.21488586149243,133.724609375,81000500,AAPL
2022-06-22 00:00:00-04:00,132.66165937450523,135.5847642777482,131.7955647861074,133.21282958984375,73409200,AAPL
2022-06-23 00:00:00-04:00,134.65961425641447,136.40165507690898,133.48840199836928,136.0867156982422,72433800,AAPL
2022-06-24 00:00:00-04:00,137.69096810591373,139.66923974712645,137.56303102259437,139.42318725585938,89116800,AAPL
2022-06-27 00:00:00-04:00,140.44675901167543,141.22429329407663,138.74407997710588,139.42318725585938,70207900,AAPL
2022-06-28 00:00:00-04:00,139.88578412525837,141.15540852649434,135.1517360213465,135.26983642578125,67083400,AAPL
2022-06-29 00:00:00-04:00,135.2895293397043,138.44883540642064,134.51199493699397,137.0315704345703,66242400,AAPL
2022-06-30 00:00:00-04:00,135.08283314259847,136.1851436237319,131.65778627775248,134.5612030029297,98964500,AAPL
2022-07-01 00:00:00-04:00,133.89194605156405,136.84457658654097,133.51795639594204,136.73631286621094,71051600,AAPL
2022-07-05 00:00:00-04:00,135.59463354770725,139.37399683516924,134.767885626568,139.3247833251953,73353800,AAPL
2022-07-06 00:00:00-04:00,139.11808248899268,141.84433323860637,138.85234159739986,140.6632843017578,74064300,AAPL
2022-07-07 00:00:00-04:00,141.02745853360616,144.23599306904134,141.0176218390398,144.03915405273438,66253700,AAPL
2022-07-08 00:00:00-04:00,142.96633860975416,145.22018791054785,142.7104494172261,144.71823120117188,64547800,AAPL
2022-07-11 00:00:00-04:00,143.3698906543045,144.3245757006066,141.50973407273898,142.58251953125,63141600,AAPL
2022-07-12 00:00:00-04:00,143.45842725252902,146.1059542427383,142.7596466450458,143.55685424804688,77588800,AAPL
2022-07-13 00:00:00-04:00,140.73219350243247,144.13755169717774,139.8759205891,143.19271850585938,71185600,AAPL
2022-07-14 00:00:00-04:00,141.80498974783282,146.5980880188513,140.9880935814835,146.12567138671875,78140700,AAPL
2022-07-15 00:00:00-04:00,147.41494113128192,148.4778895065266,145.85988786108229,147.7987823486328,76259900,AAPL
2022-07-18 00:00:00-04:00,148.3598211223461,149.17671722622794,144.38360430388153,144.74777221679688,81420900,AAPL
2022-07-19 00:00:00-04:00,145.58435379595355,148.8420867705286,144.59030701772662,148.61572265625,82982400,AAPL
2022-07-20 00:00:00-04:00,148.7338381470016,151.2927906316257,147.99568050926646,150.62351989746094,64823400,AAPL
2022-07-21 00:00:00-04:00,152.06044916137068,153.11356109876007,149.54087389527504,152.89703369140625,65086600,AAPL
2022-07-22 00:00:00-04:00,152.93641282919904,153.81235925179797,150.98768095986142,151.6569366455078,66675400,AAPL
2022-07-25 00:00:00-04:00,151.57820300519043,152.5919382797309,149.87552361463057,150.53494262695312,53623900,AAPL
2022-07-26 00:00:00-04:00,149.8558049610543,150.67270104012428,148.41886681163666,149.20623779296875,55138700,AAPL
2022-07-27 00:00:00-04:00,150.17076942758217,154.84576710893515,149.75740301368916,154.3142852783203,78620700,AAPL
2022-07-28 00:00:00-04:00,154.50128008945563,155.1508622874104,151.97186822338708,154.86544799804688,81378700,AAPL
2022-07-29 00:00:00-04:00,158.6940186370959,161.0462798301135,156.981487908036,159.94395446777344,101786900,AAPL
2022-08-01 00:00:00-04:00,158.4676879626634,161.0069522260959,158.34958753761987,158.9597930908203,67829400,AAPL
2022-08-02 00:00:00-04:00,157.57203453166576,159.84555733737668,157.10945460814798,157.4834442138672,59907000,AAPL
2022-08-03 00:00:00-04:00,158.30031154990738,163.9595182903737,158.21173626607992,163.5067901611328,82507500,AAPL
2022-08-04 00:00:00-04:00,163.38871829491413,164.55009405774106,161.8336644871808,163.19187927246094,55474100,AAPL
2022-08-05 00:00:00-04:00,160.85604505164724,163.45796799318663,160.64906724368603,162.96517944335938,56697000,AAPL
2022-08-08 00:00:00-04:00,163.97046163622954,165.38969510382904,161.83176107750737,162.49209594726562,60276900,AAPL
2022-08-09 00:00:00-04:00,161.654383591601,163.42842563656737,160.8954849037263,162.54139709472656,63135500,AAPL
2022-08-10 00:00:00-04:00,165.26155937141485,166.89762095148,164.49281044366623,166.799072265625,70170500,AAPL
2022-08-11 00:00:00-04:00,167.6072851745605,168.52387994900428,165.76426030462605,166.0599365234375,57149200,AAPL
2022-08-12 00:00:00-04:00,167.37071373861576,169.68681094741032,166.95675811414395,169.61782836914062,68039400,AAPL
2022-08-15 00:00:00-04:00,169.04619612673898,170.88922057556053,168.8786498167292,170.69210815429688,54091700,AAPL
2022-08-16 00:00:00-04:00,170.28799905158363,171.2045935150572,169.18415758381616,170.53439331054688,56377100,AAPL
2022-08-17 00:00:00-04:00,170.27819013186064,173.60943109736726,170.08107768446573,172.0325164794922,79542000,AAPL
2022-08-18 00:00:00-04:00,171.24405025490896,172.377458097225,170.62313176389785,171.63827514648438,62290100,AAPL
2022-08-19 00:00:00-04:00,170.53438896800841,171.2341552626783,168.83919530641123,169.04617309570312,70346300,AAPL
2022-08-22 00:00:00-04:00,167.2426018901802,167.41014821395845,164.72937695607638,165.15318298339844,69026800,AAPL
2022-08-23 00:00:00-04:00,164.6702084046216,166.27670374105745,164.24640247078557,164.8180389404297,54147100,AAPL
2022-08-24 00:00:00-04:00,164.90677623350408,165.68537556627746,163.85220146265053,165.11373901367188,53841500,AAPL
2022-08-25 00:00:00-04:00,166.34571105112042,167.68609658373745,165.92192009296824,167.5776824951172,51218200,AAPL
2022-08-26 00:00:00-04:00,168.10990520235598,168.58297803338863,161.20099961189769,161.2601318359375,78961000,AAPL
2022-08-29 00:00:00-04:00,158.82575088680454,160.55051089039753,157.514946518142,159.0524444580078,73314000,AAPL
2022-08-30 00:00:00-04:00,159.79161664881417,160.2154075742502,155.44521812063925,156.61805725097656,77906200,AAPL
2022-08-31 00:00:00-04:00,157.99785253340468,158.26396254446672,154.87357512802876,154.95242309570312,87991100,AAPL
2022-09-01 00:00:00-04:00,154.38082398932775,156.13515033839954,152.43923555152656,155.68179321289062,74229900,AAPL
2022-09-02 00:00:00-04:00,157.44593542420824,158.04713803269738,152.73487827783597,153.56275939941406,76957800,AAPL
2022-09-06 00:00:00-04:00,154.21327658173306,154.82432967651317,151.47337297526548,152.30125427246094,73714800,AAPL
2022-09-07 00:00:00-04:00,152.58707487686897,154.41038374001005,151.39451980442465,153.71063232421875,87449600,AAPL
2022-09-08 00:00:00-04:00,152.4096506976959,154.10484460794962,150.47791285622748,152.2322540283203,84923800,AAPL
2022-09-09 00:00:00-04:00,153.22770515232838,155.54381783971746,152.51808828805244,155.1002960205078,68028800,AAPL
2022-09-12 00:00:00-04:00,157.28824820471496,161.8908915280311,157.0024374583422,161.07286071777344,104956000,AAPL
2022-09-13 00:00:00-04:00,157.59378043168627,158.2245492067868,151.15796283866058,151.62118530273438,122656600,AAPL
2022-09-14 00:00:00-04:00,152.55747250443096,154.83416823515125,151.39449874644285,153.06997680664062,87965400,AAPL
2022-09-15 00:00:00-04:00,152.41950862141564,153.00101060134492,149.19668199140034,150.17239379882812,90481100,AAPL
2022-09-16 00:00:00-04:00,149.02911266156946,149.16709284731172,146.2300624042499,148.52645874023438,162278800,AAPL
2022-09-19 00:00:00-04:00,147.15652109079085,152.33080110123336,146.94955831205283,152.251953125,81474200,AAPL
2022-09-20 00:00:00-04:00,151.18751937449895,155.80002796923935,150.8721425262803,154.6370391845703,107689800,AAPL
2022-09-21 00:00:00-04:00,155.0706831334898,156.45049997062233,151.3846347411177,151.50289916992188,101696800,AAPL
2022-09-22 00:00:00-04:00,150.1822704357891,152.24212333754144,148.73347063401485,150.53707885742188,86652500,AAPL
2022-09-23 00:00:00-04:00,149.00942429859677,149.28538472080464,146.4173513628068,148.2603759765625,96029900,AAPL
2022-09-26 00:00:00-04:00,147.50148298209515,151.55220575538115,147.48176722784044,148.59547424316406,93339400,AAPL
2022-09-27 00:00:00-04:00,150.5370586818527,152.48849721993565,147.78729002305445,149.57118225097656,84442700,AAPL
2022-09-28 00:00:00-04:00,145.5105969943164,148.46732818361193,142.75097820989805,147.67886352539062,146691400,AAPL
2022-09-29 00:00:00-04:00,143.99284886355534,144.6039019742723,138.6510066887834,140.425048828125,128138200,AAPL
2022-09-30 00:00:00-04:00,139.2423359620473,141.03609356030535,136.0096441732016,136.20675659179688,124925300,AAPL
2022-10-03 00:00:00-04:00,136.2166245441246,141.00653009557303,135.70412021518845,140.3954620361328,114311700,AAPL
2022-10-04 00:00:00-04:00,142.93825359464822,144.11109281535886,142.17935497441533,143.99282836914062,87830100,AAPL
2022-10-05 00:00:00-04:00,141.99211625326663,145.2543744211321,140.94739177527688,144.2884979248047,79471000,AAPL
2022-10-06 00:00:00-04:00,143.7070131726072,145.41205756578128,143.12552621752397,143.33248901367188,68402200,AAPL
2022-10-07 00:00:00-04:00,140.48418039740727,141.03611631271312,137.43875017847807,138.06951904296875,85925600,AAPL
2022-10-10 00:00:00-04:00,138.39474487304688,139.84354452092543,136.5714361256321,138.39474487304688,74899000,AAPL
2022-10-11 00:00:00-04:00,137.88223882715224,139.31133774176766,136.22647641502994,136.9755096435547,77033700,AAPL
2022-10-12 00:00:00-04:00,137.123356205743,138.33561191162715,136.16734514961954,136.34474182128906,70433700,AAPL
2022-10-13 00:00:00-04:00,133.04305662953354,141.51901056988928,132.4319886081597,140.92767333984375,113224000,AAPL
2022-10-14 00:00:00-04:00,142.22863580040965,142.43561361849277,136.19690846794037,136.38417053222656,88598000,AAPL
2022-10-17 00:00:00-04:00,139.03540901406623,140.83900239575823,138.24694409779235,140.3560791015625,85250900,AAPL
2022-10-18 00:00:00-04:00,143.3915907644367,144.5841304098021,138.5819706072804,141.6766815185547,99136600,AAPL
2022-10-19 00:00:00-04:00,139.6464101482739,142.8593858144363,139.45914810857732,141.7851104736328,61758300,AAPL
2022-10-20 00:00:00-04:00,140.95724070036255,143.7858421579012,140.59256694794956,141.3218994140625,64522000,AAPL
2022-10-21 00:00:00-04:00,140.80940185727815,145.71758686598037,140.59257368233722,145.1459503173828,86548600,AAPL
2022-10-24 00:00:00-04:00,145.0670657401242,148.06321288717328,143.8942268275961,147.29446411132812,75981900,AAPL
2022-10-25 00:00:00-04:00,147.92527363612152,150.2906678641537,147.20580651383366,150.142822265625,74732300,AAPL
2022-10-26 00:00:00-04:00,148.78273318220164,149.7978764436125,145.9048346701109,147.19595336914062,88194300,AAPL
2022-10-27 00:00:00-04:00,145.9344043483702,146.90026566861184,142.05122827640076,142.71156311035156,109180200,AAPL
2022-10-28 00:00:00-04:00,146.06252959255997,155.2284000306861,145.68802050452555,153.49378967285156,164762400,AAPL
2022-10-31 00:00:00-04:00,150.9510060343384,152.01543120421692,149.7288849047636,151.12840270996094,97943200,AAPL
2022-11-01 00:00:00-04:00,152.84330260142488,153.20796132588728,146.97912170575748,148.47718811035156,80379300,AAPL
2022-11-02 00:00:00-04:00,146.80172383520585,149.97528368505897,142.90869682596562,142.93826293945312,93604600,AAPL
2022-11-03 00:00:00-04:00,140.01108109963562,140.74041357111363,136.74882328898968,136.876953125,97918500,AAPL
2022-11-04 00:00:00-04:00,140.27296098274414,140.8455457973991,132.6615642734104,136.61041259765625,140814800,AAPL
2022-11-07 00:00:00-05:00,135.35665734492238,137.37056348588825,133.93506945075268,137.1435089111328,83374600,AAPL
2022-11-08 00:00:00-05:00,138.61444628445304,139.62139172038218,135.73178893253106,137.71607971191406,89908500,AAPL
2022-11-09 00:00:00-05:00,136.72889468527546,136.77825830980785,132.8688912272567,133.1453094482422,74917800,AAPL
2022-11-10 00:00:00-05:00,139.43385733276594,144.99185180664062,137.71610267221538,144.99185180664062,118854000,AAPL
2022-11-11 00:00:00-05:00,143.955271925704,148.09167786414133,142.5238023668343,147.78564453125,93979700,AAPL
2022-11-14 00:00:00-05:00,147.06495239919474,148.3581975292141,145.54463769490906,146.38377380371094,73374100,AAPL
2022-11-15 00:00:00-05:00,150.2734377369584,151.6259135896167,146.66023757913166,148.12130737304688,89868300,AAPL
2022-11-16 00:00:00-05:00,147.22291630390464,147.95344347331434,145.40643494920303,146.8872528076172,64218300,AAPL
2022-11-17 00:00:00-05:00,144.55745437595286,149.5428782799837,144.2810362048945,148.7926025390625,80389400,AAPL
2022-11-18 00:00:00-05:00,150.36229211178835,150.74730427835462,148.05221911239073,149.35533142089844,74829600,AAPL
2022-11-21 00:00:00-05:00,148.2397789385964,148.4470850528785,145.83097890062086,146.1172637939453,58724100,AAPL
2022-11-22 00:00:00-05:00,146.23574851822164,148.4964578361229,145.05108182314493,148.259521484375,51804100,AAPL
2022-11-23 00:00:00-05:00,147.53885908183943,149.8884289191742,147.4302651381728,149.13815307617188,58301400,AAPL
2022-11-25 00:00:00-05:00,146.41342757107319,146.97614571181424,145.23864273436385,146.2159881591797,35195900,AAPL
2022-11-28 00:00:00-05:00,143.28395040385445,144.76476841756258,141.54646269068775,142.37571716308594,69246000,AAPL
2022-11-29 00:00:00-05:00,142.44481218129837,142.95816663670598,138.55520957308642,139.36471557617188,83763800,AAPL
2022-11-30 00:00:00-05:00,139.59175835153627,146.81815677897796,138.75263726440983,146.13697814941406,111380900,AAPL
2022-12-01 00:00:00-05:00,146.3147094607483,147.22294276953917,144.73516410236186,146.41342163085938,71250400,AAPL
2022-12-02 00:00:00-05:00,144.09348175456344,146.10738776877085,143.7874333564375,145.91981506347656,65447400,AAPL
2022-12-05 00:00:00-05:00,145.8803345082114,148.99004656094093,143.90591033158032,144.75491333007812,68826400,AAPL
2022-12-06 00:00:00-05:00,145.18929508684244,145.4163496587564,140.10514358274577,141.08248901367188,64727200,AAPL
2022-12-07 00:00:00-05:00,140.37166442833825,141.53656725602417,138.20966792700898,139.1376495361328,69721100,AAPL
2022-12-08 00:00:00-05:00,140.5394903161004,141.68465976495335,139.295608712893,140.82577514648438,62128300,AAPL
2022-12-09 00:00:00-05:00,140.51977775341376,143.70848393310538,139.09818980739163,140.3420867919922,76097000,AAPL
2022-12-12 00:00:00-05:00,140.8751398938642,142.6521243868473,139.25611292551483,142.6422576904297,70462700,AAPL
2022-12-13 00:00:00-05:00,147.5882046530128,148.05219553159674,142.39547458111565,143.6097412109375,93886200,AAPL
2022-12-14 00:00:00-05:00,143.49128007302596,144.78452547159364,139.35485909896488,141.37864685058594,82291200,AAPL
2022-12-15 00:00:00-05:00,139.3055040822211,139.98668286120417,134.29046466082826,134.75445556640625,98931900,AAPL
2022-12-16 00:00:00-05:00,134.94203206743774,135.8897473019235,132.01987745650547,132.78990173339844,160156900,AAPL
2022-12-19 00:00:00-05:00,133.38222793972224,133.47107341378072,129.64070069453433,130.67726135253906,79592600,AAPL
2022-12-20 00:00:00-05:00,129.70978773625592,131.54600271059752,128.22896969448558,130.608154296875,77432800,AAPL
2022-12-21 00:00:00-05:00,131.27946507821224,135.06048935091275,131.05241050570748,133.71788024902344,85928000,AAPL
2022-12-22 00:00:00-05:00,132.63197807082778,132.8392842174574,128.6337652569508,130.53907775878906,77852100,AAPL
2022-12-23 00:00:00-05:00,129.24577030548357,130.72658804280167,127.98214037473136,130.1737518310547,63814900,AAPL
2022-12-27 00:00:00-05:00,129.69991443642402,129.72952959065904,127.07392696075074,128.36717224121094,69007800,AAPL
2022-12-28 00:00:00-05:00,128.01178441919723,129.3543934066322,124.26038315698912,124.42820739746094,85438400,AAPL
2022-12-29 00:00:00-05:00,126.35325904901092,128.81141476714157,126.09658935745793,127.95254516601562,75703700,AAPL
2022-12-30 00:00:00-05:00,126.76789648243701,128.28819633379305,125.80042540883515,128.26844787597656,77034200,AAPL
2020-01-02 00:00:00-05:00,67.09969405120086,68.10836791992188,67.00415018078345,68.10836791992188,27278000,GOOGL
2020-01-03 00:00:00-05:00,67.07930441454083,68.36067681993559,67.04546199914073,67.75208282470703,23408000,GOOGL
2020-01-06 00:00:00-05:00,67.25992638011208,69.58332136437583,67.22858209701914,69.55794525146484,46768000,GOOGL
2020-01-07 00:00:00-05:00,69.68982062314994,69.84109780511007,69.24693831666055,69.42359161376953,34330000,GOOGL
2020-01-08 00:00:00-05:00,69.40915447916457,70.25660431481994,69.30017841973043,69.917724609375,35314000,GOOGL
2020-01-09 00:00:00-05:00,70.75820366435225,71.09409928302898,70.17499344034695,70.65171813964844,33200000,GOOGL
2020-01-10 00:00:00-05:00,71.1334235656956,71.40562076183926,70.64227194118779,71.10803985595703,26258000,GOOGL
2020-01-13 00:00:00-05:00,71.42103622672836,71.73105459235768,70.92939109321708,71.65890502929688,30730000,GOOGL
2020-01-14 00:00:00-05:00,71.65740633981173,71.78828087353631,71.04881242286127,71.18914794921875,26076000,GOOGL
2020-01-15 00:00:00-05:00,71.31007924880507,71.69623359683659,71.24240200906924,71.61760711669922,21550000,GOOGL
2020-01-16 00:00:00-05:00,71.92861841895987,72.18987397034176,71.65741591572775,72.16300201416016,26080000,GOOGL
2020-01-17 00:00:00-05:00,72.77904882974998,73.67526155402983,72.48097438508057,73.62400817871094,52424000,GOOGL
2020-01-21 00:00:00-05:00,73.59812431900943,74.13954214804811,73.160716663624,73.75985717773438,48930000,GOOGL
2020-01-22 00:00:00-05:00,74.13208207250838,74.67199649799004,73.78026373101446,73.84046936035156,28458000,GOOGL
2020-01-23 00:00:00-05:00,74.02359627922354,74.31968130965106,73.66381279979728,73.88127136230469,26650000,GOOGL
2020-01-24 00:00:00-05:00,74.28585041576174,74.35452235068381,72.81089965429813,72.9596939086914,29786000,GOOGL
2020-01-27 00:00:00-05:00,71.2364267268566,71.48722657038118,70.63728617423324,71.24588012695312,34132000,GOOGL
2020-01-28 00:00:00-05:00,71.74399693020122,72.39388973398827,71.17770407698895,72.17991638183594,29724000,GOOGL
2020-01-29 00:00:00-05:00,72.5760202015047,72.85867308700175,71.92563382387546,72.48844146728516,21566000,GOOGL
2020-01-30 00:00:00-05:00,71.56285567943894,72.41627364413384,71.40859442553979,72.36651611328125,27110000,GOOGL
2020-01-31 00:00:00-05:00,73.04378594209612,73.13385521184509,71.01349157096435,71.29813385009766,43822000,GOOGL
2020-02-03 00:00:00-05:00,72.73475864749643,73.96139998970068,72.48395879647471,73.77727508544922,71636000,GOOGL
2020-02-04 00:00:00-05:00,72.37846261578684,73.01789968192739,70.76318413051645,71.92662048339844,95880000,GOOGL
2020-02-05 00:00:00-05:00,72.83228620559221,72.88055549193162,71.14386347186732,71.95846557617188,36376000,GOOGL
2020-02-06 00:00:00-05:00,72.25355601704628,73.7255224770131,72.17891592181336,73.44734954833984,37822000,GOOGL
2020-02-07 00:00:00-05:00,73.02038933632561,73.90913797820706,72.9218613742501,73.60359954833984,28360000,GOOGL
2020-02-10 00:00:00-05:00,73.51006368465248,75.08503066123686,73.40904517323618,75.07408142089844,38302000,GOOGL
2020-02-11 00:00:00-05:00,75.30347367199528,76.13002730831754,74.91433529369846,75.14373779296875,34852000,GOOGL
2020-02-12 00:00:00-05:00,75.4323606906229,75.65330449075212,75.07457418082535,75.57020568847656,31042000,GOOGL
2020-02-13 00:00:00-05:00,75.14076012943136,75.93446611705389,74.84218453538855,75.30945587158203,22914000,GOOGL
2020-02-14 00:00:00-05:00,75.36617257703398,75.64086026005992,74.91930394806882,75.5751724243164,23198000,GOOGL
2020-02-18 00:00:00-05:00,75.35672784883174,76.16386598952577,75.19101619789893,75.61051177978516,25642000,GOOGL
2020-02-19 00:00:00-05:00,75.99666093125346,76.17282066551604,75.6871437222989,75.8807144165039,22746000,GOOGL
2020-02-20 00:00:00-05:00,75.58911140978356,75.99019372622803,74.85511755870975,75.48859405517578,25962000,GOOGL
2020-02-21 00:00:00-05:00,74.8710357446722,75.18802454577569,73.57274613873459,73.82006072998047,42520000,GOOGL
2020-02-24 00:00:00-05:00,70.81393833170006,71.47727087720753,70.00481082046124,70.65519714355469,49560000,GOOGL
2020-02-25 00:00:00-05:00,71.20954664831231,71.50065059333322,68.69258105805,68.98617553710938,51580000,GOOGL
2020-02-26 00:00:00-05:00,69.41711700631495,70.34717205695928,68.50000058431121,69.19268798828125,49776000,GOOGL
2020-02-27 00:00:00-05:00,67.63365191714865,68.14421147810332,65.39933120436106,65.43466186523438,62290000,GOOGL
2020-02-28 00:00:00-05:00,63.412330880062434,66.8031174963142,63.10878181731662,66.64388275146484,80198000,GOOGL
2020-03-02 00:00:00-05:00,67.24798779173007,69.04339707526154,65.94471714591015,68.98617553710938,55430000,GOOGL
2020-03-03 00:00:00-05:00,69.55147725951427,70.074474248836,66.14575530731636,66.56774139404297,56602000,GOOGL
2020-03-04 00:00:00-05:00,67.6246871548153,68.81002200894605,66.53191209538853,68.75130462646484,47598000,GOOGL
2020-03-05 00:00:00-05:00,66.95737348484228,67.35945807850705,64.77232458674723,65.42520141601562,54380000,GOOGL
2020-03-06 00:00:00-05:00,63.195363838055194,64.827555889874,62.56139381615548,64.47872924804688,64640000,GOOGL
2020-03-09 00:00:00-04:00,59.96132825146764,62.338463471328105,59.61697392511775,60.50025177001953,69252000,GOOGL
2020-03-10 00:00:00-04:00,62.421070002563646,63.48896251764609,60.436554559183975,63.45512390136719,54872000,GOOGL
2020-03-11 00:00:00-04:00,62.11652506586974,62.54746342368469,59.273614377572834,60.25691223144531,54732000,GOOGL
2020-03-12 00:00:00-04:00,55.863916764377194,59.15468318742386,55.1597827507668,55.31304931640625,94326000,GOOGL
2020-03-13 00:00:00-04:00,58.46995836028194,60.431083267311,55.34987319346634,60.42461395263672,79400000,GOOGL
2020-03-16 00:00:00-04:00,54.22126801964199,57.0009775285844,53.100128996168905,53.39472198486328,96520000,GOOGL
2020-03-17 00:00:00-04:00,54.272526168627074,56.03211138595321,52.205409328198975,55.637001037597656,83194000,GOOGL
2020-03-18 00:00:00-04:00,52.744834644266916,54.986615573524475,51.60328906887955,54.29990005493164,93044000,GOOGL
2020-03-19 00:00:00-04:00,54.15210150102109,57.35628400103994,52.526374852540556,55.31902313232422,74064000,GOOGL
2020-03-20 00:00:00-04:00,56.275944586197916,56.6531428302749,52.85231423228287,53.1563606262207,82878000,GOOGL
2020-03-23 00:00:00-04:00,52.5671779570536,53.09167079517627,50.20347875276499,52.455711364746094,83672000,GOOGL
2020-03-24 00:00:00-04:00,54.93635331479006,56.39686943848624,54.06302620724,56.231658935546875,72468000,GOOGL
2020-03-25 00:00:00-04:00,55.961448858891174,57.03581063497772,53.892840020620554,54.818912506103516,90324000,GOOGL
2020-03-26 00:00:00-04:00,55.47079870126762,58.29529626026029,54.3416982421875,57.86933135986328,76562000,GOOGL
2020-03-27 00:00:00-04:00,56.10526532209489,57.27865627332936,54.93734899052884,55.24885940551758,62794000,GOOGL
2020-03-30 00:00:00-04:00,56.362531875234545,57.27616309094643,54.66315609776698,57.04277801513672,58736000,GOOGL
2020-03-31 00:00:00-04:00,57.16320227975935,58.39083058698721,56.565557615189896,57.8210563659668,65228000,GOOGL
2020-04-01 00:00:00-04:00,55.932587259759686,56.20229768361806,54.41434472078375,54.842796325683594,51970000,GOOGL
2020-04-02 00:00:00-04:00,54.73830070289628,55.87138374005283,54.3964368955584,55.585750579833984,56410000,GOOGL
2020-04-03 00:00:00-04:00,55.47029994298398,55.6733278436525,53.49822958250269,54.37503433227539,51374000,GOOGL
2020-04-06 00:00:00-04:00,56.3804517940451,59.25420957181764,55.98235353914818,58.87800979614258,63320000,GOOGL
2020-04-07 00:00:00-04:00,60.56095675968012,60.74856308077166,58.58241717885874,58.84665298461914,61620000,GOOGL
2020-04-08 00:00:00-04:00,59.86876766596092,60.45596046414816,58.91582321231339,60.06283950805664,40334000,GOOGL
2020-04-09 00:00:00-04:00,60.6191822762662,60.80877419619722,59.33730885263395,60.04144287109375,54028000,GOOGL
2020-04-13 00:00:00-04:00,59.7891490626969,60.43705241572804,58.83520993369254,60.23252868652344,38702000,GOOGL
2020-04-14 00:00:00-04:00,61.70350402475182,63.483989395188374,61.134720622102805,62.96049499511719,63358000,GOOGL
2020-04-15 00:00:00-04:00,62.028941883647406,63.45213792906103,61.40641842523156,62.56587600708008,42236000,GOOGL
2020-04-16 00:00:00-04:00,63.05553213901334,63.365053153788786,61.61541867517127,62.57234191894531,57896000,GOOGL
2020-04-17 00:00:00-04:00,63.7800697785387,64.19309603629993,62.99880511817582,63.645713806152344,51050000,GOOGL
2020-04-20 00:00:00-04:00,63.19237866612476,63.53723033913038,62.52307795892024,62.7574577331543,35292000,GOOGL
2020-04-21 00:00:00-04:00,61.83984635367317,62.202610123197196,59.9633161587621,60.31961441040039,49648000,GOOGL
2020-04-22 00:00:00-04:00,61.76022700362581,63.689502669146925,61.56565781052298,62.62111282348633,46296000,GOOGL
2020-04-23 00:00:00-04:00,62.98586521952871,64.10103609301092,62.72660667994224,63.256072998046875,34202000,GOOGL
2020-04-24 00:00:00-04:00,62.45142034269284,63.581519212126466,61.904038134854936,63.526283264160156,37402000,GOOGL
2020-04-27 00:00:00-04:00,64.29261611187121,64.39711983752524,62.95202534102773,63.24064636230469,44186000,GOOGL
2020-04-28 00:00:00-04:00,63.854715732055425,63.93233991292163,61.22627956997814,61.33625411987305,80700000,GOOGL
2020-04-29 00:00:00-04:00,66.93000841508254,67.6839037451793,66.02085713189535,66.78968048095703,108358000,GOOGL
2020-04-30 00:00:00-04:00,66.2512539359075,67.17881846187733,65.76059592377868,67.01460266113281,55842000,GOOGL
2020-05-01 00:00:00-04:00,65.88947971557204,67.24997954035189,65.171416205784,65.5525894165039,48872000,GOOGL
2020-05-04 00:00:00-04:00,65.09528031161895,65.90839414561984,64.49216102586087,65.83026123046875,30806000,GOOGL
2020-05-05 00:00:00-04:00,66.55680253405266,68.22432931665637,66.43389313502436,67.13005828857422,39666000,GOOGL
2020-05-06 00:00:00-04:00,67.57691203996187,68.1088688429485,66.936472738984,66.95140075683594,31732000,GOOGL
2020-05-07 00:00:00-04:00,67.74162698307182,68.47263673969645,67.30521401409817,68.13822937011719,30652000,GOOGL
2020-05-08 00:00:00-04:00,68.76224962511807,69.49972107273517,68.2740821604466,68.88764953613281,33326000,GOOGL
2020-05-11 00:00:00-04:00,68.51194548372064,70.43972524742269,68.44775348367992,69.84556579589844,32718000,GOOGL
2020-05-12 00:00:00-04:00,70.0759789975778,70.38002162525305,68.39849771813944,68.43183898925781,33918000,GOOGL
2020-05-13 00:00:00-04:00,68.48059978522438,68.93692187825766,66.0845538197152,67.09571838378906,40368000,GOOGL
2020-05-14 00:00:00-04:00,66.35874795285368,67.545571123171,65.85017778912353,67.52019500732422,36660000,GOOGL
2020-05-15 00:00:00-04:00,67.09223444201076,68.40196688173432,66.63143246758034,68.32633209228516,41544000,GOOGL
2020-05-18 00:00:00-04:00,67.75507292025956,69.30665309609445,67.38782539389712,68.92945861816406,47094000,GOOGL
2020-05-19 00:00:00-04:00,68.9443854610412,69.29321213831301,68.36117519922374,68.39302062988281,31586000,GOOGL
2020-05-20 00:00:00-04:00,69.12749997341068,70.26556016251162,69.04091594784161,70.12274169921875,38262000,GOOGL
2020-05-21 00:00:00-04:00,70.21381213676726,70.48600931605345,69.38775960567644,70.00282287597656,30894000,GOOGL
2020-05-22 00:00:00-04:00,69.86099439385703,70.51287652573794,69.46538670908407,70.32577514648438,28544000,GOOGL
2020-05-26 00:00:00-04:00,71.75495108507815,71.91170290141652,70.6323198462769,70.7303466796875,44590000,GOOGL
2020-05-27 00:00:00-04:00,70.66216836000463,70.92839736595668,69.39821460494831,70.67610168457031,31684000,GOOGL
2020-05-28 00:00:00-04:00,69.66692194094234,71.87934390822512,69.6211431898544,70.5745849609375,35170000,GOOGL
2020-05-29 00:00:00-04:00,70.68355713928611,71.4946815443302,70.46211981224069,71.33494567871094,37044000,GOOGL
2020-06-01 00:00:00-04:00,70.94580806681581,71.73602869916792,70.77561651245831,71.4021224975586,25162000,GOOGL
2020-06-02 00:00:00-04:00,71.40859947866784,71.8066977191186,70.74228284294568,71.7723617553711,23442000,GOOGL
2020-06-03 00:00:00-04:00,71.79176648096278,72.10576361612307,71.24040169551722,71.62008666992188,27732000,GOOGL
2020-06-04 00:00:00-04:00,71.4971694316438,71.72309429138843,69.96599205492319,70.3785171508789,26982000,GOOGL
2020-06-05 00:00:00-04:00,70.44520002096422,71.9709103787135,70.0461071028752,71.65840148925781,42642000,GOOGL
2020-06-08 00:00:00-04:00,70.9746746217983,72.10526325973755,70.88509891401527,72.0574951171875,33878000,GOOGL
2020-06-09 00:00:00-04:00,71.91816171630913,73.04079279119881,71.77484210279437,72.25852966308594,33624000,GOOGL
2020-06-10 00:00:00-04:00,72.72779445199085,73.28811152943916,72.37199732197752,72.88653564453125,31762000,GOOGL
2020-06-11 00:00:00-04:00,71.70866238072514,72.23465106938366,69.58780540266814,69.761474609375,47144000,GOOGL
2020-06-12 00:00:00-04:00,70.95376958003494,71.38421437179544,68.96030198853704,70.30985260009766,36676000,GOOGL
2020-06-15 00:00:00-04:00,69.14392465309821,70.91097380700297,69.02996753030666,70.69898986816406,30468000,GOOGL
2020-06-16 00:00:00-04:00,72.10526358516627,72.51182051857924,71.10952825884952,71.9793701171875,30648000,GOOGL
2020-06-17 00:00:00-04:00,72.30133456430534,72.76212896872691,71.415068821233,72.28142547607422,30610000,GOOGL
2020-06-18 00:00:00-04:00,72.14757151661824,72.30282748663723,70.9726846629474,71.36481475830078,34862000,GOOGL
2020-06-19 00:00:00-04:00,71.65740986390969,71.88133775111594,70.61240293282405,70.89306640625,52784000,GOOGL
2020-06-22 00:00:00-04:00,70.91147505867174,72.20230067860511,70.62185934811,72.1878662109375,29442000,GOOGL
2020-06-23 00:00:00-04:00,72.25455152562985,73.40903563217812,71.90621842213413,72.85070037841797,37752000,GOOGL
2020-06-24 00:00:00-04:00,72.8158676184772,73.43838725263467,71.15978391672346,71.29414367675781,31592000,GOOGL
2020-06-25 00:00:00-04:00,71.22049025097112,71.77284971319233,70.63926944685834,71.71214294433594,23958000,GOOGL
2020-06-26 00:00:00-04:00,71.29065960372779,71.5091128593862,67.42762851107032,67.8028335571289,97640000,GOOGL
2020-06-29 00:00:00-04:00,67.69336296671155,69.56740658298106,67.2609287443365,69.5261001586914,45074000,GOOGL
2020-06-30 00:00:00-04:00,69.51167404146442,70.86121720110151,69.0165360541645,70.56513214111328,40286000,GOOGL
2020-07-01 00:00:00-04:00,70.62087929232952,72.07940624191117,70.37256235703924,71.75694274902344,42182000,GOOGL
2020-07-02 00:00:00-04:00,72.24659805024832,74.07187120886894,72.20827571187772,73.14678955078125,57218000,GOOGL
2020-07-06 00:00:00-04:00,74.05345615982517,75.14075662187608,73.49761142237459,74.62571716308594,44712000,GOOGL
2020-07-07 00:00:00-04:00,74.45055656016098,75.70406216918913,74.13058365914364,74.14153289794922,42364000,GOOGL
2020-07-08 00:00:00-04:00,74.68294002022051,75.19897413072191,74.25995924949038,74.82227325439453,31766000,GOOGL
2020-07-09 00:00:00-04:00,75.13727741838821,76.0932098651604,74.42369372179377,75.57170104980469,41836000,GOOGL
2020-07-10 00:00:00-04:00,75.30247721043091,76.70029709996115,74.67896287214894,76.5843505859375,35918000,GOOGL
2020-07-13 00:00:00-04:00,77.12825841563946,78.44297203416643,74.96958014308842,75.2517318725586,42954000,GOOGL
2020-07-14 00:00:00-04:00,74.28434999897787,75.77770617369718,73.94297977071558,75.68116760253906,38108000,GOOGL
2020-07-15 00:00:00-04:00,75.79910266825213,76.45098479184617,74.53514900176111,75.48311614990234,31026000,GOOGL
2020-07-16 00:00:00-04:00,74.71777710977885,75.43485358407806,74.05942561326644,75.38558959960938,26484000,GOOGL
2020-07-17 00:00:00-04:00,75.48461250339587,75.80906535403365,74.5485891882386,75.48162841796875,34264000,GOOGL
2020-07-20 00:00:00-04:00,75.38956453557115,78.07721543774436,74.77749296936797,77.8199462890625,30166000,GOOGL
2020-07-21 00:00:00-04:00,78.87440678042151,78.97492413472274,77.26161122175375,77.42582702636719,27486000,GOOGL
2020-07-22 00:00:00-04:00,77.41539008243245,77.97620835866022,76.79435857653078,77.8702163696289,24482000,GOOGL
2020-07-23 00:00:00-04:00,77.92394547961592,78.14389457073787,75.0705830583031,75.47664642333984,33910000,GOOGL
2020-07-24 00:00:00-04:00,74.6028386333552,75.41097153590187,74.02559650691151,75.05168914794922,29902000,GOOGL
2020-07-27 00:00:00-04:00,75.30298030118446,76.51219541111449,75.2567004045739,76.10762786865234,27124000,GOOGL
2020-07-28 00:00:00-04:00,75.88718593599701,75.93744461336621,74.6690109658058,74.82476806640625,30910000,GOOGL
2020-07-29 00:00:00-04:00,74.89194642181988,76.30170274438422,74.79291731015581,75.81304168701172,22676000,GOOGL
2020-07-30 00:00:00-04:00,74.5421203310874,76.67791304910183,74.40278707937269,76.5525131225586,36042000,GOOGL
2020-07-31 00:00:00-04:00,74.49634733665407,74.89294978714065,72.35408513794192,74.04351043701172,91468000,GOOGL
2020-08-03 00:00:00-04:00,74.1952823635518,74.53017571563687,73.23586473268551,73.78524017333984,45482000,GOOGL
2020-08-04 00:00:00-04:00,73.98179492968481,74.30027198256265,72.85318812445986,73.31448364257812,37212000,GOOGL
2020-08-05 00:00:00-04:00,73.4896528857235,74.14551382781045,73.21097880454894,73.60260772705078,29134000,GOOGL
2020-08-06 00:00:00-04:00,73.45630713721422,74.9551379108816,73.24481674977106,74.88945007324219,33306000,GOOGL
2020-08-07 00:00:00-04:00,75.09299683965341,75.64286587460231,73.9599099041371,74.5620346069336,27718000,GOOGL
2020-08-10 00:00:00-04:00,74.18531593243594,74.99892327445139,73.5229781582979,74.4848861694336,20546000,GOOGL
2020-08-11 00:00:00-04:00,74.34456082208418,75.1626557930458,73.55782532310258,73.67476654052734,31098000,GOOGL
2020-08-12 00:00:00-04:00,74.00220039154834,75.22386058442733,73.8967019688904,75.00341033935547,22512000,GOOGL
2020-08-13 00:00:00-04:00,75.05168292534601,76.48284418729223,75.05168292534601,75.47167205810547,22388000,GOOGL
2020-08-14 00:00:00-04:00,75.32040392648128,75.62793939616182,74.59338041774163,74.87354278564453,21942000,GOOGL
2020-08-17 00:00:00-04:00,75.43783887619192,75.82648373152185,74.891948664715,75.4512710571289,19990000,GOOGL
2020-08-18 00:00:00-04:00,75.9429161837234,77.4979814068608,75.72147884435643,77.41886138916016,28378000,GOOGL
2020-08-19 00:00:00-04:00,77.25513666101024,78.06974631422051,76.6336117357763,76.8630142211914,30472000,GOOGL
2020-08-20 00:00:00-04:00,76.6321282685512,78.63256655639358,76.35794168422376,78.4375,26382000,GOOGL
2020-08-21 00:00:00-04:00,78.21605349977197,79.21528172540805,77.74381628283706,78.4036636352539,34838000,GOOGL
2020-08-24 00:00:00-04:00,79.24462689407855,80.05625247769231,78.37727560966826,78.88037109375,25638000,GOOGL
2020-08-25 00:00:00-04:00,78.62907393281236,80.06122982776336,78.51860203471604,79.91045379638672,25150000,GOOGL
2020-08-26 00:00:00-04:00,79.93284358851191,82.2462840692637,79.66811043713714,81.81533813476562,52188000,GOOGL
2020-08-27 00:00:00-04:00,81.93875040400734,82.00742232920561,80.55536494935534,81.03855895996094,31350000,GOOGL
2020-08-28 00:00:00-04:00,81.08584271636839,81.67701056384003,80.89376024311663,81.58146667480469,22418000,GOOGL
2020-08-31 00:00:00-04:00,81.78747703645925,81.8337569351286,80.87982154060386,81.08882141113281,26422000,GOOGL
2020-09-01 00:00:00-04:00,81.21969391487622,82.56625290159603,81.08881937616468,82.36023712158203,22652000,GOOGL
2020-09-02 00:00:00-04:00,83.00366085589854,85.89434350737906,82.61452246781315,85.4609146118164,49522000,GOOGL
2020-09-03 00:00:00-04:00,84.57166166881079,84.59554953635386,80.00300449445753,81.08782196044922,63726000,GOOGL
2020-09-04 00:00:00-04:00,80.06720294777561,81.36051923220332,76.53260313427657,78.68431854248047,55850000,GOOGL
2020-09-08 00:00:00-04:00,75.88719439983616,77.40742274788263,75.46421355774739,75.8175277709961,54032000,GOOGL
2020-09-09 00:00:00-04:00,77.0765070123546,77.56516810215537,75.89565197626554,76.993408203125,39242000,GOOGL
2020-09-10 00:00:00-04:00,77.14019418699958,78.30860397286067,75.63837173852811,75.9394302368164,33024000,GOOGL
2020-09-11 00:00:00-04:00,76.04393489459162,76.56892127073058,74.29579252540272,75.42738342285156,30706000,GOOGL
2020-09-14 00:00:00-04:00,76.21809682607592,77.47956754747086,74.89741517443528,75.08252716064453,42660000,GOOGL
2020-09-15 00:00:00-04:00,76.03100168037477,77.18050476355,75.7428817865187,76.39077758789062,23042000,GOOGL
2020-09-16 00:00:00-04:00,76.75702925240749,77.34869819515173,75.21987604229885,75.24475860595703,22128000,GOOGL
2020-09-17 00:00:00-04:00,73.93699918200372,74.57644378644996,72.77505876782091,73.99820709228516,40008000,GOOGL
2020-09-18 00:00:00-04:00,74.06092595393991,74.40428561995024,71.24041080982535,72.20927429199219,63056000,GOOGL
2020-09-21 00:00:00-04:00,71.2404087126211,71.66039786094642,69.80029514123461,71.16676330566406,56908000,GOOGL
2020-09-22 00:00:00-04:00,72.17094609744503,72.85020129247289,71.13489912134733,72.64368438720703,33950000,GOOGL
2020-09-23 00:00:00-04:00,72.25903690168364,72.30830088742725,69.80029475994638,70.13419342041016,37726000,GOOGL
2020-09-24 00:00:00-04:00,69.80028750186223,71.5573821324961,69.7739091004015,70.80448150634766,34552000,GOOGL
2020-09-25 00:00:00-04:00,70.91347406076004,71.95299885267112,70.04910673612386,71.61064147949219,30326000,GOOGL
2020-09-28 00:00:00-04:00,73.2493005572153,73.29905809078035,71.96991766342995,72.58596801757812,30784000,GOOGL
2020-09-29 00:00:00-04:00,72.84722744607932,73.24979803297072,72.35407885679199,72.95222473144531,31816000,GOOGL
2020-09-30 00:00:00-04:00,72.69942714285969,73.95641806188155,72.4416644288499,72.93132019042969,40924000,GOOGL
2020-10-01 00:00:00-04:00,73.8300187453481,74.39780739351073,73.48864851059548,74.04100799560547,32884000,GOOGL
2020-10-02 00:00:00-04:00,72.63423408285196,73.59961978967594,72.02315723124129,72.4336929321289,31222000,GOOGL
2020-10-05 00:00:00-04:00,72.78451757055439,73.88177252003113,72.65712826562542,73.7887191772461,21602000,GOOGL
2020-10-06 00:00:00-04:00,73.42396260503759,73.87281305634009,71.90671854148451,72.2057876586914,26096000,GOOGL
2020-10-07 00:00:00-04:00,72.61832198688667,73.09902552050082,71.32052571219367,72.60986328125,36108000,GOOGL
2020-10-08 00:00:00-04:00,72.9238561559873,74.04748199645591,72.9238561559873,73.8185806274414,26076000,GOOGL
2020-10-09 00:00:00-04:00,74.28783048431298,75.23281359404584,73.99622536956137,75.16314697265625,32966000,GOOGL
2020-10-12 00:00:00-04:00,76.53409699657146,79.04309772139084,76.10116164428408,77.85726928710938,55344000,GOOGL
2020-10-13 00:00:00-04:00,78.4753115330063,78.88087376061287,77.56068564132751,77.98067474365234,39072000,GOOGL
2020-10-14 00:00:00-04:00,78.35539239500633,78.81568566560401,76.92721520969711,77.80004119873047,33174000,GOOGL
2020-10-15 00:00:00-04:00,76.85754457892119,78.1961459815944,76.6898511386174,77.40343475341797,31210000,GOOGL
2020-10-16 00:00:00-04:00,77.71992528911265,78.51014601215543,77.51242125898598,78.01203155517578,34194000,GOOGL
2020-10-19 00:00:00-04:00,78.42157124529685,78.8196694818718,75.78368541921667,76.13350677490234,29734000,GOOGL
2020-10-20 00:00:00-04:00,75.7931381203553,78.3175679379068,75.66325827763784,77.18498229980469,41670000,GOOGL
2020-10-21 00:00:00-04:00,78.11902079681084,80.37274941652576,77.98416747068921,78.92218017578125,60322000,GOOGL
2020-10-22 00:00:00-04:00,78.87291283355273,80.28714906559912,78.49870246258452,79.95075988769531,30512000,GOOGL
2020-10-23 00:00:00-04:00,80.36826415682147,81.31722603857406,80.21200591278787,81.260498046875,30548000,GOOGL
2020-10-26 00:00:00-04:00,80.36577109765061,81.0912986260321,78.01600527143772,78.83757781982422,35826000,GOOGL
2020-10-27 00:00:00-04:00,79.0684835060431,79.7188698570278,78.47432400613587,79.56361389160156,25902000,GOOGL
2020-10-28 00:00:00-04:00,77.13173899969712,77.32082977436303,75.06511950680083,75.1805648803711,45174000,GOOGL
2020-10-29 00:00:00-04:00,75.49008904960587,79.05902493913851,75.46670232352432,77.4736099243164,55406000,GOOGL
2020-10-30 00:00:00-04:00,82.9752907916767,83.66598875896581,79.69745953197871,80.4209976196289,99878000,GOOGL
2020-11-02 00:00:00-05:00,80.79074343910868,82.51748852460163,80.32795206574907,80.82955932617188,44228000,GOOGL
2020-11-03 00:00:00-05:00,81.15002919883526,82.55530560123552,80.22196347188766,81.8914794921875,31432000,GOOGL
2020-11-04 00:00:00-05:00,84.87322058577031,88.0803907719347,84.74483658674652,86.87714385986328,71342000,GOOGL
2020-11-05 00:00:00-05:00,88.10128853896713,89.16470868146271,86.63728722934314,87.70568084716797,39758000,GOOGL
2020-11-06 00:00:00-05:00,87.15033442042348,88.0042535306438,86.42082052718563,87.56784057617188,28622000,GOOGL
2020-11-09 00:00:00-05:00,89.37171387138581,90.41223318661586,87.45935577208806,87.65193176269531,53440000,GOOGL
2020-11-10 00:00:00-05:00,86.07697225473657,87.55042699948584,85.39771699789287,86.47257995605469,43022000,GOOGL
2020-11-11 00:00:00-05:00,87.00403991084542,87.72558872689356,86.73831204017266,86.9458236694336,31838000,GOOGL
2020-11-12 00:00:00-05:00,86.68555885766379,87.82909374585917,86.4850176966425,86.72636413574219,26474000,GOOGL
2020-11-13 00:00:00-05:00,86.98413472311488,88.43370160863206,86.38599646743025,88.19136047363281,29744000,GOOGL
2020-11-16 00:00:00-05:00,87.78728795856988,89.29010509610572,87.64745357983485,88.27943420410156,25468000,GOOGL
2020-11-17 00:00:00-05:00,87.97240956400461,88.43420627207988,87.55590565351672,87.66388702392578,21314000,GOOGL
2020-11-18 00:00:00-05:00,87.41407824980085,87.83008859204216,86.51487388443644,86.61788177490234,20108000,GOOGL
2020-11-19 00:00:00-05:00,86.24914690819902,87.75494824854572,86.0894110233465,87.51011657714844,20106000,GOOGL
2020-11-20 00:00:00-05:00,87.68080204637623,87.99728973201321,86.33722711990116,86.40589904785156,27694000,GOOGL
2020-11-23 00:00:00-05:00,86.59698652310462,86.88411171935121,85.10213442110361,85.96699523925781,22530000,GOOGL
2020-11-24 00:00:00-05:00,85.96401265971706,87.90373648667953,85.6271223299394,87.77535247802734,27984000,GOOGL
2020-11-25 00:00:00-05:00,87.96991913308844,88.0978019884147,87.00204288307494,87.78678894042969,19600000,GOOGL
2020-11-27 00:00:00-05:00,87.80719756064533,89.42297727421509,87.80719756064533,88.92584991455078,14790000,GOOGL
2020-11-30 00:00:00-05:00,88.36004900015244,88.59343026716245,86.9761624762009,87.30260467529297,32418000,GOOGL
2020-12-01 00:00:00-05:00,87.91268898931348,90.65258786527424,87.73204933290219,89.34085845947266,37350000,GOOGL
2020-12-02 00:00:00-05:00,89.34086858797023,91.20097889509564,88.83379426000015,90.81432342529297,29424000,GOOGL
2020-12-03 00:00:00-05:00,90.5938761888373,91.75283265847874,90.41771644555975,90.6585693359375,24728000,GOOGL
2020-12-04 00:00:00-05:00,90.57795250226489,91.03974159674597,90.24802504868616,90.75411224365234,20544000,GOOGL
2020-12-07 00:00:00-05:00,90.3455593451508,91.02929453535916,89.72303966576968,90.4192123413086,22288000,GOOGL
2020-12-08 00:00:00-05:00,89.99573991211881,90.36646506277663,89.13784194345742,90.13556671142578,19936000,GOOGL
2020-12-09 00:00:00-05:00,90.08729974843936,90.98352007834363,87.680805678261,88.47003173828125,31728000,GOOGL
2020-12-10 00:00:00-05:00,87.71065124196843,88.32720270620507,86.26406853644107,87.96195220947266,28688000,GOOGL
2020-12-11 00:00:00-05:00,87.58127226905886,88.44265538378855,87.22000055360947,88.3177490234375,18628000,GOOGL
2020-12-14 00:00:00-05:00,88.1147258436405,89.06418124012458,87.04035649242475,87.19611358642578,33050000,GOOGL
2020-12-15 00:00:00-05:00,87.57430303202288,87.78031880201101,86.66913813726711,87.63501739501953,21352000,GOOGL
2020-12-16 00:00:00-05:00,88.03460149943163,88.03460149943163,87.03687684088737,87.44143676757812,24676000,GOOGL
2020-12-17 00:00:00-05:00,87.77684541122197,87.91518395961303,86.14564417431515,86.61141204833984,34880000,GOOGL
2020-12-18 00:00:00-05:00,86.89306549896011,87.00204155356143,85.34197906294155,85.90030670166016,85256000,GOOGL
2020-12-21 00:00:00-05:00,85.04988087959532,86.43675164906524,84.29698019019894,86.3153305053711,33974000,GOOGL
2020-12-22 00:00:00-05:00,86.05506833630993,86.21828943782286,84.88317332587998,85.60173797607422,20370000,GOOGL
2020-12-23 00:00:00-05:00,85.78636235138065,86.7905564056755,85.65050674333652,86.00033569335938,22974000,GOOGL
2020-12-24 00:00:00-05:00,86.03864981343406,86.70596113529743,85.80725791931836,86.29542541503906,9312000,GOOGL
2020-12-28 00:00:00-05:00,86.83037459813004,88.92486096424713,86.67661446488708,88.27596282958984,27650000,GOOGL
2020-12-29 00:00:00-05:00,88.93630235401565,88.99800382149073,87.33794125305134,87.46981048583984,19726000,GOOGL
2020-12-30 00:00:00-05:00,87.83008941804188,87.96743327328805,85.9888935947524,86.39942932128906,21026000,GOOGL
2020-12-31 00:00:00-05:00,86.45018987451368,87.45687447969729,86.39146489743216,87.21503448486328,21070000,GOOGL
2021-01-04 00:00:00-05:00,87.58128228878026,87.705186375187,84.9508603421397,85.89584350585938,37324000,GOOGL
2021-01-05 00:00:00-05:00,85.84408193305059,86.92590772422496,85.43653030985007,86.5885238647461,20360000,GOOGL
2021-01-06 00:00:00-05:00,84.6084852313309,86.7835871141567,84.40147477035065,85.73410034179688,46588000,GOOGL
2021-01-07 00:00:00-05:00,85.92718285176521,88.4680365310176,85.92718285176521,88.29486846923828,41936000,GOOGL
2021-01-08 00:00:00-05:00,88.43520016542561,89.53991920335396,87.64198775015869,89.46378326416016,35484000,GOOGL
2021-01-11 00:00:00-05:00,88.42822700365895,88.79447981255163,87.19015051877497,87.39665985107422,34796000,GOOGL
2021-01-12 00:00:00-05:00,86.85275814625061,87.97439454842011,85.4106552853316,86.45814514160156,29528000,GOOGL
2021-01-13 00:00:00-05:00,85.95505886139074,87.40164939523098,85.95505886139074,86.94682312011719,23432000,GOOGL
2021-01-14 00:00:00-05:00,87.02742201402309,87.95698355407666,85.89284698308188,86.13419342041016,29212000,GOOGL
2021-01-15 00:00:00-05:00,86.03965259011923,86.96522784661244,85.17827693487668,85.96998596191406,31444000,GOOGL
2021-01-19 00:00:00-05:00,86.73532241988458,89.76284772453106,86.22924282649801,88.79895782470703,41660000,GOOGL
2021-01-20 00:00:00-05:00,90.88398401260814,94.53403661408476,90.54262136383335,93.55621337890625,64152000,GOOGL
2021-01-21 00:00:00-05:00,94.23198512960039,96.14433582290614,93.52336737446421,93.75923919677734,58634000,GOOGL
2021-01-22 00:00:00-05:00,94.12300340016309,94.76642687711758,93.37856141985232,94.17774200439453,32744000,GOOGL
2021-01-25 00:00:00-05:00,95.18194086238829,95.63378300769853,92.51568723527677,94.2633285522461,50586000,GOOGL
2021-01-26 00:00:00-05:00,93.85080553412007,95.33172432985599,93.36015508295559,94.9435806274414,31462000,GOOGL
2021-01-27 00:00:00-05:00,93.29944372261227,93.576120836045,89.4364122301707,90.5142593383789,82512000,GOOGL
2021-01-28 00:00:00-05:00,91.11438204110424,93.95031826604745,91.11438204110424,92.21910095214844,55278000,GOOGL
2021-01-29 00:00:00-05:00,91.26466613402292,91.9374520917969,89.64939516724566,90.9332504272461,44530000,GOOGL
2021-02-01 00:00:00-05:00,91.79064781065239,95.32126848819406,91.79064781065239,94.20311737060547,40252000,GOOGL
2021-02-02 00:00:00-05:00,95.20134574308125,97.00472029972896,94.864948984388,95.49942016601562,66332000,GOOGL
2021-02-03 00:00:00-05:00,102.78907115194251,104.82981339283204,100.19845235959038,102.45417022705078,97882000,GOOGL
2021-02-04 00:00:00-05:00,102.54075646793045,102.9726895274493,101.27082695508153,102.19292449951172,48596000,GOOGL
2021-02-05 00:00:00-05:00,102.48801214016696,104.29835730952522,102.01228969427049,103.94454956054688,29866000,GOOGL
2021-02-08 00:00:00-05:00,104.50038357058834,105.24681488180683,102.67660640780495,103.73006439208984,28828000,GOOGL
2021-02-09 00:00:00-05:00,103.24637908993188,104.4262393016287,103.00752319120647,103.27574157714844,21892000,GOOGL
2021-02-10 00:00:00-05:00,103.66139338058449,104.44465119466045,102.12374668828687,103.82759857177734,25102000,GOOGL
2021-02-11 00:00:00-05:00,104.05253475798568,104.20181495570792,102.9507998216224,103.94056701660156,20480000,GOOGL
2021-02-12 00:00:00-05:00,103.49369709094493,104.4754990480609,103.18516699146085,104.25306701660156,18990000,GOOGL
2021-02-16 00:00:00-05:00,104.0898583949124,106.74665875822036,104.0898583949124,105.03285217285156,31004000,GOOGL
2021-02-17 00:00:00-05:00,104.20081606295832,105.6170492387835,103.92066133491758,105.42695617675781,20294000,GOOGL
2021-02-18 00:00:00-05:00,104.74919324370269,105.59465365398893,104.16846598238119,104.78949737548828,22546000,GOOGL
2021-02-19 00:00:00-05:00,104.88803968550147,105.42497002735199,103.67583285853799,103.94355010986328,37938000,GOOGL
2021-02-22 00:00:00-05:00,102.19142592861978,103.52156862841372,101.9127594460567,102.2242660522461,29466000,GOOGL
2021-02-23 00:00:00-05:00,100.22035579955467,103.13193474366207,99.03800498105964,102.51587677001953,34658000,GOOGL
2021-02-24 00:00:00-05:00,101.01903323255493,103.91916932842446,100.89413445514002,103.69474029541016,22608000,GOOGL
2021-02-25 00:00:00-05:00,102.30737526556467,103.65443541183306,99.8471374044302,100.31788635253906,41548000,GOOGL
2021-02-26 00:00:00-05:00,101.01455143205975,102.33672899960698,99.57443795504803,100.61446380615234,40042000,GOOGL
2021-03-01 00:00:00-05:00,101.912753621212,103.31753633672605,101.2369836430742,102.9906005859375,26060000,GOOGL
2021-03-02 00:00:00-05:00,102.75074596632483,104.23863512234783,102.34419663463926,102.73283386230469,25564000,GOOGL
2021-03-03 00:00:00-05:00,102.10932019598754,103.30559666179923,99.22560051221559,100.09196472167969,33892000,GOOGL
2021-03-04 00:00:00-05:00,100.26414756335588,103.23593980274953,99.79439328636663,101.21261596679688,49216000,GOOGL
2021-03-05 00:00:00-05:00,102.56713188273565,104.80890881591917,100.90656818815047,104.35458374023438,53100000,GOOGL
2021-03-08 00:00:00-05:00,103.70718066935261,105.1841130113127,99.78244045183496,99.89739227294922,36868000,GOOGL
2021-03-09 00:00:00-05:00,101.99984883286976,102.70497377307522,101.29571099468689,101.53257751464844,33920000,GOOGL
2021-03-10 00:00:00-05:00,102.57957360663178,102.57957360663178,100.4860820835291,101.3250732421875,27100000,GOOGL
2021-03-11 00:00:00-05:00,102.42133087333761,105.06120607468662,102.3332510030716,104.52725982666016,27702000,GOOGL
2021-03-12 00:00:00-05:00,103.3265033264315,103.3862154039543,101.13746797988055,102.01228332519531,33818000,GOOGL
2021-03-15 00:00:00-04:00,101.76248163409007,102.2605960962489,100.90707420357886,102.23323059082031,26168000,GOOGL
2021-03-16 00:00:00-04:00,102.80798476290597,105.18113755167246,102.4745796550899,103.69873046875,31900000,GOOGL
2021-03-17 00:00:00-04:00,102.93138712872644,104.45062059070729,101.71968149019554,103.61561584472656,26382000,GOOGL
2021-03-18 00:00:00-04:00,101.92171511759707,102.94532472087755,100.47861753034802,100.58610534667969,31700000,GOOGL
2021-03-19 00:00:00-04:00,101.00360579522776,101.3673604601499,99.66997789719977,100.86576080322266,46072000,GOOGL
2021-03-22 00:00:00-04:00,100.8991044723601,101.92967690737808,100.22084392102161,101.05137634277344,33536000,GOOGL
2021-03-23 00:00:00-04:00,101.51217676416674,102.71442908460335,100.91752371540939,101.58084869384766,28510000,GOOGL
2021-03-24 00:00:00-04:00,102.0998561026989,102.88808737106272,100.96727052737164,101.14293670654297,25218000,GOOGL
2021-03-25 00:00:00-04:00,100.96977489287427,101.79532632060398,99.32961368422106,101.13946533203125,35616000,GOOGL
2021-03-26 00:00:00-04:00,101.10611608171759,101.48430522777333,99.71576014468108,100.75479888916016,27978000,GOOGL
2021-03-29 00:00:00-04:00,100.62691385736701,101.97297935978399,99.79538668638868,101.80278778076172,26492000,GOOGL
2021-03-30 00:00:00-04:00,102.16058348544357,102.64277524960562,101.3230881306347,101.83663177490234,27312000,GOOGL
2021-03-31 00:00:00-04:00,102.23124089496714,103.81666342143662,101.86299868830717,102.63530731201172,42570000,GOOGL
2021-04-01 00:00:00-04:00,104.11473323039297,106.27937953528678,104.0739279531472,105.9822998046875,39880000,GOOGL
2021-04-05 00:00:00-04:00,106.8466666341186,110.91919881705677,106.75012806081834,110.42008209228516,48510000,GOOGL
2021-04-06 00:00:00-04:00,110.0199908055745,110.86993113753334,109.56566574641188,109.93738555908203,35240000,GOOGL
2021-04-07 00:00:00-04:00,110.12847588567706,111.69100514725001,110.12847588567706,111.41880798339844,24134000,GOOGL
2021-04-08 00:00:00-04:00,112.66137580353075,113.04902597144466,111.61686995474146,111.9861068725586,28664000,GOOGL
2021-04-09 00:00:00-04:00,111.7377910863765,113.15750194180373,111.33073299675657,112.9932861328125,26146000,GOOGL
2021-04-12 00:00:00-04:00,112.16971400400425,112.30755139758949,110.8609687190182,111.69697570800781,25024000,GOOGL
2021-04-13 00:00:00-04:00,112.01397146501857,112.6350029225419,111.61885729411927,112.18515014648438,25682000,GOOGL
2021-04-14 00:00:00-04:00,112.83206340537383,112.83206340537383,111.269040399667,111.5621337890625,21002000,GOOGL
2021-04-15 00:00:00-04:00,112.5593610414897,114.25375956725094,112.02292426332264,113.71881103515625,29174000,GOOGL
2021-04-16 00:00:00-04:00,113.91737077070839,114.16618123351545,113.00572887051489,113.59441375732422,26282000,GOOGL
2021-04-19 00:00:00-04:00,112.96889932948382,114.6563273557735,112.96889932948382,113.9432373046875,30290000,GOOGL
2021-04-20 00:00:00-04:00,114.32790173001689,114.40304297259718,112.3190124548569,113.4083023071289,22288000,GOOGL
2021-04-21 00:00:00-04:00,113.0619617843849,113.45756950372018,111.70693643834593,113.3754653930664,23204000,GOOGL
2021-04-22 00:00:00-04:00,113.22864927487409,113.89944579072058,111.48299745194407,112.09009552001953,24146000,GOOGL
2021-04-23 00:00:00-04:00,112.81065272785608,114.75734689900595,112.52452223857101,114.4493179321289,29066000,GOOGL
2021-04-26 00:00:00-04:00,114.67773209539389,115.67347506131698,114.31944443209228,114.94694519042969,32038000,GOOGL
2021-04-27 00:00:00-04:00,115.33010833149295,115.37091360814864,113.76409384172325,114.00395202636719,44386000,GOOGL
2021-04-28 00:00:00-04:00,119.05579837072018,120.99054864114056,117.10114660558713,117.39076232910156,81106000,GOOGL
2021-04-29 00:00:00-04:00,118.89306700732274,119.6360130445217,118.12772135021743,119.0687255859375,41234000,GOOGL
2021-04-30 00:00:00-04:00,117.83762526818644,118.52583278569314,116.76973276121194,117.11508178710938,44856000,GOOGL
2021-05-03 00:00:00-04:00,117.68286337787097,118.51090528759072,116.21936316034822,116.5965576171875,28242000,GOOGL
2021-05-04 00:00:00-04:00,115.12708626405683,115.69636320160089,112.29711784271197,114.79268646240234,44818000,GOOGL
2021-05-05 00:00:00-04:00,115.87750091536309,116.19448215391392,114.86484054405638,115.18779754638672,26636000,GOOGL
2021-05-06 00:00:00-04:00,114.76780169468033,116.3114242553711,114.10646611417098,116.3114242553711,25190000,GOOGL
2021-05-07 00:00:00-04:00,117.63210325494998,117.99834844800776,116.74981635250477,117.03694152832031,28898000,GOOGL
2021-05-10 00:00:00-04:00,115.85311315407462,115.99543808100397,113.6834856654911,114.04227447509766,30914000,GOOGL
2021-05-11 00:00:00-04:00,111.61985500008853,113.47149891287674,111.1645276228982,112.96292877197266,34186000,GOOGL
2021-05-12 00:00:00-04:00,110.7798698646749,111.86418624163223,109.15911669437793,109.4890365600586,46376000,GOOGL
2021-05-13 00:00:00-04:00,110.77638288716878,111.43921428648419,109.8109971320314,110.92169189453125,33204000,GOOGL
2021-05-14 00:00:00-04:00,112.38967644589917,113.69244612252074,111.96470623927483,113.376953125,31996000,GOOGL
2021-05-17 00:00:00-04:00,112.63996511842838,113.94423051813176,112.23888281684411,113.90143585205078,21598000,GOOGL
2021-05-18 00:00:00-04:00,114.56975107464842,114.83498539001295,112.5713022709001,112.58523559570312,22204000,GOOGL
2021-05-19 00:00:00-04:00,110.89133502717809,113.20825325301088,110.74254838311828,113.03458404541016,23684000,GOOGL
2021-05-20 00:00:00-04:00,114.0049543138836,115.04995367632121,113.63273332390318,114.79866027832031,32352000,GOOGL
2021-05-21 00:00:00-04:00,115.31916082166767,115.39281381561896,113.92034619778136,114.16069793701172,40632000,GOOGL
2021-05-24 00:00:00-04:00,115.19376457687339,117.71470921979483,115.04796201657045,117.49028778076172,31832000,GOOGL
2021-05-25 00:00:00-04:00,118.03566966770956,118.63281319725134,117.18971570143435,117.58134460449219,22440000,GOOGL
2021-05-26 00:00:00-04:00,117.76298535487912,118.88114420700485,117.76000126939165,118.44921112060547,21572000,GOOGL
2021-05-27 00:00:00-04:00,118.88413018334644,118.88413018334644,117.25243525008072,117.57190704345703,35224000,GOOGL
2021-05-28 00:00:00-04:00,118.15609820149749,118.23820230611524,117.08273111254248,117.28177642822266,21482000,GOOGL
2021-06-01 00:00:00-04:00,118.1570905828654,118.71790875952479,117.15388368433689,118.49248504638672,23354000,GOOGL
2021-06-02 00:00:00-04:00,118.88909332605556,119.11252766020083,117.05834561985145,117.96551513671875,21158000,GOOGL
2021-06-03 00:00:00-04:00,116.7284293221674,117.29024223890825,115.92178472969479,116.82048797607422,18696000,GOOGL
2021-06-04 00:00:00-04:00,117.89981665077973,119.38073527463919,117.55844643778475,119.1090316772461,24458000,GOOGL
2021-06-07 00:00:00-04:00,118.90353403016783,119.6534506447416,118.48354488660895,119.54347229003906,24120000,GOOGL
2021-06-08 00:00:00-04:00,120.02666352139211,120.40037275616211,119.16925910663717,119.35138702392578,24240000,GOOGL
2021-06-09 00:00:00-04:00,119.99780404157562,120.06995360786308,119.27475938780199,119.82413482666016,17942000,GOOGL
2021-06-10 00:00:00-04:00,119.77336645278285,121.22045035217171,119.61711580354225,121.17715454101562,25904000,GOOGL
2021-06-11 00:00:00-04:00,121.41949770819923,121.50508704379196,120.37250140708053,120.93183135986328,21958000,GOOGL
2021-06-14 00:00:00-04:00,121.0343414607894,121.86337807249288,120.32473660004977,121.86288452148438,22098000,GOOGL
2021-06-15 00:00:00-04:00,121.86735776768438,122.19130946590856,120.47999346547807,120.84176635742188,21562000,GOOGL
2021-06-16 00:00:00-04:00,120.99353315247284,121.30604205013579,118.9015375278692,120.19783782958984,26472000,GOOGL
2021-06-17 00:00:00-04:00,120.12320213876866,121.93951542973383,119.92663975252745,121.16422271728516,25842000,GOOGL
2021-06-18 00:00:00-04:00,120.78951018597671,121.02438731514766,119.44394586362654,119.53948974609375,46116000,GOOGL
2021-06-21 00:00:00-04:00,119.9271411452903,121.41950273978642,119.32800058512855,121.23289489746094,27414000,GOOGL
2021-06-22 00:00:00-04:00,121.17068511721547,121.81759378430363,120.48795224163028,121.74842071533203,22390000,GOOGL
2021-06-23 00:00:00-04:00,121.51255716784965,122.50978839268653,121.25479445301924,121.5458984375,19148000,GOOGL
2021-06-24 00:00:00-04:00,122.11616721223488,122.46997494722375,121.71807656217918,121.91712188720703,21362000,GOOGL
2021-06-25 00:00:00-04:00,121.41950326559025,122.04949456348052,120.98657549930995,121.92558288574219,34594000,GOOGL
2021-06-28 00:00:00-04:00,122.09476570644414,122.20076527318163,120.82782790498153,121.95294952392578,28526000,GOOGL
2021-06-29 00:00:00-04:00,122.08681320150404,122.43564746347714,121.1119740224828,121.69070434570312,23108000,GOOGL
2021-06-30 00:00:00-04:00,121.41402625256768,121.67528178366047,120.7770721013412,121.50857543945312,24474000,GOOGL
2021-07-01 00:00:00-04:00,121.14580333015576,122.00370125273878,120.95322732724782,121.86188507080078,18110000,GOOGL
2021-07-02 00:00:00-04:00,122.56402125859373,124.80729394384096,122.47395200301078,124.66149139404297,25982000,GOOGL
2021-07-06 00:00:00-04:00,125.05064175261214,125.8264356149296,123.9897120776106,125.58956909179688,26404000,GOOGL
2021-07-07 00:00:00-04:00,126.55693750796647,126.67835105188155,125.55273588133367,125.87220764160156,24060000,GOOGL
2021-07-08 00:00:00-04:00,123.43585129730475,124.99787935955246,123.43187251721065,124.44900512695312,23790000,GOOGL
2021-07-09 00:00:00-04:00,124.43010544209602,125.1362250527908,123.95885535984911,124.92125701904297,18632000,GOOGL
2021-07-12 00:00:00-04:00,125.57762429893366,126.46488475430863,125.01332084819249,126.37133026123047,17668000,GOOGL
2021-07-13 00:00:00-04:00,126.43402078790348,127.44816936734279,126.07175435939051,126.73558044433594,19240000,GOOGL
2021-07-14 00:00:00-04:00,127.34915162866419,128.71114739493328,127.30585581569756,127.62682342529297,23742000,GOOGL
2021-07-15 00:00:00-04:00,128.0368705683289,128.0876228000185,125.92794981220653,126.40068817138672,24218000,GOOGL
2021-07-16 00:00:00-04:00,127.05556338295577,127.20335534106535,125.55324719471818,126.36585998535156,20424000,GOOGL
2021-07-19 00:00:00-04:00,125.489534904897,125.60448672400716,122.91732944651262,123.9852294921875,27968000,GOOGL
2021-07-20 00:00:00-04:00,124.93021653261364,126.4385084581694,123.75882253519414,125.60897827148438,26312000,GOOGL
2021-07-21 00:00:00-04:00,125.53332377133253,126.98886634176762,125.42384657195366,126.94209289550781,20746000,GOOGL
2021-07-22 00:00:00-04:00,127.23568852185855,127.87164794172931,126.8923289019367,127.81043243408203,14302000,GOOGL
2021-07-23 00:00:00-04:00,129.80988959225203,132.7642708837393,129.18289754735918,132.38209533691406,41506000,GOOGL
2021-07-26 00:00:00-04:00,132.69411172953653,133.59828204098443,131.671990313619,133.39724731445312,30572000,GOOGL
2021-07-27 00:00:00-04:00,133.6117255746799,133.75951753824316,129.4849554207035,131.27239990234375,54710000,GOOGL
2021-07-28 00:00:00-04:00,135.66339140380205,137.6389469068572,134.63381368054618,135.44642639160156,95130000,GOOGL
2021-07-29 00:00:00-04:00,135.502164347923,136.01073448465564,134.89805792374722,135.13143920898438,31716000,GOOGL
2021-07-30 00:00:00-04:00,134.39248350863042,134.66070190945484,133.61619609988043,134.08544921875,25576000,GOOGL
2021-08-02 00:00:00-04:00,134.47407749953126,134.69253074494515,133.15737467086495,134.21282958984375,21634000,GOOGL
2021-08-03 00:00:00-04:00,134.4919946425515,135.08615411628443,132.68514239501812,134.98464965820312,20762000,GOOGL
2021-08-04 00:00:00-04:00,134.70549241168933,135.00406801076176,133.84709325917578,134.48255920410156,19676000,GOOGL
2021-08-05 00:00:00-04:00,135.0348977292048,135.70122193743754,134.20436531020974,135.60317993164062,17870000,GOOGL
2021-08-06 00:00:00-04:00,135.39468924235564,135.8231370611958,134.56664735492504,135.09262084960938,20488000,GOOGL
2021-08-09 00:00:00-04:00,135.29566392097962,136.5312574721782,134.69552108517198,136.26153564453125,17760000,GOOGL
2021-08-10 00:00:00-04:00,136.68849445684972,137.11695747144506,135.7156522799874,136.1560516357422,19414000,GOOGL
2021-08-11 00:00:00-04:00,136.5287562128905,137.02736417817783,135.6230825969003,135.63055419921875,15352000,GOOGL
2021-08-12 00:00:00-04:00,135.3284908102748,136.64669715164672,134.78111998935373,136.54119873046875,16506000,GOOGL
2021-08-13 00:00:00-04:00,136.59693753421325,137.2005580055058,136.3809748009373,137.07215881347656,15948000,GOOGL
2021-08-16 00:00:00-04:00,136.87063034656046,137.7041545137353,134.65522403759903,137.65139770507812,22384000,GOOGL
2021-08-17 00:00:00-04:00,137.09455209368923,137.60760213542056,135.4344895711395,136.01123046875,21716000,GOOGL
2021-08-18 00:00:00-04:00,135.85052912168885,136.45216030437288,134.677639130942,134.80453491210938,19258000,GOOGL
2021-08-19 00:00:00-04:00,133.79582333581308,135.70369399467054,133.61120489783764,135.03439331054688,21782000,GOOGL
2021-08-20 00:00:00-04:00,135.35288644524337,136.89949307166904,134.60645508617034,136.7755889892578,31194000,GOOGL
2021-08-23 00:00:00-04:00,137.31302050167736,140.20419691127913,136.95274343167395,139.3751678466797,28454000,GOOGL
2021-08-24 00:00:00-04:00,139.94243918319472,141.4039576066751,139.67074315124864,140.58935546875,19268000,GOOGL
2021-08-25 00:00:00-04:00,140.9511195496134,141.51293245081183,140.70331138846305,141.4029541015625,15848000,GOOGL
2021-08-26 00:00:00-04:00,141.07552321093658,141.73984285117388,140.68438784337567,140.7675018310547,20610000,GOOGL
2021-08-27 00:00:00-04:00,140.97848926563262,143.82488149852614,140.8237268532217,143.3188018798828,28780000,GOOGL
2021-08-30 00:00:00-04:00,143.7129120778502,145.2759501615927,143.47704025354426,143.9025115966797,24434000,GOOGL
2021-08-31 00:00:00-04:00,144.4563572184306,144.48073104359895,143.5944805370566,144.0089874267578,22448000,GOOGL
2021-09-01 00:00:00-04:00,144.31006164544272,145.55809268141408,144.19411512479778,144.5245361328125,21936000,GOOGL
2021-09-02 00:00:00-04:00,144.52503156593625,144.8270847688829,142.50368970947488,142.60520935058594,32342000,GOOGL
2021-09-03 00:00:00-04:00,142.3996963220879,143.4690770503106,141.72292401737542,143.05555725097656,19850000,GOOGL
2021-09-07 00:00:00-04:00,143.15011712566266,143.87714056862364,142.93564262833766,143.593994140625,20124000,GOOGL
2021-09-08 00:00:00-04:00,143.41435941010917,143.71291982188708,142.31958727963766,143.00729370117188,18344000,GOOGL
2021-09-09 00:00:00-04:00,143.15607613822618,143.6238409930003,142.49623642197608,142.85800170898438,15314000,GOOGL
2021-09-10 00:00:00-04:00,143.5262839446984,144.0298881380867,140.0683293807008,140.20567321777344,36840000,GOOGL
2021-09-13 00:00:00-04:00,141.2740697555955,142.26981270269945,140.5779046748235,141.65525817871094,22094000,GOOGL
2021-09-14 00:00:00-04:00,142.31509952248697,142.68085878606388,141.075527179142,141.86624145507812,19674000,GOOGL
2021-09-15 00:00:00-04:00,142.09216342027784,143.76317524274404,140.67494311484762,143.74227905273438,27408000,GOOGL
2021-09-16 00:00:00-04:00,143.2655612442223,143.6134008192354,141.72393564031694,142.9266815185547,26190000,GOOGL
2021-09-17 00:00:00-04:00,142.34993679970833,142.7674353957721,139.80161903772358,140.1300506591797,53384000,GOOGL
2021-09-20 00:00:00-04:00,137.50411982875318,138.33863117650728,135.67337942793426,138.05946350097656,46518000,GOOGL
2021-09-21 00:00:00-04:00,139.08452712246012,139.34528907490864,137.62003235533393,138.37144470214844,25332000,GOOGL
2021-09-22 00:00:00-04:00,138.64116573837745,140.21662611033688,137.89224384770964,139.61599731445312,25056000,GOOGL
2021-09-23 00:00:00-04:00,140.31666950445637,141.02229564251655,139.73345921270854,140.54408264160156,20952000,GOOGL
2021-09-24 00:00:00-04:00,139.869793451718,141.65327424223068,139.57370839647646,141.53831481933594,22984000,GOOGL
2021-09-27 00:00:00-04:00,140.13452783317547,141.26313470256505,139.40103511550925,140.4007568359375,21882000,GOOGL
2021-09-28 00:00:00-04:00,137.99524013807448,138.4346371727659,134.7159204771809,135.18368530273438,45772000,GOOGL
2021-09-29 00:00:00-04:00,136.32823164044288,136.49842322992845,133.22806283131058,133.7142333984375,30848000,GOOGL
2021-09-30 00:00:00-04:00,133.622656505888,134.89755184426153,132.92050809949572,133.03993225097656,37996000,GOOGL
2021-10-01 00:00:00-04:00,133.80777646067884,136.25906983258642,133.43506190185735,135.893310546875,35360000,GOOGL
2021-10-04 00:00:00-04:00,135.31357546219573,135.31357546219573,130.4264483437035,133.02352905273438,51202000,GOOGL
2021-10-05 00:00:00-04:00,133.4032141822642,136.57156882234636,133.4032141822642,135.3757781982422,32404000,GOOGL
2021-10-06 00:00:00-04:00,134.10882301069495,137.0945481983171,133.9097777020902,136.91043090820312,24364000,GOOGL
2021-10-07 00:00:00-04:00,138.23113770370094,139.37567501225084,137.99128707608887,138.56256103515625,25110000,GOOGL
2021-10-08 00:00:00-04:00,138.91285737788812,139.66326749093665,138.55507087480348,139.12037658691406,26526000,GOOGL
2021-10-11 00:00:00-04:00,138.62922859464507,140.04247013215831,138.19827504426897,138.25302124023438,17954000,GOOGL
2021-10-12 00:00:00-04:00,138.81632757309202,138.84320712107439,135.11402671387663,135.7997589111328,36332000,GOOGL
2021-10-13 00:00:00-04:00,136.74870263527313,137.34336323308608,135.86940738847895,136.92735290527344,19654000,GOOGL
2021-10-14 00:00:00-04:00,138.8103477480198,140.66497565835041,138.16443378285194,140.4793701171875,31894000,GOOGL
2021-10-15 00:00:00-04:00,140.9406758382608,141.04368373195877,140.08526840258062,140.69534301757812,30274000,GOOGL
2021-10-18 00:00:00-04:00,140.40522147605944,142.1165372496245,140.3982510180727,142.09861755371094,20396000,GOOGL
2021-10-19 00:00:00-04:00,142.7052317803547,142.97893238940557,141.92148796786472,142.55545043945312,20164000,GOOGL
2021-10-20 00:00:00-04:00,142.655971324654,142.86298940127006,140.7038024036655,141.0944366455078,23288000,GOOGL
2021-10-21 00:00:00-04:00,141.0944440494257,141.47961128480844,139.83148489117926,141.2108917236328,26292000,GOOGL
2021-10-22 00:00:00-04:00,138.48788774197112,139.91406787765993,135.4086155032677,136.91192626953125,50588000,GOOGL
2021-10-25 00:00:00-04:00,136.89550600929624,137.34336176040858,134.77961499839506,136.79299926757812,34412000,GOOGL
2021-10-26 00:00:00-04:00,138.6008458288704,139.41643497807848,137.6464094076404,138.6456298828125,49236000,GOOGL
2021-10-27 00:00:00-04:00,138.7416891746795,147.94269523760374,138.7416891746795,145.5217742919922,85782000,GOOGL
2021-10-28 00:00:00-04:00,146.4343890912499,146.45777581220622,143.93881335865566,145.15499877929688,36206000,GOOGL
2021-10-29 00:00:00-04:00,144.3877030706484,147.53664980823456,143.96124460171143,147.34158325195312,43320000,GOOGL
2021-11-01 00:00:00-04:00,147.34157518450897,147.34157518450897,142.54400119567305,142.814208984375,46924000,GOOGL
2021-11-02 00:00:00-04:00,143.89157087310116,145.9114095190237,143.6487285755413,144.74050903320312,33482000,GOOGL
2021-11-03 00:00:00-04:00,145.20626084689556,145.9711129712803,143.90299777804668,145.90045166015625,27494000,GOOGL
2021-11-04 00:00:00-04:00,146.42444502422165,149.0210395628188,145.61183230162575,147.56201171875,38412000,GOOGL
2021-11-05 00:00:00-04:00,148.4597167387127,149.61221148430093,147.49185562711088,148.14373779296875,38354000,GOOGL
2021-11-08 00:00:00-05:00,149.11209726310418,149.8983467767936,147.7242318662626,148.32188415527344,23052000,GOOGL
2021-11-09 00:00:00-05:00,148.5229176061689,149.12155699209504,146.54437039574856,148.2099151611328,19530000,GOOGL
2021-11-10 00:00:00-05:00,146.79815722294808,147.3654523063304,143.8497596311641,145.1992950439453,29970000,GOOGL
2021-11-11 00:00:00-05:00,145.79248880737023,146.8335170484895,144.9077112347004,145.0729217529297,16518000,GOOGL
2021-11-12 00:00:00-05:00,145.91786437465117,148.14174439297312,144.71909735662823,147.97055053710938,22360000,GOOGL
2021-11-15 00:00:00-05:00,148.19198822146643,148.83790216761727,146.87279482635597,147.74562072753906,23508000,GOOGL
2021-11-16 00:00:00-05:00,147.4445757053599,148.05465028259903,146.61155275810987,147.17237854003906,18904000,GOOGL
2021-11-17 00:00:00-05:00,147.3231518704208,147.8526181995971,146.53940806481458,147.34255981445312,19594000,GOOGL
2021-11-18 00:00:00-05:00,147.5361328386937,149.8640078202777,147.18083687440966,149.1255340576172,35608000,GOOGL
2021-11-19 00:00:00-05:00,149.261884915546,150.24818207871883,148.19051474348757,148.21788024902344,33682000,GOOGL
2021-11-22 00:00:00-05:00,148.62193243944316,149.11656160144847,145.45209011824662,145.60585021972656,30594000,GOOGL
2021-11-23 00:00:00-05:00,145.45757001266105,145.962161355265,143.42927287777465,145.0883331298828,27218000,GOOGL
2021-11-24 00:00:00-05:00,144.7813049279646,145.5536135443126,143.6860469047569,145.4247283935547,18040000,GOOGL
2021-11-26 00:00:00-05:00,143.66166278037056,143.86966796123565,141.1675900002718,141.5064697265625,30470000,GOOGL
2021-11-29 00:00:00-05:00,143.31480818794302,145.6013766551945,143.208808626935,144.83802795410156,32596000,GOOGL
2021-11-30 00:00:00-05:00,144.31852565043738,145.30530878621673,140.9277390064455,141.2223358154297,42068000,GOOGL
2021-12-01 00:00:00-05:00,143.31481246492976,145.2560319905602,140.24150848223852,140.38034057617188,34020000,GOOGL
2021-12-02 00:00:00-05:00,140.57789783145594,143.17995934258195,139.54731782673127,142.28573608398438,29194000,GOOGL
2021-12-03 00:00:00-05:00,142.99734930425885,143.7129223894223,139.6334268670618,141.32583618164062,41230000,GOOGL
2021-12-06 00:00:00-05:00,142.3598740528149,143.1680068287507,139.4831248653476,142.4738311767578,30618000,GOOGL
2021-12-07 00:00:00-05:00,144.90372760519764,146.82903221042218,144.53648007981394,146.5687713623047,32240000,GOOGL
2021-12-08 00:00:00-05:00,146.8941952905736,147.68691409027883,145.70936922250843,147.48138427734375,24270000,GOOGL
2021-12-09 00:00:00-05:00,146.88873004760978,148.3905525366859,146.4149970350233,146.93600463867188,23270000,GOOGL
2021-12-10 00:00:00-05:00,147.99244969140912,148.26862564075446,146.00594491114614,147.29727172851562,24458000,GOOGL
2021-12-13 00:00:00-05:00,147.07831366274226,147.26592378004827,144.82509398206858,145.13262939453125,27070000,GOOGL
2021-12-14 00:00:00-05:00,143.28298915319172,143.7925464490647,140.543082230658,143.22227478027344,38446000,GOOGL
2021-12-15 00:00:00-05:00,142.7266307700602,146.02286815487585,141.00386438529304,145.74420166015625,36370000,GOOGL
2021-12-16 00:00:00-05:00,146.4702315616712,146.97432176442135,142.92368044490732,143.75770568847656,33650000,GOOGL
2021-12-17 00:00:00-05:00,141.82196554942942,143.15011897500315,140.62767835046085,141.0506591796875,50416000,GOOGL
2021-12-20 00:00:00-05:00,139.33386391642733,141.0999262300845,138.65809382600625,140.93321228027344,27192000,GOOGL
2021-12-21 00:00:00-05:00,141.37757108055172,143.18443842835646,139.83395623082816,142.78982543945312,28756000,GOOGL
2021-12-22 00:00:00-05:00,142.38676234044013,145.80292498957579,142.38676234044013,145.71832275390625,26322000,GOOGL
2021-12-23 00:00:00-05:00,145.80291566960798,147.53811940935915,145.7551399351971,146.21743774414062,26384000,GOOGL
2021-12-27 00:00:00-05:00,146.55532601949932,147.6381465673,146.46923553683405,147.20272827148438,15976000,GOOGL
2021-12-28 00:00:00-05:00,147.53065445426495,147.59335821023151,145.35954639528723,145.98902893066406,18200000,GOOGL
2021-12-29 00:00:00-05:00,145.9467357429029,146.7155667093918,144.95448562894353,145.95718383789062,17788000,GOOGL
2021-12-30 00:00:00-05:00,145.99600389046415,146.5991232280735,145.29983879730824,145.50485229492188,15688000,GOOGL
2021-12-31 00:00:00-05:00,145.35506319669503,146.0004760251165,144.1627655029297,144.1627655029297,18136000,GOOGL
2022-01-03 00:00:00-05:00,144.36479494039722,145.15701265332763,143.02918515577247,144.30160522460938,28646000,GOOGL
2022-01-04 00:00:00-05:00,144.7041819007758,145.78800478376272,143.03268400586742,143.71243286132812,28400000,GOOGL
2022-01-05 00:00:00-05:00,143.73283243513856,143.81195246481798,137.03286935371747,137.11944580078125,54618000,GOOGL
2022-01-06 00:00:00-05:00,136.34664244900424,139.2741441048197,135.9087336140623,137.09207153320312,37348000,GOOGL
2022-01-07 00:00:00-05:00,137.48816060615565,137.78972784408742,135.1204826896513,136.3650360107422,29760000,GOOGL
2022-01-10 00:00:00-05:00,134.43527149606194,138.15896945033379,132.53087842354833,138.00967407226562,44408000,GOOGL
2022-01-11 00:00:00-05:00,137.3503290474821,139.54881766216988,136.0420848882387,139.0710906982422,28730000,GOOGL
2022-01-12 00:00:00-05:00,140.4783702161075,141.9294404967946,140.02504742905134,140.75753784179688,26108000,GOOGL
2022-01-13 00:00:00-05:00,140.86653415436,142.17031382113908,137.75043499457064,137.92759704589844,31436000,GOOGL
2022-01-14 00:00:00-05:00,136.426740644181,140.07232082607686,136.3466335227671,138.8168182373047,29662000,GOOGL
2022-01-18 00:00:00-05:00,135.52705085012096,136.47899680734477,134.79405929684148,135.35089111328125,34872000,GOOGL
2022-01-19 00:00:00-05:00,135.87390533224854,137.30307730941794,134.373084928894,134.47360229492188,28648000,GOOGL
2022-01-20 00:00:00-05:00,135.60170661619608,136.97116649417453,132.33183224033456,132.67320251464844,29908000,GOOGL
2022-01-21 00:00:00-05:00,131.96259868346377,134.22377601264574,129.46752373899022,129.73126220703125,55652000,GOOGL
2022-01-24 00:00:00-05:00,125.37856914011597,130.5787136535352,123.90760490884027,130.18161010742188,76622000,GOOGL
2022-01-25 00:00:00-05:00,128.12743590180497,128.78329685194453,125.8985899276899,126.33101654052734,46960000,GOOGL
2022-01-26 00:00:00-05:00,130.49509993814254,132.3671462984334,126.53701871024086,128.61807250976562,49130000,GOOGL
2022-01-27 00:00:00-05:00,130.67921569341112,132.02129461705258,128.31899431594653,128.3911590576172,31950000,GOOGL
2022-01-28 00:00:00-05:00,129.04205751284695,132.72197391207828,127.87364760924652,132.71649169921875,34362000,GOOGL
2022-01-31 00:00:00-05:00,133.52365030655864,134.82841709282866,131.58044104651617,134.6597137451172,39986000,GOOGL
2022-02-01 00:00:00-05:00,136.93979546512767,137.13735254168026,133.72914748544642,136.9890594482422,68644000,GOOGL
2022-02-02 00:00:00-05:00,150.5303275907362,150.82541035596324,144.83008666091592,147.29579162597656,123200000,GOOGL
2022-02-03 00:00:00-05:00,145.01221315480836,148.96282327293622,141.98666950094375,142.40914916992188,71518000,GOOGL
2022-02-04 00:00:00-05:00,142.76195915753863,144.18564871656986,139.84639407354533,142.61117553710938,57998000,GOOGL
2022-02-07 00:00:00-05:00,143.56363789927013,143.56363789927013,138.23908788884378,138.53866577148438,54974000,GOOGL
2022-02-08 00:00:00-05:00,138.36500783997346,139.3338713718658,136.36208647624022,138.73573303222656,54284000,GOOGL
2022-02-09 00:00:00-05:00,140.2927701568597,141.8463472422032,139.51996039462585,140.91827392578125,40144000,GOOGL
2022-02-10 00:00:00-05:00,139.03875915293037,140.81127531538016,137.30056376539412,137.9604034423828,39330000,GOOGL
2022-02-11 00:00:00-05:00,137.94051590489158,138.49435604596948,132.76524653286933,133.6435546875,39958000,GOOGL
2022-02-14 00:00:00-05:00,132.62244716175653,135.65146855696324,132.62244716175653,134.8811492919922,34302000,GOOGL
2022-02-15 00:00:00-05:00,136.91590911778226,137.45135880950014,135.17523823760737,135.95849609375,26680000,GOOGL
2022-02-16 00:00:00-05:00,135.99629781778847,137.42894718548806,134.28199030422422,137.08261108398438,25022000,GOOGL
2022-02-17 00:00:00-05:00,135.59471046784896,136.4610670268482,131.84812723815682,131.90834045410156,38950000,GOOGL
2022-02-18 00:00:00-05:00,132.83193274174764,133.43207557532537,129.5770018418038,129.7825164794922,45620000,GOOGL
2022-02-22 00:00:00-05:00,129.22020512579672,131.5515578787969,127.61338526044253,129.19583129882812,44990000,GOOGL
2022-02-23 00:00:00-05:00,131.02209177354695,131.42267296291416,126.92069803114178,126.98091125488281,32786000,GOOGL
2022-02-24 00:00:00-05:00,124.35893767700955,132.3671514967105,124.35893767700955,132.0596160888672,54456000,GOOGL
2022-02-25 00:00:00-05:00,132.91654941840557,134.62786557319473,131.12460980022797,133.81973266601562,36406000,GOOGL
2022-02-28 00:00:00-05:00,132.4169288111751,135.10556696702054,131.96160142081268,134.4143829345703,38864000,GOOGL
2022-03-01 00:00:00-05:00,134.23672846802612,135.60717546651932,132.58463846083353,133.42361450195312,26496000,GOOGL
2022-03-02 00:00:00-05:00,133.9874173025302,134.61888922639284,132.43832018027874,133.93118286132812,23520000,GOOGL
2022-03-03 00:00:00-05:00,135.3628369812351,135.79029772447288,132.39254063011379,133.26239013671875,24604000,GOOGL
2022-03-04 00:00:00-05:00,132.29500752871238,133.2146069267177,129.71731977017836,131.2788543701172,30430000,GOOGL
2022-03-07 00:00:00-05:00,130.86236095139722,131.10817972412593,125.6940618778204,125.77716827392578,45112000,GOOGL
2022-03-08 00:00:00-05:00,125.64928373265987,130.62549298939888,125.07652156125128,126.49971771240234,40428000,GOOGL
2022-03-09 00:00:00-05:00,130.62549842385695,133.09917627893765,129.28241693830725,132.78517150878906,37026000,GOOGL
2022-03-10 00:00:00-05:00,130.6414308049341,132.63788279324265,130.28961242579786,131.7993927001953,27102000,GOOGL
2022-03-11 00:00:00-05:00,132.85332926637238,133.15887530088736,129.01468700810108,129.25254821777344,31526000,GOOGL
2022-03-14 00:00:00-04:00,129.63024013957775,129.78848017881063,124.67891386783609,125.35169219970703,38812000,GOOGL
2022-03-15 00:00:00-04:00,126.37182448632802,129.23663756892861,125.12229757961958,128.583251953125,30920000,GOOGL
2022-03-16 00:00:00-04:00,130.1109526032966,132.69857226432342,128.12195717811286,132.64633178710938,35576000,GOOGL
2022-03-17 00:00:00-04:00,132.51544446609907,133.44251542685555,131.55602693390728,133.20216369628906,28264000,GOOGL
2022-03-18 00:00:00-04:00,132.7896462062571,135.59573437858364,131.62919384052108,135.47779846191406,44566000,GOOGL
2022-03-21 00:00:00-04:00,135.5156199323404,136.39790698932094,133.45447478433732,135.45391845703125,26832000,GOOGL
2022-03-22 00:00:00-04:00,135.45391090476724,140.37886680791058,135.45391090476724,139.20248413085938,35496000,GOOGL
2022-03-23 00:00:00-04:00,138.0425238994977,138.9243097056279,137.17915893523153,137.6175537109375,25154000,GOOGL
2022-03-24 00:00:00-04:00,138.53765371288432,140.94514991308523,137.09505730306245,140.89837646484375,26396000,GOOGL
2022-03-25 00:00:00-04:00,141.2407413681991,141.35917842740724,139.07260969193993,140.9989013671875,24126000,GOOGL
2022-03-28 00:00:00-04:00,140.23007305677257,141.32683456688196,139.1462501767931,140.78244018554688,35050000,GOOGL
2022-03-29 00:00:00-04:00,141.96876091620584,143.10930412787826,141.36264991460445,141.82742309570312,34318000,GOOGL
2022-03-30 00:00:00-04:00,141.78215606095287,142.041414610686,140.92624749010545,141.2631378173828,19884000,GOOGL
2022-03-31 00:00:00-04:00,141.3770755393763,141.43182173454176,138.36299756837354,138.40579223632812,37524000,GOOGL
2022-04-01 00:00:00-04:00,138.83622510765764,139.80259792884758,137.6493944528036,139.48362731933594,25942000,GOOGL
2022-04-04 00:00:00-04:00,139.69065571151913,143.02819955507672,139.6428799730055,142.2912139892578,25942000,GOOGL
2022-04-05 00:00:00-04:00,142.18920353815585,142.3101159402801,139.7145388197234,139.9220428466797,21418000,GOOGL
2022-04-06 00:00:00-04:00,138.0897877762518,138.6973869731092,134.8721696149984,135.8982696533203,32468000,GOOGL
2022-04-07 00:00:00-04:00,135.3628405109315,136.5118576914848,133.58882067273166,135.24192810058594,26234000,GOOGL
2022-04-08 00:00:00-04:00,134.93835487299648,135.0244453490223,132.33281575795365,132.65328979492188,25142000,GOOGL
2022-04-11 00:00:00-04:00,131.19626633845286,131.46398360336622,128.0562794987525,128.21054077148438,36884000,GOOGL
2022-04-12 00:00:00-04:00,130.97382925450697,130.97382925450697,126.1857162540227,127.1068115234375,32710000,GOOGL
2022-04-13 00:00:00-04:00,127.39093966649723,129.7138334675101,127.13316938924753,129.2759246826172,27928000,GOOGL
2022-04-14 00:00:00-04:00,129.85867002195013,129.85867002195013,125.99861492222685,126.12700653076172,31598000,GOOGL
2022-04-18 00:00:00-04:00,126.39570550350903,127.60243008197236,125.58159694137179,127.06898498535156,20808000,GOOGL
2022-04-19 00:00:00-04:00,127.0839183466349,129.7128443833924,126.39520967257236,129.39039611816406,26490000,GOOGL
2022-04-20 00:00:00-04:00,130.2691902594668,130.77378162705162,126.89333171577131,127.43075561523438,31696000,GOOGL
2022-04-21 00:00:00-04:00,128.63499994743174,129.47945810187937,123.93397230591673,124.2206039428711,36446000,GOOGL
2022-04-22 00:00:00-04:00,124.40523047709615,124.80531812352369,118.35913931314636,119.06625366210938,56884000,GOOGL
2022-04-25 00:00:00-04:00,118.53430015780602,122.69092625776436,117.94711109788153,122.48839569091797,46128000,GOOGL
2022-04-26 00:00:00-04:00,121.71260107377317,121.92707556109316,117.94710303931359,118.08544158935547,73054000,GOOGL
2022-04-27 00:00:00-04:00,113.92482651279367,116.68413343389656,112.20007840202844,113.75066375732422,91820000,GOOGL
2022-04-28 00:00:00-04:00,115.86107166046905,119.08017825241917,113.57201255036027,117.95854187011719,48884000,GOOGL
2022-04-29 00:00:00-04:00,116.17905335741958,117.35891362880432,113.27294906445184,113.56654357910156,42676000,GOOGL
2022-05-02 00:00:00-04:00,112.86539470993021,116.18999980943521,112.06422476007553,116.02827453613281,35534000,GOOGL
2022-05-03 00:00:00-04:00,115.87649904343223,117.87843306840782,115.48238717008276,116.77570343017578,24968000,GOOGL
2022-05-04 00:00:00-04:00,116.47464340177527,122.26993450529203,114.56825328439439,121.67926025390625,49916000,GOOGL
2022-05-05 00:00:00-04:00,119.63205251164236,120.46307853692151,114.45828622672609,115.9511489868164,45840000,GOOGL
2022-05-06 00:00:00-04:00,114.63643262732876,117.01207587544798,113.47299621973782,115.19575500488281,39710000,GOOGL
2022-05-09 00:00:00-04:00,112.71112137267934,114.52943140243931,111.46757040443748,111.97563934326172,40802000,GOOGL
2022-05-10 00:00:00-04:00,114.95788698251471,115.6968542910652,112.36328947356759,113.85067749023438,39900000,GOOGL
2022-05-11 00:00:00-04:00,112.6977024843236,115.81081721712015,112.6977024843236,113.06195831298828,37534000,GOOGL
2022-05-12 00:00:00-04:00,110.84755396423819,113.75116787198364,109.30194194078871,112.30707550048828,53836000,GOOGL
2022-05-13 00:00:00-04:00,113.98803256594428,117.31413370158947,113.06445432012579,115.4983139038086,35038000,GOOGL
2022-05-16 00:00:00-04:00,114.4085130103672,115.61723456489342,113.34759099386139,113.90044403076172,25990000,GOOGL
2022-05-17 00:00:00-04:00,116.2845443739888,116.34376289863141,114.32342334704686,115.91879272460938,23054000,GOOGL
2022-05-18 00:00:00-04:00,114.4528070059292,114.8509052445683,111.02469285947781,111.36705780029297,35126000,GOOGL
2022-05-19 00:00:00-04:00,110.90128865895407,112.4722766682842,109.47659675819857,109.85877227783203,34144000,GOOGL
2022-05-20 00:00:00-04:00,111.418305686061,111.6497051639263,105.29309506741203,108.38978576660156,48962000,GOOGL
2022-05-23 00:00:00-04:00,109.06606499448633,111.61388163619868,108.22358859840143,110.95751953125,37184000,GOOGL
2022-05-24 00:00:00-04:00,105.26872621912392,105.95196030949565,101.3997188941299,105.46578216552734,76780000,GOOGL
2022-05-25 00:00:00-04:00,104.4859474528287,105.99324451926378,103.36232172356168,105.30155181884766,40258000,GOOGL
2022-05-26 00:00:00-04:00,105.1741741646191,108.13252659391175,104.72432138922662,107.27960968017578,37948000,GOOGL
2022-05-27 00:00:00-04:00,108.96206764548037,111.78357744330532,108.61920153555575,111.7820816040039,37914000,GOOGL
2022-05-31 00:00:00-04:00,112.21002456042172,115.18430708649075,111.54520378568205,113.22069549560547,50012000,GOOGL
2022-06-01 00:00:00-04:00,114.30850533505887,116.54431425454679,112.71113883445743,113.35008239746094,36606000,GOOGL
2022-06-02 00:00:00-04:00,113.45756701556255,117.33851047218953,112.40908243525307,117.06282806396484,37992000,GOOGL
2022-06-03 00:00:00-04:00,115.51025464447159,115.76802495065249,112.97836071006883,113.9959945678711,26136000,GOOGL
2022-06-06 00:00:00-04:00,116.14919546785866,118.77912375848886,115.61127043127397,116.2646484375,33542000,GOOGL
2022-06-07 00:00:00-04:00,114.93102184671086,117.13100649382692,114.50456340116364,116.59207916259766,31590000,GOOGL
2022-06-08 00:00:00-04:00,116.20592298566977,118.00632111258021,116.04519240682265,116.63636779785156,26108000,GOOGL
2022-06-09 00:00:00-04:00,115.77399057256335,117.73611398435301,114.22987449001698,114.28909301757812,25798000,GOOGL
2022-06-10 00:00:00-04:00,111.90996957203606,112.74000091085708,109.84085939587028,110.63257598876953,41452000,GOOGL
2022-06-13 00:00:00-04:00,106.27839110394777,108.27384824703032,105.61407143207575,105.88626861572266,47252000,GOOGL
2022-06-14 00:00:00-04:00,106.02808814729501,107.41097248913957,105.29658482140374,106.20772552490234,33706000,GOOGL
2022-06-15 00:00:00-04:00,108.02851540213744,110.89332070160148,107.1571853080472,109.24221801757812,39698000,GOOGL
2022-06-16 00:00:00-04:00,106.71081841205395,108.1315239116339,104.63772962441162,105.52896881103516,51684000,GOOGL
2022-06-17 00:00:00-04:00,105.52897843764345,108.18229360105146,104.54617406358982,106.63369750976562,51376000,GOOGL
2022-06-21 00:00:00-04:00,108.41118312635855,111.95424892421053,108.08325267016507,111.01324462890625,47416000,GOOGL
2022-06-22 00:00:00-04:00,110.03045374439513,112.8071716946308,109.85727808662209,110.95702362060547,30774000,GOOGL
2022-06-23 00:00:00-04:00,111.69748342305398,112.2060535832616,109.97472459480133,111.70793151855469,28362000,GOOGL
2022-06-24 00:00:00-04:00,112.457343264938,117.5171519120344,112.4150421499824,117.41364288330078,41164000,GOOGL
2022-06-27 00:00:00-04:00,117.7102399923707,118.01527730147949,114.63145354876544,115.2823486328125,36420000,GOOGL
2022-06-28 00:00:00-04:00,115.25148924100075,116.75132243650623,111.31580714736661,111.47454833984375,35792000,GOOGL
2022-06-29 00:00:00-04:00,111.02121914854789,112.62206327148687,110.34494794788081,111.17000579833984,24716000,GOOGL
2022-06-30 00:00:00-04:00,109.47660264341167,110.3603778852546,106.24206665621995,108.44453430175781,43170000,GOOGL
2022-07-01 00:00:00-04:00,107.41943163222562,108.73016641639377,106.22265397774427,108.22010803222656,35476000,GOOGL
2022-07-05 00:00:00-04:00,106.59089908908788,112.83753130607606,105.22840975036895,112.72407531738281,39342000,GOOGL
2022-07-06 00:00:00-04:00,112.76288648601033,115.0395005469071,110.94557098037903,114.02684020996094,37432000,GOOGL
2022-07-07 00:00:00-04:00,114.53242824450783,118.62237150865167,114.28710302372731,118.21780395507812,40936000,GOOGL
2022-07-08 00:00:00-04:00,116.69209965966292,119.11551098399944,116.34525479851375,118.78559112548828,38238000,GOOGL
2022-07-11 00:00:00-04:00,117.4365476052986,117.4365476052986,114.78173665895066,115.12609100341797,31196000,GOOGL
2022-07-12 00:00:00-04:00,115.66201280608395,116.41740394407732,113.14903353840538,113.47795867919922,29960000,GOOGL
2022-07-13 00:00:00-04:00,111.16949673952026,113.65262767517154,110.67237700140517,110.82365417480469,43722000,GOOGL
2022-07-14 00:00:00-04:00,109.68610316058955,110.56440377859388,107.85734476528513,109.84235382080078,37004000,GOOGL
2022-07-15 00:00:00-04:00,111.4675820742736,112.60215711200841,110.3723164753788,111.24563598632812,46770000,GOOGL
2022-07-18 00:00:00-04:00,112.10403881377384,113.13909122528293,107.85435955238535,108.51121520996094,43164600,GOOGL
2022-07-19 00:00:00-04:00,110.32255584496407,113.47747063825159,109.03869296718022,113.26847076416016,36530900,GOOGL
2022-07-20 00:00:00-04:00,112.63151001819001,114.85090252062787,111.9447983557441,113.35803985595703,35600400,GOOGL
2022-07-21 00:00:00-04:00,113.73623213542243,114.00495167460863,110.58131743938425,113.79594421386719,32676200,GOOGL
2022-07-22 00:00:00-04:00,110.47183703443812,111.80545736836784,105.9932490465555,107.38658905029297,48901200,GOOGL
2022-07-25 00:00:00-04:00,107.89417039822348,109.3472225583573,105.79420953019157,106.99845123291016,34690900,GOOGL
2022-07-26 00:00:00-04:00,106.0927781113769,106.68992169386529,103.57481748327089,104.52029418945312,47991000,GOOGL
2022-07-27 00:00:00-04:00,108.74011946731692,113.3679952824466,107.49606723707197,112.52203369140625,59858500,GOOGL
2022-07-28 00:00:00-04:00,111.83532546250933,113.79594545946627,110.92965176635761,113.67652130126953,32816600,GOOGL
2022-07-29 00:00:00-04:00,112.54194397943671,116.15466896108313,112.52203489140882,115.76652526855469,37223400,GOOGL
2022-08-01 00:00:00-04:00,114.75137773642173,116.16461921046162,113.79593896680589,114.31346893310547,26034300,GOOGL
2022-08-02 00:00:00-04:00,113.45755580117293,115.79637231880683,113.17888933515243,114.5821762084961,20236000,GOOGL
2022-08-03 00:00:00-04:00,115.1594320713057,118.05558946224379,114.93053070088145,117.51815795898438,28499000,GOOGL
2022-08-04 00:00:00-04:00,116.92100378249576,118.21481349778459,116.33380720333798,117.62762451171875,21602900,GOOGL
2022-08-05 00:00:00-04:00,115.67695125259638,117.54800299790868,115.44804231050304,116.91104888916016,19159500,GOOGL
2022-08-08 00:00:00-04:00,117.82667699099878,119.57830469839134,116.32385973549923,116.74186706542969,19138300,GOOGL
2022-08-09 00:00:00-04:00,116.58262580661216,116.7617696373508,115.15942970493639,116.0750503540039,19086500,GOOGL
2022-08-10 00:00:00-04:00,118.21481912974991,120.34463596242325,117.84658452538288,119.13043975830078,30930400,GOOGL
2022-08-11 00:00:00-04:00,120.70292085614055,120.91192071702521,117.99586202223843,118.27452850341797,24293700,GOOGL
2022-08-12 00:00:00-04:00,119.6877792993413,121.10102081298828,118.89158283337814,121.10102081298828,19096300,GOOGL
2022-08-15 00:00:00-04:00,120.55363833935155,121.71807703386351,120.03611593641816,121.4991226196289,19494800,GOOGL
2022-08-16 00:00:00-04:00,120.9417744547049,121.84744809440268,120.06596444578726,121.12091827392578,19041200,GOOGL
2022-08-17 00:00:00-04:00,119.54845822628812,120.7128894119923,118.8119737627189,118.98117065429688,22847000,GOOGL
2022-08-18 00:00:00-04:00,118.86172875873096,120.2451142565541,118.15510799023149,119.59820556640625,17987700,GOOGL
2022-08-19 00:00:00-04:00,118.49348615368488,118.58306186399878,116.20443457194587,116.65229034423828,21809500,GOOGL
2022-08-22 00:00:00-04:00,114.65184995934078,115.07980422824266,113.30827507565557,113.69641876220703,21456600,GOOGL
2022-08-23 00:00:00-04:00,112.94004053241602,114.46275924088157,112.89027540618044,113.31822967529297,15870400,GOOGL
2022-08-24 00:00:00-04:00,112.95994947111635,114.23385781853895,112.3329498419266,113.1490478515625,17734600,GOOGL
2022-08-25 00:00:00-04:00,113.69641910388675,116.1646220653855,113.56704040567818,116.09495544433594,16956800,GOOGL
2022-08-26 00:00:00-04:00,114.17414361532893,114.57224186477183,109.66569935363755,109.81497955322266,37245700,GOOGL
2022-08-29 00:00:00-04:00,109.46664053448025,110.42207172581055,108.2823079873906,108.89935302734375,21191200,GOOGL
2022-08-30 00:00:00-04:00,109.64578930257257,109.97422092496217,107.28707105272045,108.42164611816406,27513300,GOOGL
2022-08-31 00:00:00-04:00,110.1235084111581,110.3225537370346,107.61549478379631,107.70507049560547,28627000,GOOGL
2022-09-01 00:00:00-04:00,107.76478233631381,109.92445524897461,106.84916169035981,109.21783447265625,28360900,GOOGL
2022-09-02 00:00:00-04:00,110.06378281149561,110.2130705944094,106.74963351488796,107.33682250976562,24160700,GOOGL
2022-09-06 00:00:00-04:00,106.78945467940345,107.51597698550802,105.2766827991625,106.3017807006836,25068300,GOOGL
2022-09-07 00:00:00-04:00,106.55058712829103,109.45669902186589,106.39135238503752,108.92921447753906,23167000,GOOGL
2022-09-08 00:00:00-04:00,107.5259250214311,109.078499800194,106.65011497063273,107.86430358886719,24238300,GOOGL
2022-09-09 00:00:00-04:00,108.55102080160147,110.46188319968864,108.5012556752909,110.12350463867188,23197700,GOOGL
2022-09-12 00:00:00-04:00,110.46189060861155,111.08889783257369,109.40693667928096,110.33251190185547,22966800,GOOGL
2022-09-13 00:00:00-04:00,107.2870684416698,107.7846893387219,103.59471470362199,103.82362365722656,38172900,GOOGL
2022-09-14 00:00:00-04:00,104.07243482099148,104.77905558849064,103.16676873054044,104.5003890991211,26395100,GOOGL
2022-09-15 00:00:00-04:00,103.53499978150074,104.76909744622156,101.86299330961457,102.42033386230469,34188300,GOOGL
2022-09-16 00:00:00-04:00,101.58432982803475,102.639283702151,100.45970933191258,102.31085968017578,42797200,GOOGL
2022-09-19 00:00:00-04:00,101.26584814817858,102.83833193685109,101.06680283524696,102.5795669555664,23036800,GOOGL
2022-09-20 00:00:00-04:00,101.59428213900198,101.882903164709,100.04169980785068,100.65875244140625,26517100,GOOGL
2022-09-21 00:00:00-04:00,101.18622915681169,102.39047078999764,98.79764738492318,98.80760192871094,31487300,GOOGL
2022-09-22 00:00:00-04:00,98.34979431212098,100.75827764430566,98.31993827303401,99.66351318359375,34298600,GOOGL
2022-09-23 00:00:00-04:00,99.15593670389735,99.18580033576465,97.00621838807963,98.27017211914062,31625400,GOOGL
2022-09-26 00:00:00-04:00,97.63321424053862,99.40474334217092,97.33464627113645,97.702880859375,27072700,GOOGL
2022-09-27 00:00:00-04:00,98.95689646179537,99.52418400691106,96.40907978100809,97.03607940673828,30072800,GOOGL
2022-09-28 00:00:00-04:00,97.18536972439702,100.22085285955642,96.64793820563632,99.5739517211914,32466300,GOOGL
2022-09-29 00:00:00-04:00,98.17065531531073,98.17065531531073,95.50340685796787,96.95645904541016,31047200,GOOGL
2022-09-30 00:00:00-04:00,96.58821763291844,98.4294134043774,95.10530191604596,95.19487762451172,32941500,GOOGL
2022-10-03 00:00:00-04:00,96.29960237487207,98.8175630102199,96.06073886671564,98.170654296875,27982000,GOOGL
2022-10-04 00:00:00-04:00,99.96208499329005,101.35541738545221,99.90236532427448,101.1563720703125,28850800,GOOGL
2022-10-05 00:00:00-04:00,99.3549871325797,101.4449933185741,98.32988933045003,100.94737243652344,22176900,GOOGL
2022-10-06 00:00:00-04:00,100.20094688426994,102.4402409824645,100.11137117193405,100.93742370605469,22324000,GOOGL
2022-10-07 00:00:00-04:00,99.37489560091394,100.0516603517211,97.83227531415282,98.21046447753906,27502800,GOOGL
2022-10-10 00:00:00-04:00,98.52893845076046,98.62846111239529,96.54840938978579,97.39436340332031,18225100,GOOGL
2022-10-11 00:00:00-04:00,96.96640841022621,98.77774817376962,95.85173486608706,96.71759796142578,26507100,GOOGL
2022-10-12 00:00:00-04:00,96.83702964877843,98.28012721366622,96.27968908051714,97.09578704833984,21876400,GOOGL
2022-10-13 00:00:00-04:00,94.69725461689511,99.30522121438588,93.93091421252319,98.5886459350586,34574500,GOOGL
2022-10-14 00:00:00-04:00,99.51423544013805,100.21090932589033,95.9114646222533,96.10055541992188,25410700,GOOGL
2022-10-17 00:00:00-04:00,98.38961227226265,100.44976264774354,98.35975623093717,99.49433135986328,28419200,GOOGL
2022-10-18 00:00:00-04:00,102.63928332260754,102.977669480451,99.49432320685048,100.29051208496094,24060700,GOOGL
2022-10-19 00:00:00-04:00,99.53414159458751,100.53933041676378,98.4493240073362,99.15594482421875,23811100,GOOGL
2022-10-20 00:00:00-04:00,99.52418740118877,101.83314824517264,98.91708925059409,99.49433135986328,25323200,GOOGL
2022-10-21 00:00:00-04:00,97.38440433575951,100.82793990140142,97.25502564095308,100.64879608154297,32458700,GOOGL
2022-10-24 00:00:00-04:00,101.31562068072593,102.26109737591833,99.50428086547959,102.03218841552734,27176400,GOOGL
2022-10-25 00:00:00-04:00,102.41038054718946,104.3212429399577,102.23123672329918,103.98286437988281,40611400,GOOGL
2022-10-26 00:00:00-04:00,95.97117241436078,97.8422243688905,94.23945371213154,94.47830963134766,88114100,GOOGL
2022-10-27 00:00:00-04:00,94.0702480931704,94.97592174214003,91.36319687614095,91.78119659423828,60710900,GOOGL
2022-10-28 00:00:00-04:00,91.8309566371646,96.09059787724979,91.6916233939895,95.83183288574219,43697300,GOOGL
2022-10-31 00:00:00-04:00,94.9659688055794,95.57306689870097,93.53282580597906,94.060302734375,31675000,GOOGL
2022-11-01 00:00:00-04:00,94.9958198123906,95.57306183643806,89.9399976095824,90.03952026367188,47161400,GOOGL
2022-11-02 00:00:00-04:00,90.50729412723294,90.74615003951523,86.46660714853941,86.55618286132812,57038300,GOOGL
2022-11-03 00:00:00-04:00,85.90926808736477,86.10831340135847,82.94344431306968,83.03302001953125,61288000,GOOGL
2022-11-04 00:00:00-04:00,84.99365177935555,86.22774949314112,83.3116906968652,86.16803741455078,51124900,GOOGL
2022-11-07 00:00:00-05:00,86.86470514307494,88.47699963071189,86.436750855232,88.0689468383789,34078900,GOOGL
2022-11-08 00:00:00-05:00,88.47699737548828,89.89023890654045,87.17322545658932,88.47699737548828,30429000,GOOGL
2022-11-09 00:00:00-05:00,88.02913095745633,89.01442577049444,86.8646999163299,86.90451049804688,31769100,GOOGL
2022-11-10 00:00:00-05:00,91.81105799655386,93.94087488626228,91.1741038384967,93.4930191040039,51620100,GOOGL
2022-11-11 00:00:00-05:00,94.23944635528495,96.46878581115081,93.47310593436431,95.95126342773438,33090500,GOOGL
2022-11-14 00:00:00-05:00,94.6375384345769,96.32945403822642,94.0603039654914,95.24463653564453,30179500,GOOGL
2022-11-15 00:00:00-05:00,97.79245956917397,99.66351138474529,96.2498317707238,97.97160339355469,41640800,GOOGL
2022-11-16 00:00:00-05:00,97.43417722407897,99.16589589196096,97.17541222075646,98.37965393066406,29105200,GOOGL
2022-11-17 00:00:00-05:00,96.50859755213386,98.80760365631383,96.32945372628268,97.89198303222656,26052600,GOOGL
2022-11-18 00:00:00-05:00,98.30002812804044,98.4294144201493,95.91145390965606,96.9664077758789,28342300,GOOGL
2022-11-21 00:00:00-05:00,96.82707985856685,97.93179891222259,94.90626279702143,95.1451187133789,21647400,GOOGL
2022-11-22 00:00:00-05:00,95.49344664625919,96.757407970804,93.60249332105981,96.58821868896484,23438500,GOOGL
2022-11-23 00:00:00-05:00,96.62802445978609,98.2900840665078,96.62802445978609,97.99150848388672,18868100,GOOGL
2022-11-25 00:00:00-05:00,97.77255664966751,98.17065490597226,96.93655714521095,96.99626922607422,9701400,GOOGL
2022-11-28 00:00:00-05:00,96.5782667025875,97.11569819421372,95.1550706024734,95.59297943115234,26237500,GOOGL
2022-11-29 00:00:00-05:00,95.2745073253337,95.6626510462463,93.66221276632477,94.73707580566406,20061700,GOOGL
2022-11-30 00:00:00-05:00,94.36882794469375,100.55923320625755,93.97072970281681,100.50946807861328,43647500,GOOGL
2022-12-01 00:00:00-05:00,100.53932411796288,101.7634748829433,99.772991266651,100.50946807861328,28687100,GOOGL
2022-12-02 00:00:00-05:00,98.57870403410195,100.29051356417902,98.429416244413,99.96208953857422,21480700,GOOGL
2022-12-05 00:00:00-05:00,98.92703166952748,100.89760608639799,98.5289334501006,99.00665283203125,24405100,GOOGL
2022-12-06 00:00:00-05:00,98.82751539763453,99.30522721733549,95.96121410705892,96.5185546875,24910700,GOOGL
2022-12-07 00:00:00-05:00,95.95125726651678,96.41901449377833,94.26929634050404,94.48825073242188,31045400,GOOGL
2022-12-08 00:00:00-05:00,94.92615870890563,95.12521162173816,93.00534176035212,93.26410675048828,32213300,GOOGL
2022-12-09 00:00:00-05:00,93.32382786918778,93.8115018580551,92.30868449121564,92.3883056640625,28225400,GOOGL
2022-12-12 00:00:00-05:00,92.2688614145164,93.11481538049334,91.17409701189375,92.86600494384766,29420000,GOOGL
2022-12-13 00:00:00-05:00,97.2948424708287,99.05641715165841,94.57782896066584,95.17497253417969,40593700,GOOGL
2022-12-14 00:00:00-05:00,94.74702397460736,96.4090836855868,93.15463848462352,94.61764526367188,28733600,GOOGL
2022-12-15 00:00:00-05:00,92.68686895444695,93.19444441414178,89.58171930241409,90.42767333984375,40107000,GOOGL
2022-12-16 00:00:00-05:00,90.32814916628604,90.89543669655227,89.09404384987789,89.83052825927734,58011800,GOOGL
2022-12-19 00:00:00-05:00,89.83051992764071,90.12908788829876,87.79027136089782,88.01918029785156,29493000,GOOGL
2022-12-20 00:00:00-05:00,87.69076176428035,88.75567026134895,87.02395153379007,88.59642791748047,23453800,GOOGL
2022-12-21 00:00:00-05:00,88.65614191430713,89.7907169658723,87.89975601556621,89.15376281738281,24745600,GOOGL
2022-12-22 00:00:00-05:00,87.74051305976175,88.1187021771758,85.90926435949673,87.34241485595703,27658300,GOOGL
2022-12-23 00:00:00-05:00,86.69551223985816,89.12390461779462,86.655701657406,88.80542755126953,23003000,GOOGL
2022-12-27 00:00:00-05:00,88.37747674118715,88.51680998867842,86.59599297044319,86.97418212890625,20097300,GOOGL
2022-12-28 00:00:00-05:00,86.56614139398224,87.62109534883498,85.5310889356147,85.61070251464844,19523200,GOOGL
2022-12-29 00:00:00-05:00,86.20784988305239,88.42723490757112,86.19789533870554,88.02913665771484,23333500,GOOGL
2022-12-30 00:00:00-05:00,86.56613603016086,87.87985491647791,86.15808324311536,87.81018829345703,23986300,GOOGL
2020-01-02 00:00:00-05:00,93.75,94.90049743652344,93.2074966430664,94.90049743652344,80580000,AMZN
2020-01-03 00:00:00-05:00,93.2249984741211,94.30999755859375,93.2249984741211,93.74849700927734,75288000,AMZN
2020-01-06 00:00:00-05:00,93.0,95.18450164794922,93.0,95.14399719238281,81236000,AMZN
2020-01-07 00:00:00-05:00,95.2249984741211,95.69450378417969,94.60199737548828,95.34300231933594,80898000,AMZN
2020-01-08 00:00:00-05:00,94.9020004272461,95.55000305175781,94.3219985961914,94.59850311279297,70160000,AMZN
2020-01-09 00:00:00-05:00,95.49449920654297,95.89099884033203,94.79000091552734,95.05249786376953,63346000,AMZN
2020-01-10 00:00:00-05:00,95.26850128173828,95.34700012207031,94.0,94.15799713134766,57074000,AMZN
2020-01-13 00:00:00-05:00,94.56549835205078,94.9000015258789,94.04000091552734,94.56500244140625,55616000,AMZN
2020-01-14 00:00:00-05:00,94.29399871826172,94.35549926757812,92.92749786376953,93.47200012207031,68818000,AMZN
2020-01-15 00:00:00-05:00,93.61250305175781,93.94300079345703,92.75450134277344,93.10099792480469,57932000,AMZN
2020-01-16 00:00:00-05:00,94.14949798583984,94.27950286865234,93.3010025024414,93.89700317382812,53190000,AMZN
2020-01-17 00:00:00-05:00,94.29450225830078,94.33200073242188,92.86250305175781,93.23600006103516,79946000,AMZN
2020-01-21 00:00:00-05:00,93.25,94.7135009765625,93.0,94.5999984741211,74156000,AMZN
2020-01-22 00:00:00-05:00,94.80449676513672,95.125,94.16699981689453,94.37300109863281,64326000,AMZN
2020-01-23 00:00:00-05:00,94.25550079345703,94.4990005493164,93.63800048828125,94.22899627685547,49692000,AMZN
2020-01-24 00:00:00-05:00,94.56849670410156,94.74949645996094,92.37200164794922,93.08200073242188,75324000,AMZN
2020-01-27 00:00:00-05:00,91.0,92.05000305175781,90.76699829101562,91.41699981689453,70570000,AMZN
2020-01-28 00:00:00-05:00,92.0250015258789,92.90550231933594,91.5009994506836,92.6624984741211,56160000,AMZN
2020-01-29 00:00:00-05:00,93.19999694824219,93.73750305175781,92.7509994506836,92.9000015258789,41760000,AMZN
2020-01-30 00:00:00-05:00,92.9000015258789,93.64350128173828,92.53050231933594,93.53399658203125,126548000,AMZN
2020-01-31 00:00:00-05:00,102.57350158691406,102.78600311279297,100.1135025024414,100.43599700927734,311346000,AMZN
2020-02-03 00:00:00-05:00,100.52999877929688,102.42500305175781,100.01249694824219,100.20999908447266,117834000,AMZN
2020-02-04 00:00:00-05:00,101.49400329589844,102.98999786376953,100.76850128173828,102.4834976196289,105786000,AMZN
2020-02-05 00:00:00-05:00,103.5510025024414,103.5510025024414,101.5999984741211,101.99349975585938,87524000,AMZN
2020-02-06 00:00:00-05:00,102.0510025024414,102.81500244140625,101.23999786376953,102.5114974975586,63660000,AMZN
2020-02-07 00:00:00-05:00,102.09950256347656,104.92649841308594,101.90499877929688,103.96399688720703,101906000,AMZN
2020-02-10 00:00:00-05:00,104.25050354003906,106.77999877929688,104.24800109863281,106.69550323486328,101124000,AMZN
2020-02-11 00:00:00-05:00,107.54499816894531,109.29750061035156,106.80000305175781,107.54000091552734,114920000,AMZN
2020-02-12 00:00:00-05:00,108.16000366210938,109.01249694824219,107.7645034790039,108.0,66686000,AMZN
2020-02-13 00:00:00-05:00,107.24949645996094,108.51399993896484,107.0999984741211,107.49349975585938,60636000,AMZN
2020-02-14 00:00:00-05:00,107.78399658203125,107.9520034790039,106.29450225830078,106.74349975585938,52124000,AMZN
2020-02-18 00:00:00-05:00,106.2509994506836,108.30349731445312,106.20549774169922,107.78350067138672,58912000,AMZN
2020-02-19 00:00:00-05:00,108.38999938964844,109.25499725341797,108.05599975585938,108.51100158691406,51224000,AMZN
2020-02-20 00:00:00-05:00,108.65350341796875,108.8395004272461,106.37249755859375,107.65499877929688,62626000,AMZN
2020-02-21 00:00:00-05:00,107.10749816894531,107.22750091552734,104.4000015258789,104.79850006103516,92926000,AMZN
2020-02-24 00:00:00-05:00,100.15899658203125,101.96499633789062,99.39849853515625,100.4645004272461,130940000,AMZN
2020-02-25 00:00:00-05:00,101.32099914550781,101.7300033569336,97.9209976196289,98.63700103759766,124382000,AMZN
2020-02-26 00:00:00-05:00,98.51399993896484,100.7334976196289,98.02249908447266,98.97949981689453,104492000,AMZN
2020-02-27 00:00:00-05:00,96.71900177001953,98.75,94.13800048828125,94.21499633789062,162880000,AMZN
2020-02-28 00:00:00-05:00,90.73149871826172,94.48799896240234,90.55650329589844,94.1875,189620000,AMZN
2020-03-02 00:00:00-05:00,95.32450103759766,97.72550201416016,93.5,97.69750213623047,135234000,AMZN
2020-03-03 00:00:00-05:00,98.76850128173828,99.81649780273438,94.40450286865234,95.44950103759766,150690000,AMZN
2020-03-04 00:00:00-05:00,97.32849884033203,98.9000015258789,96.0999984741211,98.79149627685547,95458000,AMZN
2020-03-05 00:00:00-05:00,96.6500015258789,98.03600311279297,95.5,96.20149993896484,94964000,AMZN
2020-03-06 00:00:00-05:00,93.75,95.54350280761719,93.4749984741211,95.05449676513672,105472000,AMZN
2020-03-09 00:00:00-04:00,88.69300079345703,93.13849639892578,88.06449890136719,90.03050231933594,156264000,AMZN
2020-03-10 00:00:00-04:00,93.54399871826172,94.7135009765625,90.90850067138672,94.59100341796875,142666000,AMZN
2020-03-11 00:00:00-04:00,92.89250183105469,93.56600189208984,90.07499694824219,91.04299926757812,112496000,AMZN
2020-03-12 00:00:00-04:00,86.0989990234375,88.25,83.75,83.83049774169922,226924000,AMZN
2020-03-13 00:00:00-04:00,87.75,89.31549835205078,84.03099822998047,89.25,176194000,AMZN
2020-03-16 00:00:00-04:00,82.07550048828125,87.97250366210938,81.30149841308594,84.4574966430664,178346000,AMZN
2020-03-17 00:00:00-04:00,88.77349853515625,92.88899993896484,84.46199798583984,90.39199829101562,218342000,AMZN
2020-03-18 00:00:00-04:00,87.5,92.08300018310547,87.25,91.5,192904000,AMZN
2020-03-19 00:00:00-04:00,93.0,97.25,91.63249969482422,94.04650115966797,207998000,AMZN
2020-03-20 00:00:00-04:00,96.31549835205078,97.8499984741211,91.0364990234375,92.30449676513672,196358000,AMZN
2020-03-23 00:00:00-04:00,91.38749694824219,95.97000122070312,90.5999984741211,95.1415023803711,156170000,AMZN
2020-03-24 00:00:00-04:00,97.57499694824219,97.75,95.01699829101562,97.00499725341797,142942000,AMZN
2020-03-25 00:00:00-04:00,96.03450012207031,97.51300048828125,94.28900146484375,94.29199981689453,129582000,AMZN
2020-03-26 00:00:00-04:00,95.0999984741211,97.82450103759766,94.4645004272461,97.77449798583984,124426000,AMZN
2020-03-27 00:00:00-04:00,96.54299926757812,96.989501953125,94.99600219726562,95.00499725341797,107758000,AMZN
2020-03-30 00:00:00-04:00,96.1415023803711,98.68150329589844,95.61699676513672,98.19750213623047,122522000,AMZN
2020-03-31 00:00:00-04:00,98.21749877929688,99.6510009765625,97.20050048828125,97.48600006103516,102472000,AMZN
2020-04-01 00:00:00-04:00,96.64849853515625,97.24800109863281,94.6500015258789,95.38500213623047,82438000,AMZN
2020-04-02 00:00:00-04:00,95.08200073242188,96.37650299072266,94.5,95.94149780273438,86720000,AMZN
2020-04-03 00:00:00-04:00,95.55750274658203,96.31649780273438,94.4574966430664,95.32949829101562,72198000,AMZN
2020-04-06 00:00:00-04:00,96.80000305175781,99.9260025024414,96.5009994506836,99.87950134277344,115464000,AMZN
2020-04-07 00:00:00-04:00,100.85549926757812,101.78600311279297,99.88099670410156,100.58000183105469,102280000,AMZN
2020-04-08 00:00:00-04:00,101.05000305175781,102.19999694824219,100.55750274658203,102.1500015258789,79546000,AMZN
2020-04-09 00:00:00-04:00,102.21499633789062,102.6500015258789,100.88300323486328,102.13800048828125,92930000,AMZN
2020-04-13 00:00:00-04:00,102.0,109.0,101.9000015258789,108.44349670410156,134334000,AMZN
2020-04-14 00:00:00-04:00,110.02349853515625,114.5999984741211,109.31050109863281,114.16600036621094,161744000,AMZN
2020-04-15 00:00:00-04:00,112.88400268554688,116.66850280761719,112.25,115.38400268554688,137332000,AMZN
2020-04-16 00:00:00-04:00,117.30000305175781,123.05000305175781,116.75,120.40950012207031,240764000,AMZN
2020-04-17 00:00:00-04:00,118.61650085449219,120.0,115.8010025024414,118.75,158600000,AMZN
2020-04-20 00:00:00-04:00,119.49749755859375,122.2490005493164,119.30249786376953,119.68049621582031,115414000,AMZN
2020-04-21 00:00:00-04:00,120.83049774169922,121.41549682617188,113.98300170898438,116.40599822998047,149534000,AMZN
2020-04-22 00:00:00-04:00,118.44999694824219,119.69999694824219,117.55000305175781,118.17449951171875,84244000,AMZN
2020-04-23 00:00:00-04:00,119.9990005493164,121.21099853515625,119.10399627685547,119.97250366210938,101332000,AMZN
2020-04-24 00:00:00-04:00,120.8499984741211,121.02149963378906,119.0999984741211,120.51100158691406,76498000,AMZN
2020-04-27 00:00:00-04:00,122.16000366210938,122.24400329589844,118.1500015258789,118.80000305175781,112912000,AMZN
2020-04-28 00:00:00-04:00,118.6050033569336,118.67500305175781,115.30000305175781,115.7040023803711,105388000,AMZN
2020-04-29 00:00:00-04:00,116.50050354003906,119.59449768066406,115.5,118.635498046875,91832000,AMZN
2020-04-30 00:00:00-04:00,120.99199676513672,123.75,119.80049896240234,123.69999694824219,190692000,AMZN
2020-05-01 00:00:00-04:00,116.83999633789062,118.12200164794922,112.90950012207031,114.302001953125,195452000,AMZN
2020-05-04 00:00:00-04:00,112.81900024414062,116.3489990234375,112.81900024414062,115.79949951171875,97318000,AMZN
2020-05-05 00:00:00-04:00,117.0,117.55000305175781,115.35649871826172,115.88999938964844,64850000,AMZN
2020-05-06 00:00:00-04:00,116.47200012207031,117.87249755859375,116.0,117.56300354003906,62356000,AMZN
2020-05-07 00:00:00-04:00,118.73899841308594,118.80000305175781,117.15550231933594,118.38050079345703,67928000,AMZN
2020-05-08 00:00:00-04:00,118.60700225830078,119.36199951171875,117.8499984741211,118.98049926757812,64132000,AMZN
2020-05-11 00:00:00-04:00,118.73500061035156,120.9834976196289,118.60549926757812,120.44999694824219,65184000,AMZN
2020-05-12 00:00:00-04:00,120.59249877929688,120.94999694824219,117.75,117.84750366210938,61498000,AMZN
2020-05-13 00:00:00-04:00,118.33999633789062,120.38500213623047,116.88999938964844,118.39600372314453,95658000,AMZN
2020-05-14 00:00:00-04:00,118.05049896240234,119.56849670410156,117.6604995727539,119.44249725341797,72962000,AMZN
2020-05-15 00:00:00-04:00,118.4260025024414,120.55000305175781,117.81849670410156,120.48899841308594,84700000,AMZN
2020-05-18 00:00:00-04:00,120.21749877929688,121.6500015258789,119.20050048828125,121.31300354003906,87144000,AMZN
2020-05-19 00:00:00-04:00,121.49150085449219,124.25,121.44850158691406,122.46649932861328,86410000,AMZN
2020-05-20 00:00:00-04:00,123.89350128173828,125.00050354003906,123.3635025024414,124.89700317382812,79962000,AMZN
2020-05-21 00:00:00-04:00,125.0,126.27249908447266,122.12699890136719,122.33699798583984,102288000,AMZN
2020-05-22 00:00:00-04:00,122.75050354003906,123.49250030517578,121.50650024414062,121.84400177001953,57342000,AMZN
2020-05-26 00:00:00-04:00,122.9000015258789,123.0999984741211,120.7030029296875,121.09300231933594,71364000,AMZN
2020-05-27 00:00:00-04:00,120.24949645996094,120.67900085449219,116.5,120.51950073242188,101138000,AMZN
2020-05-28 00:00:00-04:00,119.21649932861328,121.84850311279297,118.9114990234375,120.05500030517578,63804000,AMZN
2020-05-29 00:00:00-04:00,120.7969970703125,122.11849975585938,119.91000366210938,122.11849975585938,70198000,AMZN
2020-06-01 00:00:00-04:00,122.4000015258789,123.84649658203125,122.20850372314453,123.552001953125,58578000,AMZN
2020-06-02 00:00:00-04:00,123.3499984741211,123.67649841308594,122.2655029296875,123.62049865722656,50598000,AMZN
2020-06-03 00:00:00-04:00,123.40049743652344,124.4000015258789,123.05850219726562,123.91999816894531,53420000,AMZN
2020-06-04 00:00:00-04:00,123.87149810791016,125.37699890136719,122.50050354003906,123.02999877929688,58974000,AMZN
2020-06-05 00:00:00-04:00,122.22550201416016,124.43250274658203,121.85649871826172,124.1500015258789,66128000,AMZN
2020-06-08 00:00:00-04:00,125.01000213623047,126.5,124.36699676513672,126.2030029296875,79414000,AMZN
2020-06-09 00:00:00-04:00,126.47200012207031,131.32150268554688,126.25,130.04299926757812,103520000,AMZN
2020-06-10 00:00:00-04:00,132.25,136.11749267578125,131.31300354003906,132.37249755859375,98920000,AMZN
2020-06-11 00:00:00-04:00,130.1750030517578,133.56900024414062,126.8115005493164,127.89800262451172,116002000,AMZN
2020-06-12 00:00:00-04:00,130.0605010986328,131.07400512695312,125.1675033569336,127.2509994506836,108722000,AMZN
2020-06-15 00:00:00-04:00,126.33000183105469,129.1999969482422,125.4000015258789,128.63400268554688,77302000,AMZN
2020-06-16 00:00:00-04:00,131.0,131.0,128.8000030517578,130.7635040283203,71712000,AMZN
2020-06-17 00:00:00-04:00,132.375,132.75,131.59100341796875,132.0489959716797,59186000,AMZN
2020-06-18 00:00:00-04:00,132.35049438476562,132.98199462890625,131.8054962158203,132.69900512695312,49756000,AMZN
2020-06-19 00:00:00-04:00,133.9040069580078,134.8715057373047,132.9499969482422,133.75050354003906,115540000,AMZN
2020-06-22 00:00:00-04:00,134.22500610351562,135.75,133.4499969482422,135.6909942626953,64176000,AMZN
2020-06-23 00:00:00-04:00,136.30099487304688,139.15550231933594,135.90199279785156,138.2205047607422,84634000,AMZN
2020-06-24 00:00:00-04:00,139.0,139.8000030517578,136.0500030517578,136.72000122070312,90532000,AMZN
2020-06-25 00:00:00-04:00,136.9774932861328,137.81149291992188,135.60699462890625,137.72900390625,59374000,AMZN
2020-06-26 00:00:00-04:00,138.7530059814453,139.1284942626953,134.39999389648438,134.64349365234375,130016000,AMZN
2020-06-29 00:00:00-04:00,134.50050354003906,134.83999633789062,131.50399780273438,134.0189971923828,84468000,AMZN
2020-06-30 00:00:00-04:00,134.2534942626953,138.48150634765625,133.75149536132812,137.9409942626953,75394000,AMZN
2020-07-01 00:00:00-04:00,137.89950561523438,144.75,137.6999969482422,143.93499755859375,127268000,AMZN
2020-07-02 00:00:00-04:00,145.60049438476562,147.7779998779297,143.55499267578125,144.51499938964844,131868000,AMZN
2020-07-06 00:00:00-04:00,146.74850463867188,152.99400329589844,146.5,152.8520050048828,137612000,AMZN
2020-07-07 00:00:00-04:00,152.92750549316406,153.4774932861328,149.5,150.00599670410156,105150000,AMZN
2020-07-08 00:00:00-04:00,151.1304931640625,154.19850158691406,150.6215057373047,154.0554962158203,100752000,AMZN
2020-07-09 00:00:00-04:00,155.79949951171875,159.69400024414062,153.6999969482422,159.13150024414062,127774000,AMZN
2020-07-10 00:00:00-04:00,159.58799743652344,160.75,156.78500366210938,160.0,109720000,AMZN
2020-07-13 00:00:00-04:00,162.55299377441406,167.21449279785156,153.41949462890625,155.1999969482422,154408000,AMZN
2020-07-14 00:00:00-04:00,154.4499969482422,156.36900329589844,147.5,154.1999969482422,144638000,AMZN
2020-07-15 00:00:00-04:00,154.01150512695312,154.91749572753906,148.65899658203125,150.44349670410156,115778000,AMZN
2020-07-16 00:00:00-04:00,148.55299377441406,151.60000610351562,145.9114990234375,149.9949951171875,127884000,AMZN
2020-07-17 00:00:00-04:00,150.4499969482422,151.1999969482422,147.42250061035156,148.09849548339844,95226000,AMZN
2020-07-20 00:00:00-04:00,150.00999450683594,160.0679931640625,149.7010040283203,159.8419952392578,151964000,AMZN
2020-07-21 00:00:00-04:00,161.62449645996094,162.0290069580078,155.28599548339844,156.9145050048828,122426000,AMZN
2020-07-22 00:00:00-04:00,156.25,157.5,153.26300048828125,154.99549865722656,82084000,AMZN
2020-07-23 00:00:00-04:00,154.9134979248047,154.9134979248047,148.5,149.32749938964844,113138000,AMZN
2020-07-24 00:00:00-04:00,146.5,151.57899475097656,144.39999389648438,150.44549560546875,112648000,AMZN
2020-07-27 00:00:00-04:00,153.10000610351562,154.89999389648438,150.7884979248047,152.760498046875,83410000,AMZN
2020-07-28 00:00:00-04:00,152.7135009765625,153.85450744628906,149.78799438476562,150.01649475097656,62534000,AMZN
2020-07-29 00:00:00-04:00,151.54949951171875,151.95799255371094,149.8385009765625,151.67649841308594,59482000,AMZN
2020-07-30 00:00:00-04:00,150.6999969482422,154.60000610351562,150.25,152.593994140625,122566000,AMZN
2020-07-31 00:00:00-04:00,162.1999969482422,162.34100341796875,157.5500030517578,158.23399353027344,161710000,AMZN
2020-08-03 00:00:00-04:00,159.02549743652344,159.1999969482422,155.1999969482422,155.59449768066406,101494000,AMZN
2020-08-04 00:00:00-04:00,155.0605010986328,158.36199951171875,155.0605010986328,156.94149780273438,93886000,AMZN
2020-08-05 00:00:00-04:00,157.18850708007812,160.67950439453125,156.36500549316406,160.25149536132812,78330000,AMZN
2020-08-06 00:00:00-04:00,159.71800231933594,162.37350463867188,158.27149963378906,161.25,78812000,AMZN
2020-08-07 00:00:00-04:00,161.20050048828125,162.04049682617188,157.0334930419922,158.3730010986328,78722000,AMZN
2020-08-10 00:00:00-04:00,158.5155029296875,158.62550354003906,155.0760040283203,157.4080047607422,63346000,AMZN
2020-08-11 00:00:00-04:00,155.66000366210938,157.96099853515625,153.64999389648438,154.0334930419922,74362000,AMZN
2020-08-12 00:00:00-04:00,155.39999389648438,158.71949768066406,155.0709991455078,158.11199951171875,70442000,AMZN
2020-08-13 00:00:00-04:00,159.14950561523438,160.87600708007812,157.75,158.05099487304688,62980000,AMZN
2020-08-14 00:00:00-04:00,158.90899658203125,158.91200256347656,156.0,157.4010009765625,55034000,AMZN
2020-08-17 00:00:00-04:00,158.656005859375,159.74850463867188,157.70899963378906,159.12049865722656,53824000,AMZN
2020-08-18 00:00:00-04:00,160.60000610351562,166.0,160.29100036621094,165.62449645996094,106920000,AMZN
2020-08-19 00:00:00-04:00,165.15049743652344,165.7949981689453,162.8000030517578,163.0240020751953,83702000,AMZN
2020-08-20 00:00:00-04:00,162.60000610351562,165.63099670410156,161.89999389648438,164.86849975585938,66650000,AMZN
2020-08-21 00:00:00-04:00,164.75,165.72000122070312,163.76950073242188,164.23599243164062,71518000,AMZN
2020-08-24 00:00:00-04:00,165.50750732421875,169.01600646972656,162.8780059814453,165.3730010986328,93326000,AMZN
2020-08-25 00:00:00-04:00,164.74949645996094,167.8699951171875,163.35000610351562,167.32449340820312,79856000,AMZN
2020-08-26 00:00:00-04:00,167.5554962158203,172.58700561523438,167.22850036621094,172.09249877929688,130174000,AMZN
2020-08-27 00:00:00-04:00,172.50250244140625,172.64999389648438,168.89999389648438,170.0,85296000,AMZN
2020-08-28 00:00:00-04:00,171.14999389648438,171.6685028076172,169.3249969482422,170.08999633789062,57940000,AMZN
2020-08-31 00:00:00-04:00,170.44949340820312,174.75,170.25,172.54800415039062,83718000,AMZN
2020-09-01 00:00:00-04:00,174.47900390625,175.69349670410156,173.35000610351562,174.95599365234375,68644000,AMZN
2020-09-02 00:00:00-04:00,177.35000610351562,177.6125030517578,174.33450317382812,176.57249450683594,78630000,AMZN
2020-09-03 00:00:00-04:00,174.25,174.42050170898438,165.14999389648438,168.39999389648438,163222000,AMZN
2020-09-04 00:00:00-04:00,165.89999389648438,169.0749969482422,155.55650329589844,164.7310028076172,175636000,AMZN
2020-09-08 00:00:00-04:00,157.1999969482422,162.54249572753906,156.5,157.49200439453125,121884000,AMZN
2020-09-09 00:00:00-04:00,160.14950561523438,165.15899658203125,159.25,163.4304962158203,103774000,AMZN
2020-09-10 00:00:00-04:00,165.36099243164062,167.4945068359375,158.52749633789062,158.7554931640625,106614000,AMZN
2020-09-11 00:00:00-04:00,160.4344940185547,160.86700439453125,154.19900512695312,155.81100463867188,101880000,AMZN
2020-09-14 00:00:00-04:00,158.64700317382812,159.3695068359375,154.8000030517578,155.14849853515625,90592000,AMZN
2020-09-15 00:00:00-04:00,156.80799865722656,158.75100708007812,155.4459991455078,157.80650329589844,80430000,AMZN
2020-09-16 00:00:00-04:00,158.99949645996094,159.36199951171875,153.70750427246094,153.90499877929688,90244000,AMZN
2020-09-17 00:00:00-04:00,150.46249389648438,151.47149658203125,148.62750244140625,150.43649291992188,128982000,AMZN
2020-09-18 00:00:00-04:00,151.58700561523438,151.88999938964844,145.27699279785156,147.74549865722656,177852000,AMZN
2020-09-21 00:00:00-04:00,145.3249969482422,148.10000610351562,143.5500030517578,148.02349853515625,122358000,AMZN
2020-09-22 00:00:00-04:00,151.69200134277344,156.69949340820312,150.00999450683594,156.44949340820312,138976000,AMZN
2020-09-23 00:00:00-04:00,156.02149963378906,156.35000610351562,149.61900329589844,149.9929962158203,113054000,AMZN
2020-09-24 00:00:00-04:00,148.88949584960938,153.46499633789062,148.25,150.989501953125,110588000,AMZN
2020-09-25 00:00:00-04:00,152.7429962158203,155.07699584960938,149.9499969482422,154.75650024414062,92304000,AMZN
2020-09-28 00:00:00-04:00,157.4425048828125,158.7519989013672,155.85850524902344,158.70249938964844,84484000,AMZN
2020-09-29 00:00:00-04:00,158.76950073242188,159.41299438476562,156.6269989013672,157.24400329589844,69916000,AMZN
2020-09-30 00:00:00-04:00,157.0570068359375,160.6439971923828,156.69949340820312,157.43649291992188,97922000,AMZN
2020-10-01 00:00:00-04:00,160.39999389648438,161.1999969482422,158.60000610351562,161.06300354003906,99438000,AMZN
2020-10-02 00:00:00-04:00,157.68150329589844,159.7899932861328,156.14999389648438,156.25,112262000,AMZN
2020-10-05 00:00:00-04:00,157.29200744628906,160.12649536132812,157.04249572753906,159.9600067138672,75506000,AMZN
2020-10-06 00:00:00-04:00,158.25,159.10000610351562,154.5,154.9980010986328,101738000,AMZN
2020-10-07 00:00:00-04:00,156.75,160.0,156.6195068359375,159.7845001220703,86188000,AMZN
2020-10-08 00:00:00-04:00,161.24949645996094,161.6645050048828,158.74949645996094,159.52749633789062,63482000,AMZN
2020-10-09 00:00:00-04:00,160.5,164.44949340820312,159.89149475097656,164.33250427246094,98158000,AMZN
2020-10-12 00:00:00-04:00,167.4969940185547,174.81199645996094,166.9774932861328,172.14649963378906,167284000,AMZN
2020-10-13 00:00:00-04:00,173.39950561523438,174.61900329589844,171.21099853515625,172.18150329589844,114894000,AMZN
2020-10-14 00:00:00-04:00,172.35000610351562,173.24400329589844,167.0,168.1855010986328,116254000,AMZN
2020-10-15 00:00:00-04:00,164.60049438476562,167.79400634765625,164.0,166.9324951171875,104468000,AMZN
2020-10-16 00:00:00-04:00,168.1614990234375,169.98300170898438,158.0,163.635498046875,129488000,AMZN
2020-10-19 00:00:00-04:00,164.98049926757812,166.4499969482422,159.63699340820312,160.36050415039062,104472000,AMZN
2020-10-20 00:00:00-04:00,161.11399841308594,163.3000030517578,159.60049438476562,160.85049438476562,90194000,AMZN
2020-10-21 00:00:00-04:00,160.625,161.69400024414062,158.0,159.2469940185547,91854000,AMZN
2020-10-22 00:00:00-04:00,159.49349975585938,159.9375,156.0970001220703,158.82000732421875,84240000,AMZN
2020-10-23 00:00:00-04:00,159.5500030517578,160.26649475097656,157.0,160.22000122070312,69334000,AMZN
2020-10-26 00:00:00-04:00,159.93699645996094,164.1490020751953,157.6649932861328,160.3520050048828,118024000,AMZN
2020-10-27 00:00:00-04:00,161.2469940185547,164.58299255371094,160.56500244140625,164.31649780273438,85820000,AMZN
2020-10-28 00:00:00-04:00,162.46499633789062,163.2010040283203,158.12350463867188,158.13900756835938,111766000,AMZN
2020-10-29 00:00:00-04:00,160.06350708007812,162.8625030517578,158.1999969482422,160.55050659179688,131930000,AMZN
2020-10-30 00:00:00-04:00,157.8874969482422,158.35000610351562,150.9499969482422,151.8074951171875,167728000,AMZN
2020-11-02 00:00:00-05:00,153.08700561523438,153.98550415039062,147.50599670410156,150.2239990234375,145148000,AMZN
2020-11-03 00:00:00-05:00,150.92649841308594,153.7449951171875,149.0489959716797,152.42050170898438,97958000,AMZN
2020-11-04 00:00:00-05:00,157.99949645996094,162.24249267578125,156.9864959716797,162.05799865722656,136780000,AMZN
2020-11-05 00:00:00-05:00,165.99850463867188,168.33999633789062,164.44400024414062,166.10000610351562,115786000,AMZN
2020-11-06 00:00:00-05:00,165.23199462890625,166.10000610351562,161.60000610351562,165.56849670410156,92946000,AMZN
2020-11-09 00:00:00-05:00,161.55149841308594,164.4499969482422,155.60549926757812,157.18699645996094,143808000,AMZN
2020-11-10 00:00:00-05:00,154.75100708007812,155.6999969482422,150.9739990234375,151.75100708007812,131820000,AMZN
2020-11-11 00:00:00-05:00,153.08900451660156,156.95750427246094,152.5,156.8695068359375,87338000,AMZN
2020-11-12 00:00:00-05:00,157.99749755859375,158.79400634765625,154.30250549316406,155.51400756835938,87240000,AMZN
2020-11-13 00:00:00-05:00,156.10000610351562,157.08599853515625,154.26950073242188,156.4405059814453,75124000,AMZN
2020-11-16 00:00:00-05:00,154.66000366210938,157.13499450683594,153.63450622558594,156.55299377441406,76174000,AMZN
2020-11-17 00:00:00-05:00,159.177001953125,159.46249389648438,156.76300048828125,156.7830047607422,68894000,AMZN
2020-11-18 00:00:00-05:00,156.6999969482422,157.0,155.2550048828125,155.2729949951172,58336000,AMZN
2020-11-19 00:00:00-05:00,155.2655029296875,156.25,154.04600524902344,155.8509979248047,60206000,AMZN
2020-11-20 00:00:00-05:00,155.8509979248047,156.64450073242188,154.90249633789062,154.97000122070312,67488000,AMZN
2020-11-23 00:00:00-05:00,155.8350067138672,156.9875030517578,153.2729949951172,154.91949462890625,94178000,AMZN
2020-11-24 00:00:00-05:00,155.02499389648438,156.71249389648438,154.31300354003906,155.9029998779297,72042000,AMZN
2020-11-25 00:00:00-05:00,157.093505859375,159.89999389648438,157.01300048828125,159.2534942626953,75808000,AMZN
2020-11-27 00:00:00-05:00,160.56300354003906,160.8094940185547,159.50250244140625,159.76699829101562,47858000,AMZN
2020-11-30 00:00:00-05:00,160.4239959716797,161.41949462890625,156.27749633789062,158.40199279785156,81278000,AMZN
2020-12-01 00:00:00-05:00,159.4250030517578,162.44749450683594,157.85899353027344,161.00399780273438,90740000,AMZN
2020-12-02 00:00:00-05:00,161.08250427246094,161.60000610351562,158.66299438476562,160.17649841308594,62586000,AMZN
2020-12-03 00:00:00-05:00,160.2729949951172,161.4320068359375,159.0655059814453,159.3365020751953,57840000,AMZN
2020-12-04 00:00:00-05:00,159.91050720214844,159.91050720214844,157.93800354003906,158.12899780273438,58272000,AMZN
2020-12-07 00:00:00-05:00,157.82400512695312,159.03799438476562,157.08450317382812,157.89999389648438,55026000,AMZN
2020-12-08 00:00:00-05:00,157.94500732421875,159.2064971923828,156.00100708007812,158.864501953125,65726000,AMZN
2020-12-09 00:00:00-05:00,158.39450073242188,158.72149658203125,154.39999389648438,155.2100067138672,82016000,AMZN
2020-12-10 00:00:00-05:00,154.44949340820312,157.10499572753906,153.8000030517578,155.07449340820312,60604000,AMZN
2020-12-11 00:00:00-05:00,154.83299255371094,155.93350219726562,153.64100646972656,155.8209991455078,61294000,AMZN
2020-12-14 00:00:00-05:00,157.14999389648438,159.52349853515625,156.3000030517578,157.84849548339844,83116000,AMZN
2020-12-15 00:00:00-05:00,159.05050659179688,159.4250030517578,156.52450561523438,158.25599670410156,66390000,AMZN
2020-12-16 00:00:00-05:00,158.80050659179688,162.35000610351562,158.1840057373047,162.04800415039062,88552000,AMZN
2020-12-17 00:00:00-05:00,162.5,163.17550659179688,161.0500030517578,161.8040008544922,69486000,AMZN
2020-12-18 00:00:00-05:00,162.19949340820312,162.4709930419922,158.5800018310547,160.08250427246094,119914000,AMZN
2020-12-21 00:00:00-05:00,160.00050354003906,161.34849548339844,158.3000030517578,160.3090057373047,76736000,AMZN
2020-12-22 00:00:00-05:00,160.14199829101562,161.10000610351562,159.00399780273438,160.3260040283203,47388000,AMZN
2020-12-23 00:00:00-05:00,160.25,160.50650024414062,159.20849609375,159.2635040283203,41876000,AMZN
2020-12-24 00:00:00-05:00,159.69500732421875,160.10000610351562,158.4499969482422,158.63450622558594,29038000,AMZN
2020-12-28 00:00:00-05:00,159.6999969482422,165.1999969482422,158.63450622558594,164.197998046875,113736000,AMZN
2020-12-29 00:00:00-05:00,165.4969940185547,167.53250122070312,164.06100463867188,166.10000610351562,97458000,AMZN
2020-12-30 00:00:00-05:00,167.0500030517578,167.10499572753906,164.12350463867188,164.29249572753906,64186000,AMZN
2020-12-31 00:00:00-05:00,163.75,164.14599609375,162.05999755859375,162.84649658203125,59144000,AMZN
2021-01-04 00:00:00-05:00,163.5,163.60000610351562,157.2010040283203,159.3314971923828,88228000,AMZN
2021-01-05 00:00:00-05:00,158.30050659179688,161.16900634765625,158.2530059814453,160.92550659179688,53110000,AMZN
2021-01-06 00:00:00-05:00,157.32400512695312,159.87550354003906,156.55799865722656,156.91900634765625,87896000,AMZN
2021-01-07 00:00:00-05:00,157.85000610351562,160.427001953125,157.75,158.10800170898438,70290000,AMZN
2021-01-08 00:00:00-05:00,159.0,159.53199768066406,157.11000061035156,159.13499450683594,70754000,AMZN
2021-01-11 00:00:00-05:00,157.40049743652344,157.81900024414062,155.5,155.7104949951172,73668000,AMZN
2021-01-12 00:00:00-05:00,156.0,157.10699462890625,154.3000030517578,156.04150390625,70292000,AMZN
2021-01-13 00:00:00-05:00,156.4219970703125,159.49749755859375,156.10400390625,158.29449462890625,66424000,AMZN
2021-01-14 00:00:00-05:00,158.37600708007812,158.89999389648438,156.0294952392578,156.37350463867188,61418000,AMZN
2021-01-15 00:00:00-05:00,156.1510009765625,157.12750244140625,154.7584991455078,155.21249389648438,84880000,AMZN
2021-01-19 00:00:00-05:00,155.35000610351562,157.25,154.8000030517578,156.03799438476562,66102000,AMZN
2021-01-20 00:00:00-05:00,159.09950256347656,163.99000549316406,158.75,163.16900634765625,106196000,AMZN
2021-01-21 00:00:00-05:00,164.64999389648438,167.42750549316406,164.47850036621094,165.34950256347656,98722000,AMZN
2021-01-22 00:00:00-05:00,165.2154998779297,166.0955047607422,164.1580047607422,164.6114959716797,56438000,AMZN
2021-01-25 00:00:00-05:00,166.4250030517578,168.1945037841797,162.15750122070312,164.6999969482422,74996000,AMZN
2021-01-26 00:00:00-05:00,164.8179931640625,166.89999389648438,164.14349365234375,166.30650329589844,59104000,AMZN
2021-01-27 00:00:00-05:00,167.07449340820312,167.3260040283203,160.35400390625,161.62899780273438,93204000,AMZN
2021-01-28 00:00:00-05:00,161.7519989013672,165.08399963378906,161.4344940185547,161.88099670410156,62984000,AMZN
2021-01-29 00:00:00-05:00,161.5,161.84950256347656,159.2274932861328,160.30999755859375,85872000,AMZN
2021-02-01 00:00:00-05:00,162.1179962158203,167.51300048828125,161.75149536132812,167.1439971923828,83204000,AMZN
2021-02-02 00:00:00-05:00,169.0,171.38699340820312,168.05650329589844,169.0,141972000,AMZN
2021-02-03 00:00:00-05:00,171.25050354003906,171.6999969482422,165.43099975585938,165.62649536132812,141776000,AMZN
2021-02-04 00:00:00-05:00,166.5,167.35000610351562,163.8874969482422,166.5500030517578,73414000,AMZN
2021-02-05 00:00:00-05:00,165.9499969482422,168.85000610351562,165.135498046875,167.6074981689453,72416000,AMZN
2021-02-08 00:00:00-05:00,167.9250030517578,168.25,165.1999969482422,166.14700317382812,65148000,AMZN
2021-02-09 00:00:00-05:00,165.62449645996094,166.89999389648438,164.89199829101562,165.25,44070000,AMZN
2021-02-10 00:00:00-05:00,165.6999969482422,165.8975067138672,162.6999969482422,164.32899475097656,63032000,AMZN
2021-02-11 00:00:00-05:00,164.60000610351562,164.60000610351562,162.4029998779297,163.10650634765625,46028000,AMZN
2021-02-12 00:00:00-05:00,162.5,164.0124969482422,161.66549682617188,163.885498046875,46706000,AMZN
2021-02-16 00:00:00-05:00,162.70249938964844,165.4149932861328,162.67950439453125,163.44749450683594,51494000,AMZN
2021-02-17 00:00:00-05:00,163.17999267578125,166.04550170898438,162.97500610351562,165.4320068359375,65950000,AMZN
2021-02-18 00:00:00-05:00,164.12100219726562,166.89999389648438,163.69700622558594,166.4114990234375,60548000,AMZN
2021-02-19 00:00:00-05:00,166.4114990234375,166.6750030517578,162.28750610351562,162.4949951171875,86104000,AMZN
2021-02-22 00:00:00-05:00,160.406494140625,161.61599731445312,158.61300659179688,159.03700256347656,70314000,AMZN
2021-02-23 00:00:00-05:00,156.35150146484375,160.2364959716797,154.67999267578125,159.72500610351562,93544000,AMZN
2021-02-24 00:00:00-05:00,158.33749389648438,158.56149291992188,156.2689971923828,157.97650146484375,60226000,AMZN
2021-02-25 00:00:00-05:00,156.83700561523438,158.91299438476562,152.38800048828125,152.85800170898438,90676000,AMZN
2021-02-26 00:00:00-05:00,154.75999450683594,156.1219940185547,151.8350067138672,154.64649963378906,85518000,AMZN
2021-03-01 00:00:00-05:00,156.39450073242188,157.47799682617188,154.89950561523438,157.3070068359375,54582000,AMZN
2021-03-02 00:00:00-05:00,157.17349243164062,158.17599487304688,154.3560028076172,154.72650146484375,51916000,AMZN
2021-03-03 00:00:00-05:00,154.0590057373047,155.38900756835938,149.75,150.25,79774000,AMZN
2021-03-04 00:00:00-05:00,150.60000610351562,152.906494140625,147.27149963378906,148.8784942626953,109632000,AMZN
2021-03-05 00:00:00-05:00,150.25,150.4499969482422,144.0500030517578,150.0229949951172,107772000,AMZN
2021-03-08 00:00:00-05:00,150.75,153.22950744628906,147.5655059814453,147.59750366210938,83700000,AMZN
2021-03-09 00:00:00-05:00,150.89950561523438,154.54800415039062,150.25750732421875,153.1425018310547,80600000,AMZN
2021-03-10 00:00:00-05:00,154.92250061035156,155.822998046875,151.50250244140625,152.8820037841797,60250000,AMZN
2021-03-11 00:00:00-05:00,155.20050048828125,156.58900451660156,154.14649963378906,155.67950439453125,55528000,AMZN
2021-03-12 00:00:00-05:00,153.75,154.94900512695312,152.27499389648438,154.47450256347656,48438000,AMZN
2021-03-15 00:00:00-04:00,153.72850036621094,154.11199951171875,151.60450744628906,154.08399963378906,58272000,AMZN
2021-03-16 00:00:00-04:00,155.24850463867188,156.44549560546875,153.79299926757812,154.59300231933594,50776000,AMZN
2021-03-17 00:00:00-04:00,153.66099548339844,158.65249633789062,153.51100158691406,156.7864990234375,62372000,AMZN
2021-03-18 00:00:00-04:00,155.0500030517578,155.8314971923828,151.25,151.39950561523438,72992000,AMZN
2021-03-19 00:00:00-04:00,151.4615020751953,153.864501953125,150.8314971923828,153.7480010986328,92508000,AMZN
2021-03-22 00:00:00-04:00,153.3925018310547,156.32899475097656,153.00250244140625,155.5435028076172,58044000,AMZN
2021-03-23 00:00:00-04:00,156.35000610351562,159.10000610351562,156.04249572753906,156.875,76346000,AMZN
2021-03-24 00:00:00-04:00,157.552001953125,158.0155029296875,154.25750732421875,154.35350036621094,59180000,AMZN
2021-03-25 00:00:00-04:00,153.64950561523438,155.48899841308594,151.85699462890625,152.31300354003906,71270000,AMZN
2021-03-26 00:00:00-04:00,152.2030029296875,152.83299255371094,149.8000030517578,152.60150146484375,66258000,AMZN
2021-03-29 00:00:00-04:00,152.77200317382812,154.5625,151.42250061035156,153.7864990234375,54920000,AMZN
2021-03-30 00:00:00-04:00,153.50050354003906,153.64999389648438,151.6999969482422,152.76449584960938,46752000,AMZN
2021-03-31 00:00:00-04:00,153.2030029296875,155.9665069580078,153.125,154.70399475097656,61878000,AMZN
2021-04-01 00:00:00-04:00,155.89700317382812,158.1219940185547,155.77749633789062,158.0500030517578,58806000,AMZN
2021-04-05 00:00:00-04:00,158.64999389648438,161.79800415039062,158.06199645996094,161.3365020751953,66698000,AMZN
2021-04-06 00:00:00-04:00,161.1875,162.36549377441406,160.8520050048828,161.1909942626953,50756000,AMZN
2021-04-07 00:00:00-04:00,161.69000244140625,165.1804962158203,161.1824951171875,163.96949768066406,66924000,AMZN
2021-04-08 00:00:00-04:00,165.5449981689453,166.22500610351562,164.60000610351562,164.96499633789062,56242000,AMZN
2021-04-09 00:00:00-04:00,165.23500061035156,168.61000061035156,164.44500732421875,168.61000061035156,86830000,AMZN
2021-04-12 00:00:00-04:00,167.760498046875,169.7519989013672,167.5574951171875,168.96949768066406,65636000,AMZN
2021-04-13 00:00:00-04:00,170.04249572753906,171.60000610351562,169.781494140625,170.0,66316000,AMZN
2021-04-14 00:00:00-04:00,170.20199584960938,170.2064971923828,166.3000030517578,166.64999389648438,62904000,AMZN
2021-04-15 00:00:00-04:00,168.5500030517578,169.85000610351562,167.60000610351562,168.95449829101562,64672000,AMZN
2021-04-16 00:00:00-04:00,169.0,170.33999633789062,167.7794952392578,169.9720001220703,63720000,AMZN
2021-04-19 00:00:00-04:00,169.51649475097656,171.79649353027344,168.00799560546875,168.60049438476562,54508000,AMZN
2021-04-20 00:00:00-04:00,168.67999267578125,169.14950561523438,165.8000030517578,166.7344970703125,52460000,AMZN
2021-04-21 00:00:00-04:00,165.8000030517578,168.14300537109375,165.1905059814453,168.1009979248047,44224000,AMZN
2021-04-22 00:00:00-04:00,168.58399963378906,168.64349365234375,165.07249450683594,165.45199584960938,51612000,AMZN
2021-04-23 00:00:00-04:00,165.9550018310547,168.75,165.4250030517578,167.04400634765625,63856000,AMZN
2021-04-26 00:00:00-04:00,167.39999389648438,171.42250061035156,166.5469970703125,170.4499969482422,97614000,AMZN
2021-04-27 00:00:00-04:00,172.17349243164062,173.0,169.90049743652344,170.8715057373047,76542000,AMZN
2021-04-28 00:00:00-04:00,171.74000549316406,174.49400329589844,171.25,172.9250030517578,92638000,AMZN
2021-04-29 00:00:00-04:00,175.2550048828125,175.72250366210938,171.75,173.5655059814453,153648000,AMZN
2021-04-30 00:00:00-04:00,176.25599670410156,177.6999969482422,173.125,173.37100219726562,140186000,AMZN
2021-05-03 00:00:00-04:00,174.2364959716797,174.33250427246094,168.63499450683594,169.32449340820312,117510000,AMZN
2021-05-04 00:00:00-04:00,167.8094940185547,168.3990020751953,163.60650634765625,165.593505859375,108788000,AMZN
2021-05-05 00:00:00-04:00,166.9429931640625,167.73500061035156,163.21800231933594,163.52699279785156,74226000,AMZN
2021-05-06 00:00:00-04:00,163.5,165.72000122070312,162.36000061035156,165.31849670410156,88954000,AMZN
2021-05-07 00:00:00-04:00,165.95449829101562,166.54449462890625,164.45350646972656,164.58050537109375,94206000,AMZN
2021-05-10 00:00:00-04:00,164.11599731445312,164.14999389648438,159.5,159.52450561523438,116772000,AMZN
2021-05-11 00:00:00-04:00,156.81399536132812,161.89999389648438,156.36849975585938,161.19549560546875,92396000,AMZN
2021-05-12 00:00:00-04:00,159.25,160.39700317382812,156.65499877929688,157.5970001220703,98728000,AMZN
2021-05-13 00:00:00-04:00,159.27349853515625,160.19200134277344,156.64999389648438,158.07350158691406,67018000,AMZN
2021-05-14 00:00:00-04:00,159.2779998779297,161.4429931640625,159.14999389648438,161.14500427246094,66500000,AMZN
2021-05-17 00:00:00-04:00,162.29649353027344,164.6374969482422,161.72950744628906,163.51950073242188,74478000,AMZN
2021-05-18 00:00:00-04:00,164.62899780273438,165.60000610351562,161.51849365234375,161.61399841308594,56568000,AMZN
2021-05-19 00:00:00-04:00,159.75,161.7375030517578,159.1999969482422,161.58999633789062,53594000,AMZN
2021-05-20 00:00:00-04:00,162.22000122070312,162.98399353027344,161.8090057373047,162.38400268554688,52664000,AMZN
2021-05-21 00:00:00-04:00,162.5,162.83450317382812,159.85049438476562,160.1540069580078,82098000,AMZN
2021-05-24 00:00:00-04:00,160.77499389648438,162.8975067138672,160.52499389648438,162.24949645996094,48456000,AMZN
2021-05-25 00:00:00-04:00,163.33349609375,163.99099731445312,160.68800354003906,162.95249938964844,65222000,AMZN
2021-05-26 00:00:00-04:00,163.72950744628906,164.7864990234375,162.92550659179688,163.25799560546875,47680000,AMZN
2021-05-27 00:00:00-04:00,162.8000030517578,163.01800537109375,161.5019989013672,161.5054931640625,51224000,AMZN
2021-05-28 00:00:00-04:00,162.10000610351562,162.39950561523438,160.98500061035156,161.15350341796875,46596000,AMZN
2021-06-01 00:00:00-04:00,162.1750030517578,162.5489959716797,160.4530029296875,160.9324951171875,48600000,AMZN
2021-06-02 00:00:00-04:00,161.15499877929688,161.75,160.39999389648438,161.69949340820312,40290000,AMZN
2021-06-03 00:00:00-04:00,160.2115020751953,160.7220001220703,159.20150756835938,159.35049438476562,47966000,AMZN
2021-06-04 00:00:00-04:00,160.60000610351562,161.0500030517578,159.9405059814453,160.31100463867188,44994000,AMZN
2021-06-07 00:00:00-04:00,159.8665008544922,160.39999389648438,158.61000061035156,159.90049743652344,44316000,AMZN
2021-06-08 00:00:00-04:00,161.1304931640625,163.97650146484375,160.90049743652344,163.20550537109375,68334000,AMZN
2021-06-09 00:00:00-04:00,163.64349365234375,164.87899780273438,163.53500366210938,164.0574951171875,49110000,AMZN
2021-06-10 00:00:00-04:00,164.10049438476562,167.5500030517578,164.0574951171875,167.4824981689453,69530000,AMZN
2021-06-11 00:00:00-04:00,167.4824981689453,168.32899475097656,166.67250061035156,167.3415069580078,56348000,AMZN
2021-06-14 00:00:00-04:00,167.3415069580078,169.25,166.77499389648438,169.19349670410156,51394000,AMZN
2021-06-15 00:00:00-04:00,169.1999969482422,169.84950256347656,168.15550231933594,169.156494140625,48524000,AMZN
2021-06-16 00:00:00-04:00,169.60000610351562,171.3175048828125,168.02650451660156,170.7624969482422,84056000,AMZN
2021-06-17 00:00:00-04:00,170.15899658203125,174.86000061035156,170.0500030517578,174.46200561523438,102730000,AMZN
2021-06-18 00:00:00-04:00,173.99949645996094,175.35000610351562,173.6855010986328,174.34500122070312,104954000,AMZN
2021-06-21 00:00:00-04:00,173.8209991455078,174.10000610351562,171.6999969482422,172.697998046875,65542000,AMZN
2021-06-22 00:00:00-04:00,172.9029998779297,176.18899536132812,172.80450439453125,175.27200317382812,66902000,AMZN
2021-06-23 00:00:00-04:00,175.25,176.0500030517578,174.16000366210938,175.1909942626953,56266000,AMZN
2021-06-24 00:00:00-04:00,175.3820037841797,176.2429962158203,171.54249572753906,172.45399475097656,76640000,AMZN
2021-06-25 00:00:00-04:00,173.1999969482422,173.24099731445312,169.70899963378906,170.072998046875,78820000,AMZN
2021-06-28 00:00:00-04:00,170.8000030517578,172.39999389648438,170.67550659179688,172.1945037841797,44856000,AMZN
2021-06-29 00:00:00-04:00,171.9409942626953,172.80149841308594,171.15150451660156,172.40699768066406,41968000,AMZN
2021-06-30 00:00:00-04:00,172.05299377441406,173.5800018310547,171.75,172.00799560546875,48080000,AMZN
2021-07-01 00:00:00-04:00,171.73049926757812,172.85000610351562,170.4709930419922,171.64849853515625,40742000,AMZN
2021-07-02 00:00:00-04:00,172.58200073242188,175.58599853515625,171.8459930419922,175.5489959716797,63388000,AMZN
2021-07-06 00:00:00-04:00,176.5054931640625,184.2740020751953,176.4499969482422,183.78700256347656,134896000,AMZN
2021-07-07 00:00:00-04:00,185.86900329589844,186.7100067138672,183.94549560546875,184.82899475097656,106562000,AMZN
2021-07-08 00:00:00-04:00,182.17799377441406,187.99949645996094,181.05599975585938,186.57049560546875,103612000,AMZN
2021-07-09 00:00:00-04:00,186.12600708007812,187.39999389648438,184.6699981689453,185.9669952392578,74964000,AMZN
2021-07-12 00:00:00-04:00,187.1999969482422,187.864501953125,184.83949279785156,185.92750549316406,51432000,AMZN
2021-07-13 00:00:00-04:00,185.10499572753906,188.6540069580078,183.5659942626953,183.8679962158203,76918000,AMZN
2021-07-14 00:00:00-04:00,185.4425048828125,185.88299560546875,183.04150390625,184.08399963378906,65932000,AMZN
2021-07-15 00:00:00-04:00,184.7100067138672,184.77000427246094,181.04600524902344,181.55999755859375,63706000,AMZN
2021-07-16 00:00:00-04:00,181.66549682617188,182.30299377441406,178.5229949951172,178.68150329589844,80874000,AMZN
2021-07-19 00:00:00-04:00,176.62899780273438,177.510498046875,174.95799255371094,177.47950744628906,75692000,AMZN
2021-07-20 00:00:00-04:00,178.36599731445312,179.60000610351562,175.89999389648438,178.6595001220703,65114000,AMZN
2021-07-21 00:00:00-04:00,178.81900024414062,179.32249450683594,177.1820068359375,179.25999450683594,46380000,AMZN
2021-07-22 00:00:00-04:00,179.3614959716797,182.00100708007812,179.11349487304688,181.90150451660156,65308000,AMZN
2021-07-23 00:00:00-04:00,182.0,183.3054962158203,181.1020050048828,182.83200073242188,48726000,AMZN
2021-07-26 00:00:00-04:00,183.6584930419922,185.60400390625,182.3625030517578,184.99099731445312,58002000,AMZN
2021-07-27 00:00:00-04:00,184.9250030517578,184.9250030517578,179.3074951171875,181.3195037841797,82638000,AMZN
2021-07-28 00:00:00-04:00,181.68899536132812,182.92100524902344,180.0500030517578,181.51600646972656,59988000,AMZN
2021-07-29 00:00:00-04:00,181.3874969482422,181.8975067138672,179.00050354003906,179.99600219726562,110400000,AMZN
2021-07-30 00:00:00-04:00,167.3975067138672,168.40699768066406,165.3489990234375,166.37950134277344,199312000,AMZN
2021-08-02 00:00:00-04:00,167.65499877929688,167.9459991455078,165.85000610351562,166.57400512695312,67078000,AMZN
2021-08-03 00:00:00-04:00,167.03599548339844,169.5500030517578,164.98849487304688,168.31199645996094,83146000,AMZN
2021-08-04 00:00:00-04:00,168.96749877929688,169.44400024414062,167.2779998779297,167.73599243164062,43678000,AMZN
2021-08-05 00:00:00-04:00,167.81100463867188,169.4499969482422,167.04600524902344,168.79949951171875,48670000,AMZN
2021-08-06 00:00:00-04:00,168.75,168.75,166.45199584960938,167.2469940185547,52752000,AMZN
2021-08-09 00:00:00-04:00,167.1804962158203,167.74400329589844,166.42599487304688,167.093505859375,42964000,AMZN
2021-08-10 00:00:00-04:00,167.25050354003906,167.89999389648438,165.75,166.03399658203125,48252000,AMZN
2021-08-11 00:00:00-04:00,166.57249450683594,166.88499450683594,163.88949584960938,164.60549926757812,58944000,AMZN
2021-08-12 00:00:00-04:00,164.5,165.72549438476562,163.48350524902344,165.1750030517578,46282000,AMZN
2021-08-13 00:00:00-04:00,165.2834930419922,165.30349731445312,164.14999389648438,164.69850158691406,41134000,AMZN
2021-08-16 00:00:00-04:00,164.14999389648438,165.0,160.55650329589844,164.94949340820312,66394000,AMZN
2021-08-17 00:00:00-04:00,163.875,164.02450561523438,161.28399658203125,162.09800720214844,67758000,AMZN
2021-08-18 00:00:00-04:00,162.09950256347656,162.7050018310547,160.0,160.06100463867188,56086000,AMZN
2021-08-19 00:00:00-04:00,159.7010040283203,161.64999389648438,159.1230010986328,159.3874969482422,75658000,AMZN
2021-08-20 00:00:00-04:00,160.19349670410156,160.3905029296875,158.78799438476562,159.99749755859375,67168000,AMZN
2021-08-23 00:00:00-04:00,160.59500122070312,164.0449981689453,160.50050354003906,163.2935028076172,65362000,AMZN
2021-08-24 00:00:00-04:00,164.0,165.77450561523438,163.72900390625,165.28900146484375,51036000,AMZN
2021-08-25 00:00:00-04:00,165.49349975585938,166.0500030517578,164.3074951171875,164.95899963378906,33606000,AMZN
2021-08-26 00:00:00-04:00,164.9499969482422,166.60000610351562,164.8000030517578,165.8000030517578,41976000,AMZN
2021-08-27 00:00:00-04:00,166.6614990234375,167.61599731445312,165.6875,167.48150634765625,48048000,AMZN
2021-08-30 00:00:00-04:00,167.8715057373047,172.25,167.76100158691406,171.07850646972656,63844000,AMZN
2021-08-31 00:00:00-04:00,171.24000549316406,173.62899780273438,169.7794952392578,173.5395050048828,87128000,AMZN
2021-09-01 00:00:00-04:00,174.82000732421875,176.35000610351562,173.76199340820312,173.9499969482422,72598000,AMZN
2021-09-02 00:00:00-04:00,174.73800659179688,175.59800720214844,172.75,173.156005859375,58474000,AMZN
2021-09-03 00:00:00-04:00,172.60000610351562,174.1334991455078,171.82200622558594,173.90249633789062,51514000,AMZN
2021-09-07 00:00:00-04:00,173.89999389648438,176.4044952392578,173.8470001220703,175.46449279785156,54758000,AMZN
2021-09-08 00:00:00-04:00,175.58250427246094,177.281494140625,174.7834930419922,176.27499389648438,61068000,AMZN
2021-09-09 00:00:00-04:00,176.30099487304688,177.49949645996094,174.01849365234375,174.20799255371094,54384000,AMZN
2021-09-10 00:00:00-04:00,175.0915069580078,175.42250061035156,173.14549255371094,173.45750427246094,47946000,AMZN
2021-09-13 00:00:00-04:00,174.13999938964844,174.8979949951172,171.89999389648438,172.85850524902344,51380000,AMZN
2021-09-14 00:00:00-04:00,173.77749633789062,174.3404998779297,171.885498046875,172.5,38738000,AMZN
2021-09-15 00:00:00-04:00,172.12600708007812,174.27099609375,170.10049438476562,173.7895050048828,59150000,AMZN
2021-09-16 00:00:00-04:00,172.9980010986328,174.62750244140625,172.3070068359375,174.41200256347656,51672000,AMZN
2021-09-17 00:00:00-04:00,174.42050170898438,174.87049865722656,172.60650634765625,173.12600708007812,92332000,AMZN
2021-09-20 00:00:00-04:00,169.8000030517578,170.9499969482422,165.25050354003906,167.7864990234375,93382000,AMZN
2021-09-21 00:00:00-04:00,168.75,168.98500061035156,166.6195068359375,167.18150329589844,55618000,AMZN
2021-09-22 00:00:00-04:00,167.5500030517578,169.4499969482422,167.05250549316406,169.00250244140625,48228000,AMZN
2021-09-23 00:00:00-04:00,169.00250244140625,171.447998046875,169.00250244140625,170.8000030517578,47588000,AMZN
2021-09-24 00:00:00-04:00,170.10049438476562,171.46299743652344,169.6699981689453,171.2760009765625,42324000,AMZN
2021-09-27 00:00:00-04:00,168.5749969482422,170.77850341796875,166.98049926757812,170.2899932861328,72690000,AMZN
2021-09-28 00:00:00-04:00,167.885498046875,168.45950317382812,164.5050048828125,165.79800415039062,88616000,AMZN
2021-09-29 00:00:00-04:00,166.10549926757812,167.56500244140625,164.89349365234375,165.05599975585938,51246000,AMZN
2021-09-30 00:00:00-04:00,165.8000030517578,166.3925018310547,163.69949340820312,164.2519989013672,56848000,AMZN
2021-10-01 00:00:00-04:00,164.45050048828125,165.45849609375,162.7969970703125,164.16299438476562,56712000,AMZN
2021-10-04 00:00:00-04:00,163.96949768066406,163.99949645996094,158.8125,159.48899841308594,90462000,AMZN
2021-10-05 00:00:00-04:00,160.22500610351562,163.0364990234375,160.1230010986328,161.0500030517578,65384000,AMZN
2021-10-06 00:00:00-04:00,160.67649841308594,163.2169952392578,159.93099975585938,163.10049438476562,50660000,AMZN
2021-10-07 00:00:00-04:00,164.57699584960938,166.28750610351562,164.1529998779297,165.1215057373047,48182000,AMZN
2021-10-08 00:00:00-04:00,165.85000610351562,166.07150268554688,164.41000366210938,164.43099975585938,39964000,AMZN
2021-10-11 00:00:00-04:00,163.75,164.62950134277344,161.90499877929688,162.31500244140625,40684000,AMZN
2021-10-12 00:00:00-04:00,162.85000610351562,163.37649536132812,161.81399536132812,162.3665008544922,36392000,AMZN
2021-10-13 00:00:00-04:00,163.48550415039062,164.41900634765625,163.05450439453125,164.21400451660156,48402000,AMZN
2021-10-14 00:00:00-04:00,165.12249755859375,165.6300048828125,164.53900146484375,164.9929962158203,42190000,AMZN
2021-10-15 00:00:00-04:00,165.5709991455078,170.52099609375,165.1999969482422,170.4510040283203,103598000,AMZN
2021-10-18 00:00:00-04:00,169.41799926757812,172.45849609375,169.2550048828125,172.33700561523438,63482000,AMZN
2021-10-19 00:00:00-04:00,171.71449279785156,172.7344970703125,171.10000610351562,172.20750427246094,47722000,AMZN
2021-10-20 00:00:00-04:00,172.63299560546875,173.14300537109375,170.01849365234375,170.7530059814453,42796000,AMZN
2021-10-21 00:00:00-04:00,170.71249389648438,172.01400756835938,170.14999389648438,171.75050354003906,37628000,AMZN
2021-10-22 00:00:00-04:00,171.0500030517578,171.49200439453125,166.56500244140625,166.77749633789062,62782000,AMZN
2021-10-25 00:00:00-04:00,166.75,167.38999938964844,164.88499450683594,166.01849365234375,44520000,AMZN
2021-10-26 00:00:00-04:00,167.47549438476562,170.80599975585938,167.19900512695312,168.80349731445312,53966000,AMZN
2021-10-27 00:00:00-04:00,169.39999389648438,171.85000610351562,168.57249450683594,169.62449645996094,54044000,AMZN
2021-10-28 00:00:00-04:00,170.10499572753906,173.9499969482422,169.3000030517578,172.32850646972656,114174000,AMZN
2021-10-29 00:00:00-04:00,165.00100708007812,168.74099731445312,163.66600036621094,168.6215057373047,129722000,AMZN
2021-11-01 00:00:00-04:00,168.08999633789062,168.79299926757812,164.6009979248047,165.90550231933594,72178000,AMZN
2021-11-02 00:00:00-04:00,165.75050354003906,166.55599975585938,164.17750549316406,165.6374969482422,52552000,AMZN
2021-11-03 00:00:00-04:00,165.4499969482422,169.74600219726562,164.87600708007812,169.1999969482422,67944000,AMZN
2021-11-04 00:00:00-04:00,168.5,174.93150329589844,168.25,173.85000610351562,107060000,AMZN
2021-11-05 00:00:00-04:00,173.85000610351562,178.3125,173.8489990234375,175.94949340820312,99940000,AMZN
2021-11-08 00:00:00-05:00,176.16200256347656,178.9499969482422,174.39300537109375,174.44900512695312,61480000,AMZN
2021-11-09 00:00:00-05:00,175.7624969482422,179.68850708007812,175.07150268554688,178.81149291992188,85898000,AMZN
2021-11-10 00:00:00-05:00,178.19349670410156,180.2725067138672,173.1544952392578,174.1024932861328,80548000,AMZN
2021-11-11 00:00:00-05:00,175.64999389648438,177.16200256347656,173.37350463867188,173.625,45288000,AMZN
2021-11-12 00:00:00-05:00,174.25,177.0364990234375,172.3524932861328,176.25750732421875,53788000,AMZN
2021-11-15 00:00:00-05:00,176.85000610351562,179.69400024414062,176.29049682617188,177.28399658203125,58594000,AMZN
2021-11-16 00:00:00-05:00,176.9499969482422,178.8249969482422,176.25750732421875,177.03500366210938,44342000,AMZN
2021-11-17 00:00:00-05:00,178.23599243164062,179.3625030517578,177.2675018310547,177.4499969482422,51206000,AMZN
2021-11-18 00:00:00-05:00,178.3175048828125,185.2100067138672,178.0500030517578,184.80299377441406,114070000,AMZN
2021-11-19 00:00:00-05:00,185.63450622558594,188.1074981689453,183.78599548339844,183.82850646972656,98734000,AMZN
2021-11-22 00:00:00-05:00,183.81900024414062,185.67300415039062,178.375,178.6284942626953,96844000,AMZN
2021-11-23 00:00:00-05:00,179.2519989013672,181.05250549316406,176.385498046875,179.0019989013672,73804000,AMZN
2021-11-24 00:00:00-05:00,178.1334991455078,180.6820068359375,176.84249877929688,179.02049255371094,46560000,AMZN
2021-11-26 00:00:00-05:00,180.10499572753906,181.6750030517578,175.20750427246094,175.22799682617188,59826000,AMZN
2021-11-29 00:00:00-05:00,177.3820037841797,179.8000030517578,176.5749969482422,178.07850646972656,65312000,AMZN
2021-11-30 00:00:00-05:00,178.1750030517578,179.2884979248047,174.60049438476562,175.35350036621094,80022000,AMZN
2021-12-01 00:00:00-05:00,177.25,177.99400329589844,172.0800018310547,172.18600463867188,74916000,AMZN
2021-12-02 00:00:00-05:00,173.0,174.63499450683594,171.1875,171.8679962158203,64726000,AMZN
2021-12-03 00:00:00-05:00,172.75,173.49349975585938,166.92999267578125,169.489501953125,80712000,AMZN
2021-12-06 00:00:00-05:00,169.64999389648438,173.69549560546875,166.9344940185547,171.36849975585938,68860000,AMZN
2021-12-07 00:00:00-05:00,174.60000610351562,177.49949645996094,173.33450317382812,176.1645050048828,66410000,AMZN
2021-12-08 00:00:00-05:00,176.15049743652344,177.17999267578125,174.75050354003906,176.1580047607422,45254000,AMZN
2021-12-09 00:00:00-05:00,175.75,176.96949768066406,174.13949584960938,174.17100524902344,46062000,AMZN
2021-12-10 00:00:00-05:00,175.41700744628906,175.927001953125,170.5,172.21200561523438,60690000,AMZN
2021-12-13 00:00:00-05:00,172.0,172.10000610351562,169.1300048828125,169.5675048828125,62170000,AMZN
2021-12-14 00:00:00-05:00,167.5500030517578,169.49899291992188,166.44000244140625,169.0915069580078,55976000,AMZN
2021-12-15 00:00:00-05:00,168.59800720214844,173.60000610351562,165.19500732421875,173.31500244140625,75794000,AMZN
2021-12-16 00:00:00-05:00,173.36849975585938,174.16600036621094,168.16050720214844,168.87100219726562,60876000,AMZN
2021-12-17 00:00:00-05:00,167.7104949951172,170.89849853515625,165.61349487304688,170.0175018310547,85542000,AMZN
2021-12-20 00:00:00-05:00,166.85000610351562,167.87449645996094,165.60000610351562,167.07899475097656,57372000,AMZN
2021-12-21 00:00:00-05:00,167.85049438476562,170.7165069580078,165.6475067138672,170.41700744628906,55956000,AMZN
2021-12-22 00:00:00-05:00,169.27000427246094,172.0500030517578,168.50050354003906,171.03700256347656,55036000,AMZN
2021-12-23 00:00:00-05:00,170.42799377441406,171.97500610351562,170.14999389648438,171.06849670410156,36788000,AMZN
2021-12-27 00:00:00-05:00,171.03700256347656,172.9429931640625,169.2154998779297,169.66949462890625,58688000,AMZN
2021-12-28 00:00:00-05:00,170.1824951171875,172.17599487304688,169.135498046875,170.66099548339844,54638000,AMZN
2021-12-29 00:00:00-05:00,170.83999633789062,171.21200561523438,168.60049438476562,169.2010040283203,35754000,AMZN
2021-12-30 00:00:00-05:00,169.6999969482422,170.88800048828125,168.5240020751953,168.64450073242188,37584000,AMZN
2021-12-31 00:00:00-05:00,168.95599365234375,169.35000610351562,166.55850219726562,166.7169952392578,47830000,AMZN
2022-01-03 00:00:00-05:00,167.5500030517578,170.70350646972656,166.16050720214844,170.4044952392578,63520000,AMZN
2022-01-04 00:00:00-05:00,170.43800354003906,171.39999389648438,166.34950256347656,167.52200317382812,70726000,AMZN
2022-01-05 00:00:00-05:00,166.88299560546875,167.12649536132812,164.35699462890625,164.35699462890625,64302000,AMZN
2022-01-06 00:00:00-05:00,163.45050048828125,164.8000030517578,161.93699645996094,163.25399780273438,51958000,AMZN
2022-01-07 00:00:00-05:00,163.83900451660156,165.24349975585938,162.031005859375,162.5540008544922,46606000,AMZN
2022-01-10 00:00:00-05:00,160.5854949951172,161.6614990234375,156.30450439453125,161.48599243164062,87798000,AMZN
2022-01-11 00:00:00-05:00,161.5,166.35000610351562,160.70150756835938,165.36199951171875,62806000,AMZN
2022-01-12 00:00:00-05:00,166.5749969482422,166.8780059814453,164.41700744628906,165.20700073242188,50030000,AMZN
2022-01-13 00:00:00-05:00,165.25050354003906,166.22149658203125,161.09100341796875,161.21400451660156,52188000,AMZN
2022-01-14 00:00:00-05:00,160.14999389648438,162.25,159.80050659179688,162.13800048828125,45974000,AMZN
2022-01-18 00:00:00-05:00,159.10499572753906,159.7344970703125,157.6645050048828,158.91749572753906,67292000,AMZN
2022-01-19 00:00:00-05:00,158.76199340820312,159.25,156.25,156.2989959716797,53242000,AMZN
2022-01-20 00:00:00-05:00,156.76600646972656,158.0,151.3509979248047,151.66749572753906,71974000,AMZN
2022-01-21 00:00:00-05:00,149.9499969482422,150.89999389648438,142.07049560546875,142.64300537109375,163972000,AMZN
2022-01-24 00:00:00-05:00,139.0,144.94500732421875,135.3520050048828,144.54400634765625,155624000,AMZN
2022-01-25 00:00:00-05:00,142.24249267578125,143.60000610351562,138.14500427246094,139.98599243164062,90824000,AMZN
2022-01-26 00:00:00-05:00,144.75,145.18499755859375,137.31849670410156,138.87249755859375,95602000,AMZN
2022-01-27 00:00:00-05:00,140.8000030517578,144.24349975585938,139.35000610351562,139.6374969482422,77516000,AMZN
2022-01-28 00:00:00-05:00,140.86050415039062,143.9980010986328,137.92950439453125,143.97799682617188,74392000,AMZN
2022-01-31 00:00:00-05:00,144.75,150.36050415039062,144.30050659179688,149.57350158691406,78308000,AMZN
2022-02-01 00:00:00-05:00,150.0,151.70799255371094,147.62750244140625,151.19349670410156,59220000,AMZN
2022-02-02 00:00:00-05:00,155.05050659179688,155.0749969482422,148.86349487304688,150.6125030517578,87330000,AMZN
2022-02-03 00:00:00-05:00,141.7375030517578,144.24749755859375,138.33299255371094,138.8455047607422,225532000,AMZN
2022-02-04 00:00:00-05:00,155.60650634765625,161.1999969482422,150.60800170898438,157.63949584960938,253456000,AMZN
2022-02-07 00:00:00-05:00,158.52000427246094,162.6909942626953,157.25,157.9355010986328,102624000,AMZN
2022-02-08 00:00:00-05:00,156.75050354003906,161.79249572753906,155.55050659179688,161.4134979248047,76040000,AMZN
2022-02-09 00:00:00-05:00,162.87350463867188,163.83450317382812,160.25,161.1894989013672,68786000,AMZN
2022-02-10 00:00:00-05:00,158.35000610351562,160.7165069580078,157.75,159.0034942626953,68268000,AMZN
2022-02-11 00:00:00-05:00,158.13450622558594,159.0,152.73399353027344,153.2935028076172,77100000,AMZN
2022-02-14 00:00:00-05:00,151.75100708007812,158.44850158691406,151.64999389648438,155.16700744628906,83230000,AMZN
2022-02-15 00:00:00-05:00,157.60549926757812,158.0070037841797,154.6374969482422,156.510498046875,56440000,AMZN
2022-02-16 00:00:00-05:00,155.79049682617188,158.83399963378906,154.7344970703125,158.10049438476562,52704000,AMZN
2022-02-17 00:00:00-05:00,158.14599609375,160.3489990234375,154.5,154.65249633789062,64032000,AMZN
2022-02-18 00:00:00-05:00,155.49949645996094,155.49949645996094,150.89300537109375,152.60150146484375,63604000,AMZN
2022-02-22 00:00:00-05:00,150.47850036621094,152.9824981689453,148.48550415039062,150.19749450683594,66128000,AMZN
2022-02-23 00:00:00-05:00,151.65049743652344,151.76300048828125,144.6510009765625,144.82699584960938,64244000,AMZN
2022-02-24 00:00:00-05:00,139.83749389648438,151.74899291992188,139.5,151.35800170898438,100786000,AMZN
2022-02-25 00:00:00-05:00,150.5500030517578,153.99000549316406,149.2135009765625,153.7884979248047,62396000,AMZN
2022-02-28 00:00:00-05:00,152.4250030517578,154.4499969482422,150.85000610351562,153.56300354003906,57684000,AMZN
2022-03-01 00:00:00-05:00,152.7324981689453,154.0989990234375,149.9770050048828,151.14199829101562,44874000,AMZN
2022-03-02 00:00:00-05:00,150.8489990234375,152.99949645996094,148.75,152.05250549316406,47334000,AMZN
2022-03-03 00:00:00-05:00,153.531494140625,153.9290008544922,146.8560028076172,147.89849853515625,65198000,AMZN
2022-03-04 00:00:00-05:00,147.15899658203125,147.85000610351562,143.8070068359375,145.64100646972656,60934000,AMZN
2022-03-07 00:00:00-05:00,145.44349670410156,146.09449768066406,137.41650390625,137.4530029296875,86934000,AMZN
2022-03-08 00:00:00-05:00,136.68350219726562,140.69949340820312,133.57249450683594,136.01449584960938,91662000,AMZN
2022-03-09 00:00:00-05:00,139.5,140.25,136.8280029296875,139.2790069580078,82656000,AMZN
2022-03-10 00:00:00-05:00,145.68499755859375,148.67449951171875,143.97799682617188,146.8175048828125,135062000,AMZN
2022-03-11 00:00:00-05:00,149.57449340820312,149.6750030517578,145.36900329589844,145.52450561523438,68900000,AMZN
2022-03-14 00:00:00-04:00,145.9810028076172,147.4499969482422,140.88400268554688,141.85299682617188,74086000,AMZN
2022-03-15 00:00:00-04:00,142.85000610351562,147.98500061035156,142.0,147.3665008544922,75584000,AMZN
2022-03-16 00:00:00-04:00,148.5,153.14999389648438,147.35350036621094,153.10400390625,84958000,AMZN
2022-03-17 00:00:00-04:00,152.6405029296875,157.49850463867188,152.13999938964844,157.23899841308594,72934000,AMZN
2022-03-18 00:00:00-04:00,156.81300354003906,161.593994140625,156.01100158691406,161.25050354003906,102962000,AMZN
2022-03-21 00:00:00-04:00,161.12100219726562,163.08399963378906,159.55299377441406,161.4915008544922,66538000,AMZN
2022-03-22 00:00:00-04:00,161.8054962158203,166.16700744628906,161.69900512695312,164.88900756835938,64086000,AMZN
2022-03-23 00:00:00-04:00,163.7050018310547,166.3699951171875,162.68699645996094,163.4080047607422,55812000,AMZN
2022-03-24 00:00:00-04:00,163.74949645996094,164.11849975585938,160.0500030517578,163.64950561523438,56798000,AMZN
2022-03-25 00:00:00-04:00,164.0,165.36849975585938,162.25,164.77349853515625,49032000,AMZN
2022-03-28 00:00:00-04:00,164.97500610351562,169.03750610351562,164.89999389648438,168.99049377441406,59854000,AMZN
2022-03-29 00:00:00-04:00,170.38400268554688,170.8314971923828,167.86849975585938,169.31500244140625,66154000,AMZN
2022-03-30 00:00:00-04:00,168.50950622558594,168.95050048828125,165.5,166.30099487304688,56168000,AMZN
2022-03-31 00:00:00-04:00,166.44500732421875,166.4949951171875,162.95350646972656,162.99749755859375,59966000,AMZN
2022-04-01 00:00:00-04:00,164.14950561523438,165.82699584960938,162.3195037841797,163.55999755859375,57090000,AMZN
2022-04-04 00:00:00-04:00,164.125,168.39450073242188,163.20550537109375,168.34649658203125,49882000,AMZN
2022-04-05 00:00:00-04:00,167.7415008544922,168.11050415039062,163.26600646972656,164.05499267578125,53728000,AMZN
2022-04-06 00:00:00-04:00,161.65049743652344,162.1999969482422,157.25450134277344,158.75599670410156,79056000,AMZN
2022-04-07 00:00:00-04:00,158.39999389648438,160.07899475097656,154.51150512695312,157.7845001220703,68136000,AMZN
2022-04-08 00:00:00-04:00,156.75,157.36849975585938,154.2310028076172,154.4604949951172,46002000,AMZN
2022-04-11 00:00:00-04:00,152.71299743652344,154.13650512695312,150.5345001220703,151.1219940185547,52112000,AMZN
2022-04-12 00:00:00-04:00,153.6925048828125,155.0989990234375,150.38299560546875,150.78750610351562,55178000,AMZN
2022-04-13 00:00:00-04:00,150.01849365234375,156.02499389648438,149.60000610351562,155.54100036621094,53390000,AMZN
2022-04-14 00:00:00-04:00,155.38999938964844,155.89700317382812,151.4720001220703,151.7064971923828,51598000,AMZN
2022-04-18 00:00:00-04:00,151.52349853515625,154.0395050048828,150.25050354003906,152.78500366210938,46514000,AMZN
2022-04-19 00:00:00-04:00,152.0294952392578,158.6490020751953,151.55050659179688,158.11549377441406,54926000,AMZN
2022-04-20 00:00:00-04:00,157.6024932861328,157.6024932861328,153.60350036621094,153.9980010986328,59630000,AMZN
2022-04-21 00:00:00-04:00,154.71400451660156,156.73800659179688,147.58949279785156,148.29600524902344,63970000,AMZN
2022-04-22 00:00:00-04:00,148.25,149.61500549316406,143.69749450683594,144.35000610351562,73078000,AMZN
2022-04-25 00:00:00-04:00,144.0229949951172,146.22149658203125,142.30650329589844,146.07400512695312,61874000,AMZN
2022-04-26 00:00:00-04:00,144.8000030517578,144.8560028076172,138.92950439453125,139.39100646972656,77530000,AMZN
2022-04-27 00:00:00-04:00,140.19149780273438,141.94850158691406,135.7834930419922,138.16700744628906,71336000,AMZN
2022-04-28 00:00:00-04:00,142.17799377441406,145.9375,140.3000030517578,144.59649658203125,117316000,AMZN
2022-04-29 00:00:00-04:00,129.8489990234375,130.76100158691406,121.625,124.28150177001953,272662000,AMZN
2022-05-02 00:00:00-04:00,122.4010009765625,124.66799926757812,118.375,124.5,148788000,AMZN
2022-05-03 00:00:00-04:00,124.05349731445312,126.22049713134766,122.82499694824219,124.25350189208984,79134000,AMZN
2022-05-04 00:00:00-04:00,123.5999984741211,126.0,119.18299865722656,125.92849731445312,110746000,AMZN
2022-05-05 00:00:00-04:00,123.0,123.4990005493164,115.07250213623047,116.40699768066406,144392000,AMZN
2022-05-06 00:00:00-04:00,114.8499984741211,119.05049896240234,113.08149719238281,114.77249908447266,124260000,AMZN
2022-05-09 00:00:00-04:00,111.3125,114.0,107.95700073242188,108.78900146484375,128124000,AMZN
2022-05-10 00:00:00-04:00,111.25,112.64250183105469,107.1709976196289,108.85900115966797,105434000,AMZN
2022-05-11 00:00:00-04:00,108.10350036621094,110.15599822998047,104.42849731445312,105.37200164794922,109704000,AMZN
2022-05-12 00:00:00-04:00,102.75,110.78050231933594,102.40550231933594,106.93049621582031,132026000,AMZN
2022-05-13 00:00:00-04:00,109.06900024414062,113.18399810791016,107.80000305175781,113.05500030517578,93684000,AMZN
2022-05-16 00:00:00-04:00,113.0999984741211,113.99250030517578,110.35399627685547,110.81050109863281,74566000,AMZN
2022-05-17 00:00:00-04:00,113.2750015258789,115.80000305175781,111.27649688720703,115.36849975585938,76448000,AMZN
2022-05-18 00:00:00-04:00,111.43949890136719,112.85299682617188,106.2490005493164,107.11250305175781,108380000,AMZN
2022-05-19 00:00:00-04:00,106.28050231933594,110.03399658203125,106.19300079345703,107.31900024414062,88142000,AMZN
2022-05-20 00:00:00-04:00,109.56849670410156,109.89800262451172,105.0094985961914,107.59100341796875,99500000,AMZN
2022-05-23 00:00:00-04:00,108.46099853515625,108.81900024414062,103.94999694824219,107.55699920654297,107798000,AMZN
2022-05-24 00:00:00-04:00,104.0250015258789,105.4000015258789,101.26000213623047,104.0999984741211,102934000,AMZN
2022-05-25 00:00:00-04:00,103.65550231933594,108.17500305175781,103.6500015258789,106.7750015258789,93120000,AMZN
2022-05-26 00:00:00-04:00,107.97000122070312,112.66549682617188,107.45349884033203,111.07749938964844,93002000,AMZN
2022-05-27 00:00:00-04:00,113.55000305175781,115.18699645996094,112.62799835205078,115.14649963378906,93660000,AMZN
2022-05-31 00:00:00-04:00,116.27999877929688,121.99449920654297,115.67500305175781,120.20950317382812,144634000,AMZN
2022-06-01 00:00:00-04:00,122.25599670410156,125.17900085449219,120.62249755859375,121.68399810791016,127528000,AMZN
2022-06-02 00:00:00-04:00,121.68399810791016,125.61000061035156,120.04499816894531,125.51100158691406,100560000,AMZN
2022-06-03 00:00:00-04:00,124.19999694824219,124.4000015258789,121.04650115966797,122.3499984741211,97604000,AMZN
2022-06-06 00:00:00-04:00,125.25,128.99000549316406,123.80999755859375,124.79000091552734,135269000,AMZN
2022-06-07 00:00:00-04:00,122.01000213623047,124.0999984741211,120.62999725341797,123.0,85156700,AMZN
2022-06-08 00:00:00-04:00,122.61000061035156,123.75,120.75,121.18000030517578,64926600,AMZN
2022-06-09 00:00:00-04:00,119.98999786376953,121.30000305175781,116.0999984741211,116.1500015258789,67029800,AMZN
2022-06-10 00:00:00-04:00,113.41999816894531,114.5,109.05000305175781,109.6500015258789,87266000,AMZN
2022-06-13 00:00:00-04:00,104.19000244140625,106.54000091552734,101.86000061035156,103.66999816894531,99277700,AMZN
2022-06-14 00:00:00-04:00,104.19000244140625,104.87999725341797,101.43000030517578,102.30999755859375,69728800,AMZN
2022-06-15 00:00:00-04:00,103.86000061035156,109.05999755859375,103.52999877929688,107.66999816894531,85011100,AMZN
2022-06-16 00:00:00-04:00,104.47000122070312,104.58000183105469,102.01000213623047,103.66000366210938,82186300,AMZN
2022-06-17 00:00:00-04:00,102.80000305175781,106.9800033569336,102.51000213623047,106.22000122070312,99772100,AMZN
2022-06-21 00:00:00-04:00,108.19999694824219,111.62999725341797,103.55999755859375,108.68000030517578,70901200,AMZN
2022-06-22 00:00:00-04:00,107.43000030517578,112.12999725341797,107.0199966430664,108.94999694824219,60040100,AMZN
2022-06-23 00:00:00-04:00,110.38999938964844,113.0,107.93000030517578,112.44000244140625,64345300,AMZN
2022-06-24 00:00:00-04:00,112.37999725341797,116.70999908447266,111.43000030517578,116.45999908447266,69867600,AMZN
2022-06-27 00:00:00-04:00,117.08999633789062,117.9800033569336,112.69999694824219,113.22000122070312,62133200,AMZN
2022-06-28 00:00:00-04:00,113.5,114.8499984741211,107.04000091552734,107.4000015258789,74942900,AMZN
2022-06-29 00:00:00-04:00,107.37999725341797,110.98999786376953,106.91000366210938,108.91999816894531,66375300,AMZN
2022-06-30 00:00:00-04:00,108.11000061035156,108.18000030517578,102.5199966430664,106.20999908447266,97679400,AMZN
2022-07-01 00:00:00-04:00,106.29000091552734,109.75,105.8499984741211,109.55999755859375,73021200,AMZN
2022-07-05 00:00:00-04:00,107.5999984741211,114.08000183105469,106.31999969482422,113.5,76583700,AMZN
2022-07-06 00:00:00-04:00,113.20999908447266,115.4800033569336,112.01000213623047,114.33000183105469,66958900,AMZN
2022-07-07 00:00:00-04:00,113.8499984741211,116.98999786376953,113.48999786376953,116.33000183105469,57872300,AMZN
2022-07-08 00:00:00-04:00,114.5999984741211,116.58000183105469,113.69000244140625,115.54000091552734,45719700,AMZN
2022-07-11 00:00:00-04:00,114.08000183105469,114.30000305175781,110.87000274658203,111.75,53487600,AMZN
2022-07-12 00:00:00-04:00,112.16000366210938,113.2300033569336,108.33999633789062,109.22000122070312,54280300,AMZN
2022-07-13 00:00:00-04:00,107.02999877929688,111.77999877929688,106.01000213623047,110.4000015258789,61353800,AMZN
2022-07-14 00:00:00-04:00,110.23999786376953,111.18000030517578,107.58000183105469,110.62999725341797,51163100,AMZN
2022-07-15 00:00:00-04:00,112.5,115.58999633789062,111.58999633789062,113.55000305175781,84317800,AMZN
2022-07-18 00:00:00-04:00,115.0,117.23999786376953,113.1500015258789,113.76000213623047,59115400,AMZN
2022-07-19 00:00:00-04:00,115.69999694824219,118.94999694824219,114.02999877929688,118.20999908447266,60990000,AMZN
2022-07-20 00:00:00-04:00,118.62000274658203,123.4800033569336,118.31999969482422,122.7699966430664,71268300,AMZN
2022-07-21 00:00:00-04:00,123.19999694824219,124.8499984741211,121.26000213623047,124.62999725341797,60239900,AMZN
2022-07-22 00:00:00-04:00,125.01000213623047,125.5,121.3499984741211,122.41999816894531,51463800,AMZN
2022-07-25 00:00:00-04:00,122.69999694824219,123.63999938964844,120.02999877929688,121.13999938964844,50221300,AMZN
2022-07-26 00:00:00-04:00,115.79000091552734,118.1500015258789,114.52999877929688,114.80999755859375,67075100,AMZN
2022-07-27 00:00:00-04:00,117.30999755859375,121.9000015258789,117.16000366210938,120.97000122070312,61582000,AMZN
2022-07-28 00:00:00-04:00,121.56999969482422,122.83999633789062,118.08000183105469,122.27999877929688,82245500,AMZN
2022-07-29 00:00:00-04:00,134.89999389648438,137.64999389648438,132.41000366210938,134.9499969482422,148892900,AMZN
2022-08-01 00:00:00-04:00,134.9600067138672,138.8300018310547,133.50999450683594,135.38999938964844,76846900,AMZN
2022-08-02 00:00:00-04:00,134.72000122070312,137.44000244140625,134.08999633789062,134.16000366210938,61922400,AMZN
2022-08-03 00:00:00-04:00,136.2100067138672,140.49000549316406,136.0500030517578,139.52000427246094,71827800,AMZN
2022-08-04 00:00:00-04:00,140.5800018310547,143.55999755859375,139.5500030517578,142.57000732421875,70585000,AMZN
2022-08-05 00:00:00-04:00,140.10000610351562,142.86000061035156,139.60000610351562,140.8000030517578,50686900,AMZN
2022-08-08 00:00:00-04:00,142.0500030517578,144.22999572753906,138.2899932861328,139.41000366210938,52229000,AMZN
2022-08-09 00:00:00-04:00,138.0500030517578,138.9499969482422,136.2100067138672,137.8300018310547,40434700,AMZN
2022-08-10 00:00:00-04:00,142.89999389648438,144.60000610351562,141.00999450683594,142.69000244140625,54773800,AMZN
2022-08-11 00:00:00-04:00,143.86000061035156,144.49000549316406,139.75999450683594,140.63999938964844,44867300,AMZN
2022-08-12 00:00:00-04:00,142.0500030517578,143.57000732421875,140.1199951171875,143.5500030517578,47643500,AMZN
2022-08-15 00:00:00-04:00,142.8000030517578,143.75999450683594,141.49000549316406,143.17999267578125,39014600,AMZN
2022-08-16 00:00:00-04:00,143.91000366210938,146.57000732421875,142.0,144.77999877929688,59102900,AMZN
2022-08-17 00:00:00-04:00,142.69000244140625,143.3800048828125,140.77999877929688,142.10000610351562,48149800,AMZN
2022-08-18 00:00:00-04:00,141.32000732421875,142.77000427246094,140.3800048828125,142.3000030517578,37458700,AMZN
2022-08-19 00:00:00-04:00,140.47000122070312,141.11000061035156,137.91000366210938,138.22999572753906,47792800,AMZN
2022-08-22 00:00:00-04:00,135.72000122070312,136.32000732421875,132.85000610351562,133.22000122070312,50461500,AMZN
2022-08-23 00:00:00-04:00,133.41000366210938,134.99000549316406,132.9499969482422,133.6199951171875,36252100,AMZN
2022-08-24 00:00:00-04:00,132.75,135.47000122070312,132.10000610351562,133.8000030517578,38627000,AMZN
2022-08-25 00:00:00-04:00,135.25999450683594,137.4199981689453,134.27999877929688,137.27999877929688,37496300,AMZN
2022-08-26 00:00:00-04:00,136.5500030517578,137.8300018310547,130.5,130.75,53322700,AMZN
2022-08-29 00:00:00-04:00,129.89999389648438,131.9499969482422,128.77000427246094,129.7899932861328,48101600,AMZN
2022-08-30 00:00:00-04:00,131.25,132.07000732421875,126.8499984741211,128.72999572753906,49203000,AMZN
2022-08-31 00:00:00-04:00,129.4499969482422,130.58999633789062,126.73999786376953,126.7699966430664,53648700,AMZN
2022-09-01 00:00:00-04:00,126.0,128.02000427246094,123.66000366210938,127.81999969482422,56636100,AMZN
2022-09-02 00:00:00-04:00,129.5,131.3800048828125,126.38999938964844,127.51000213623047,57429800,AMZN
2022-09-06 00:00:00-04:00,127.91999816894531,128.6199951171875,124.73999786376953,126.11000061035156,43888600,AMZN
2022-09-07 00:00:00-04:00,126.12000274658203,129.82000732421875,125.4000015258789,129.47999572753906,47900300,AMZN
2022-09-08 00:00:00-04:00,127.72000122070312,130.27999877929688,127.0999984741211,129.82000732421875,43988500,AMZN
2022-09-09 00:00:00-04:00,130.91000366210938,133.69000244140625,130.75999450683594,133.27000427246094,49387600,AMZN
2022-09-12 00:00:00-04:00,134.10000610351562,136.49000549316406,134.0,136.4499969482422,53826900,AMZN
2022-09-13 00:00:00-04:00,131.00999450683594,131.39999389648438,126.2699966430664,126.81999969482422,72694000,AMZN
2022-09-14 00:00:00-04:00,127.36000061035156,128.83999633789062,126.33000183105469,128.5500030517578,45316800,AMZN
2022-09-15 00:00:00-04:00,127.37999725341797,130.3699951171875,125.5,126.27999877929688,52887200,AMZN
2022-09-16 00:00:00-04:00,122.77999877929688,123.87000274658203,120.69999694824219,123.52999877929688,115667800,AMZN
2022-09-19 00:00:00-04:00,122.16000366210938,124.70999908447266,121.80000305175781,124.66000366210938,47279700,AMZN
2022-09-20 00:00:00-04:00,123.3499984741211,124.4000015258789,121.13999938964844,122.19000244140625,47698400,AMZN
2022-09-21 00:00:00-04:00,122.48999786376953,123.76000213623047,118.44999694824219,118.54000091552734,58498900,AMZN
2022-09-22 00:00:00-04:00,117.08000183105469,118.79000091552734,116.26000213623047,117.30999755859375,55229200,AMZN
2022-09-23 00:00:00-04:00,116.0,116.05000305175781,112.05999755859375,113.77999877929688,65126700,AMZN
2022-09-26 00:00:00-04:00,113.30000305175781,117.33999633789062,113.12999725341797,115.1500015258789,62723300,AMZN
2022-09-27 00:00:00-04:00,117.19999694824219,118.31999969482422,113.05000305175781,114.41000366210938,60094700,AMZN
2022-09-28 00:00:00-04:00,114.37999725341797,118.69999694824219,113.80000305175781,118.01000213623047,55763800,AMZN
2022-09-29 00:00:00-04:00,115.5999984741211,116.06999969482422,113.05999755859375,114.80000305175781,58969700,AMZN
2022-09-30 00:00:00-04:00,114.08000183105469,116.91999816894531,112.83999633789062,113.0,59479600,AMZN
2022-10-03 00:00:00-04:00,113.58000183105469,116.91000366210938,112.44999694824219,115.87999725341797,50941900,AMZN
2022-10-04 00:00:00-04:00,119.88999938964844,123.0,119.79000091552734,121.08999633789062,62812600,AMZN
2022-10-05 00:00:00-04:00,118.58000183105469,121.75,117.69000244140625,120.94999694824219,48217500,AMZN
2022-10-06 00:00:00-04:00,120.7699966430664,121.52999877929688,119.5,120.30000305175781,42253800,AMZN
2022-10-07 00:00:00-04:00,118.0,118.16999816894531,113.87999725341797,114.55999755859375,54678000,AMZN
2022-10-10 00:00:00-04:00,115.0999984741211,116.25,112.43000030517578,113.66999816894531,42339700,AMZN
2022-10-11 00:00:00-04:00,112.70999908447266,115.4800033569336,110.38999938964844,112.20999908447266,56432200,AMZN
2022-10-12 00:00:00-04:00,112.48999786376953,113.83000183105469,111.4000015258789,112.9000015258789,45728700,AMZN
2022-10-13 00:00:00-04:00,107.87999725341797,113.44000244140625,105.3499984741211,112.52999877929688,86868100,AMZN
2022-10-14 00:00:00-04:00,114.0999984741211,114.95999908447266,106.5999984741211,106.9000015258789,67737300,AMZN
2022-10-17 00:00:00-04:00,110.11000061035156,114.19000244140625,110.08999633789062,113.79000091552734,62782000,AMZN
2022-10-18 00:00:00-04:00,119.05999755859375,119.5199966430664,114.79000091552734,116.36000061035156,65607400,AMZN
2022-10-19 00:00:00-04:00,114.70999908447266,116.58999633789062,113.22000122070312,115.06999969482422,47198100,AMZN
2022-10-20 00:00:00-04:00,113.83000183105469,118.23999786376953,113.51000213623047,115.25,48795100,AMZN
2022-10-21 00:00:00-04:00,114.79000091552734,119.58999633789062,114.5,119.31999969482422,55660500,AMZN
2022-10-24 00:00:00-04:00,119.9800033569336,120.38999938964844,116.56999969482422,119.81999969482422,49531500,AMZN
2022-10-25 00:00:00-04:00,119.6500015258789,121.31999969482422,118.94999694824219,120.5999984741211,50934600,AMZN
2022-10-26 00:00:00-04:00,116.0,119.3499984741211,114.76000213623047,115.66000366210938,68802300,AMZN
2022-10-27 00:00:00-04:00,113.91999816894531,114.12000274658203,109.7699966430664,110.95999908447266,129605400,AMZN
2022-10-28 00:00:00-04:00,97.91000366210938,103.95999908447266,97.66000366210938,103.41000366210938,223133400,AMZN
2022-10-31 00:00:00-04:00,103.55999755859375,104.87000274658203,100.73999786376953,102.44000244140625,99251400,AMZN
2022-11-01 00:00:00-04:00,103.98999786376953,104.58000183105469,96.05999755859375,96.79000091552734,153370000,AMZN
2022-11-02 00:00:00-04:00,97.31999969482422,97.73999786376953,92.01000213623047,92.12000274658203,135761800,AMZN
2022-11-03 00:00:00-04:00,92.47000122070312,93.5,89.0199966430664,89.30000305175781,136683300,AMZN
2022-11-04 00:00:00-04:00,91.48999786376953,92.44000244140625,88.04000091552734,90.9800033569336,129101300,AMZN
2022-11-07 00:00:00-05:00,91.94999694824219,92.0999984741211,89.04000091552734,90.52999877929688,77495700,AMZN
2022-11-08 00:00:00-05:00,90.79000091552734,91.72000122070312,88.2300033569336,89.9800033569336,88703400,AMZN
2022-11-09 00:00:00-05:00,89.47000122070312,89.4800033569336,85.87000274658203,86.13999938964844,90796200,AMZN
2022-11-10 00:00:00-05:00,92.94000244140625,98.69000244140625,91.6500015258789,96.62999725341797,173414900,AMZN
2022-11-11 00:00:00-05:00,97.87999725341797,101.19000244140625,96.66000366210938,100.79000091552734,111590500,AMZN
2022-11-14 00:00:00-05:00,98.7699966430664,100.12000274658203,97.29000091552734,98.48999786376953,99533100,AMZN
2022-11-15 00:00:00-05:00,103.20999908447266,103.79000091552734,97.33999633789062,98.94000244140625,111336300,AMZN
2022-11-16 00:00:00-05:00,96.8499984741211,98.48999786376953,95.54000091552734,97.12000274658203,87958800,AMZN
2022-11-17 00:00:00-05:00,95.37000274658203,96.97000122070312,94.02999877929688,94.8499984741211,82617900,AMZN
2022-11-18 00:00:00-05:00,95.94999694824219,95.98999786376953,92.4800033569336,94.13999938964844,72428200,AMZN
2022-11-21 00:00:00-05:00,93.97000122070312,95.0199966430664,90.58999633789062,92.45999908447266,84330300,AMZN
2022-11-22 00:00:00-05:00,92.62000274658203,93.3499984741211,90.87000274658203,93.19999694824219,62192000,AMZN
2022-11-23 00:00:00-05:00,93.23999786376953,94.58000183105469,92.83000183105469,94.12999725341797,59414700,AMZN
2022-11-25 00:00:00-05:00,93.79000091552734,94.43000030517578,93.06999969482422,93.41000366210938,35088600,AMZN
2022-11-28 00:00:00-05:00,93.93000030517578,96.4000015258789,93.43000030517578,93.94999694824219,74943100,AMZN
2022-11-29 00:00:00-05:00,94.04000091552734,94.41000366210938,91.44000244140625,92.41999816894531,65567300,AMZN
2022-11-30 00:00:00-05:00,92.47000122070312,96.54000091552734,91.52999877929688,96.54000091552734,102805800,AMZN
2022-12-01 00:00:00-05:00,96.98999786376953,97.2300033569336,94.91999816894531,95.5,68488000,AMZN
2022-12-02 00:00:00-05:00,94.4800033569336,95.36000061035156,93.77999877929688,94.12999725341797,72496400,AMZN
2022-12-05 00:00:00-05:00,93.05000305175781,94.05999755859375,90.81999969482422,91.01000213623047,71535500,AMZN
2022-12-06 00:00:00-05:00,90.5,91.04000091552734,87.9000015258789,88.25,75503600,AMZN
2022-12-07 00:00:00-05:00,88.33999633789062,89.88999938964844,87.4800033569336,88.45999908447266,68086900,AMZN
2022-12-08 00:00:00-05:00,89.23999786376953,90.86000061035156,87.87999725341797,90.3499984741211,73305900,AMZN
2022-12-09 00:00:00-05:00,88.9000015258789,90.30000305175781,88.62999725341797,89.08999633789062,67398500,AMZN
2022-12-12 00:00:00-05:00,89.20999908447266,90.58000183105469,87.87000274658203,90.55000305175781,61999800,AMZN
2022-12-13 00:00:00-05:00,95.2300033569336,96.25,90.5199966430664,92.48999786376953,100212000,AMZN
2022-12-14 00:00:00-05:00,92.5,93.45999908447266,89.87000274658203,91.58000183105469,70298000,AMZN
2022-12-15 00:00:00-05:00,89.88999938964844,89.97000122070312,87.47000122070312,88.44999694824219,84802900,AMZN
2022-12-16 00:00:00-05:00,88.2699966430664,89.3499984741211,86.7300033569336,87.86000061035156,146144100,AMZN
2022-12-19 00:00:00-05:00,87.51000213623047,87.62999725341797,84.51000213623047,84.91999816894531,83531500,AMZN
2022-12-20 00:00:00-05:00,85.33000183105469,86.61000061035156,84.33000183105469,85.19000244140625,74348300,AMZN
2022-12-21 00:00:00-05:00,86.18000030517578,87.2300033569336,85.20999908447266,86.7699966430664,59267200,AMZN
2022-12-22 00:00:00-05:00,85.5199966430664,85.68000030517578,82.25,83.79000091552734,81431300,AMZN
2022-12-23 00:00:00-05:00,83.25,85.77999877929688,82.93000030517578,85.25,57433700,AMZN
2022-12-27 00:00:00-05:00,84.97000122070312,85.3499984741211,83.0,83.04000091552734,57284000,AMZN
2022-12-28 00:00:00-05:00,82.80000305175781,83.4800033569336,81.69000244140625,81.81999969482422,58228600,AMZN
2022-12-29 00:00:00-05:00,82.87000274658203,84.55000305175781,82.55000305175781,84.18000030517578,54995900,AMZN
2022-12-30 00:00:00-05:00,83.12000274658203,84.05000305175781,82.47000122070312,84.0,62401200,AMZN
2020-01-02 00:00:00-05:00,151.28912308572728,153.14712365624922,150.86035596005522,153.0423126220703,22622100,MSFT
2020-01-03 00:00:00-05:00,150.8508074465806,152.40389764073367,150.60306438648712,151.1366424560547,21116200,MSFT
2020-01-06 00:00:00-05:00,149.66934299444563,151.59404829608147,149.12622725263657,151.52734375,20813700,MSFT
2020-01-07 00:00:00-05:00,151.8036681235651,152.13714723225632,149.89802336904734,150.145751953125,21634100,MSFT
2020-01-08 00:00:00-05:00,151.43204560824276,153.21383324803998,150.498283797712,152.53732299804688,27746500,MSFT
2020-01-09 00:00:00-05:00,154.2047570722111,154.5668341975591,153.432973337792,154.44296264648438,21385000,MSFT
2020-01-10 00:00:00-05:00,155.1384890667648,155.51961206114564,153.57584698863667,153.72830200195312,20725900,MSFT
2020-01-13 00:00:00-05:00,154.1284735316232,155.6053504631855,153.65206255621015,155.57676696777344,21626500,MSFT
2020-01-14 00:00:00-05:00,155.68161454893516,155.88171360275174,154.09040326179172,154.48106384277344,23477400,MSFT
2020-01-15 00:00:00-05:00,154.9479739066937,156.2057064523275,154.90034441786614,155.48155212402344,21417900,MSFT
2020-01-16 00:00:00-05:00,156.59633079076963,158.39716412587353,156.29142071509088,158.33045959472656,23865400,MSFT
2020-01-17 00:00:00-05:00,159.52146348437785,159.56910749394856,157.6253423991826,159.21656799316406,34371700,MSFT
2020-01-21 00:00:00-05:00,158.81636792894554,160.25513848961072,158.57816242302457,158.64486694335938,29517200,MSFT
2020-01-22 00:00:00-05:00,159.5024395780896,159.5882046305639,157.8635841373356,157.8826446533203,24138800,MSFT
2020-01-23 00:00:00-05:00,158.34954329861904,158.93076549395,157.472948511039,158.8545379638672,19680800,MSFT
2020-01-24 00:00:00-05:00,159.60722542232784,159.62628593530488,156.69159211003426,157.25375366210938,24918100,MSFT
2020-01-27 00:00:00-05:00,153.5472991294745,155.67210320610195,152.64212090354462,154.62399291992188,32078100,MSFT
2020-01-28 00:00:00-05:00,156.05319728680965,157.93978091240282,155.376701759657,157.65394592285156,24899900,MSFT
2020-01-29 00:00:00-05:00,159.92163638924157,160.78870787363172,157.87307496374873,160.11219787597656,34754500,MSFT
2020-01-30 00:00:00-05:00,165.8386738396915,165.8386738396915,162.73246478047693,164.6285858154297,51597500,MSFT
2020-01-31 00:00:00-05:00,164.0854810621785,164.26650502733744,161.57955457958337,162.19888305664062,36142700,MSFT
2020-02-03 00:00:00-05:00,162.38946303348897,166.26745594744494,162.36087953368826,166.1531219482422,30107000,MSFT
2020-02-04 00:00:00-05:00,168.78293863810697,172.11781662878568,167.9920943985049,171.62234497070312,36433300,MSFT
2020-02-05 00:00:00-05:00,175.34783350777485,175.50981150496324,169.9929784588166,171.4126739501953,39186300,MSFT
2020-02-06 00:00:00-05:00,172.4322705479156,175.14782019807717,171.56519867630152,174.96678161621094,27751400,MSFT
2020-02-07 00:00:00-05:00,174.22354882690465,176.87239343667386,173.87099471887296,175.2144775390625,33529100,MSFT
2020-02-10 00:00:00-05:00,174.91910137097884,179.93094091327686,174.60466830003907,179.79754638671875,35844300,MSFT
2020-02-11 00:00:00-05:00,181.6555745379573,181.7032185630636,174.84290057629974,175.73855590820312,53159900,MSFT
2020-02-12 00:00:00-05:00,176.82473920569333,177.0820052612557,173.27071659952438,175.99578857421875,47062900,MSFT
2020-02-13 00:00:00-05:00,174.4426709188351,177.4440547028916,174.24257188173937,175.04295349121094,35295800,MSFT
2020-02-14 00:00:00-05:00,174.60465849538713,176.6627578229254,174.03295939143354,176.6055908203125,23149500,MSFT
2020-02-18 00:00:00-05:00,176.85335930491354,178.844754553421,176.7485482634702,178.3969268798828,27792200,MSFT
2020-02-19 00:00:00-05:00,179.67714529392427,179.79179157907453,178.15802370119442,178.93191528320312,29997500,MSFT
2020-02-20 00:00:00-05:00,178.61664037983618,178.90327069854922,173.0274147687379,176.1994171142578,36862400,MSFT
2020-02-21 00:00:00-05:00,175.00515009256466,175.32044201019235,169.34903730957274,170.62930297851562,48572600,MSFT
2020-02-24 00:00:00-05:00,160.29160165464475,166.76937977870733,155.95396547023205,163.27252197265625,68311100,MSFT
2020-02-25 00:00:00-05:00,166.4350225903375,167.04649397231225,160.17698628158834,160.57827758789062,68073300,MSFT
2020-02-26 00:00:00-05:00,162.1450771603362,165.53682203004007,160.71194059726616,162.58456420898438,56206100,MSFT
2020-02-27 00:00:00-05:00,156.0399711167215,159.5845886377362,150.93799206981453,151.1290740966797,93174900,MSFT
2020-02-28 00:00:00-05:00,145.61627726402705,156.41257893669868,145.2245496509673,154.78834533691406,97012700,MSFT
2020-03-02 00:00:00-05:00,157.94127142356453,165.21205473784656,155.07499702232786,165.0878448486328,71030800,MSFT
2020-03-03 00:00:00-05:00,166.05283004915677,167.19933687198244,155.02721989939704,157.1769256591797,71677000,MSFT
2020-03-04 00:00:00-05:00,160.9795353071351,163.09101602333493,158.23745612386801,162.9477081298828,49814400,MSFT
2020-03-05 00:00:00-05:00,158.648280123507,163.2534197641911,158.30432663584648,158.8584747314453,47817300,MSFT
2020-03-06 00:00:00-05:00,155.36163162078796,155.83934403403944,149.0462729344585,154.3679962158203,72821100,MSFT
2020-03-09 00:00:00-04:00,144.2691329538796,150.71824982433446,143.31370823233073,143.90606689453125,70419300,MSFT
2020-03-10 00:00:00-04:00,151.10998119384263,153.8520455473004,145.77870936639837,153.7469482421875,65354400,MSFT
2020-03-11 00:00:00-04:00,150.12589268732367,150.67047720325453,144.41244229780665,146.7819061279297,56371600,MSFT
2020-03-12 00:00:00-04:00,138.82321411729578,146.62903229571248,132.40275886102268,132.86135864257812,93226400,MSFT
2020-03-13 00:00:00-04:00,140.92512904354783,154.6928010815191,134.4569003945856,151.75009155273438,92727400,MSFT
2020-03-16 00:00:00-04:00,133.75945265769641,142.6926790773562,128.98232934849295,129.38360595703125,87905900,MSFT
2020-03-17 00:00:00-04:00,133.75945853319914,140.92514381176338,128.98233501415632,140.03660583496094,81059800,MSFT
2020-03-18 00:00:00-04:00,131.84861846004904,139.49201663164607,129.00145672314414,134.14163208007812,81593200,MSFT
2020-03-19 00:00:00-04:00,136.4059864786484,143.45701074664507,132.80403133103658,136.34866333007812,85922700,MSFT
2020-03-20 00:00:00-04:00,139.49200243962864,140.5429754127465,129.8039968259391,131.2275848388672,84866200,MSFT
2020-03-23 00:00:00-04:00,130.90274173665898,134.3040661443452,126.61289387434711,129.9186553955078,78975200,MSFT
2020-03-24 00:00:00-04:00,137.34231071293746,142.93155144992267,134.97286136491363,141.7277069091797,82516700,MSFT
2020-03-25 00:00:00-04:00,142.2723026936915,147.45070307732973,138.00155290473782,140.37100219726562,75638200,MSFT
2020-03-26 00:00:00-04:00,141.78500650137846,149.67682312192036,141.75634492932605,149.15133666992188,64568100,MSFT
2020-03-27 00:00:00-04:00,144.98566163058663,147.98569384823287,142.54932634479343,143.02703857421875,57042300,MSFT
2020-03-30 00:00:00-04:00,145.6449549415778,153.44122459952303,143.32326515890932,153.08770751953125,63420300,MSFT
2020-03-31 00:00:00-04:00,152.29467855467226,157.43486767401808,149.58127613348788,150.68002319335938,77927200,MSFT
2020-04-01 00:00:00-04:00,146.18000897009344,150.71827722243293,144.09718969623435,145.32968139648438,57969900,MSFT
2020-04-02 00:00:00-04:00,145.09081018055613,148.54944327874793,143.65767298579703,148.33924865722656,49630700,MSFT
2020-04-03 00:00:00-04:00,148.1864008500804,150.36476835330978,145.40611102300753,146.97300720214844,41243300,MSFT
2020-04-06 00:00:00-04:00,153.17368146121848,159.0781985913757,150.55581276462382,157.9030303955078,67111700,MSFT
2020-04-07 00:00:00-04:00,162.03045878950454,162.42218638494947,155.9826191587949,156.20237731933594,62769000,MSFT
2020-04-08 00:00:00-04:00,158.28524065582224,159.2406655511277,156.21197038244458,157.76931762695312,48318200,MSFT
2020-04-09 00:00:00-04:00,158.9444584466096,159.90943217427318,156.0495226849944,157.77883911132812,51385100,MSFT
2020-04-13 00:00:00-04:00,157.02404273502208,158.1896619422146,155.0654193407315,158.13232421875,41905300,MSFT
2020-04-14 00:00:00-04:00,161.4667671562334,166.00503428044706,160.5113424985042,165.95726013183594,52874300,MSFT
2020-04-15 00:00:00-04:00,163.5687330798885,165.83309991105074,161.69610851873585,164.2184295654297,40940800,MSFT
2020-04-16 00:00:00-04:00,166.5305372327894,169.37769891247757,165.19293383246543,169.1483917236328,50479600,MSFT
2020-04-17 00:00:00-04:00,171.4987620389364,171.9764744680142,168.030565138671,170.63888549804688,52765600,MSFT
2020-04-20 00:00:00-04:00,168.75661509064355,170.78211013732385,167.18971967029066,167.256591796875,36669600,MSFT
2020-04-21 00:00:00-04:00,165.76617570683052,165.92859614684912,158.7055881719727,160.33937072753906,56203700,MSFT
2020-04-22 00:00:00-04:00,163.75024942901226,166.24390864178403,163.20566489538103,165.78530883789062,34620200,MSFT
2020-04-23 00:00:00-04:00,166.34901041750675,167.25666105035813,163.2916540117112,163.77891540527344,32790800,MSFT
2020-04-24 00:00:00-04:00,164.39035095012312,166.77891240081914,163.10053651392056,166.7693634033203,34277600,MSFT
2020-04-27 00:00:00-04:00,168.7184905178518,169.0146699234512,165.57514880789395,166.29171752929688,33194400,MSFT
2020-04-28 00:00:00-04:00,167.76299929445688,167.83943501065198,161.83936978624703,162.2406463623047,34392700,MSFT
2020-04-29 00:00:00-04:00,165.4986663046983,169.7598522667358,164.21840071636407,169.52099609375,51286600,MSFT
2020-04-30 00:00:00-04:00,171.9764281901626,172.3585921991362,168.37447336216547,171.22164916992188,53875900,MSFT
2020-05-01 00:00:00-04:00,167.96365086487415,170.6770532828169,166.25343263355887,166.78848266601562,39370500,MSFT
2020-05-04 00:00:00-04:00,166.71206013131342,171.02102025364536,166.05281475976705,170.86814880371094,30372900,MSFT
2020-05-05 00:00:00-04:00,172.56880155234975,175.46373717511452,171.8808946144033,172.7025604248047,36839200,MSFT
2020-05-06 00:00:00-04:00,173.96372631515825,175.98922195799156,173.5337881277713,174.40321350097656,32139300,MSFT
2020-05-07 00:00:00-04:00,175.9605237005793,176.32358966600938,174.44140228515425,175.4159393310547,28316000,MSFT
2020-05-08 00:00:00-04:00,176.7344452481951,176.75355782294716,175.18666200160757,176.44781494140625,30877800,MSFT
2020-05-11 00:00:00-04:00,174.98605976663234,179.1517127986316,174.69944396745652,178.41604614257812,30892700,MSFT
2020-05-12 00:00:00-04:00,178.4733376396917,178.70263023835386,174.17392647128779,174.3745574951172,32038200,MSFT
2020-05-13 00:00:00-04:00,174.41278675466813,175.84592384455263,168.67067481754464,171.7375946044922,44711500,MSFT
2020-05-14 00:00:00-04:00,169.6260935240931,172.6356900532144,167.84900301256042,172.48281860351562,41873900,MSFT
2020-05-15 00:00:00-04:00,171.07834313852737,178.72174067995962,169.11017060418837,174.99559020996094,46610400,MSFT
2020-05-18 00:00:00-04:00,177.4700945564636,177.9000326504322,175.75989117694584,176.66754150390625,35264500,MSFT
2020-05-19 00:00:00-04:00,176.7822298525847,178.28225361895426,175.31088223935092,175.44464111328125,26799100,MSFT
2020-05-20 00:00:00-04:00,177.063810419329,178.0602277033785,176.23028056417823,177.87818908691406,31261300,MSFT
2020-05-21 00:00:00-04:00,177.6290988690488,178.84587191060044,175.60753727590682,175.74166870117188,29119500,MSFT
2020-05-22 00:00:00-04:00,175.51171852342944,176.72849143363786,174.88895405824258,175.81829833984375,20826900,MSFT
2020-05-26 00:00:00-04:00,178.52963646734474,178.6829336455739,173.50927814374,173.95957946777344,36073600,MSFT
2020-05-27 00:00:00-04:00,172.6469959934954,174.36197714397906,169.1978971285013,174.18951416015625,39517100,MSFT
2020-05-28 00:00:00-04:00,173.16439702519384,176.4314578184735,172.81948562359167,173.79672241210938,33810200,MSFT
2020-05-29 00:00:00-04:00,175.070959536825,176.54641939540448,172.84820877608945,175.5691680908203,42130400,MSFT
2020-06-01 00:00:00-04:00,174.88894080958718,175.3296666226282,173.85422121574976,175.1667938232422,22622400,MSFT
2020-06-02 00:00:00-04:00,176.52726694636573,177.24583112660875,173.74882463044972,177.15960693359375,30794600,MSFT
2020-06-03 00:00:00-04:00,177.07339945120424,178.14645071681335,175.88536796483194,177.59075927734375,27311000,MSFT
2020-06-04 00:00:00-04:00,176.5751840844292,178.0506295184226,174.65901282929536,175.25302124023438,28761800,MSFT
2020-06-05 00:00:00-04:00,174.96560349423308,179.86142193992043,174.3811706403524,179.3536376953125,39893600,MSFT
2020-06-08 00:00:00-04:00,178.14646116671443,180.64706548139716,176.70933258630433,180.46502685546875,33211600,MSFT
2020-06-09 00:00:00-04:00,180.12010837438186,182.706936794211,179.4111197061566,181.84466552734375,29783900,MSFT
2020-06-10 00:00:00-04:00,183.1189232288996,190.19917591724314,183.00394300463498,188.58958435058594,43872300,MSFT
2020-06-11 00:00:00-04:00,185.0350682105646,187.55482328316214,178.27098652054713,178.4626007080078,52854700,MSFT
2020-06-12 00:00:00-04:00,182.5536302771915,183.68417892735448,177.41829069397733,179.87100219726562,43373600,MSFT
2020-06-15 00:00:00-04:00,176.8434819453404,182.8219427093576,176.29736601214492,181.02073669433594,32770200,MSFT
2020-06-16 00:00:00-04:00,184.805128718821,187.38238129288425,183.43507334347268,185.45663452148438,42556700,MSFT
2020-06-17 00:00:00-04:00,186.85543772763106,188.09137636703255,185.5716065025008,186.0985565185547,25687800,MSFT
2020-06-18 00:00:00-04:00,185.8686191262758,188.25425769653995,185.8686191262758,188.0913848876953,23061600,MSFT
2020-06-19 00:00:00-04:00,190.2662302616709,190.93688730881695,186.2231075527269,186.9704132080078,44441100,MSFT
2020-06-22 00:00:00-04:00,187.58356094783133,192.34524723857083,187.0470353859269,192.16322326660156,32818900,MSFT
2020-06-23 00:00:00-04:00,193.619546196525,195.40158628078228,192.98720609131763,193.4470977783203,30917400,MSFT
2020-06-24 00:00:00-04:00,193.15006444100968,194.73089984668712,188.32130478941002,189.5476531982422,36740600,MSFT
2020-06-25 00:00:00-04:00,189.50930990183528,192.20152774783602,187.27696899050756,191.94284057617188,27803900,MSFT
2020-06-26 00:00:00-04:00,191.35843741947582,191.51173462779505,186.71173091870725,188.1009521484375,54675800,MSFT
2020-06-29 00:00:00-04:00,187.573986504707,190.20872174887992,185.43745983645167,190.12249755859375,26701600,MSFT
2020-06-30 00:00:00-04:00,189.58598372582725,195.83269132910735,189.45185232622862,194.97999572753906,34310300,MSFT
2020-07-01 00:00:00-04:00,194.6255211499115,197.70098256301688,193.31294846872325,196.12013244628906,32061200,MSFT
2020-07-02 00:00:00-04:00,197.0590698637365,199.3010016273132,196.40757857155802,197.61476135253906,29315800,MSFT
2020-07-06 00:00:00-04:00,200.0770519015544,202.2806520831632,199.36806317309092,201.86866760253906,31897600,MSFT
2020-07-07 00:00:00-04:00,201.62910182230144,205.67222402785154,199.27221954731652,199.5213165283203,33600700,MSFT
2020-07-08 00:00:00-04:00,201.26506682461263,204.32134787899562,199.94290390142638,203.9093780517578,33600000,MSFT
2020-07-09 00:00:00-04:00,207.2626608673324,207.31056807147002,202.6063642381437,205.3369140625,33121700,MSFT
2020-07-10 00:00:00-04:00,204.6662346433912,205.106960437745,202.23270372973718,204.71414184570312,26177600,MSFT
2020-07-13 00:00:00-04:00,205.49019605487902,206.7548760681711,197.84467703569644,198.3907928466797,38135600,MSFT
2020-07-14 00:00:00-04:00,197.49017541399985,200.09616923090363,193.5620188846188,199.61712646484375,37591800,MSFT
2020-07-15 00:00:00-04:00,200.77640828518986,202.47222382543762,196.4362818534303,199.3201141357422,32179400,MSFT
2020-07-16 00:00:00-04:00,196.79081135729675,197.0782400122111,193.83032983590473,195.3728485107422,29940700,MSFT
2020-07-17 00:00:00-04:00,195.899771724378,196.4458729364666,192.94886620272644,194.3764190673828,31635300,MSFT
2020-07-20 00:00:00-04:00,196.40754068277164,203.40156822605204,194.50094514688112,202.7309112548828,36884800,MSFT
2020-07-21 00:00:00-04:00,204.7045699499503,204.97283274467122,199.3105434190192,200.0003662109375,37990400,MSFT
2020-07-22 00:00:00-04:00,200.43149741397403,203.40156851523614,199.65545044485876,202.87461853027344,49605700,MSFT
2020-07-23 00:00:00-04:00,198.50575057010292,202.079405634506,193.6769911352823,194.05064392089844,67457000,MSFT
2020-07-24 00:00:00-04:00,192.01952034770355,194.35725162565268,189.23148765379403,192.86264038085938,39827000,MSFT
2020-07-27 00:00:00-04:00,193.02555244857442,195.4207670125174,192.44111951020315,195.30580139160156,30160900,MSFT
2020-07-28 00:00:00-04:00,195.07582771240598,196.12013760474971,193.2842121522174,193.55247497558594,23251400,MSFT
2020-07-29 00:00:00-04:00,194.01234671295202,196.07222504023824,193.54287947526808,195.5069580078125,19632600,MSFT
2020-07-30 00:00:00-04:00,192.57524057476022,195.89022378527395,191.2051849351646,195.3536834716797,25079600,MSFT
2020-07-31 00:00:00-04:00,195.83272712498132,196.5033988647913,190.6686453676629,196.4171600341797,51044000,MSFT
2020-08-03 00:00:00-04:00,202.6543024938324,208.517782621895,201.6195681266634,207.46388244628906,78983000,MSFT
2020-08-04 00:00:00-04:00,205.19318712810264,205.76804432439195,201.4949762006801,204.35006713867188,49280100,MSFT
2020-08-05 00:00:00-04:00,205.89261028578034,205.9884247031007,202.70219778204324,204.0147705078125,28806400,MSFT
2020-08-06 00:00:00-04:00,203.43988216366904,207.3009657603517,202.68300101168293,207.2818145751953,32656800,MSFT
2020-08-07 00:00:00-04:00,205.84472401430398,206.65908810961207,202.08901510463994,203.5740509033203,27820400,MSFT
2020-08-10 00:00:00-04:00,202.79796736717944,202.99917176588565,197.70095982425147,199.5213165283203,36716500,MSFT
2020-08-11 00:00:00-04:00,198.4770314224895,198.9464840457062,194.62552292567963,194.85546875,36446500,MSFT
2020-08-12 00:00:00-04:00,196.6853633438916,201.46621519059136,196.16800361297544,200.42190551757812,28013100,MSFT
2020-08-13 00:00:00-04:00,200.66144219118792,202.49138912091325,199.42550363100096,199.95245361328125,22588900,MSFT
2020-08-14 00:00:00-04:00,200.00992684021358,200.8051395719377,198.81231994651307,200.14405822753906,17958900,MSFT
2020-08-17 00:00:00-04:00,200.81478675838616,202.3381396507636,200.1632808213715,201.46627807617188,20184800,MSFT
2020-08-18 00:00:00-04:00,201.7057958043746,203.459094516181,200.4411301911283,202.6255645751953,21336200,MSFT
2020-08-19 00:00:00-04:00,203.11538292995183,203.701228616939,200.96407761200894,201.39625549316406,27627600,MSFT
2020-08-20 00:00:00-04:00,201.24257482025888,206.48637478609217,200.63753168715445,206.0830078125,26981500,MSFT
2020-08-21 00:00:00-04:00,205.39149643815162,207.6868557841031,204.42149605209858,204.5847625732422,36249300,MSFT
2020-08-24 00:00:00-04:00,206.28467404070597,206.98577783077045,204.01812544971222,205.22824096679688,25460100,MSFT
2020-08-25 00:00:00-04:00,204.66158367149941,208.03258795996646,204.66158367149941,207.89813232421875,23043700,MSFT
2020-08-26 00:00:00-04:00,209.25230434048552,213.29558685143772,208.75289140749118,212.39280700683594,39600800,MSFT
2020-08-27 00:00:00-04:00,214.0638889604695,221.99680004561142,210.71208246217046,217.60777282714844,57602200,MSFT
2020-08-28 00:00:00-04:00,219.14443155423294,221.5070259544178,217.60779777645126,219.8455352783203,26292900,MSFT
2020-08-31 00:00:00-04:00,218.0111720750018,219.64385193055338,215.42768932110053,216.59938049316406,28774200,MSFT
2020-09-01 00:00:00-04:00,216.58014594729897,218.443327279092,215.54291052585035,218.2704620361328,25725500,MSFT
2020-09-02 00:00:00-04:00,218.94276449796857,223.63912796259172,218.34732016667317,222.47703552246094,34080800,MSFT
2020-09-03 00:00:00-04:00,220.19125873454507,220.2296683470125,206.44791544411402,208.69525146484375,58400300,MSFT
2020-09-04 00:00:00-04:00,206.58238418606985,209.71328803798121,197.06480108183683,205.7660369873047,59664100,MSFT
2020-09-08 00:00:00-04:00,198.32293318553906,201.71314970879104,194.19320331662198,194.63499450683594,52924300,MSFT
2020-09-09 00:00:00-04:00,199.3793936773701,206.3326924284308,198.5150233767593,202.9232635498047,45679000,MSFT
2020-09-10 00:00:00-04:00,204.94966282399156,206.23661189978657,196.02753983389604,197.23764038085938,35461500,MSFT
2020-09-11 00:00:00-04:00,198.99518506487826,200.368566810898,193.27120041209554,195.95071411132812,33620100,MSFT
2020-09-14 00:00:00-04:00,196.15243960847576,200.9160236183838,195.95074881259208,197.27610778808594,30375800,MSFT
2020-09-15 00:00:00-04:00,200.16690436591406,201.47305115845535,198.7359006730098,200.5126495361328,21823900,MSFT
2020-09-16 00:00:00-04:00,202.2798040655635,202.30861494458284,196.5366059261538,196.9303741455078,26328100,MSFT
2020-09-17 00:00:00-04:00,192.12832735557808,196.2388446962725,192.04189473571662,194.8750762939453,34011300,MSFT
2020-09-18 00:00:00-04:00,194.7694511786119,195.58578376166412,188.47881764601027,192.4548797607422,55225300,MSFT
2020-09-21 00:00:00-04:00,189.38158995270084,194.68301077891633,188.60366701743501,194.5197296142578,39839700,MSFT
2020-09-22 00:00:00-04:00,196.93996392585635,199.8595932065508,194.07797105514516,199.20651245117188,33517100,MSFT
2020-09-23 00:00:00-04:00,199.6674908934274,199.85958294103887,192.1091348351066,192.64695739746094,30803800,MSFT
2020-09-24 00:00:00-04:00,191.9362894842554,197.4297884915985,191.31201957390397,195.14402770996094,31202500,MSFT
2020-09-25 00:00:00-04:00,195.48976373093728,200.76235954382076,194.51974866099025,199.59068298339844,29437300,MSFT
2020-09-28 00:00:00-04:00,202.52949555123575,204.15257661161684,199.82115598560364,201.14651489257812,32004900,MSFT
2020-09-29 00:00:00-04:00,201.060091777366,201.75158213940978,198.62066337388762,199.05284118652344,24221900,MSFT
2020-09-30 00:00:00-04:00,199.50421650472714,203.58592322780046,198.3613362775362,202.0012664794922,33829100,MSFT
2020-10-01 00:00:00-04:00,205.03614853818758,205.5163493514869,202.95207876701642,204.04693603515625,27158400,MSFT
2020-10-02 00:00:00-04:00,199.76350127892908,202.63510688545642,197.4009072677186,198.02517700195312,33154800,MSFT
2020-10-05 00:00:00-04:00,199.01442845645465,202.07811202421507,198.78392678785568,202.04930114746094,21331600,MSFT
2020-10-06 00:00:00-04:00,200.55107412232323,201.85720626234854,196.70946762700416,197.7563018798828,28554300,MSFT
2020-10-07 00:00:00-04:00,198.86077087147342,201.78999894635191,198.5342378151438,201.52108764648438,25681100,MSFT
2020-10-08 00:00:00-04:00,202.17412838157995,202.82720906682906,200.0708612618894,202.24136352539062,19925800,MSFT
2020-10-09 00:00:00-04:00,202.86562588087534,207.31228997869036,202.86562588087534,207.26426696777344,26458000,MSFT
2020-10-12 00:00:00-04:00,210.12625534154273,214.9954983886826,208.22466431550376,212.63290405273438,40461400,MSFT
2020-10-13 00:00:00-04:00,213.90065482996604,216.29206019364605,211.70132686372915,214.0351104736328,28950800,MSFT
2020-10-14 00:00:00-04:00,214.1695624812037,215.34125363665,210.4528128800717,212.1143035888672,23421700,MSFT
2020-10-15 00:00:00-04:00,208.50321179823604,211.63411601753762,207.4563628234982,210.9618377685547,22733100,MSFT
2020-10-16 00:00:00-04:00,211.43242521555936,213.48768423648824,210.6353047125582,210.9618377685547,26057900,MSFT
2020-10-19 00:00:00-04:00,211.6917309808641,213.49729078125034,205.25704282497009,205.73724365234375,27625800,MSFT
2020-10-20 00:00:00-04:00,207.2546321839136,208.7624548134353,204.65193785233026,206.15016174316406,22753500,MSFT
2020-10-21 00:00:00-04:00,204.68076830600663,208.33029703169603,204.68076830600663,206.29425048828125,22724900,MSFT
2020-10-22 00:00:00-04:00,205.4586995787532,207.50435959979706,203.3170081940359,206.3806915283203,22351500,MSFT
2020-10-23 00:00:00-04:00,206.51516924614666,207.71567132968448,204.71922281863533,207.6676483154297,18879600,MSFT
2020-10-26 00:00:00-04:00,205.38190309336022,207.7732938739257,199.85959348811673,201.7611846923828,37111600,MSFT
2020-10-27 00:00:00-04:00,203.21137857142563,206.169417367795,202.0012777861424,204.80564880371094,36700300,MSFT
2020-10-28 00:00:00-04:00,199.44656807412971,200.57023601608887,194.0971395989278,194.65415954589844,51195600,MSFT
2020-10-29 00:00:00-04:00,195.9891786053807,199.1488936963982,195.31688570321097,196.61343383789062,31432600,MSFT
2020-10-30 00:00:00-04:00,195.4417117954124,196.20042255781377,191.71534916115473,194.45249938964844,36953700,MSFT
2020-11-02 00:00:00-05:00,196.20043309681742,197.15123594037598,192.19556025111675,194.31805419921875,30842200,MSFT
2020-11-03 00:00:00-05:00,195.81629302920805,199.87878793026076,195.07677965090937,198.25570678710938,27512000,MSFT
2020-11-04 00:00:00-05:00,205.54518737269615,209.6749178433653,204.00853870537858,207.8213348388672,42311800,MSFT
2020-11-05 00:00:00-05:00,213.24757229869556,215.24520945533908,212.39281543088538,214.4480743408203,36080100,MSFT
2020-11-06 00:00:00-05:00,213.45889095981616,215.4757405276384,209.39639559816223,214.861083984375,25231900,MSFT
2020-11-09 00:00:00-05:00,215.5525596748849,219.08683089312086,209.25232687398287,209.74212646484375,44395000,MSFT
2020-11-10 00:00:00-05:00,206.0061651265541,207.9269685309975,201.41544616229973,202.65435791015625,44045100,MSFT
2020-11-11 00:00:00-05:00,203.97971625987958,209.4059799972818,203.79723759234292,207.97499084472656,29440800,MSFT
2020-11-12 00:00:00-05:00,208.60885058483515,210.43360787323175,205.96774602530164,206.908935546875,21593900,MSFT
2020-11-13 00:00:00-05:00,207.7924690743615,208.81049231937737,205.6795887058012,207.9365234375,18621100,MSFT
2020-11-16 00:00:00-05:00,206.3614881256041,209.11785069637364,206.02535635667695,208.62803649902344,24953300,MSFT
2020-11-17 00:00:00-05:00,207.54280102913202,209.0602227298947,205.60278560591848,205.96774291992188,24154100,MSFT
2020-11-18 00:00:00-05:00,205.72699047200956,207.1906268558678,203.1078578663397,203.25230407714844,28372800,MSFT
2020-11-19 00:00:00-05:00,203.54116124066613,205.12996654851267,202.14492147524507,204.54258728027344,24792700,MSFT
2020-11-20 00:00:00-05:00,204.3307815723391,205.38035653386234,202.21236921439393,202.58790588378906,22843100,MSFT
2020-11-23 00:00:00-05:00,203.1271290016807,204.41743292643147,200.4405998035543,202.3182830810547,25683500,MSFT
2020-11-24 00:00:00-05:00,201.81754412673203,206.304735839796,201.11461961922151,205.92919921875,33979700,MSFT
2020-11-25 00:00:00-05:00,207.13287926496642,207.3061971073512,204.5811575214122,205.93885803222656,21012900,MSFT
2020-11-27 00:00:00-05:00,206.88249975377073,208.24983865296372,206.10252548459613,207.24839782714844,14512200,MSFT
2020-11-30 00:00:00-05:00,206.16031025318807,206.79582361196043,203.02119486061437,206.1314239501953,33064800,MSFT
2020-12-01 00:00:00-05:00,206.55510866026424,209.26091499887167,205.43813725180692,208.19207763671875,30904500,MSFT
2020-12-02 00:00:00-05:00,206.9113898033444,207.4795067033715,204.90852280838254,207.38320922851562,23724500,MSFT
2020-12-03 00:00:00-05:00,206.6514250124484,208.35579062515012,205.72701909064625,206.29515075683594,25120900,MSFT
2020-12-04 00:00:00-05:00,206.27585214726403,207.39283815478925,205.2744113498514,206.41065979003906,24666000,MSFT
2020-12-07 00:00:00-05:00,206.42032729032954,207.54693740584852,205.0915130143743,206.34329223632812,24620000,MSFT
2020-12-08 00:00:00-05:00,206.03513901349558,208.90462459783146,204.99518796369088,207.99948120117188,23284100,MSFT
2020-12-09 00:00:00-05:00,207.18103161854123,207.248428105221,203.37751596182986,203.9456329345703,32440600,MSFT
2020-12-10 00:00:00-05:00,203.9167647388377,205.178182591106,202.5590493908353,202.71311950683594,26733300,MSFT
2020-12-11 00:00:00-05:00,202.26053369274635,205.40927351524726,201.35539019020393,205.3514862060547,30979400,MSFT
2020-12-14 00:00:00-05:00,205.19736271578415,208.1920314394379,204.98552006449577,206.25656127929688,28798400,MSFT
2020-12-15 00:00:00-05:00,207.19061983242744,207.43134881601668,204.3692831973686,206.18919372558594,27000600,MSFT
2020-12-16 00:00:00-05:00,206.78621547792898,211.94744593741206,206.75732917273803,211.14822387695312,35023300,MSFT
2020-12-17 00:00:00-05:00,211.71637513696498,212.6985537515347,209.83869153038674,211.28306579589844,32515800,MSFT
2020-12-18 00:00:00-05:00,210.48382568359375,211.54303926528655,208.00913895972397,210.48382568359375,63354900,MSFT
2020-12-21 00:00:00-05:00,209.48237440287488,215.6931795357418,209.222382974235,214.33546447753906,37181900,MSFT
2020-12-22 00:00:00-05:00,214.4317766950902,217.26275222199794,213.62293074252594,215.6354217529297,22612200,MSFT
2020-12-23 00:00:00-05:00,214.8362216853712,215.26953101200752,212.61188774142838,212.82373046875,18699600,MSFT
2020-12-24 00:00:00-05:00,213.2088828018995,215.31767142861327,212.99704008277266,214.48956298828125,10550600,MSFT
2020-12-28 00:00:00-05:00,216.12651812611801,217.6479273443034,214.74955514031,216.61761474609375,17933500,MSFT
2020-12-29 00:00:00-05:00,217.9174872457205,218.7552193472573,215.28873104601777,215.83758544921875,17403200,MSFT
2020-12-30 00:00:00-05:00,216.8775680183136,217.26274323665223,213.25700912352386,213.45921325683594,20272300,MSFT
2020-12-31 00:00:00-05:00,213.47848272434652,214.73027651255782,211.53338821321609,214.17178344726562,20942100,MSFT
2021-01-04 00:00:00-05:00,214.27769743835609,214.7302691361853,206.8439847035881,209.6171875,37130100,MSFT
2021-01-05 00:00:00-05:00,209.20313130142958,210.41641490220238,207.70098464612286,209.81939697265625,23823000,MSFT
2021-01-06 00:00:00-05:00,204.30187121240775,208.46167508480264,204.08040466241195,204.37890625,35930700,MSFT
2021-01-07 00:00:00-05:00,206.102567878631,211.2060264517753,205.78481847645037,210.19496154785156,27694500,MSFT
2021-01-08 00:00:00-05:00,210.57045783119477,212.40000699485586,208.9816523536104,211.47560119628906,22956200,MSFT
2021-01-11 00:00:00-05:00,210.36825989009438,210.79194528135557,208.69278075908844,209.4246063232422,23031300,MSFT
2021-01-12 00:00:00-05:00,208.4713035292935,209.04905897744794,205.40923785569663,206.9595184326172,23249300,MSFT
2021-01-13 00:00:00-05:00,206.08327289173346,208.7216531548818,205.9965992908006,208.31723022460938,20087100,MSFT
2021-01-14 00:00:00-05:00,207.90318785686986,209.39571052919882,204.8507460355286,205.120361328125,29480800,MSFT
2021-01-15 00:00:00-05:00,205.60183078306997,206.55510823048485,204.16708063722206,204.7640838623047,31746500,MSFT
2021-01-19 00:00:00-05:00,205.82331235073613,208.9335271789037,204.744851041561,208.41355895996094,30480900,MSFT
2021-01-20 00:00:00-05:00,209.62682209328247,217.41680944666538,209.2320229846953,216.0205841064453,37777300,MSFT
2021-01-21 00:00:00-05:00,216.36723633227427,217.90790790964056,214.17178888493385,216.62722778320312,30709400,MSFT
2021-01-22 00:00:00-05:00,218.65897690601358,221.53810116533532,217.42644554585343,217.5708770751953,30172700,MSFT
2021-01-25 00:00:00-05:00,220.62329785785354,221.25882591143244,215.90501557798177,221.01809692382812,33152100,MSFT
2021-01-26 00:00:00-05:00,223.2617227009555,225.49568036427337,221.5477332554915,223.71429443359375,49169600,MSFT
2021-01-27 00:00:00-05:00,229.17403104721419,231.5235486743659,221.60550993835776,224.26315307617188,69870600,MSFT
2021-01-28 00:00:00-05:00,226.87264547692646,233.6419439643718,226.37192502937796,230.06951904296875,49111200,MSFT
2021-01-29 00:00:00-05:00,227.23856753542645,229.19328597251487,222.7706375802339,223.35801696777344,42503100,MSFT
2021-02-01 00:00:00-05:00,226.34305136172497,233.50714934614192,223.81057737017042,230.76283264160156,33314200,MSFT
2021-02-02 00:00:00-05:00,232.35163385031615,233.32417372132824,229.83842250139034,230.6280059814453,25916300,MSFT
2021-02-03 00:00:00-05:00,230.6858217074256,236.00110810599193,230.38730536843744,233.98861694335938,27158100,MSFT
2021-02-04 00:00:00-05:00,233.6612130884786,234.21970616270804,231.45612709773368,233.03530883789062,25296100,MSFT
2021-02-05 00:00:00-05:00,233.24711750312878,234.25818215041332,231.50424205138432,233.21823120117188,18054800,MSFT
2021-02-08 00:00:00-05:00,234.13300148495574,234.64334575020365,231.87978174485005,233.4782257080078,22211900,MSFT
2021-02-09 00:00:00-05:00,232.90047711656726,235.68330363620066,232.42865770253408,234.7300262451172,23565000,MSFT
2021-02-10 00:00:00-05:00,235.9144269891913,236.80030797228451,231.95684152422675,233.81527709960938,22186700,MSFT
2021-02-11 00:00:00-05:00,235.70259429778093,236.0588685417286,233.1701203334614,235.42335510253906,15751100,MSFT
2021-02-12 00:00:00-05:00,234.88409709443337,236.20330202959266,233.7286008120284,235.90480041503906,16561100,MSFT
2021-02-16 00:00:00-05:00,235.94330822741708,237.0025217132221,233.91155486314173,234.66262817382812,26728500,MSFT
2021-02-17 00:00:00-05:00,232.906093639923,235.7918342514513,232.53933808657575,235.6856689453125,21653500,MSFT
2021-02-18 00:00:00-05:00,233.36935593049495,235.4250809115678,232.46212780164703,235.2899627685547,16925600,MSFT
2021-02-19 00:00:00-05:00,235.25136918771977,235.35753449724464,231.80583437322684,232.56829833984375,25262600,MSFT
2021-02-22 00:00:00-05:00,229.14206955928293,229.63428250537643,224.29709366399373,226.33352661132812,36446900,MSFT
2021-02-23 00:00:00-05:00,222.29925374576283,226.64235552974006,220.75503388741765,225.13674926757812,30228700,MSFT
2021-02-24 00:00:00-05:00,221.9904157335927,226.99946241478764,221.01563591612486,226.37213134765625,26339700,MSFT
2021-02-25 00:00:00-05:00,223.98824118126558,226.41072157821975,219.93468239989207,221.0059814453125,39542200,MSFT
2021-02-26 00:00:00-05:00,223.4574318770251,227.16354220659915,221.53681027607436,224.27780151367188,37819200,MSFT
2021-03-01 00:00:00-05:00,227.67507029375602,229.19033751355963,225.0209521949545,228.67881774902344,25324000,MSFT
2021-03-02 00:00:00-05:00,228.74638602109653,229.02628310604499,225.31051160800817,225.7158660888672,22812500,MSFT
2021-03-03 00:00:00-05:00,224.06546048406767,225.43594867579918,219.3362961558726,219.62583923339844,34029500,MSFT
2021-03-04 00:00:00-05:00,218.8344288289104,224.38394781665767,216.44088655787567,218.82476806640625,44727800,MSFT
2021-03-05 00:00:00-05:00,221.51749870418848,225.13675020592078,218.56419183505847,223.5249786376953,41872800,MSFT
2021-03-08 00:00:00-05:00,223.3030051783677,225.23327280071229,219.21084724413203,219.46177673339844,35267400,MSFT
2021-03-09 00:00:00-05:00,224.76033759932375,227.17317181530146,223.59251935901113,225.6289520263672,33080500,MSFT
2021-03-10 00:00:00-05:00,228.73670546315466,228.73670546315466,223.94963544287995,224.31639099121094,29746800,MSFT
2021-03-11 00:00:00-05:00,226.76784403921818,230.83104908863842,226.14049823339934,228.8621826171875,29907600,MSFT
2021-03-12 00:00:00-05:00,225.85098090933482,227.5978856563987,225.0981776379039,227.5303192138672,22653700,MSFT
2021-03-15 00:00:00-04:00,226.76784103788017,226.9898176853591,223.72766077324133,226.62306213378906,26034900,MSFT
2021-03-16 00:00:00-04:00,228.04180236689635,231.69000678127296,227.713660424746,229.4219512939453,28092200,MSFT
2021-03-17 00:00:00-04:00,227.91636102138028,230.2326911811333,225.0981718447723,228.77532958984375,29562100,MSFT
2021-03-18 00:00:00-04:00,224.45148635841628,226.0246589700412,222.29924237461182,222.67564392089844,34833000,MSFT
2021-03-19 00:00:00-04:00,222.96521086600634,224.36465190721847,221.35343921420778,222.31857299804688,46430700,MSFT
2021-03-22 00:00:00-04:00,222.24136581989566,228.6401929449053,222.11589371244168,227.76193237304688,30127000,MSFT
2021-03-23 00:00:00-04:00,229.2096350213508,232.64550904639754,228.8042805862718,229.29649353027344,31638400,MSFT
2021-03-24 00:00:00-04:00,229.55703494896034,229.70179909970165,227.11524809465553,227.2503662109375,25620100,MSFT
2021-03-25 00:00:00-04:00,227.09598402035778,228.67880284889418,223.49603910258872,224.2391815185547,34061900,MSFT
2021-03-26 00:00:00-04:00,223.47674522544813,228.45683941055526,223.47674522544813,228.23484802246094,25479900,MSFT
2021-03-29 00:00:00-04:00,228.34096172406865,228.54364626591405,223.79519057899998,227.0380401611328,25227500,MSFT
2021-03-30 00:00:00-04:00,225.387714239296,225.6965641503246,223.04244597536655,223.76629638671875,24792000,MSFT
2021-03-31 00:00:00-04:00,224.78933806497363,230.7635192059559,224.2874643182065,227.54962158203125,43623500,MSFT
2021-04-01 00:00:00-04:00,230.15548325953267,234.3731137073442,229.7501287870753,233.90020751953125,30338000,MSFT
2021-04-05 00:00:00-04:00,234.2958580748924,241.24483268507507,234.23795240760288,240.3858642578125,36910600,MSFT
2021-04-06 00:00:00-04:00,238.976764662004,240.70434756750984,238.27222115909885,239.21804809570312,22931900,MSFT
2021-04-07 00:00:00-04:00,239.16977901561057,242.18099143665538,238.5714008362418,241.18690490722656,22719800,MSFT
2021-04-08 00:00:00-04:00,243.95689062618348,245.27911930566657,243.21373342832243,244.42015075683594,23625200,MSFT
2021-04-09 00:00:00-04:00,244.05337980246674,247.0646072789531,243.63837933645223,246.9294891357422,24326800,MSFT
2021-04-12 00:00:00-04:00,245.82920824197842,248.6860104393037,245.74233501767978,246.98736572265625,27148700,MSFT
2021-04-13 00:00:00-04:00,248.2903668724219,250.15306830809155,247.8753368934519,249.4774627685547,23837500,MSFT
2021-04-14 00:00:00-04:00,248.50266010078545,249.8055671609937,246.26354262788664,246.6785430908203,23070900,MSFT
2021-04-15 00:00:00-04:00,248.93692724168056,250.86719463446568,248.74391817452783,250.4521942138672,25627500,MSFT
2021-04-16 00:00:00-04:00,250.42327744872844,251.8999310387447,248.6184818891027,251.64898681640625,24878600,MSFT
2021-04-19 00:00:00-04:00,251.1181292941508,252.36315996225727,248.83076723304154,249.7186737060547,23209300,MSFT
2021-04-20 00:00:00-04:00,248.8308014215513,251.12782455999496,247.88495970173747,249.25546264648438,19722900,MSFT
2021-04-21 00:00:00-04:00,249.91168784532505,251.5910108244211,248.28060976309584,251.49449157714844,24030400,MSFT
2021-04-22 00:00:00-04:00,251.13743066237814,252.65269763318344,246.72677733180606,248.2034454345703,25606200,MSFT
2021-04-23 00:00:00-04:00,248.88867077943797,252.3921106472037,248.29992393613864,252.04464721679688,21462600,MSFT
2021-04-26 00:00:00-04:00,252.53693565833504,253.2897389098218,251.09889559610295,252.43075561523438,19763300,MSFT
2021-04-27 00:00:00-04:00,252.45968902313274,254.01356977284848,251.05060190773284,252.8361053466797,31014200,MSFT
2021-04-28 00:00:00-04:00,247.1514563079096,247.59543907281633,244.13059745767012,245.68446350097656,46903100,MSFT
2021-04-29 00:00:00-04:00,246.553073695862,247.17075870539085,240.31830320521595,243.70591735839844,40589000,MSFT
2021-04-30 00:00:00-04:00,241.0324915767141,244.2560345472892,240.89737345000648,243.3874053955078,30945100,MSFT
2021-05-03 00:00:00-04:00,244.56488223382027,245.48177106227146,242.36437849908148,243.07858276367188,19626600,MSFT
2021-05-04 00:00:00-04:00,242.21964602810803,242.45128345615217,237.19129213760777,239.1505126953125,32756100,MSFT
2021-05-05 00:00:00-04:00,240.3762496933787,240.8009109708136,237.24922524458495,237.87655639648438,21901300,MSFT
2021-05-06 00:00:00-04:00,237.85720494915813,241.14831450476535,236.15857488502473,241.02284240722656,26491100,MSFT
2021-05-07 00:00:00-04:00,243.3584499991773,245.43349623426144,242.41262312218905,243.65765380859375,27032900,MSFT
2021-05-10 00:00:00-04:00,242.1230981991344,242.95311380994588,238.5038466508469,238.56175231933594,29299900,MSFT
2021-05-11 00:00:00-04:00,236.02343424073874,238.00196114501964,234.1124737600028,237.6448516845703,33641600,MSFT
2021-05-12 00:00:00-04:00,233.7264802129871,235.85943266120447,229.7694399673375,230.66700744628906,36684400,MSFT
2021-05-13 00:00:00-04:00,233.3693622947048,237.03687378235696,233.00260672790753,234.5564727783203,29624300,MSFT
2021-05-14 00:00:00-04:00,237.0175539228803,240.49202667228946,236.93069541766891,239.49794006347656,23901100,MSFT
2021-05-17 00:00:00-04:00,237.95377426490487,237.99237314246625,235.029419624356,236.63153076171875,24970200,MSFT
2021-05-18 00:00:00-04:00,237.6834847255692,237.81860285694455,234.4309740834804,234.60470581054688,20168000,MSFT
2021-05-19 00:00:00-04:00,231.4994415573295,235.2914995418456,230.81262267371469,235.18508911132812,25739800,MSFT
2021-05-20 00:00:00-04:00,235.99769785378354,239.85746373285232,235.9009557257646,238.43544006347656,21800700,MSFT
2021-05-21 00:00:00-04:00,239.48989126289104,240.22508129568112,236.75225418755065,237.168212890625,21863100,MSFT
2021-05-24 00:00:00-04:00,239.7027196949933,242.96274098079692,239.43185940713963,242.5951385498047,21411500,MSFT
2021-05-25 00:00:00-04:00,243.5528418986058,244.50085294217845,242.63385054692358,243.5044708251953,17704300,MSFT
2021-05-26 00:00:00-04:00,243.2238825116753,244.68460895054312,242.56608326933792,243.2819366455078,17771600,MSFT
2021-05-27 00:00:00-04:00,242.97243631221076,243.2723163242005,241.11510209146584,241.1731414794922,24426200,MSFT
2021-05-28 00:00:00-04:00,242.80791580873662,243.85266877155738,241.41491185830895,241.53099060058594,18270200,MSFT
2021-06-01 00:00:00-04:00,243.0304080343932,243.08844740625992,238.89978195493217,239.32540893554688,23213300,MSFT
2021-06-02 00:00:00-04:00,240.03162651736798,241.13441901461294,237.81635845240393,239.2287139892578,19406700,MSFT
2021-06-03 00:00:00-04:00,237.21658469268877,238.30002574663683,235.06903920305788,237.6905975341797,25307700,MSFT
2021-06-04 00:00:00-04:00,239.6736906224169,243.4367295750605,239.43185003481568,242.60479736328125,25281100,MSFT
2021-06-07 00:00:00-04:00,241.82127546023113,245.7971359559678,241.65682560527128,245.52627563476562,23079200,MSFT
2021-06-08 00:00:00-04:00,246.8322016056144,247.6544655768393,244.26868230524093,244.3267364501953,22455000,MSFT
2021-06-09 00:00:00-04:00,245.52629751394937,247.19016235576365,244.94588881427248,245.3134765625,17937600,MSFT
2021-06-10 00:00:00-04:00,245.9905831313682,249.0571202295339,245.39082315479712,248.84429931640625,24563600,MSFT
2021-06-11 00:00:00-04:00,249.56979611109034,250.05347727229423,248.23483138271874,249.47308349609375,18999700,MSFT
2021-06-14 00:00:00-04:00,249.48276559749263,251.46587629832504,248.41866101674822,251.4078369140625,19150500,MSFT
2021-06-15 00:00:00-04:00,251.2917035534177,251.50452444833414,249.2699198124895,249.92771911621094,18038900,MSFT
2021-06-16 00:00:00-04:00,250.93384386117947,252.07532460454442,246.11638241273275,248.9797821044922,27220000,MSFT
2021-06-17 00:00:00-04:00,247.7124945596903,253.2071058556438,247.6544551779523,252.3848419189453,27565500,MSFT
2021-06-18 00:00:00-04:00,251.15632915614597,253.73917048423962,250.30504543758488,250.9628448486328,37202200,MSFT
2021-06-21 00:00:00-04:00,251.3401093654806,254.91933258256324,249.50212668410757,254.0583953857422,26696100,MSFT
2021-06-22 00:00:00-04:00,254.14550199969128,257.11531224988556,253.83593888428604,256.8444519042969,24694100,MSFT
2021-06-23 00:00:00-04:00,257.3087152433959,258.12129611653836,255.7996322616232,256.6122131347656,19518700,MSFT
2021-06-24 00:00:00-04:00,257.4732304048304,259.10807554307036,256.80574785624424,257.9859313964844,21446900,MSFT
2021-06-25 00:00:00-04:00,257.54086037917466,258.5275592384999,256.1188367022205,256.3703308105469,25611100,MSFT
2021-06-28 00:00:00-04:00,257.50218987993065,260.1237336187573,257.2313295990359,259.9496154785156,19590000,MSFT
2021-06-29 00:00:00-04:00,260.0946586616981,262.7839242797006,259.2337216924044,262.5420837402344,19937800,MSFT
2021-06-30 00:00:00-04:00,261.85536433299154,262.5034806928627,260.80094272301073,262.0585021972656,21656500,MSFT
2021-07-01 00:00:00-04:00,260.8105247311946,262.96775319861274,260.80087118325156,262.735595703125,16725300,MSFT
2021-07-02 00:00:00-04:00,263.9158478529888,268.92677858460644,263.606284763688,268.58819580078125,26458000,MSFT
2021-07-06 00:00:00-04:00,268.95575870913115,270.2520207431101,265.347486439139,268.59783935546875,31565600,MSFT
2021-07-07 00:00:00-04:00,270.2810308321253,271.5289365118688,268.1044655756579,270.7937316894531,23260000,MSFT
2021-07-08 00:00:00-04:00,267.8626447928614,269.6329345310581,265.8989002860557,268.3656921386719,24618600,MSFT
2021-07-09 00:00:00-04:00,266.7211676256249,268.97510907475925,266.3342285619331,268.86871337890625,23916700,MSFT
2021-07-12 00:00:00-04:00,270.04886399300807,270.6389408273715,267.55305271970633,268.2689208984375,18931700,MSFT
2021-07-13 00:00:00-04:00,268.46232355089677,273.61838015637227,268.33659127403666,271.8094177246094,26120100,MSFT
2021-07-14 00:00:00-04:00,273.13473876019674,274.4019809532492,271.39346898726626,273.2895202636719,23113700,MSFT
2021-07-15 00:00:00-04:00,272.7961918128015,273.2895560746804,270.6970024536931,271.85784912109375,22604200,MSFT
2021-07-16 00:00:00-04:00,272.86390046289694,274.8276448188049,270.3390694215549,271.58697509765625,26186800,MSFT
2021-07-19 00:00:00-04:00,269.8264358219147,271.219440290929,265.49267038192596,267.9691162109375,32935600,MSFT
2021-07-20 00:00:00-04:00,268.95570779341654,271.79975498621775,267.243487349404,270.20361328125,26259700,MSFT
2021-07-21 00:00:00-04:00,269.7973534033063,272.3318380358486,268.2399141907731,272.21575927734375,24364300,MSFT
2021-07-22 00:00:00-04:00,274.5761049598019,277.07191616470243,274.16982933582995,276.8010559082031,23384100,MSFT
2021-07-23 00:00:00-04:00,277.9909603745016,280.5254454327153,277.14935971243716,280.2159118652344,22768100,MSFT
2021-07-26 00:00:00-04:00,279.56770204369064,280.23518438607294,277.2847412077284,279.6160583496094,23176100,MSFT
2021-07-27 00:00:00-04:00,279.983680666994,280.1287791166295,273.7151914702879,277.1880187988281,33604100,MSFT
2021-07-28 00:00:00-04:00,279.5580931502503,280.68023724791817,274.56649886264984,276.8785095214844,33566900,MSFT
2021-07-29 00:00:00-04:00,276.8977988434868,279.20012603665054,276.74301731974265,277.1493225097656,18168300,MSFT
2021-07-30 00:00:00-04:00,275.862760253792,277.3041208437968,274.6438741313907,275.6112365722656,20944800,MSFT
2021-08-02 00:00:00-04:00,277.0138867843524,277.41050891679623,274.4794019823745,275.524169921875,16267400,MSFT
2021-08-03 00:00:00-04:00,276.1045557870078,277.85547915740995,274.7308883557453,277.7490539550781,17879000,MSFT
2021-08-04 00:00:00-04:00,276.8784227475681,278.20370429882576,275.3596569388271,277.1589660644531,16191300,MSFT
2021-08-05 00:00:00-04:00,277.51694870705825,280.17719548604225,276.7624071651543,280.0707702636719,13900200,MSFT
2021-08-06 00:00:00-04:00,279.09368838290385,280.05136755042815,278.23272182181637,280.0126647949219,16589300,MSFT
2021-08-09 00:00:00-04:00,280.2932231032673,282.03446341401013,278.4165379017834,278.9195556640625,16117600,MSFT
2021-08-10 00:00:00-04:00,279.37426985528083,279.8095947759157,275.89178857644123,277.09130859375,18616600,MSFT
2021-08-11 00:00:00-04:00,277.8361193687977,279.2388065197493,276.5301743526626,277.5846252441406,13955900,MSFT
2021-08-12 00:00:00-04:00,277.27508257112635,280.50606936455193,276.99453921603543,280.3512878417969,14561300,MSFT
2021-08-13 00:00:00-04:00,280.0320771872381,283.34044005143994,279.85792951947155,283.2920837402344,18249000,MSFT
2021-08-16 00:00:00-04:00,283.6209703749318,285.19777573230937,280.5544187292792,284.9849548339844,22507600,MSFT
2021-08-17 00:00:00-04:00,282.84707354832176,283.853109072286,281.57980179125826,283.5145263671875,20075300,MSFT
2021-08-18 00:00:00-04:00,283.04939266823664,285.743807621924,281.33386418353535,281.77972412109375,21813000,MSFT
2021-08-19 00:00:00-04:00,279.80245951520226,288.31215930463765,279.75401063474186,287.6336975097656,29850500,MSFT
2021-08-20 00:00:00-04:00,290.492942333406,296.4245297530549,288.88404287348874,294.9900817871094,40817600,MSFT
2021-08-23 00:00:00-04:00,293.91425449406785,295.9980594512055,292.557360306495,295.2711486816406,22830200,MSFT
2021-08-24 00:00:00-04:00,295.6297277308702,296.24033745706305,292.70271126631314,293.3036193847656,18175800,MSFT
2021-08-25 00:00:00-04:00,294.9319431570353,295.2130236273511,291.17141596399244,292.71246337890625,20006100,MSFT
2021-08-26 00:00:00-04:00,291.72385632929786,293.1195275441563,289.74668008998054,289.8823547363281,17666100,MSFT
2021-08-27 00:00:00-04:00,289.7854132567226,291.6075411194762,287.69190653641493,290.4929504394531,22605700,MSFT
2021-08-30 00:00:00-04:00,291.8498441090429,294.8544147543633,291.79169360955285,294.2438049316406,16348100,MSFT
2021-08-31 00:00:00-04:00,295.0482384538085,295.12576258561967,292.21811960448053,292.58642578125,26285300,MSFT
2021-09-01 00:00:00-04:00,293.54592448346756,295.79450871358483,292.20840404351725,292.5379333496094,18983800,MSFT
2021-09-02 00:00:00-04:00,292.8965991015238,294.02086175989047,290.93876711303125,291.87890625,16285600,MSFT
2021-09-03 00:00:00-04:00,291.7237348513558,293.2841848920695,291.01622750685414,291.869140625,14747900,MSFT
2021-09-07 00:00:00-04:00,291.74321568037084,291.82073981261544,289.0197257723892,290.9387512207031,17180400,MSFT
2021-09-08 00:00:00-04:00,290.5510489231006,291.3554837424543,288.3121663545763,290.9678039550781,15046800,MSFT
2021-09-09 00:00:00-04:00,291.55907086974764,292.83844092366724,287.85666491586284,288.0989685058594,19927000,MSFT
2021-09-10 00:00:00-04:00,289.2328842271939,290.68670537463464,286.2864650865219,286.6062927246094,19633400,MSFT
2021-09-13 00:00:00-04:00,288.3896814290302,289.34922362690304,285.026506878026,287.846923828125,23652900,MSFT
2021-09-14 00:00:00-04:00,290.3378610572379,292.1115399592732,288.922816326019,290.560791015625,21853400,MSFT
2021-09-15 00:00:00-04:00,293.92394112851684,295.9205202409588,292.52827015580954,295.4359130859375,28356300,MSFT
2021-09-16 00:00:00-04:00,294.4085940850735,295.9108646681205,291.50095070259965,295.8236389160156,19550800,MSFT
2021-09-17 00:00:00-04:00,294.8058832523074,295.12571090987916,290.30871536477906,290.63824462890625,41372500,MSFT
2021-09-20 00:00:00-04:00,287.20724986675253,289.5236861554289,280.6069030944692,285.23974609375,38278700,MSFT
2021-09-21 00:00:00-04:00,286.58691894372987,288.379970940267,285.01679683779,285.72430419921875,22364100,MSFT
2021-09-22 00:00:00-04:00,287.5949776473581,290.9775261806469,285.4433206601765,289.38800048828125,26626300,MSFT
2021-09-23 00:00:00-04:00,289.6496957275967,291.6365731856919,288.37032576939185,290.33782958984375,18604600,MSFT
2021-09-24 00:00:00-04:00,289.0487925731778,290.5704365513493,287.78879623094576,290.1343078613281,14999000,MSFT
2021-09-27 00:00:00-04:00,287.023153512802,287.3429812358506,283.92165574313407,285.1138000488281,23571700,MSFT
2021-09-28 00:00:00-04:00,280.8783217530792,281.8281625147568,274.0453720530144,274.7916564941406,43186200,MSFT
2021-09-29 00:00:00-04:00,276.3230693926084,277.9416410996887,274.2974145671379,275.2569274902344,26353700,MSFT
2021-09-30 00:00:00-04:00,276.9142066260927,278.9689361892325,272.9501237277574,273.24090576171875,32343600,MSFT
2021-10-01 00:00:00-04:00,273.43476294809483,281.0528035448062,272.6303280070575,280.19989013671875,30086300,MSFT
2021-10-04 00:00:00-04:00,278.5521943769814,278.8914253103499,271.6223177870567,274.3942565917969,31350700,MSFT
2021-10-05 00:00:00-04:00,275.3053401798689,281.45985757328907,275.3053401798689,279.870361328125,24993000,MSFT
2021-10-06 00:00:00-04:00,276.98206730927467,284.5904056402625,276.7203900908652,284.0863952636719,28002600,MSFT
2021-10-07 00:00:00-04:00,286.09262428442867,287.5076982326449,284.8714345745503,285.7727966308594,20430500,MSFT
2021-10-08 00:00:00-04:00,287.1006152773065,287.5076982326449,284.7163567619484,285.7727966308594,17685700,MSFT
2021-10-11 00:00:00-04:00,283.9022980416564,288.7968189817896,283.73751857757367,285.1719665527344,19298600,MSFT
2021-10-12 00:00:00-04:00,286.2477538192174,286.34468116686594,283.34981246639074,283.8634948730469,17974100,MSFT
2021-10-13 00:00:00-04:00,285.8309722041459,288.1280051974415,284.4546749827831,287.1878662109375,23416300,MSFT
2021-10-14 00:00:00-04:00,289.99856943368576,293.9335766778313,288.6610491193376,293.4295959472656,27262900,MSFT
2021-10-15 00:00:00-04:00,293.0322092404476,295.07726652415437,291.26823234850644,294.8446350097656,25384800,MSFT
2021-10-18 00:00:00-04:00,294.2243560476535,298.721494467245,293.3714428358164,297.829833984375,22729300,MSFT
2021-10-19 00:00:00-04:00,298.85726779302,299.7780037312189,297.76205078252724,298.740966796875,17682100,MSFT
2021-10-20 00:00:00-04:00,299.69077157075975,300.1657067322901,296.68620106298033,297.9461975097656,16537100,MSFT
2021-10-21 00:00:00-04:00,297.713578309162,301.4450298115465,296.92848749122396,301.19305419921875,16918100,MSFT
2021-10-22 00:00:00-04:00,300.844058481648,301.51281859413734,298.3240958410574,299.6422424316406,17449300,MSFT
2021-10-25 00:00:00-04:00,299.8361271319988,299.87490398656814,297.0254115262291,298.6440124511719,17554500,MSFT
2021-10-26 00:00:00-04:00,301.42563368433815,302.7825277274314,299.0995253850251,300.5630187988281,28107300,MSFT
2021-10-27 00:00:00-04:00,306.2716986940532,316.06076839704065,306.2716986940532,313.2209777832031,52588700,MSFT
2021-10-28 00:00:00-04:00,314.3452208099456,314.8686047470485,311.4666535229836,314.3646240234375,26297900,MSFT
2021-10-29 00:00:00-04:00,314.15145213462347,321.779164339949,313.92852218591963,321.4108581542969,34766000,MSFT
2021-11-01 00:00:00-04:00,321.1588294904815,321.284832079321,316.3224597002652,319.2301025390625,27073200,MSFT
2021-11-02 00:00:00-04:00,320.14119801074173,323.184545347341,319.84074392057755,322.8743896484375,26487100,MSFT
2021-11-03 00:00:00-04:00,323.62063247374465,324.58984672468614,320.47068615818483,323.7175598144531,21500100,MSFT
2021-11-04 00:00:00-04:00,322.6417595935785,326.1793858408279,319.3658105568457,326.08245849609375,23992200,MSFT
2021-11-05 00:00:00-04:00,328.08872861390523,328.36010742357934,324.12464583991834,325.7141418457031,22570100,MSFT
2021-11-08 00:00:00-05:00,326.915963092176,327.2551940040051,324.14402446343985,326.6155090332031,20897000,MSFT
2021-11-09 00:00:00-05:00,326.7317758403251,328.29222604030014,324.2312162869751,325.6075134277344,21307400,MSFT
2021-11-10 00:00:00-05:00,324.27007669044315,324.3282271895929,319.7632355378772,320.6161193847656,25500900,MSFT
2021-11-11 00:00:00-05:00,321.05219618608754,323.49460526443977,320.3349871599673,322.19586181640625,16849800,MSFT
2021-11-12 00:00:00-05:00,323.6400630177921,326.84816009306326,323.51406042203826,326.3538513183594,23831000,MSFT
2021-11-15 00:00:00-05:00,327.14859259389846,327.4781218959433,323.74664104520605,325.7238464355469,16723000,MSFT
2021-11-16 00:00:00-05:00,325.3457852418742,330.1821837623112,325.18103540694466,329.0578918457031,20886800,MSFT
2021-11-17 00:00:00-05:00,329.1065098770426,332.2622192928567,328.19377924466295,329.2812805175781,19053400,MSFT
2021-11-18 00:00:00-05:00,328.3686091203494,332.5147455115035,327.339364541945,331.36895751953125,22463500,MSFT
2021-11-19 00:00:00-05:00,332.6991818854003,335.08780291493565,332.27194500113376,333.155517578125,21963400,MSFT
2021-11-22 00:00:00-05:00,334.6217110790579,339.5252157856874,329.6987972898086,329.9706726074219,31031100,MSFT
2021-11-23 00:00:00-05:00,327.2712993049668,329.60169282759273,323.88256267855536,327.8830261230469,30427600,MSFT
2021-11-24 00:00:00-05:00,326.5236699372593,328.34913114834603,324.22243434130775,328.10638427734375,21661300,MSFT
2021-11-26 00:00:00-05:00,324.64969830687374,328.1258207516535,318.600435108913,320.11517333984375,24217200,MSFT
2021-11-29 00:00:00-05:00,325.22252378808867,329.19385871851557,325.02831445422294,326.8634948730469,28563500,MSFT
2021-11-30 00:00:00-05:00,325.59156120041536,327.98018234112806,319.44519324833914,320.998779296875,42885600,MSFT
2021-12-01 00:00:00-05:00,325.4069827103006,329.4365741298853,319.8335250200299,320.50347900390625,33337600,MSFT
2021-12-02 00:00:00-05:00,320.71706979445725,323.81452142465906,318.28960172264885,319.9305725097656,30766000,MSFT
2021-12-03 00:00:00-05:00,322.3581203828831,323.04754282111514,308.80314361131497,313.638671875,41779300,MSFT
2021-12-06 00:00:00-05:00,314.55131650528847,317.9497717183876,309.96825571833625,316.726318359375,30032600,MSFT
2021-12-07 00:00:00-05:00,322.01822695880304,326.0575078568523,320.5228982914743,325.20306396484375,31021900,MSFT
2021-12-08 00:00:00-05:00,325.581810655257,325.76630064765925,321.2026476232676,325.2516784667969,24761000,MSFT
2021-12-09 00:00:00-05:00,324.707904225957,326.72754500614406,322.48433475393716,323.4359130859375,22214200,MSFT
2021-12-10 00:00:00-05:00,325.26144768786725,333.0487578301855,325.07695766718194,332.60211181640625,38095700,MSFT
2021-12-13 00:00:00-05:00,330.7960244736991,333.8158110995046,329.24243849989546,329.55316162109375,28899400,MSFT
2021-12-14 00:00:00-05:00,323.5524185550446,324.93123368391133,314.7067080432587,318.8139953613281,44438700,MSFT
2021-12-15 00:00:00-05:00,319.0761759142433,325.46529001323074,315.0854316657473,324.9409484863281,35381100,MSFT
2021-12-16 00:00:00-05:00,325.97021939286674,326.9897740911703,313.64838511563244,315.4738464355469,35034800,MSFT
2021-12-17 00:00:00-05:00,311.5704946227537,315.4932926826738,308.04580502037743,314.40576171875,47750300,MSFT
2021-12-20 00:00:00-05:00,310.76446284766405,313.4346778310306,308.3564333908958,310.6285400390625,28326500,MSFT
2021-12-21 00:00:00-05:00,313.91057492680795,318.2217620412238,310.5218082102521,317.7945251464844,24740600,MSFT
2021-12-22 00:00:00-05:00,318.7751579583917,323.9310987851907,316.29915189162267,323.53302001953125,24831500,MSFT
2021-12-23 00:00:00-05:00,323.09604896799726,326.6304572357532,323.07663988808696,324.9797668457031,19617800,MSFT
2021-12-27 00:00:00-05:00,325.7274263319234,332.54377687434004,325.6982978950834,332.5146484375,19947000,MSFT
2021-12-28 00:00:00-05:00,333.19429626957725,333.8351514630593,330.4464151646082,331.34942626953125,15661500,MSFT
2021-12-29 00:00:00-05:00,331.39794832889646,334.3109101822375,329.8249536692411,332.02911376953125,15042000,MSFT
2021-12-30 00:00:00-05:00,331.990348520867,333.1749544876973,328.99000062183825,329.4754943847656,15994500,MSFT
2021-12-31 00:00:00-05:00,328.6889955613775,329.51431124934464,326.1061651969411,326.5625305175781,18000800,MSFT
2022-01-03 00:00:00-05:00,325.62062325578984,328.1937338819782,320.21221644666167,325.03802490234375,28865100,MSFT
2022-01-04 00:00:00-05:00,325.1157242107018,325.4750144685873,316.65843157459085,319.464599609375,32674300,MSFT
2022-01-05 00:00:00-05:00,316.405930069771,316.6098587525815,306.81259974808444,307.20098876953125,40054300,MSFT
2022-01-06 00:00:00-05:00,304.0647280316112,309.45372640637964,302.45288523458527,304.7735595703125,39646100,MSFT
2022-01-07 00:00:00-05:00,305.0357189627148,307.31754552734895,301.0935120604903,304.9289245605469,32720000,MSFT
2022-01-10 00:00:00-05:00,300.5109027560878,305.5891778942772,295.8501747506654,305.1522216796875,44289500,MSFT
2022-01-11 00:00:00-05:00,304.2880584070521,307.42432897382355,300.899321615518,305.8416442871094,29386800,MSFT
2022-01-12 00:00:00-05:00,310.3955388064669,314.0270220084163,307.8806554969375,309.0361328125,34372200,MSFT
2022-01-13 00:00:00-05:00,311.1723890567124,311.57049751795563,295.1802225260185,295.9570007324219,45366000,MSFT
2022-01-14 00:00:00-05:00,295.42290029823016,301.8022942791712,294.9374066247737,301.2002868652344,39846400,MSFT
2022-01-18 00:00:00-05:00,295.2481695047707,300.8119087883123,292.9857520873315,293.8693542480469,42333200,MSFT
2022-01-19 00:00:00-05:00,297.40374615872065,304.8026655825984,293.91790486518016,294.52960205078125,45933900,MSFT
2022-01-20 00:00:00-05:00,300.1030692146905,302.608203554877,292.4031465937436,292.84979248046875,35380700,MSFT
2022-01-21 00:00:00-05:00,293.9082172607986,295.2870029567207,287.0336089676001,287.4414367675781,57984400,MSFT
2022-01-24 00:00:00-05:00,283.72254434338123,288.4900666398452,268.0410733422131,287.77154541015625,85731500,MSFT
2022-01-25 00:00:00-05:00,283.0622692025946,286.4315970589494,276.8965221990427,280.12017822265625,72848600,MSFT
2022-01-26 00:00:00-05:00,299.05442207109365,299.5496351641995,284.5284577844545,288.1016845703125,90428900,MSFT
2022-01-27 00:00:00-05:00,293.8790608207995,298.38442711334307,289.28627958272745,291.140869140625,53481300,MSFT
2022-01-28 00:00:00-05:00,291.519591338495,299.5302383109327,285.907284705517,299.3166198730469,49743700,MSFT
2022-01-31 00:00:00-05:00,299.98659920210355,303.31707920676604,297.4814348645573,301.95770263671875,46444500,MSFT
2022-02-01 00:00:00-05:00,301.4041555050487,301.6177738851067,296.27734401583535,299.8020324707031,40950400,MSFT
2022-02-02 00:00:00-05:00,300.6468838460328,305.9775960841271,299.9186431738477,304.3657531738281,36636000,MSFT
2022-02-03 00:00:00-05:00,300.51090662551127,302.20044499578506,291.25739709798916,292.5099792480469,43730000,MSFT
2022-02-04 00:00:00-05:00,291.5001949260751,299.84097530707743,291.2671673717236,297.06396484375,35096500,MSFT
2022-02-07 00:00:00-05:00,297.2872136622015,298.9087459627219,291.1991039378543,292.2186584472656,28533300,MSFT
2022-02-08 00:00:00-05:00,292.5100020571509,296.6949560645553,291.24773008372165,295.7239685058594,32421200,MSFT
2022-02-09 00:00:00-05:00,300.87994088497845,302.8801730901601,298.47191045740766,302.1810607910156,31284700,MSFT
2022-02-10 00:00:00-05:00,295.21898970549006,300.1515921967182,291.97589564951016,293.6071472167969,45386200,MSFT
2022-02-11 00:00:00-05:00,294.393643142157,295.4617351032537,285.6838858378648,286.4801025390625,39175600,MSFT
2022-02-14 00:00:00-05:00,285.2469893955168,288.15026219267463,282.89721622151654,286.4413146972656,36359500,MSFT
2022-02-15 00:00:00-05:00,291.3060090155031,292.0730679097554,288.40273584536635,291.7526550292969,27058300,MSFT
2022-02-16 00:00:00-05:00,290.3125590659392,292.7450469485756,285.7492094226368,291.41204833984375,29982100,MSFT
2022-02-17 00:00:00-05:00,288.3568443041073,288.7849645691947,282.1686090616829,282.87890625,32461600,MSFT
2022-02-18 00:00:00-05:00,285.1362724036193,285.9243962532494,278.57829331636475,280.154541015625,34264000,MSFT
2022-02-22 00:00:00-05:00,277.30358657909636,283.66698245897277,276.8170890587822,279.95013427734375,41736100,MSFT
2022-02-23 00:00:00-05:00,282.34374100984417,283.8227127228963,272.5359624242188,272.70135498046875,37811200,MSFT
2022-02-24 00:00:00-05:00,265.1510361880868,287.18938023450147,264.1877503680398,286.634765625,56989700,MSFT
2022-02-25 00:00:00-05:00,287.169836388477,289.5925850932438,283.7740627265268,289.2812194824219,32546700,MSFT
2022-02-28 00:00:00-05:00,286.36225319102664,291.0618372631697,285.08763168422934,290.7212829589844,34627500,MSFT
2022-03-01 00:00:00-05:00,288.39581076836447,291.8694112336757,284.2605806030305,286.9849853515625,31217800,MSFT
2022-03-02 00:00:00-05:00,287.3838215298585,293.328837094481,285.76867577697493,292.0834045410156,31873000,MSFT
2022-03-03 00:00:00-05:00,294.71051892315563,294.9440282601711,286.1092155593134,287.9287414550781,27314500,MSFT
2022-03-04 00:00:00-05:00,286.34273954173915,287.6757380929094,279.41501910209644,282.0323486328125,32356500,MSFT
2022-03-07 00:00:00-05:00,280.7382909166113,281.86696885975545,271.0083393654953,271.3780822753906,43157200,MSFT
2022-03-08 00:00:00-05:00,270.2980491031206,276.29170297461434,262.7086985771629,268.4007263183594,48159500,MSFT
2022-03-09 00:00:00-05:00,275.78575326233744,281.7794070706236,273.1975825478418,280.7091064453125,35204500,MSFT
2022-03-10 00:00:00-05:00,275.3771110899081,278.86045079071647,273.00300025162977,277.8777160644531,30628000,MSFT
2022-03-11 00:00:00-05:00,280.18362889463543,281.6917889446051,271.8839828209792,272.5067138671875,27209300,MSFT
2022-03-14 00:00:00-04:00,272.7694368315756,277.6927895548995,268.3715097649783,268.9747619628906,30660700,MSFT
2022-03-15 00:00:00-04:00,272.77918349658523,280.04745811524,271.2029361781825,279.3955383300781,34245100,MSFT
2022-03-16 00:00:00-04:00,281.3025904827937,286.6151649451855,275.5522157483522,286.4400329589844,37826300,MSFT
2022-03-17 00:00:00-04:00,285.36977649759285,287.62710284183214,281.55562216860625,287.2476501464844,30816600,MSFT
2022-03-18 00:00:00-04:00,287.3935719777553,292.87153940935485,284.82488022884814,292.3169250488281,43390600,MSFT
2022-03-21 00:00:00-04:00,290.8185397874597,292.03478374650234,286.93626887864554,291.08123779296875,28351200,MSFT
2022-03-22 00:00:00-04:00,291.70390847621564,296.76349468928294,290.7017247474621,295.848876953125,27599700,MSFT
2022-03-23 00:00:00-04:00,292.3948179286676,295.04136624934927,289.6801528126932,291.40234375,25715400,MSFT
2022-03-24 00:00:00-04:00,291.0618300156062,295.985183887236,290.2639667384588,295.88787841796875,24484500,MSFT
2022-03-25 00:00:00-04:00,296.9873474480325,297.25004547288074,291.2077533537051,295.47918701171875,22566500,MSFT
2022-03-28 00:00:00-04:00,296.1116267591082,302.4069071163755,296.1116267591082,302.30963134765625,29578200,MSFT
2022-03-29 00:00:00-04:00,305.4329327088514,307.29135714004815,300.7041605046977,306.8924255371094,30393400,MSFT
2022-03-30 00:00:00-04:00,305.2870015727423,307.4178635626859,303.1658493438242,305.38427734375,28163600,MSFT
2022-03-31 00:00:00-04:00,305.42317015815905,306.6297043298301,299.5754895267012,299.984130859375,33422100,MSFT
2022-04-01 00:00:00-04:00,301.0155108922393,301.7549967231003,297.2889524574944,301.0641784667969,27110500,MSFT
2022-04-04 00:00:00-04:00,301.71604313777794,306.6004677876779,301.3463002535531,306.4642639160156,24289600,MSFT
2022-04-05 00:00:00-04:00,304.8102149635358,306.3670133210519,301.5020370122259,302.4847717285156,23156700,MSFT
2022-04-06 00:00:00-04:00,296.9483931362007,298.709511987753,288.69738354865393,291.41204833984375,40110400,MSFT
2022-04-07 00:00:00-04:00,288.64873812822793,295.4499645685102,288.3471120141366,293.2315368652344,31411200,MSFT
2022-04-08 00:00:00-04:00,292.32667286424794,292.9883024570714,288.2790093714856,288.95037841796875,24361900,MSFT
2022-04-11 00:00:00-04:00,283.91032977575236,284.708163419004,277.3036828422877,277.5566711425781,34569300,MSFT
2022-04-12 00:00:00-04:00,281.42912208981386,282.888614889522,272.9154140915164,274.4430236816406,30966700,MSFT
2022-04-13 00:00:00-04:00,275.0949136683169,280.7869112145309,273.70350811660876,279.85284423828125,21907200,MSFT
2022-04-14 00:00:00-04:00,280.31020485779595,280.5242650057642,271.7770469964598,272.27325439453125,28221600,MSFT
2022-04-18 00:00:00-04:00,271.3781025319031,274.8322237129934,270.823488125662,272.9446105957031,20778000,MSFT
2022-04-19 00:00:00-04:00,271.8354050361262,278.4420507901121,270.8915984998425,277.59552001953125,22297700,MSFT
2022-04-20 00:00:00-04:00,281.58477497970125,281.87669132471456,277.6636059286657,278.6268615722656,22906700,MSFT
2022-04-21 00:00:00-04:00,280.7868753134239,285.3794127585141,272.4969688605571,273.2267150878906,29454600,MSFT
2022-04-22 00:00:00-04:00,274.07332178419426,275.5522937131166,265.997472294218,266.6299133300781,29405800,MSFT
2022-04-25 00:00:00-04:00,265.9098737843962,273.5186738891718,263.4579068096184,273.13922119140625,35678900,MSFT
2022-04-26 00:00:00-04:00,270.00616376697724,270.84292537299956,262.70869988138327,262.9227600097656,46518400,MSFT
2022-04-27 00:00:00-04:00,274.4819359810064,283.1123981548155,271.62132788300465,275.5716857910156,63477700,MSFT
2022-04-28 00:00:00-04:00,277.4884628019868,283.12211249863367,273.8591805481555,281.8085632324219,33646600,MSFT
2022-04-29 00:00:00-04:00,280.81611693468443,282.051839783159,269.03315988134744,270.0256042480469,37073900,MSFT
2022-05-02 00:00:00-04:00,270.2104170052003,277.2451811248914,268.76066404364985,276.7878723144531,35151100,MSFT
2022-05-03 00:00:00-04:00,276.291715725394,276.45713797873464,272.5846062943108,274.17059326171875,25978600,MSFT
2022-05-04 00:00:00-04:00,274.9587208572136,283.0248596977465,269.2569830130294,282.149169921875,33599300,MSFT
2022-05-05 00:00:00-04:00,277.82903127964823,278.61715494116163,266.931474199446,269.8601989746094,43260400,MSFT
2022-05-06 00:00:00-04:00,267.3887701432197,271.70887058639,263.94435931562117,267.3109436035156,37780300,MSFT
2022-05-09 00:00:00-04:00,262.7670830134219,265.0049601103205,256.20910482547714,257.43505859375,47726000,MSFT
2022-05-10 00:00:00-04:00,264.353091051066,266.3574589603686,257.91186702277696,262.22222900390625,39336400,MSFT
2022-05-11 00:00:00-04:00,258.5053244674825,264.03192936850564,252.2976111363992,253.51385498046875,48975900,MSFT
2022-05-12 00:00:00-04:00,250.7311202522036,252.86198198640574,243.268249302566,248.45431518554688,51033800,MSFT
2022-05-13 00:00:00-04:00,250.4002854874016,255.93662977324178,248.45429536073587,254.06846618652344,34925100,MSFT
2022-05-16 00:00:00-04:00,252.93982674153148,258.64159411868263,248.8727138859147,254.43824768066406,32550900,MSFT
2022-05-17 00:00:00-04:00,258.9237455156358,261.083796106576,255.37231887699087,259.6145935058594,28828800,MSFT
2022-05-18 00:00:00-04:00,256.49377982747023,257.0789426921481,246.51685864201255,247.79444885253906,31356000,MSFT
2022-05-19 00:00:00-04:00,247.61887889967733,251.29563365430175,245.64886146376114,246.877685546875,32692300,MSFT
2022-05-20 00:00:00-04:00,250.87622783351006,252.1440854849092,240.3434168359691,246.31201171875,39199300,MSFT
2022-05-23 00:00:00-04:00,249.16952139108813,255.03083659964506,247.16047056040694,254.2018585205078,33175400,MSFT
2022-05-24 00:00:00-04:00,251.51021949332417,254.86509189810624,247.22880693335125,253.19740295410156,29043900,MSFT
2022-05-25 00:00:00-04:00,251.7539844462051,258.0346402901023,250.76896093804433,256.0256042480469,28547900,MSFT
2022-05-26 00:00:00-04:00,255.78181755125436,260.50207954120907,254.962601479869,259.322021484375,25002100,MSFT
2022-05-27 00:00:00-04:00,261.83821380945676,266.5779703332974,260.9409601490681,266.4804382324219,26910800,MSFT
2022-05-31 00:00:00-04:00,265.7879937359914,267.9725697938546,262.27704666969936,265.1443176269531,37827700,MSFT
2022-06-01 00:00:00-04:00,268.3919197845776,270.82031088052713,263.35956794032285,265.6806945800781,25292200,MSFT
2022-06-02 00:00:00-04:00,257.9078889871532,267.8555374038793,255.12838804622388,267.7872619628906,44008200,MSFT
2022-06-03 00:00:00-04:00,263.62292204667295,266.685257307547,261.7699312309948,263.340087890625,28059000,MSFT
2022-06-06 00:00:00-04:00,265.3296143204805,267.3971637281567,260.60935271212526,262.10150146484375,22400300,MSFT
2022-06-07 00:00:00-04:00,260.0437404453891,266.37317805146677,259.3610454908683,265.7587585449219,22860700,MSFT
2022-06-08 00:00:00-04:00,264.9882869966263,266.2463826327096,262.94023194692795,263.720458984375,17372300,MSFT
2022-06-09 00:00:00-04:00,261.1555551879499,265.9635878273754,258.0834870401229,258.2395324707031,26439700,MSFT
2022-06-10 00:00:00-04:00,254.13359977054108,254.13359977054108,246.28275749041563,246.73138427734375,31422800,MSFT
2022-06-13 00:00:00-04:00,239.04633149317976,242.85960728455794,235.55489376186938,236.26683044433594,46135800,MSFT
2022-06-14 00:00:00-04:00,237.8272462038336,239.66074240251308,235.53537595548423,238.44166564941406,28651500,MSFT
2022-06-15 00:00:00-04:00,242.16716558622423,248.98424840348872,240.32392206139252,245.5318145751953,33111700,MSFT
2022-06-16 00:00:00-04:00,239.89481403270756,241.2991929411064,237.0080483932736,238.90980529785156,33169200,MSFT
2022-06-17 00:00:00-04:00,238.64648015773886,244.30299969377677,237.99305675469424,241.52349853515625,43084800,MSFT
2022-06-21 00:00:00-04:00,244.0688942004628,248.44782291350018,243.33744820562424,247.4628143310547,29928300,MSFT
2022-06-22 00:00:00-04:00,245.65859044340866,250.8079842631734,244.1761889667899,246.867919921875,25939900,MSFT
2022-06-23 00:00:00-04:00,249.24757279779442,252.95355435633138,247.35556322748175,252.45616149902344,25861400,MSFT
2022-06-24 00:00:00-04:00,255.33318029900627,261.3505561275913,255.24541034605122,261.0774841308594,33923200,MSFT
2022-06-27 00:00:00-04:00,261.57488173222293,261.6626516967659,256.7668496223372,258.3370361328125,24615100,MSFT
2022-06-28 00:00:00-04:00,257.44950036494424,260.307008960517,249.97899489661228,250.13504028320312,27295500,MSFT
2022-06-29 00:00:00-04:00,251.2175722545691,255.489221809158,249.43284216506697,253.821533203125,20069800,MSFT
2022-06-30 00:00:00-04:00,250.69092282728204,253.10958173531176,246.64359410118547,250.4763641357422,31730900,MSFT
2022-07-01 00:00:00-04:00,250.04729904912202,253.34365777058395,248.3113199662267,253.15835571289062,22837700,MSFT
2022-07-05 00:00:00-04:00,249.822942047915,256.4742313599345,248.43807276622766,256.3474426269531,22941000,MSFT
2022-07-06 00:00:00-04:00,257.2252241415935,261.36032343408743,255.90861514607,259.6243591308594,23824400,MSFT
2022-07-07 00:00:00-04:00,258.5612457583105,262.403777284801,258.4637136853448,261.7601013183594,20859900,MSFT
2022-07-08 00:00:00-04:00,258.23948707310194,261.46760008401816,256.77659490153445,261.0384826660156,19658800,MSFT
2022-07-11 00:00:00-04:00,259.0781520069453,259.93638669181036,255.69399418885055,257.96636962890625,19455200,MSFT
2022-07-12 00:00:00-04:00,259.30247822575836,259.36099152252814,245.80485057499152,247.39453125,35868500,MSFT
2022-07-13 00:00:00-04:00,244.00063808539196,247.2775167971426,241.97209270370755,246.46804809570312,29497400,MSFT
2022-07-14 00:00:00-04:00,244.37128627371013,248.82822368300143,239.8558206729032,247.79444885253906,25102800,MSFT
2022-07-15 00:00:00-04:00,249.39386389777957,253.92882377346191,248.46736847903153,250.36912536621094,29774100,MSFT
2022-07-18 00:00:00-04:00,253.3241738288452,254.38720528898997,247.03374014987685,247.96023559570312,20975000,MSFT
2022-07-19 00:00:00-04:00,251.20780185384177,253.29487539912353,247.4042885956237,253.1095733642578,25012600,MSFT
2022-07-20 00:00:00-04:00,253.47038917374115,258.3174387050595,252.5048900745562,255.78175354003906,22788300,MSFT
2022-07-21 00:00:00-04:00,253.36315017839348,258.3369889320587,250.6714193737388,258.2882080078125,22404700,MSFT
2022-07-22 00:00:00-04:00,258.6783326737253,258.7661026310825,252.66098630595368,253.91905212402344,21881300,MSFT
2022-07-25 00:00:00-04:00,254.54322547578266,255.03085617592782,250.45687782755678,252.42689514160156,21056000,MSFT
2022-07-26 00:00:00-04:00,253.43142293077935,253.45094720760954,243.39600416529262,245.66835021972656,39348000,MSFT
2022-07-27 00:00:00-04:00,254.69929727249698,263.3693565432231,252.44644558531357,262.0917663574219,45994000,MSFT
2022-07-28 00:00:00-04:00,263.0767468611036,270.9666075420693,261.2432507771247,269.5719909667969,33459300,MSFT
2022-07-29 00:00:00-04:00,270.830117963255,275.0237303147809,269.78658106335865,273.7948913574219,32152800,MSFT
2022-08-01 00:00:00-04:00,270.9471137351139,274.32150965184684,269.0160855594384,271.1324157714844,21539600,MSFT
2022-08-02 00:00:00-04:00,269.1721330389586,271.01539127951946,265.6416917082196,268.0213317871094,22754200,MSFT
2022-08-03 00:00:00-04:00,269.91335197508243,276.4866042234115,269.76703895640605,275.4820861816406,23518900,MSFT
2022-08-04 00:00:00-04:00,274.8286947381224,276.7792178512748,273.23904340150466,276.6329345703125,18098700,MSFT
2022-08-05 00:00:00-04:00,272.24420162439264,276.6328777271908,271.7858275964847,275.91119384765625,16774600,MSFT
2022-08-08 00:00:00-04:00,277.02302134312987,278.8467853762037,272.41005342671457,273.38531494140625,18739200,MSFT
2022-08-09 00:00:00-04:00,272.7220847897705,276.07695628719955,270.74227577451177,275.3162536621094,23405200,MSFT
2022-08-10 00:00:00-04:00,281.0410317025532,282.64044458604576,279.8414497179765,282.00653076171875,24687800,MSFT
2022-08-11 00:00:00-04:00,283.6547930934179,284.00587292244074,279.42216205536863,279.9195251464844,20065900,MSFT
2022-08-12 00:00:00-04:00,281.3434285473414,284.6885681152344,279.84151760890535,284.6885681152344,22619700,MSFT
2022-08-15 00:00:00-04:00,283.80103385613677,286.90235759854795,282.93303702667396,286.2099304199219,18085700,MSFT
2022-08-16 00:00:00-04:00,284.76653017389106,286.7658336452833,283.23539259166887,285.4687194824219,18102900,MSFT
2022-08-17 00:00:00-04:00,283.1720165832015,286.70019877418935,282.90814781798576,284.7162170410156,18253400,MSFT
2022-08-18 00:00:00-04:00,283.6118820876841,285.29289376724813,282.52702841545,283.59234619140625,17186200,MSFT
2022-08-19 00:00:00-04:00,282.35099100462867,282.69306290588565,279.08670822207813,279.663330078125,20570000,MSFT
2022-08-22 00:00:00-04:00,275.68562822594475,276.057018930121,270.93581193768017,271.45379638671875,25061100,MSFT
2022-08-23 00:00:00-04:00,270.17352294921875,272.53864848293165,269.15708983535205,270.17352294921875,17527400,MSFT
2022-08-24 00:00:00-04:00,269.166908767681,270.94565949888363,268.8736913821474,269.5382995605469,18137000,MSFT
2022-08-25 00:00:00-04:00,271.04336749973436,272.69506033851854,268.2970680087891,272.5289306640625,16583400,MSFT
2022-08-26 00:00:00-04:00,272.7536500390362,273.9850972197535,261.90529472128685,262.0127868652344,27549300,MSFT
2022-08-29 00:00:00-04:00,259.82356155223977,261.3384133088157,257.86889873044487,259.2176208496094,20338500,MSFT
2022-08-30 00:00:00-04:00,260.6249883577702,260.99634925149246,254.75121685619646,257.00885009765625,22767100,MSFT
2022-08-31 00:00:00-04:00,259.37406090613825,261.0550427113508,255.40606696746414,255.54290771484375,24791800,MSFT
2022-09-01 00:00:00-04:00,253.0017697518368,254.97599822937116,249.62021152580633,254.49708557128906,23263400,MSFT
2022-09-02 00:00:00-04:00,255.7676569567466,258.73872314316543,248.70153970994355,250.2554931640625,22855400,MSFT
2022-09-06 00:00:00-04:00,250.39235632621703,251.98538170723285,246.22891435758206,247.50921630859375,21328200,MSFT
2022-09-07 00:00:00-04:00,248.92634851905373,252.96271777248035,247.47990196744675,252.239501953125,24126700,MSFT
2022-09-08 00:00:00-04:00,251.67264446903263,254.52643575066966,249.01428667930554,252.65972900390625,20319900,MSFT
2022-09-09 00:00:00-04:00,254.59486338577113,259.2176522567017,254.38963211583717,258.465087890625,22084700,MSFT
2022-09-12 00:00:00-04:00,259.7551646004535,261.3873213270638,259.149223843225,260.6054382324219,18747700,MSFT
2022-09-13 00:00:00-04:00,252.97248284897586,254.49711760874706,245.8868294468606,246.27777099609375,33353300,MSFT
2022-09-14 00:00:00-04:00,247.78285007642683,248.46697913300935,244.1960453177988,246.50254821777344,23913000,MSFT
2022-09-15 00:00:00-04:00,244.10812750813867,245.70116793802157,238.4884705871232,239.81764221191406,31530900,MSFT
2022-09-16 00:00:00-04:00,238.72297831373123,239.73941138872883,236.57285207293663,239.19210815429688,39791800,MSFT
2022-09-19 00:00:00-04:00,236.9735791811867,239.58305259776108,235.3903068619585,238.97711181640625,26826900,MSFT
2022-09-20 00:00:00-04:00,236.58264942980037,237.98999429905646,234.20772606919547,236.9540252685547,26660300,MSFT
2022-09-21 00:00:00-04:00,238.73278197769002,242.0459353368341,233.48450141158338,233.5333709716797,28625600,MSFT
2022-09-22 00:00:00-04:00,232.47781744759155,238.3320379551584,232.18462995525593,235.51731872558594,31061200,MSFT
2022-09-23 00:00:00-04:00,234.10997509917544,235.66394347915048,229.86836007424546,232.52670288085938,34176000,MSFT
2022-09-26 00:00:00-04:00,231.67642567591042,235.97667813661488,231.52981700911016,232.06735229492188,27694200,MSFT
2022-09-27 00:00:00-04:00,234.53999939236823,236.31874980621944,229.1842271718102,231.05093383789062,27018700,MSFT
2022-09-28 00:00:00-04:00,231.44184437359493,236.83671782885258,229.40899329026752,235.60528564453125,29029700,MSFT
2022-09-29 00:00:00-04:00,233.47473170328885,234.5107007527724,229.0962905663997,232.11624145507812,27484200,MSFT
2022-09-30 00:00:00-04:00,232.88833041765147,235.0873264233734,227.45436934068638,227.62051391601562,35694800,MSFT
2022-10-03 00:00:00-04:00,230.0736124429844,236.13306477222778,229.34061381655428,235.2827911376953,28880400,MSFT
2022-10-04 00:00:00-04:00,239.5341863194985,244.6847277702556,239.42667925234394,243.23828125,34888400,MSFT
2022-10-05 00:00:00-04:00,240.41381444983918,244.89976307889333,238.56665825476412,243.55104064941406,20347100,MSFT
2022-10-06 00:00:00-04:00,242.3097902416394,244.66516272217248,240.50173592478694,241.1956329345703,20239900,MSFT
2022-10-07 00:00:00-04:00,235.4391149073923,235.8496071953975,227.88434779057886,228.9300994873047,37769600,MSFT
2022-10-10 00:00:00-04:00,227.76710045738744,229.24286559802218,221.59035845242354,224.05323791503906,29743600,MSFT
2022-10-11 00:00:00-04:00,222.46018719306292,223.86754691341076,219.02975905938624,220.30029296875,30474000,MSFT
2022-10-12 00:00:00-04:00,220.29049639676103,222.69473825484218,218.88315167691422,220.632568359375,21903900,MSFT
2022-10-13 00:00:00-04:00,214.8663020375108,230.7479363844553,214.16262227649167,228.9300994873047,42551800,MSFT
2022-10-14 00:00:00-04:00,230.2006451360336,231.86212054552945,223.16386161855522,223.37887573242188,30198600,MSFT
2022-10-17 00:00:00-04:00,230.4743250492662,233.543145410167,229.80973186429202,232.1455535888672,28142300,MSFT
2022-10-18 00:00:00-04:00,237.7261080934971,238.40045426951124,230.03449941447604,233.0935516357422,26329600,MSFT
2022-10-19 00:00:00-04:00,231.6666422196203,234.17839122462001,228.97898071038742,231.1193389892578,19985700,MSFT
2022-10-20 00:00:00-04:00,230.42543815781005,235.8398477825105,229.5458309126481,230.79681396484375,21811000,MSFT
2022-10-21 00:00:00-04:00,229.41881864043668,237.49157205864338,229.18425369445214,236.6315155029297,26299700,MSFT
2022-10-24 00:00:00-04:00,238.23431048465042,242.22182461699984,235.83008345271128,241.64520263671875,24911200,MSFT
2022-10-25 00:00:00-04:00,241.654984441584,245.349296366253,240.25740753672832,244.97792053222656,34775500,MSFT
2022-10-26 00:00:00-04:00,225.92973104246838,232.89810971731717,224.84489243304628,226.0763397216797,82543200,MSFT
2022-10-27 00:00:00-04:00,225.80265446885284,228.39259179146362,220.6618963462355,221.6099090576172,40424600,MSFT
2022-10-28 00:00:00-04:00,221.1115004518282,231.2366561449751,220.92580506688836,230.523193359375,40647700,MSFT
2022-10-31 00:00:00-04:00,228.46102126722204,229.5947294617244,225.91018528603985,226.86798095703125,28357300,MSFT
2022-11-01 00:00:00-04:00,229.28199142540555,230.39614881450214,222.1767867625994,222.99774169921875,30592300,MSFT
2022-11-02 00:00:00-04:00,224.2584955561427,226.0567819611401,215.05201957945258,215.1106719970703,38407000,MSFT
2022-11-03 00:00:00-04:00,215.10090825266596,215.4136615228386,209.12941158048986,209.39329528808594,36633900,MSFT
2022-11-04 00:00:00-04:00,212.6184649078027,216.5668774965675,208.5918490987652,216.3714141845703,36789100,MSFT
2022-11-07 00:00:00-05:00,216.95781474366044,223.23228088594615,216.2639028499617,222.7045135498047,33498000,MSFT
2022-11-08 00:00:00-05:00,223.5157096836229,226.39883460819428,220.72054101441213,223.68185424804688,28192500,MSFT
2022-11-09 00:00:00-05:00,222.21585343877905,223.44730064563345,219.2447723065567,219.42068481445312,27852900,MSFT
2022-11-10 00:00:00-05:00,230.09314442549228,237.81407210708258,229.67289904500376,237.4720001220703,46268000,MSFT
2022-11-11 00:00:00-05:00,237.4817912465408,242.36844884310648,236.44580730923667,241.50839233398438,34620200,MSFT
2022-11-14 00:00:00-05:00,236.5044759158322,238.38095077180964,233.78749529919745,236.07444763183594,31123300,MSFT
2022-11-15 00:00:00-05:00,240.09126475202578,241.40088540956577,234.58888352299294,236.4849090576172,31390100,MSFT
2022-11-16 00:00:00-05:00,237.9549956054783,238.94489171317144,235.6321973300538,236.91610717773438,24093300,MSFT
2022-11-17 00:00:00-05:00,233.04478285461033,238.40585297504725,232.89777597760147,236.8671112060547,23123500,MSFT
2022-11-18 00:00:00-05:00,238.66068011299015,238.8861106072978,234.26990005731673,236.41629028320312,27613500,MSFT
2022-11-21 00:00:00-05:00,236.6221034906922,239.79758681244928,236.38689247384355,237.22976684570312,26394700,MSFT
2022-11-22 00:00:00-05:00,238.73908003593303,240.42482869254758,235.9164432951424,240.15040588378906,19665700,MSFT
2022-11-23 00:00:00-05:00,240.22882983405626,243.33570000991833,239.4055613553574,242.64964294433594,19508500,MSFT
2022-11-25 00:00:00-05:00,242.38500867012718,243.74732728820723,241.81655713061522,242.56143188476562,9200800,MSFT
2022-11-28 00:00:00-05:00,241.17950375189517,241.7381448542194,236.00465217547287,236.94552612304688,24778200,MSFT
2022-11-29 00:00:00-05:00,236.59269030692607,237.95500887957246,233.46622937626154,235.54400634765625,17956300,MSFT
2022-11-30 00:00:00-05:00,235.7792257930801,250.24528544964286,235.0833583607036,250.05906677246094,47594200,MSFT
2022-12-01 00:00:00-05:00,248.81436449904433,251.01955743594272,245.92311452831746,249.6180419921875,26041500,MSFT
2022-12-02 00:00:00-05:00,244.8450244753859,250.96074986514174,244.71760854479217,249.94146728515625,21528500,MSFT
2022-12-05 00:00:00-05:00,246.9913904581901,248.76535812716048,243.12005495635356,245.21743774414062,23435300,MSFT
2022-12-06 00:00:00-05:00,245.82510213120872,246.84438467771187,238.92529043746708,240.2386016845703,22463700,MSFT
2022-12-07 00:00:00-05:00,239.9544013330992,241.25791720433986,237.386581396251,239.50355529785156,20481500,MSFT
2022-12-08 00:00:00-05:00,239.9642035711505,243.78654716232523,238.21965204435614,242.4732208251953,22611800,MSFT
2022-12-09 00:00:00-05:00,239.8270212684506,243.36513203246926,239.29778145262182,240.53268432617188,20609700,MSFT
2022-12-12 00:00:00-05:00,242.5222437571335,247.51087720956804,242.24782091194535,247.48147583007812,30665100,MSFT
2022-12-13 00:00:00-05:00,256.4786327288644,258.6642346372592,248.03029866504872,251.8036346435547,42196900,MSFT
2022-12-14 00:00:00-05:00,252.00948262912812,257.3607430640229,249.24563331830728,252.09768676757812,35410900,MSFT
2022-12-15 00:00:00-05:00,248.66735792808984,249.13779490116903,242.41440605143725,244.0511474609375,35560400,MSFT
2022-12-16 00:00:00-05:00,243.60033153916896,244.86463565635628,238.66069067242736,239.81719970703125,86102000,MSFT
2022-12-19 00:00:00-05:00,239.98380294125394,240.32683894372457,233.95628142011975,235.66162109375,29696400,MSFT
2022-12-20 00:00:00-05:00,234.63252639957287,238.07263700939967,233.67204653626635,236.9847412109375,25150800,MSFT
2022-12-21 00:00:00-05:00,236.8769673506965,240.7286978209099,235.32842980934944,239.56239318847656,23690600,MSFT
2022-12-22 00:00:00-05:00,236.45546474503047,237.1709380558628,229.21263219951575,233.4466094970703,28651700,MSFT
2022-12-23 00:00:00-05:00,231.40805587690517,234.11308726654062,229.28127151269362,233.9758758544922,21207000,MSFT
2022-12-27 00:00:00-05:00,233.94645897077334,234.17187449957135,231.13361773276105,232.24111938476562,16688600,MSFT
2022-12-28 00:00:00-05:00,232.17251532323996,234.94615982143847,229.5066808569475,229.85951232910156,17457100,MSFT
2022-12-29 00:00:00-05:00,230.95720418697826,237.102346111506,230.95720418697826,236.21046447753906,19770700,MSFT
2022-12-30 00:00:00-05:00,233.46625067853594,235.18140087026654,231.94711466058996,235.044189453125,21938500,MSFT
2020-01-02 00:00:00-05:00,28.299999237060547,28.713333129882812,28.11400032043457,28.68400001525879,142981500,TSLA
2020-01-03 00:00:00-05:00,29.366666793823242,30.266666412353516,29.128000259399414,29.534000396728516,266677500,TSLA
2020-01-06 00:00:00-05:00,29.364667892456055,30.104000091552734,29.333332061767578,30.1026668548584,151995000,TSLA
2020-01-07 00:00:00-05:00,30.760000228881836,31.441999435424805,30.224000930786133,31.270666122436523,268231500,TSLA
2020-01-08 00:00:00-05:00,31.579999923706055,33.232666015625,31.215333938598633,32.80933380126953,467164500,TSLA
2020-01-09 00:00:00-05:00,33.13999938964844,33.253334045410156,31.524667739868164,32.089332580566406,426606000,TSLA
2020-01-10 00:00:00-05:00,32.11933135986328,32.3293342590332,31.579999923706055,31.876667022705078,194392500,TSLA
2020-01-13 00:00:00-05:00,32.900001525878906,35.04199981689453,32.79999923706055,34.990665435791016,397764000,TSLA
2020-01-14 00:00:00-05:00,36.284000396728516,36.49399948120117,34.99333190917969,35.861331939697266,434943000,TSLA
2020-01-15 00:00:00-05:00,35.31733322143555,35.85599899291992,34.452667236328125,34.56666564941406,260532000,TSLA
2020-01-16 00:00:00-05:00,32.91666793823242,34.297332763671875,32.81133270263672,34.232666015625,326050500,TSLA
2020-01-17 00:00:00-05:00,33.840667724609375,34.37799835205078,33.54399871826172,34.03333282470703,204436500,TSLA
2020-01-21 00:00:00-05:00,35.349998474121094,36.571998596191406,35.227333068847656,36.47999954223633,267052500,TSLA
2020-01-22 00:00:00-05:00,38.125999450683594,39.633331298828125,37.27333450317383,37.97066879272461,470535000,TSLA
2020-01-23 00:00:00-05:00,37.616668701171875,38.79999923706055,37.040000915527344,38.14666748046875,294765000,TSLA
2020-01-24 00:00:00-05:00,38.04199981689453,38.25733184814453,36.95066833496094,37.654666900634766,215304000,TSLA
2020-01-27 00:00:00-05:00,36.132667541503906,37.62933349609375,35.95199966430664,37.201332092285156,204121500,TSLA
2020-01-28 00:00:00-05:00,37.89933395385742,38.45399856567383,37.2053337097168,37.793331146240234,176827500,TSLA
2020-01-29 00:00:00-05:00,38.37933349609375,39.31999969482422,37.82866668701172,38.732666015625,267022500,TSLA
2020-01-30 00:00:00-05:00,42.16133117675781,43.391998291015625,41.20000076293945,42.72066879272461,435085500,TSLA
2020-01-31 00:00:00-05:00,42.66666793823242,43.53333282470703,42.167999267578125,43.371334075927734,235789500,TSLA
2020-02-03 00:00:00-05:00,44.91266632080078,52.409332275390625,44.90133285522461,52.0,705975000,TSLA
2020-02-04 00:00:00-05:00,58.86399841308594,64.59933471679688,55.59199905395508,59.137332916259766,914082000,TSLA
2020-02-05 00:00:00-05:00,54.88399887084961,56.39866638183594,46.94066619873047,48.97999954223633,726357000,TSLA
2020-02-06 00:00:00-05:00,46.66133117675781,53.05533218383789,45.79999923706055,49.930667877197266,598212000,TSLA
2020-02-07 00:00:00-05:00,48.70333480834961,51.31666564941406,48.66666793823242,49.871334075927734,255952500,TSLA
2020-02-10 00:00:00-05:00,53.33333206176758,54.66600036621094,50.15999984741211,51.41866683959961,370338000,TSLA
2020-02-11 00:00:00-05:00,51.25266647338867,52.23400115966797,50.53333282470703,51.62533187866211,175462500,TSLA
2020-02-12 00:00:00-05:00,51.858001708984375,52.650001525878906,50.891334533691406,51.15266799926758,180337500,TSLA
2020-02-13 00:00:00-05:00,49.45600128173828,54.53333282470703,49.0,53.599998474121094,394339500,TSLA
2020-02-14 00:00:00-05:00,52.4813346862793,54.198001861572266,52.366668701171875,53.33533477783203,235405500,TSLA
2020-02-18 00:00:00-05:00,56.106666564941406,57.33333206176758,55.490665435791016,57.22666549682617,245725500,TSLA
2020-02-19 00:00:00-05:00,61.56666564941406,62.98533248901367,60.06800079345703,61.16133117675781,381345000,TSLA
2020-02-20 00:00:00-05:00,60.79666519165039,60.79999923706055,57.3293342590332,59.96066665649414,264523500,TSLA
2020-02-21 00:00:00-05:00,60.46533203125,60.87066650390625,58.6966667175293,60.06666564941406,214722000,TSLA
2020-02-24 00:00:00-05:00,55.93333435058594,57.56666564941406,54.813331604003906,55.58599853515625,227883000,TSLA
2020-02-25 00:00:00-05:00,56.599998474121094,57.106666564941406,52.46666717529297,53.32733154296875,259357500,TSLA
2020-02-26 00:00:00-05:00,52.16666793823242,54.22066879272461,51.740665435791016,51.91999816894531,211282500,TSLA
2020-02-27 00:00:00-05:00,48.66666793823242,49.31800079345703,44.599998474121094,45.266666412353516,364158000,TSLA
2020-02-28 00:00:00-05:00,41.97999954223633,46.03466796875,40.768001556396484,44.53266525268555,363343500,TSLA
2020-03-02 00:00:00-05:00,47.41733169555664,49.5793342590332,45.77799987792969,49.574668884277344,302925000,TSLA
2020-03-03 00:00:00-05:00,53.66666793823242,53.798667907714844,47.740665435791016,49.70066833496094,386760000,TSLA
2020-03-04 00:00:00-05:00,50.930667877197266,51.10133361816406,48.31533432006836,49.96666717529297,225735000,TSLA
2020-03-05 00:00:00-05:00,48.2513313293457,49.71666717529297,47.871334075927734,48.30266571044922,162790500,TSLA
2020-03-06 00:00:00-05:00,46.0,47.133331298828125,45.61800003051758,46.89866638183594,189943500,TSLA
2020-03-09 00:00:00-04:00,40.35933303833008,44.20000076293945,40.33333206176758,40.53333282470703,256105500,TSLA
2020-03-10 00:00:00-04:00,43.96200180053711,44.53333282470703,40.53333282470703,43.02199935913086,233916000,TSLA
2020-03-11 00:00:00-04:00,42.68000030517578,43.571998596191406,40.866668701171875,42.28200149536133,199837500,TSLA
2020-03-12 00:00:00-04:00,38.72600173950195,39.633331298828125,36.41666793823242,37.369998931884766,283636500,TSLA
2020-03-13 00:00:00-04:00,39.66666793823242,40.50466537475586,33.46666717529297,36.44133377075195,339604500,TSLA
2020-03-16 00:00:00-04:00,31.299999237060547,32.9913330078125,29.47800064086914,29.67133331298828,307342500,TSLA
2020-03-17 00:00:00-04:00,29.333999633789062,31.456666946411133,26.399999618530273,28.68000030517578,359919000,TSLA
2020-03-18 00:00:00-04:00,25.933332443237305,26.99066734313965,23.367332458496094,24.08133316040039,356793000,TSLA
2020-03-19 00:00:00-04:00,24.979999542236328,30.133333206176758,23.8973331451416,28.50933265686035,452932500,TSLA
2020-03-20 00:00:00-04:00,29.213333129882812,31.799999237060547,28.38599967956543,28.50200080871582,424282500,TSLA
2020-03-23 00:00:00-04:00,28.906667709350586,29.46666717529297,27.366666793823242,28.952667236328125,246817500,TSLA
2020-03-24 00:00:00-04:00,31.81999969482422,34.24599838256836,31.600000381469727,33.66666793823242,343428000,TSLA
2020-03-25 00:00:00-04:00,36.349998474121094,37.133331298828125,34.07400131225586,35.95000076293945,318340500,TSLA
2020-03-26 00:00:00-04:00,36.49266815185547,37.33333206176758,34.150001525878906,35.21066665649414,260710500,TSLA
2020-03-27 00:00:00-04:00,33.66666793823242,35.0533332824707,32.935333251953125,34.29066848754883,215661000,TSLA
2020-03-30 00:00:00-04:00,34.017333984375,34.44333267211914,32.7486686706543,33.47533416748047,179971500,TSLA
2020-03-31 00:00:00-04:00,33.41666793823242,36.19733428955078,33.133331298828125,34.93333435058594,266572500,TSLA
2020-04-01 00:00:00-04:00,33.599998474121094,34.26333236694336,31.67333221435547,32.104000091552734,200298000,TSLA
2020-04-02 00:00:00-04:00,32.068668365478516,32.95066833496094,29.760000228881836,30.29800033569336,297876000,TSLA
2020-04-03 00:00:00-04:00,33.96666717529297,34.36600112915039,31.22599983215332,32.000667572021484,338431500,TSLA
2020-04-06 00:00:00-04:00,34.08000183105469,34.733333587646484,33.19733428955078,34.41600036621094,223527000,TSLA
2020-04-07 00:00:00-04:00,36.33333206176758,37.66666793823242,35.48933410644531,36.36333465576172,268797000,TSLA
2020-04-08 00:00:00-04:00,36.9466667175293,37.14733123779297,35.55533218383789,36.589332580566406,189840000,TSLA
2020-04-09 00:00:00-04:00,37.4726676940918,38.345333099365234,37.14066696166992,38.20000076293945,204750000,TSLA
2020-04-13 00:00:00-04:00,39.34400177001953,43.46666717529297,38.70199966430664,43.39666748046875,337131000,TSLA
2020-04-14 00:00:00-04:00,46.597999572753906,49.45866775512695,46.1619987487793,47.32600021362305,458647500,TSLA
2020-04-15 00:00:00-04:00,49.46666717529297,50.20866775512695,47.33333206176758,48.65533447265625,353655000,TSLA
2020-04-16 00:00:00-04:00,47.79600143432617,50.630001068115234,47.11466598510742,49.680667877197266,309868500,TSLA
2020-04-17 00:00:00-04:00,51.48533248901367,51.663333892822266,49.84400177001953,50.259334564208984,196923000,TSLA
2020-04-20 00:00:00-04:00,48.8466682434082,51.03799819946289,47.48066711425781,49.75733184814453,221199000,TSLA
2020-04-21 00:00:00-04:00,48.67466735839844,50.22200012207031,44.919334411621094,45.781333923339844,303136500,TSLA
2020-04-22 00:00:00-04:00,46.93199920654297,48.93333435058594,45.91400146484375,48.807334899902344,212482500,TSLA
2020-04-23 00:00:00-04:00,48.50666809082031,48.93333435058594,46.87533187866211,47.04199981689453,198550500,TSLA
2020-04-24 00:00:00-04:00,47.387332916259766,48.71533203125,46.54533386230469,48.34333419799805,198180000,TSLA
2020-04-27 00:00:00-04:00,49.17399978637695,53.29933166503906,49.0,53.25,310221000,TSLA
2020-04-28 00:00:00-04:00,53.042667388916016,53.66666793823242,50.44599914550781,51.27466583251953,228330000,TSLA
2020-04-29 00:00:00-04:00,52.678001403808594,53.54666519165039,52.21066665649414,53.367332458496094,243240000,TSLA
2020-04-30 00:00:00-04:00,57.01266860961914,57.987998962402344,50.900001525878906,52.12533187866211,427078500,TSLA
2020-05-01 00:00:00-04:00,50.33333206176758,51.518001556396484,45.5359992980957,46.75466537475586,487977000,TSLA
2020-05-04 00:00:00-04:00,46.733333587646484,50.79999923706055,46.53333282470703,50.74599838256836,288556500,TSLA
2020-05-05 00:00:00-04:00,52.65266799926758,53.26133346557617,50.8120002746582,51.2140007019043,254875500,TSLA
2020-05-06 00:00:00-04:00,51.766666412353516,52.6533317565918,50.740665435791016,52.172000885009766,166848000,TSLA
2020-05-07 00:00:00-04:00,51.81399917602539,53.09333419799805,51.4900016784668,52.00266647338867,172915500,TSLA
2020-05-08 00:00:00-04:00,52.917999267578125,54.93333435058594,52.46733474731445,54.62799835205078,241297500,TSLA
2020-05-11 00:00:00-04:00,52.70066833496094,54.93333435058594,52.33333206176758,54.08599853515625,247794000,TSLA
2020-05-12 00:00:00-04:00,55.133331298828125,56.21933364868164,53.866668701171875,53.96066665649414,238603500,TSLA
2020-05-13 00:00:00-04:00,54.72200012207031,55.06666564941406,50.88666534423828,52.73066711425781,285982500,TSLA
2020-05-14 00:00:00-04:00,52.0,53.557334899902344,50.93333435058594,53.55533218383789,205233000,TSLA
2020-05-15 00:00:00-04:00,52.689998626708984,53.66999816894531,52.436668395996094,53.27799987792969,157776000,TSLA
2020-05-18 00:00:00-04:00,55.185333251953125,55.64799880981445,53.59199905395508,54.242000579833984,174987000,TSLA
2020-05-19 00:00:00-04:00,54.34466552734375,54.80466842651367,53.73866653442383,53.867332458496094,144547500,TSLA
2020-05-20 00:00:00-04:00,54.70000076293945,55.06666564941406,54.119998931884766,54.37066650390625,109639500,TSLA
2020-05-21 00:00:00-04:00,54.400001525878906,55.5,53.06666564941406,55.17333221435547,183819000,TSLA
2020-05-22 00:00:00-04:00,54.81133270263672,55.45199966430664,54.133331298828125,54.45866775512695,149812500,TSLA
2020-05-26 00:00:00-04:00,55.633331298828125,55.63999938964844,54.38066864013672,54.591331481933594,121345500,TSLA
2020-05-27 00:00:00-04:00,54.7239990234375,55.180667877197266,52.33333206176758,54.68199920654297,173242500,TSLA
2020-05-28 00:00:00-04:00,54.23400115966797,54.983333587646484,53.44599914550781,53.72066879272461,108834000,TSLA
2020-05-29 00:00:00-04:00,53.91666793823242,55.66666793823242,53.61399841308594,55.66666793823242,176467500,TSLA
2020-06-01 00:00:00-04:00,57.20000076293945,59.93333435058594,56.939998626708984,59.87333297729492,224092500,TSLA
2020-06-02 00:00:00-04:00,59.64666748046875,60.57733154296875,58.06666564941406,58.770668029785156,203484000,TSLA
2020-06-03 00:00:00-04:00,59.20800018310547,59.862667083740234,58.67333221435547,58.86399841308594,119242500,TSLA
2020-06-04 00:00:00-04:00,59.32533264160156,59.71666717529297,57.229331970214844,57.62533187866211,133315500,TSLA
2020-06-05 00:00:00-04:00,58.522666931152344,59.10133361816406,57.746665954589844,59.04399871826172,117178500,TSLA
2020-06-08 00:00:00-04:00,61.266666412353516,63.33333206176758,60.61066818237305,63.327999114990234,212620500,TSLA
2020-06-09 00:00:00-04:00,62.66733169555664,63.62933349609375,61.595333099365234,62.711334228515625,170823000,TSLA
2020-06-10 00:00:00-04:00,66.12533569335938,68.49866485595703,65.5,68.336669921875,278451000,TSLA
2020-06-11 00:00:00-04:00,66.01333618164062,67.9306640625,64.80000305175781,64.85600280761719,238747500,TSLA
2020-06-12 00:00:00-04:00,65.33333587646484,65.8653335571289,60.84000015258789,62.35200119018555,251451000,TSLA
2020-06-15 00:00:00-04:00,61.18600082397461,66.5893325805664,60.56666564941406,66.05999755859375,235458000,TSLA
2020-06-16 00:00:00-04:00,67.4566650390625,67.52532958984375,64.15933227539062,65.47533416748047,210766500,TSLA
2020-06-17 00:00:00-04:00,65.84733581542969,67.0,65.50466918945312,66.11933135986328,148362000,TSLA
2020-06-18 00:00:00-04:00,66.86666870117188,67.94667053222656,66.2979965209961,66.9306640625,146278500,TSLA
2020-06-19 00:00:00-04:00,67.51866912841797,67.73133087158203,66.0893325805664,66.72666931152344,130195500,TSLA
2020-06-22 00:00:00-04:00,66.663330078125,67.2586669921875,66.00133514404297,66.28800201416016,95436000,TSLA
2020-06-23 00:00:00-04:00,66.59200286865234,67.46666717529297,66.267333984375,66.78533172607422,95479500,TSLA
2020-06-24 00:00:00-04:00,66.27400207519531,66.72533416748047,63.542667388916016,64.0566635131836,164394000,TSLA
2020-06-25 00:00:00-04:00,63.61800003051758,65.73200225830078,62.47666549682617,65.73200225830078,138817500,TSLA
2020-06-26 00:00:00-04:00,66.31866455078125,66.33333587646484,63.65800094604492,63.982666015625,132823500,TSLA
2020-06-29 00:00:00-04:00,64.60066986083984,67.33333587646484,63.23466873168945,67.29000091552734,135396000,TSLA
2020-06-30 00:00:00-04:00,67.0999984741211,72.51266479492188,66.91533660888672,71.98733520507812,253777500,TSLA
2020-07-01 00:00:00-04:00,72.19999694824219,75.68866729736328,72.03333282470703,74.64199829101562,199903500,TSLA
2020-07-02 00:00:00-04:00,81.43199920654297,81.86666870117188,79.04000091552734,80.57733154296875,258751500,TSLA
2020-07-06 00:00:00-04:00,85.11266326904297,91.85266876220703,84.40266418457031,91.43866729736328,308548500,TSLA
2020-07-07 00:00:00-04:00,93.6673355102539,95.30000305175781,89.11399841308594,92.65733337402344,322345500,TSLA
2020-07-08 00:00:00-04:00,93.66666412353516,94.48400115966797,87.42266845703125,91.05867004394531,244669500,TSLA
2020-07-09 00:00:00-04:00,93.1326675415039,93.90399932861328,90.08533477783203,92.9520034790039,175764000,TSLA
2020-07-10 00:00:00-04:00,93.06666564941406,103.2613296508789,91.73400115966797,102.97666931152344,350064000,TSLA
2020-07-13 00:00:00-04:00,110.5999984741211,119.66600036621094,98.0739974975586,99.80400085449219,584781000,TSLA
2020-07-14 00:00:00-04:00,103.73332977294922,106.0,95.4000015258789,101.12000274658203,351271500,TSLA
2020-07-15 00:00:00-04:00,102.86666870117188,103.33333587646484,97.13333129882812,103.06732940673828,245517000,TSLA
2020-07-16 00:00:00-04:00,98.47733306884766,102.11399841308594,97.73332977294922,100.04266357421875,214512000,TSLA
2020-07-17 00:00:00-04:00,100.89666748046875,102.50066375732422,99.33333587646484,100.05599975585938,139950000,TSLA
2020-07-20 00:00:00-04:00,101.267333984375,110.0,99.19999694824219,109.53333282470703,256821000,TSLA
2020-07-21 00:00:00-04:00,109.32866668701172,111.66666412353516,103.86666870117188,104.55733489990234,241608000,TSLA
2020-07-22 00:00:00-04:00,106.5999984741211,108.4280014038086,104.13333129882812,106.15533447265625,212416500,TSLA
2020-07-23 00:00:00-04:00,111.93000030517578,112.5999984741211,98.71800231933594,100.87133026123047,364927500,TSLA
2020-07-24 00:00:00-04:00,94.40066528320312,97.66666412353516,91.10266876220703,94.46666717529297,290949000,TSLA
2020-07-27 00:00:00-04:00,95.66666412353516,103.19599914550781,94.19999694824219,102.63999938964844,240730500,TSLA
2020-07-28 00:00:00-04:00,100.26667022705078,104.3133316040039,98.29467010498047,98.43267059326172,237130500,TSLA
2020-07-29 00:00:00-04:00,100.06666564941406,102.32066345214844,99.13333129882812,99.94066619873047,141403500,TSLA
2020-07-30 00:00:00-04:00,99.19999694824219,100.8826675415039,98.06666564941406,99.16600036621094,114315000,TSLA
2020-07-31 00:00:00-04:00,101.0,101.13666534423828,94.73200225830078,95.38400268554688,183123000,TSLA
2020-08-03 00:00:00-04:00,96.61333465576172,100.65399932861328,96.29199981689453,99.0,132139500,TSLA
2020-08-04 00:00:00-04:00,99.6673355102539,101.82733154296875,97.46666717529297,99.13333129882812,126225000,TSLA
2020-08-05 00:00:00-04:00,99.53266906738281,99.98933410644531,97.88733673095703,99.00133514404297,74217000,TSLA
2020-08-06 00:00:00-04:00,99.38866424560547,101.15399932861328,98.48400115966797,99.30533599853516,89884500,TSLA
2020-08-07 00:00:00-04:00,99.96932983398438,99.98332977294922,94.33399963378906,96.84733581542969,133446000,TSLA
2020-08-10 00:00:00-04:00,96.53333282470703,97.16666412353516,92.38933563232422,94.57133483886719,112834500,TSLA
2020-08-11 00:00:00-04:00,93.06666564941406,94.66666412353516,91.0,91.6259994506836,129387000,TSLA
2020-08-12 00:00:00-04:00,98.0,105.66666412353516,95.66666412353516,103.65066528320312,327441000,TSLA
2020-08-13 00:00:00-04:00,107.4000015258789,110.07866668701172,104.48400115966797,108.06666564941406,306379500,TSLA
2020-08-14 00:00:00-04:00,110.99933624267578,111.25333404541016,108.44266510009766,110.04733276367188,188664000,TSLA
2020-08-17 00:00:00-04:00,111.80000305175781,123.05733489990234,111.52200317382812,122.3759994506836,303634500,TSLA
2020-08-18 00:00:00-04:00,126.59933471679688,128.25999450683594,123.00733184814453,125.80599975585938,247117500,TSLA
2020-08-19 00:00:00-04:00,124.33333587646484,127.4000015258789,122.74732971191406,125.23533630371094,183079500,TSLA
2020-08-20 00:00:00-04:00,124.04533386230469,134.79933166503906,123.80400085449219,133.45533752441406,309177000,TSLA
2020-08-21 00:00:00-04:00,136.3173370361328,139.69932556152344,135.00332641601562,136.6653289794922,322344000,TSLA
2020-08-24 00:00:00-04:00,141.7519989013672,141.93333435058594,128.50132751464844,134.27999877929688,300954000,TSLA
2020-08-25 00:00:00-04:00,131.65933227539062,135.19667053222656,131.1999969482422,134.8893280029297,159883500,TSLA
2020-08-26 00:00:00-04:00,137.3333282470703,144.39999389648438,136.90866088867188,143.54466247558594,213591000,TSLA
2020-08-27 00:00:00-04:00,145.36399841308594,153.0399932861328,142.8333282470703,149.25,355395000,TSLA
2020-08-28 00:00:00-04:00,153.00799560546875,154.5659942626953,145.76800537109375,147.55999755859375,301218000,TSLA
2020-08-31 00:00:00-04:00,148.20333862304688,166.7133331298828,146.70333862304688,166.10667419433594,355123200,TSLA
2020-09-01 00:00:00-04:00,167.3800048828125,167.49667358398438,156.836669921875,158.35000610351562,269523300,TSLA
2020-09-02 00:00:00-04:00,159.663330078125,159.67999267578125,135.0399932861328,149.1233367919922,288528300,TSLA
2020-09-03 00:00:00-04:00,135.7433319091797,143.93333435058594,134.0,135.6666717529297,262788300,TSLA
2020-09-04 00:00:00-04:00,134.27000427246094,142.6666717529297,124.00666809082031,139.44000244140625,330965700,TSLA
2020-09-08 00:00:00-04:00,118.66666412353516,122.913330078125,109.95999908447266,110.06999969482422,346397100,TSLA
2020-09-09 00:00:00-04:00,118.86666870117188,123.0,113.836669921875,122.09333038330078,238397400,TSLA
2020-09-10 00:00:00-04:00,128.73666381835938,132.99667358398438,120.1866683959961,123.77999877929688,254791800,TSLA
2020-09-11 00:00:00-04:00,127.3133316040039,127.5,120.16666412353516,124.23999786376953,182152500,TSLA
2020-09-14 00:00:00-04:00,126.98332977294922,140.0,124.43333435058594,139.8733367919922,249061800,TSLA
2020-09-15 00:00:00-04:00,145.52000427246094,153.97999572753906,143.56666564941406,149.9199981689453,291894600,TSLA
2020-09-16 00:00:00-04:00,146.6233367919922,152.59666442871094,145.10333251953125,147.25332641601562,216837900,TSLA
2020-09-17 00:00:00-04:00,138.53334045410156,145.92999267578125,136.0,141.14332580566406,230337600,TSLA
2020-09-18 00:00:00-04:00,149.31333923339844,150.3333282470703,142.93333435058594,147.38333129882812,259220400,TSLA
2020-09-21 00:00:00-04:00,151.0433349609375,151.89332580566406,135.69000244140625,149.79666137695312,328430400,TSLA
2020-09-22 00:00:00-04:00,143.1999969482422,145.9199981689453,139.1999969482422,141.41000366210938,238742400,TSLA
2020-09-23 00:00:00-04:00,135.05332946777344,137.38333129882812,125.2933349609375,126.78666687011719,285222600,TSLA
2020-09-24 00:00:00-04:00,121.26667022705078,133.1666717529297,117.0999984741211,129.26333618164062,289683300,TSLA
2020-09-25 00:00:00-04:00,131.1566619873047,136.2433319091797,130.43333435058594,135.77999877929688,201625500,TSLA
2020-09-28 00:00:00-04:00,141.5399932861328,142.69332885742188,138.51666259765625,140.39999389648438,149158800,TSLA
2020-09-29 00:00:00-04:00,138.6666717529297,142.8333282470703,137.1999969482422,139.69000244140625,150657900,TSLA
2020-09-30 00:00:00-04:00,140.44000244140625,144.64332580566406,140.1566619873047,143.00332641601562,144436800,TSLA
2020-10-01 00:00:00-04:00,146.9199981689453,149.6266632080078,144.80667114257812,149.3866729736328,152224500,TSLA
2020-10-02 00:00:00-04:00,140.4633331298828,146.3766632080078,138.3333282470703,138.3633270263672,214290000,TSLA
2020-10-05 00:00:00-04:00,141.11666870117188,144.54666137695312,139.77667236328125,141.89332580566406,134168400,TSLA
2020-10-06 00:00:00-04:00,141.26333618164062,142.92666625976562,135.35000610351562,137.9933319091797,147438900,TSLA
2020-10-07 00:00:00-04:00,139.9566650390625,143.3000030517578,137.9499969482422,141.76666259765625,129383100,TSLA
2020-10-08 00:00:00-04:00,146.14666748046875,146.3333282470703,141.76666259765625,141.97332763671875,121263300,TSLA
2020-10-09 00:00:00-04:00,143.3766632080078,144.8633270263672,142.15333557128906,144.6666717529297,86777100,TSLA
2020-10-12 00:00:00-04:00,147.3333282470703,149.5800018310547,146.19332885742188,147.43333435058594,116373300,TSLA
2020-10-13 00:00:00-04:00,147.78334045410156,149.6300048828125,145.53334045410156,148.88333129882812,103391100,TSLA
2020-10-14 00:00:00-04:00,149.92666625976562,155.3000030517578,149.11666870117188,153.76666259765625,143639100,TSLA
2020-10-15 00:00:00-04:00,150.10333251953125,152.19000244140625,147.5,149.6266632080078,107017200,TSLA
2020-10-16 00:00:00-04:00,151.47999572753906,151.98333740234375,146.28334045410156,146.55667114257812,98327700,TSLA
2020-10-19 00:00:00-04:00,148.74667358398438,149.0,142.9566650390625,143.61000061035156,108863400,TSLA
2020-10-20 00:00:00-04:00,143.9166717529297,143.9166717529297,139.68333435058594,140.64666748046875,94968900,TSLA
2020-10-21 00:00:00-04:00,140.89999389648438,144.31666564941406,140.4166717529297,140.8800048828125,97111500,TSLA
2020-10-22 00:00:00-04:00,147.30667114257812,148.41000366210938,141.50332641601562,141.92999267578125,119979600,TSLA
2020-10-23 00:00:00-04:00,140.6133270263672,140.9633331298828,135.7933349609375,140.2100067138672,101151000,TSLA
2020-10-26 00:00:00-04:00,137.2100067138672,141.9199981689453,136.6666717529297,140.0933380126953,84717600,TSLA
2020-10-27 00:00:00-04:00,141.25332641601562,143.5,140.03334045410156,141.55999755859375,68059500,TSLA
2020-10-28 00:00:00-04:00,138.82666015625,139.53334045410156,135.3333282470703,135.33999633789062,76354200,TSLA
2020-10-29 00:00:00-04:00,136.65333557128906,139.35333251953125,135.48666381835938,136.94332885742188,67965900,TSLA
2020-10-30 00:00:00-04:00,135.63333129882812,135.8633270263672,126.37000274658203,129.34666442871094,127533900,TSLA
2020-11-02 00:00:00-05:00,131.3333282470703,135.66000366210938,130.76666259765625,133.50332641601562,87063300,TSLA
2020-11-03 00:00:00-05:00,136.57666015625,142.58999633789062,135.56333923339844,141.3000030517578,103055100,TSLA
2020-11-04 00:00:00-05:00,143.5399932861328,145.13333129882812,139.03334045410156,140.32666015625,96429300,TSLA
2020-11-05 00:00:00-05:00,142.76666259765625,146.6666717529297,141.3333282470703,146.02999877929688,85243500,TSLA
2020-11-06 00:00:00-05:00,145.36666870117188,145.52333068847656,141.42666625976562,143.31666564941406,65118000,TSLA
2020-11-09 00:00:00-05:00,146.5,150.8333282470703,140.3333282470703,140.4199981689453,104499000,TSLA
2020-11-10 00:00:00-05:00,140.02999877929688,140.02999877929688,132.00999450683594,136.7866668701172,90852600,TSLA
2020-11-11 00:00:00-05:00,138.81666564941406,139.56666564941406,136.86000061035156,139.0433349609375,52073100,TSLA
2020-11-12 00:00:00-05:00,138.35000610351562,141.0,136.5066680908203,137.25332641601562,59565300,TSLA
2020-11-13 00:00:00-05:00,136.9499969482422,137.50999450683594,133.8866729736328,136.1666717529297,59313300,TSLA
2020-11-16 00:00:00-05:00,136.30999755859375,137.48333740234375,134.69667053222656,136.02999877929688,80515800,TSLA
2020-11-17 00:00:00-05:00,153.38999938964844,154.0,144.336669921875,147.20333862304688,183564900,TSLA
2020-11-18 00:00:00-05:00,149.4499969482422,165.3333282470703,147.8333282470703,162.2133331298828,234132000,TSLA
2020-11-19 00:00:00-05:00,164.0,169.5366668701172,162.52333068847656,166.42333984375,187425900,TSLA
2020-11-20 00:00:00-05:00,165.99667358398438,167.5,163.02000427246094,163.20333862304688,98735700,TSLA
2020-11-23 00:00:00-05:00,167.8333282470703,175.3333282470703,167.26333618164062,173.9499969482422,150780900,TSLA
2020-11-24 00:00:00-05:00,180.13333129882812,186.663330078125,175.39999389648438,185.1266632080078,160945500,TSLA
2020-11-25 00:00:00-05:00,183.35333251953125,191.3333282470703,181.7899932861328,191.3333282470703,146790600,TSLA
2020-11-27 00:00:00-05:00,193.72000122070312,199.5933380126953,192.81666564941406,195.25332641601562,112683300,TSLA
2020-11-30 00:00:00-05:00,200.73666381835938,202.60000610351562,184.836669921875,189.1999969482422,189009300,TSLA
2020-12-01 00:00:00-05:00,199.19667053222656,199.28334045410156,190.68333435058594,194.9199981689453,120310500,TSLA
2020-12-02 00:00:00-05:00,185.47999572753906,190.51333618164062,180.40333557128906,189.60667419433594,143327100,TSLA
2020-12-03 00:00:00-05:00,196.67333984375,199.6566619873047,194.14332580566406,197.7933349609375,127656000,TSLA
2020-12-04 00:00:00-05:00,197.00332641601562,199.67999267578125,195.1666717529297,199.67999267578125,88203900,TSLA
2020-12-07 00:00:00-05:00,201.63999938964844,216.26333618164062,201.01666259765625,213.9199981689453,168929100,TSLA
2020-12-08 00:00:00-05:00,208.50332641601562,217.0933380126953,206.1666717529297,216.6266632080078,192795000,TSLA
2020-12-09 00:00:00-05:00,217.89666748046875,218.10667419433594,196.0,201.4933319091797,213873600,TSLA
2020-12-10 00:00:00-05:00,191.4566650390625,209.25,188.77999877929688,209.02333068847656,201249600,TSLA
2020-12-11 00:00:00-05:00,205.00332641601562,208.0,198.93333435058594,203.3300018310547,139425000,TSLA
2020-12-14 00:00:00-05:00,206.3333282470703,214.25,203.39999389648438,213.27667236328125,156121800,TSLA
2020-12-15 00:00:00-05:00,214.42666625976562,215.63333129882812,207.93333435058594,211.0833282470703,135214500,TSLA
2020-12-16 00:00:00-05:00,209.41000366210938,210.8333282470703,201.6666717529297,207.58999633789062,126287400,TSLA
2020-12-17 00:00:00-05:00,209.39666748046875,219.60667419433594,206.5,218.63333129882812,168810300,TSLA
2020-12-18 00:00:00-05:00,222.96665954589844,231.6666717529297,209.51333618164062,231.6666717529297,666378600,TSLA
2020-12-21 00:00:00-05:00,222.0800018310547,222.8333282470703,215.35667419433594,216.6199951171875,174135900,TSLA
2020-12-22 00:00:00-05:00,216.0,216.6266632080078,204.7433319091797,213.44667053222656,155148000,TSLA
2020-12-23 00:00:00-05:00,210.73333740234375,217.1666717529297,207.52333068847656,215.32666015625,99519000,TSLA
2020-12-24 00:00:00-05:00,214.3300018310547,222.02999877929688,213.6666717529297,220.58999633789062,68596800,TSLA
2020-12-28 00:00:00-05:00,224.836669921875,227.13333129882812,220.26666259765625,221.22999572753906,96835800,TSLA
2020-12-29 00:00:00-05:00,220.3333282470703,223.3000030517578,218.3333282470703,221.99667358398438,68732400,TSLA
2020-12-30 00:00:00-05:00,224.0,232.1999969482422,222.7866668701172,231.5933380126953,128538000,TSLA
2020-12-31 00:00:00-05:00,233.3300018310547,239.57333374023438,230.3733367919922,235.22332763671875,148949700,TSLA
2021-01-04 00:00:00-05:00,239.82000732421875,248.163330078125,239.06333923339844,243.2566680908203,145914600,TSLA
2021-01-05 00:00:00-05:00,241.22000122070312,246.94667053222656,239.73333740234375,245.0366668701172,96735600,TSLA
2021-01-06 00:00:00-05:00,252.8300018310547,258.0,249.6999969482422,251.9933319091797,134100000,TSLA
2021-01-07 00:00:00-05:00,259.2099914550781,272.3299865722656,258.3999938964844,272.0133361816406,154496700,TSLA
2021-01-08 00:00:00-05:00,285.3333435058594,294.8299865722656,279.46331787109375,293.3399963378906,225166500,TSLA
2021-01-11 00:00:00-05:00,283.1333312988281,284.80999755859375,267.8733215332031,270.39666748046875,177904800,TSLA
2021-01-12 00:00:00-05:00,277.0,289.3333435058594,275.7799987792969,283.14666748046875,138812100,TSLA
2021-01-13 00:00:00-05:00,284.2533264160156,286.8233337402344,277.3333435058594,284.8033447265625,99937500,TSLA
2021-01-14 00:00:00-05:00,281.1300048828125,287.6666564941406,279.5833435058594,281.6666564941406,93798900,TSLA
2021-01-15 00:00:00-05:00,284.0,286.6333312988281,273.0333251953125,275.38665771484375,116332800,TSLA
2021-01-19 00:00:00-05:00,279.26666259765625,283.3333435058594,277.6666564941406,281.51666259765625,76101000,TSLA
2021-01-20 00:00:00-05:00,286.2466735839844,286.5,279.09332275390625,283.48333740234375,76997700,TSLA
2021-01-21 00:00:00-05:00,285.0,285.239990234375,280.47332763671875,281.663330078125,61563300,TSLA
2021-01-22 00:00:00-05:00,278.10333251953125,282.6666564941406,276.2066650390625,282.21331787109375,60199500,TSLA
2021-01-25 00:00:00-05:00,285.0,300.1333312988281,279.6066589355469,293.6000061035156,123520200,TSLA
2021-01-26 00:00:00-05:00,297.1266784667969,298.6333312988281,290.5333251953125,294.36334228515625,69394800,TSLA
2021-01-27 00:00:00-05:00,290.1166687011719,297.1666564941406,286.2200012207031,288.0533447265625,82002000,TSLA
2021-01-28 00:00:00-05:00,273.3333435058594,282.6666564941406,267.0,278.4766540527344,79134000,TSLA
2021-01-29 00:00:00-05:00,276.6666564941406,280.8033447265625,260.0333251953125,264.510009765625,104972400,TSLA
2021-02-01 00:00:00-05:00,271.42999267578125,280.6666564941406,265.1866760253906,279.9366760253906,76174200,TSLA
2021-02-02 00:00:00-05:00,281.55999755859375,293.5,280.73333740234375,290.92999267578125,73038600,TSLA
2021-02-03 00:00:00-05:00,292.3399963378906,292.6933288574219,284.35333251953125,284.89666748046875,55030500,TSLA
2021-02-04 00:00:00-05:00,285.0,285.5,277.8066711425781,283.3299865722656,47438100,TSLA
2021-02-05 00:00:00-05:00,281.6666564941406,288.25665283203125,279.65667724609375,284.07666015625,55699800,TSLA
2021-02-08 00:00:00-05:00,289.8900146484375,292.5899963378906,284.9166564941406,287.8066711425781,60485100,TSLA
2021-02-09 00:00:00-05:00,285.0400085449219,286.6000061035156,280.5833435058594,283.1533203125,45473100,TSLA
2021-02-10 00:00:00-05:00,281.21331787109375,281.6066589355469,266.67333984375,268.2733459472656,108648300,TSLA
2021-02-11 00:00:00-05:00,270.8133239746094,276.6266784667969,267.24334716796875,270.5533447265625,64868400,TSLA
2021-02-12 00:00:00-05:00,267.086669921875,272.4433288574219,261.77667236328125,272.0400085449219,71304900,TSLA
2021-02-16 00:00:00-05:00,272.6666564941406,273.6666564941406,264.14666748046875,265.40667724609375,59406900,TSLA
2021-02-17 00:00:00-05:00,259.6966552734375,266.61334228515625,254.00332641601562,266.04998779296875,77989500,TSLA
2021-02-18 00:00:00-05:00,260.29998779296875,264.89666748046875,258.75665283203125,262.4599914550781,53871300,TSLA
2021-02-19 00:00:00-05:00,265.0,265.5966796875,259.1233215332031,260.4333190917969,56874900,TSLA
2021-02-22 00:00:00-05:00,254.2133331298828,256.1666564941406,236.73333740234375,238.1666717529297,111809100,TSLA
2021-02-23 00:00:00-05:00,220.7100067138672,237.8699951171875,206.3333282470703,232.94667053222656,199820700,TSLA
2021-02-24 00:00:00-05:00,237.28334045410156,248.3333282470703,231.38999938964844,247.33999633789062,110301000,TSLA
2021-02-25 00:00:00-05:00,242.0500030517578,245.73666381835938,223.52667236328125,227.4066619873047,117071700,TSLA
2021-02-26 00:00:00-05:00,233.3333282470703,235.56666564941406,219.836669921875,225.1666717529297,123267600,TSLA
2021-03-01 00:00:00-05:00,230.0366668701172,239.6666717529297,228.35000610351562,239.47666931152344,81408600,TSLA
2021-03-02 00:00:00-05:00,239.42666625976562,240.3699951171875,228.3333282470703,228.81333923339844,71196600,TSLA
2021-03-03 00:00:00-05:00,229.3300018310547,233.56666564941406,217.23666381835938,217.73333740234375,90624000,TSLA
2021-03-04 00:00:00-05:00,218.60000610351562,222.81666564941406,200.0,207.14666748046875,197758500,TSLA
2021-03-05 00:00:00-05:00,208.68666076660156,209.27999877929688,179.8300018310547,199.31666564941406,268189500,TSLA
2021-03-08 00:00:00-05:00,200.18333435058594,206.7100067138672,186.26333618164062,187.6666717529297,155361000,TSLA
2021-03-09 00:00:00-05:00,202.72666931152344,226.02999877929688,198.40333557128906,224.52667236328125,202569900,TSLA
2021-03-10 00:00:00-05:00,233.43333435058594,239.28334045410156,218.35333251953125,222.68666076660156,181817100,TSLA
2021-03-11 00:00:00-05:00,233.13333129882812,234.1666717529297,225.72666931152344,233.1999969482422,108761700,TSLA
2021-03-12 00:00:00-05:00,223.3333282470703,231.6266632080078,222.04666137695312,231.2433319091797,100751400,TSLA
2021-03-15 00:00:00-04:00,231.3633270263672,237.72666931152344,228.01333618164062,235.97999572753906,88006800,TSLA
2021-03-16 00:00:00-04:00,234.4499969482422,235.97332763671875,223.6666717529297,225.6266632080078,96587100,TSLA
2021-03-17 00:00:00-04:00,218.9566650390625,234.57666015625,217.00332641601562,233.93666076660156,121117500,TSLA
2021-03-18 00:00:00-04:00,228.09666442871094,229.7433319091797,217.3333282470703,217.72000122070312,99674400,TSLA
2021-03-19 00:00:00-04:00,215.53334045410156,219.07666015625,208.2066650390625,218.2899932861328,128682000,TSLA
2021-03-22 00:00:00-04:00,228.19667053222656,233.2066650390625,222.9166717529297,223.3333282470703,118536600,TSLA
2021-03-23 00:00:00-04:00,225.2566680908203,225.93333435058594,219.1699981689453,220.72000122070312,91475700,TSLA
2021-03-24 00:00:00-04:00,222.6366729736328,222.67333984375,210.0366668701172,210.08999633789062,101385600,TSLA
2021-03-25 00:00:00-04:00,204.3333282470703,215.1666717529297,203.1666717529297,213.4633331298828,117674700,TSLA
2021-03-26 00:00:00-04:00,213.9566650390625,214.60667419433594,199.9633331298828,206.23666381835938,101558400,TSLA
2021-03-29 00:00:00-04:00,205.2133331298828,205.4933319091797,198.67333984375,203.76333618164062,85911000,TSLA
2021-03-30 00:00:00-04:00,200.5833282470703,212.55332946777344,197.00332641601562,211.8733367919922,118297200,TSLA
2021-03-31 00:00:00-04:00,215.5399932861328,224.0,213.70333862304688,222.64332580566406,100011900,TSLA
2021-04-01 00:00:00-04:00,229.4566650390625,230.80667114257812,219.80667114257812,220.5833282470703,105895200,TSLA
2021-04-05 00:00:00-04:00,235.90333557128906,236.05332946777344,228.23333740234375,230.35000610351562,125528400,TSLA
2021-04-06 00:00:00-04:00,230.10000610351562,232.18333435058594,227.1233367919922,230.5399932861328,84815400,TSLA
2021-04-07 00:00:00-04:00,229.0,230.4600067138672,222.6133270263672,223.6566619873047,78928200,TSLA
2021-04-08 00:00:00-04:00,225.7933349609375,229.85000610351562,223.88333129882812,227.93333435058594,71772900,TSLA
2021-04-09 00:00:00-04:00,225.92333984375,226.99000549316406,223.14332580566406,225.67333984375,64311300,TSLA
2021-04-12 00:00:00-04:00,228.56666564941406,234.93333435058594,227.3633270263672,233.9933319091797,87407100,TSLA
2021-04-13 00:00:00-04:00,237.56666564941406,254.3333282470703,236.8866729736328,254.10667419433594,133958400,TSLA
2021-04-14 00:00:00-04:00,256.8999938964844,260.2633361816406,242.67666625976562,244.07666015625,147052200,TSLA
2021-04-15 00:00:00-04:00,247.6999969482422,247.89666748046875,240.43666076660156,246.28334045410156,83546700,TSLA
2021-04-16 00:00:00-04:00,242.88333129882812,249.80332946777344,241.53334045410156,246.5933380126953,83938500,TSLA
2021-04-19 00:00:00-04:00,239.86666870117188,241.8000030517578,230.60000610351562,238.2100067138672,119058600,TSLA
2021-04-20 00:00:00-04:00,239.13999938964844,245.75,236.89666748046875,239.663330078125,106827000,TSLA
2021-04-21 00:00:00-04:00,234.92333984375,248.27999877929688,232.6666717529297,248.0399932861328,93646500,TSLA
2021-04-22 00:00:00-04:00,247.1666717529297,251.2566680908203,239.34666442871094,239.89666748046875,106770900,TSLA
2021-04-23 00:00:00-04:00,239.93333435058594,245.7866668701172,238.48666381835938,243.13333129882812,85110000,TSLA
2021-04-26 00:00:00-04:00,247.0,249.76666259765625,244.20333862304688,246.06666564941406,93115500,TSLA
2021-04-27 00:00:00-04:00,239.32000732421875,241.3333282470703,234.4499969482422,234.913330078125,88311000,TSLA
2021-04-28 00:00:00-04:00,232.1366729736328,236.1666717529297,231.1999969482422,231.46665954589844,66813000,TSLA
2021-04-29 00:00:00-04:00,233.1699981689453,234.0833282470703,222.8333282470703,225.6666717529297,86536200,TSLA
2021-04-30 00:00:00-04:00,222.52999877929688,238.49000549316406,222.04666137695312,236.47999572753906,122276100,TSLA
2021-05-03 00:00:00-04:00,234.60000610351562,235.3333282470703,226.8333282470703,228.3000030517578,81129300,TSLA
2021-05-04 00:00:00-04:00,226.31333923339844,227.81666564941406,219.23333740234375,224.53334045410156,89217900,TSLA
2021-05-05 00:00:00-04:00,227.02000427246094,228.43333435058594,222.44667053222656,223.64666748046875,65705700,TSLA
2021-05-06 00:00:00-04:00,226.9199981689453,227.0066680908203,216.6666717529297,221.17999267578125,83353800,TSLA
2021-05-07 00:00:00-04:00,221.93333435058594,230.0,220.07333374023438,224.1233367919922,70407600,TSLA
2021-05-10 00:00:00-04:00,221.63333129882812,221.68333435058594,209.20333862304688,209.67999267578125,94177200,TSLA
2021-05-11 00:00:00-04:00,199.74667358398438,209.03334045410156,198.53334045410156,205.73333740234375,139511700,TSLA
2021-05-12 00:00:00-04:00,200.8300018310547,206.80332946777344,195.58999633789062,196.6300048828125,101470800,TSLA
2021-05-13 00:00:00-04:00,200.51333618164062,202.15333557128906,186.5500030517578,190.56333923339844,132554700,TSLA
2021-05-14 00:00:00-04:00,194.47000122070312,197.6233367919922,190.15333557128906,196.5800018310547,100112700,TSLA
2021-05-17 00:00:00-04:00,191.85000610351562,196.57666015625,187.06666564941406,192.27667236328125,97171200,TSLA
2021-05-18 00:00:00-04:00,189.3333282470703,198.75,187.7933349609375,192.6233367919922,110491800,TSLA
2021-05-19 00:00:00-04:00,184.18333435058594,188.73666381835938,182.32666015625,187.82000732421875,118735200,TSLA
2021-05-20 00:00:00-04:00,191.6666717529297,196.28334045410156,190.35667419433594,195.5933380126953,92463300,TSLA
2021-05-21 00:00:00-04:00,198.70333862304688,198.89332580566406,193.3333282470703,193.6266632080078,78091800,TSLA
2021-05-24 00:00:00-04:00,193.86666870117188,204.82666015625,191.21665954589844,202.14666748046875,103674300,TSLA
2021-05-25 00:00:00-04:00,202.43666076660156,204.663330078125,198.57000732421875,201.56333923339844,84017700,TSLA
2021-05-26 00:00:00-04:00,202.52000427246094,208.72332763671875,200.5,206.3766632080078,85917900,TSLA
2021-05-27 00:00:00-04:00,206.74667358398438,210.3766632080078,205.40333557128906,210.28334045410156,79111800,TSLA
2021-05-28 00:00:00-04:00,209.5,211.8633270263672,207.4600067138672,208.4066619873047,68211000,TSLA
2021-06-01 00:00:00-04:00,209.26666259765625,211.26666259765625,206.85000610351562,207.96665954589844,54254700,TSLA
2021-06-02 00:00:00-04:00,206.7100067138672,207.7866668701172,199.7133331298828,201.7066650390625,69908400,TSLA
2021-06-03 00:00:00-04:00,200.60000610351562,201.51666259765625,190.4066619873047,190.94667053222656,90335700,TSLA
2021-06-04 00:00:00-04:00,193.23666381835938,200.20333862304688,192.39999389648438,199.68333435058594,72110700,TSLA
2021-06-07 00:00:00-04:00,197.27667236328125,203.3333282470703,194.2933349609375,201.7100067138672,67631100,TSLA
2021-06-08 00:00:00-04:00,207.6699981689453,207.69667053222656,198.5,201.19667053222656,78160200,TSLA
2021-06-09 00:00:00-04:00,200.72332763671875,203.92999267578125,199.2100067138672,199.5933380126953,49753800,TSLA
2021-06-10 00:00:00-04:00,201.2933349609375,205.52999877929688,200.1666717529297,203.3733367919922,71758800,TSLA
2021-06-11 00:00:00-04:00,203.41000366210938,204.18666076660156,200.5066680908203,203.29666137695312,48615900,TSLA
2021-06-14 00:00:00-04:00,204.07666015625,208.49667358398438,203.05999755859375,205.89666748046875,61272000,TSLA
2021-06-15 00:00:00-04:00,205.56333923339844,205.59666442871094,199.41000366210938,199.7866668701172,53292300,TSLA
2021-06-16 00:00:00-04:00,199.17999267578125,202.8333282470703,197.8333282470703,201.6233367919922,66432300,TSLA
2021-06-17 00:00:00-04:00,200.6300048828125,207.1566619873047,200.44667053222656,205.53334045410156,68104200,TSLA
2021-06-18 00:00:00-04:00,204.4566650390625,209.4499969482422,203.93333435058594,207.77000427246094,73682700,TSLA
2021-06-21 00:00:00-04:00,208.16000366210938,210.4633331298828,202.9600067138672,206.94332885742188,74438100,TSLA
2021-06-22 00:00:00-04:00,206.0833282470703,209.52333068847656,205.1666717529297,207.90333557128906,57476700,TSLA
2021-06-23 00:00:00-04:00,210.6666717529297,219.06666564941406,210.01333618164062,218.85667419433594,93297600,TSLA
2021-06-24 00:00:00-04:00,224.99667358398438,232.5399932861328,222.5366668701172,226.60667419433594,137947200,TSLA
2021-06-25 00:00:00-04:00,229.86000061035156,231.27000427246094,222.89999389648438,223.9566650390625,97490100,TSLA
2021-06-28 00:00:00-04:00,223.8800048828125,231.56666564941406,223.44000244140625,229.57333374023438,64884600,TSLA
2021-06-29 00:00:00-04:00,228.21665954589844,229.1699981689453,225.29666137695312,226.9199981689453,52143900,TSLA
2021-06-30 00:00:00-04:00,226.58999633789062,230.93666076660156,226.04666137695312,226.56666564941406,56774700,TSLA
2021-07-01 00:00:00-04:00,227.97332763671875,229.3300018310547,224.26666259765625,225.97332763671875,55903500,TSLA
2021-07-02 00:00:00-04:00,226.32666015625,233.3333282470703,224.4199981689453,226.3000030517578,81163500,TSLA
2021-07-06 00:00:00-04:00,227.23666381835938,228.0,217.13333129882812,219.86000061035156,69853500,TSLA
2021-07-07 00:00:00-04:00,221.42333984375,221.89999389648438,212.77333068847656,214.88333129882812,56376000,TSLA
2021-07-08 00:00:00-04:00,209.4566650390625,218.14332580566406,206.82000732421875,217.60333251953125,68319900,TSLA
2021-07-09 00:00:00-04:00,217.72666931152344,219.6366729736328,214.89666748046875,218.98333740234375,54421500,TSLA
2021-07-12 00:00:00-04:00,220.73333740234375,229.0800018310547,220.72000122070312,228.56666564941406,77781000,TSLA
2021-07-13 00:00:00-04:00,228.77333068847656,231.0933380126953,222.10000610351562,222.84666442871094,62898300,TSLA
2021-07-14 00:00:00-04:00,223.5833282470703,226.20333862304688,217.6133270263672,217.7933349609375,64923600,TSLA
2021-07-15 00:00:00-04:00,219.4633331298828,222.04666137695312,212.6266632080078,216.86666870117188,60628800,TSLA
2021-07-16 00:00:00-04:00,218.22666931152344,218.89999389648438,214.06666564941406,214.74000549316406,49113000,TSLA
2021-07-19 00:00:00-04:00,209.9633331298828,215.73333740234375,207.09666442871094,215.4066619873047,63891300,TSLA
2021-07-20 00:00:00-04:00,217.3300018310547,220.79666137695312,213.5,220.1666717529297,46461300,TSLA
2021-07-21 00:00:00-04:00,219.8699951171875,221.6199951171875,216.76333618164062,218.42999267578125,41859900,TSLA
2021-07-22 00:00:00-04:00,218.81333923339844,220.72332763671875,214.86666870117188,216.4199981689453,45317100,TSLA
2021-07-23 00:00:00-04:00,215.45333862304688,216.26666259765625,212.43333435058594,214.4600067138672,43814700,TSLA
2021-07-26 00:00:00-04:00,216.99000549316406,222.73333740234375,215.70333862304688,219.2066650390625,76009800,TSLA
2021-07-27 00:00:00-04:00,221.13333129882812,222.1666717529297,209.0800018310547,214.92666625976562,98439900,TSLA
2021-07-28 00:00:00-04:00,215.6666717529297,218.32333374023438,213.13333129882812,215.66000366210938,48019800,TSLA
2021-07-29 00:00:00-04:00,216.59666442871094,227.89666748046875,216.26666259765625,225.78334045410156,91183800,TSLA
2021-07-30 00:00:00-04:00,223.9199981689453,232.50999450683594,223.0,229.06666564941406,88969200,TSLA
2021-08-02 00:00:00-04:00,233.3333282470703,242.31333923339844,232.8000030517578,236.55667114257812,100847400,TSLA
2021-08-03 00:00:00-04:00,239.6666717529297,240.88333129882812,233.6699981689453,236.5800018310547,64860900,TSLA
2021-08-04 00:00:00-04:00,237.0,241.63333129882812,236.30999755859375,236.97332763671875,51007800,TSLA
2021-08-05 00:00:00-04:00,238.6666717529297,240.31666564941406,237.1366729736328,238.2100067138672,38758800,TSLA
2021-08-06 00:00:00-04:00,237.3000030517578,238.77667236328125,232.5433349609375,233.03334045410156,46869000,TSLA
2021-08-09 00:00:00-04:00,236.72332763671875,239.67666625976562,235.0433349609375,237.9199981689453,44145900,TSLA
2021-08-10 00:00:00-04:00,237.99667358398438,238.8633270263672,233.9600067138672,236.663330078125,40296900,TSLA
2021-08-11 00:00:00-04:00,237.57000732421875,238.39332580566406,234.73666381835938,235.94000244140625,29401800,TSLA
2021-08-12 00:00:00-04:00,235.44667053222656,240.93333435058594,233.13333129882812,240.75,52377300,TSLA
2021-08-13 00:00:00-04:00,241.23666381835938,243.3000030517578,238.1133270263672,239.05667114257812,50194500,TSLA
2021-08-16 00:00:00-04:00,235.02333068847656,236.5,225.46665954589844,228.72332763671875,68032200,TSLA
2021-08-17 00:00:00-04:00,224.22000122070312,224.86000061035156,216.27999877929688,221.90333557128906,71163900,TSLA
2021-08-18 00:00:00-04:00,223.25,231.92333984375,223.11666870117188,229.663330078125,61048200,TSLA
2021-08-19 00:00:00-04:00,226.07000732421875,228.85000610351562,222.52999877929688,224.49000549316406,42940500,TSLA
2021-08-20 00:00:00-04:00,227.61666870117188,230.7100067138672,224.56666564941406,226.75332641601562,44525700,TSLA
2021-08-23 00:00:00-04:00,228.47999572753906,237.3766632080078,226.9166717529297,235.43333435058594,60794700,TSLA
2021-08-24 00:00:00-04:00,236.89332580566406,238.4066619873047,234.2133331298828,236.163330078125,39249300,TSLA
2021-08-25 00:00:00-04:00,235.67666625976562,238.99000549316406,234.6666717529297,237.06666564941406,37936800,TSLA
2021-08-26 00:00:00-04:00,236.10333251953125,238.46665954589844,232.5399932861328,233.72000122070312,39642900,TSLA
2021-08-27 00:00:00-04:00,235.0,238.3333282470703,234.03334045410156,237.30667114257812,41501400,TSLA
2021-08-30 00:00:00-04:00,238.24000549316406,243.6666717529297,237.57666015625,243.6366729736328,55812600,TSLA
2021-08-31 00:00:00-04:00,244.3333282470703,246.79666137695312,242.14666748046875,245.24000549316406,62566200,TSLA
2021-09-01 00:00:00-04:00,244.69332885742188,247.3300018310547,243.7566680908203,244.69667053222656,39612900,TSLA
2021-09-02 00:00:00-04:00,244.8333282470703,246.99000549316406,243.51333618164062,244.1300048828125,38331900,TSLA
2021-09-03 00:00:00-04:00,244.0833282470703,244.6666717529297,241.39999389648438,244.52333068847656,45738300,TSLA
2021-09-07 00:00:00-04:00,246.6666717529297,253.39999389648438,246.4199981689453,250.97332763671875,60119400,TSLA
2021-09-08 00:00:00-04:00,253.86000061035156,254.81666564941406,246.92333984375,251.2899932861328,56379000,TSLA
2021-09-09 00:00:00-04:00,251.1366729736328,254.03334045410156,250.5433349609375,251.6199951171875,42233100,TSLA
2021-09-10 00:00:00-04:00,253.1999969482422,254.20333862304688,244.83999633789062,245.42333984375,45552600,TSLA
2021-09-13 00:00:00-04:00,246.73666381835938,248.25999450683594,236.28334045410156,247.6666717529297,68857500,TSLA
2021-09-14 00:00:00-04:00,247.52333068847656,251.49000549316406,245.46665954589844,248.163330078125,55574700,TSLA
2021-09-15 00:00:00-04:00,248.3333282470703,252.2866668701172,246.1199951171875,251.94332885742188,46073100,TSLA
2021-09-16 00:00:00-04:00,250.94332885742188,252.97000122070312,249.20333862304688,252.3300018310547,41770200,TSLA
2021-09-17 00:00:00-04:00,252.38333129882812,253.67999267578125,250.0,253.163330078125,84612600,TSLA
2021-09-20 00:00:00-04:00,244.85333251953125,247.3333282470703,239.5399932861328,243.38999938964844,74273100,TSLA
2021-09-21 00:00:00-04:00,244.92999267578125,248.24667358398438,243.47999572753906,246.4600067138672,48992100,TSLA
2021-09-22 00:00:00-04:00,247.8433380126953,251.22332763671875,246.3733367919922,250.64666748046875,45378900,TSLA
2021-09-23 00:00:00-04:00,251.6666717529297,252.73333740234375,249.30667114257812,251.2133331298828,35842500,TSLA
2021-09-24 00:00:00-04:00,248.6300048828125,258.26666259765625,248.18666076660156,258.1300048828125,64119000,TSLA
2021-09-27 00:00:00-04:00,257.7066650390625,266.3333435058594,256.4366760253906,263.78668212890625,84212100,TSLA
2021-09-28 00:00:00-04:00,262.3999938964844,265.21331787109375,255.39332580566406,259.1866760253906,76144200,TSLA
2021-09-29 00:00:00-04:00,259.9333190917969,264.5,256.8933410644531,260.4366760253906,62828700,TSLA
2021-09-30 00:00:00-04:00,260.3333435058594,263.0433349609375,258.3333435058594,258.49334716796875,53868000,TSLA
2021-10-01 00:00:00-04:00,259.4666748046875,260.260009765625,254.52999877929688,258.40667724609375,51094200,TSLA
2021-10-04 00:00:00-04:00,265.5,268.989990234375,258.7066650390625,260.510009765625,91449900,TSLA
2021-10-05 00:00:00-04:00,261.6000061035156,265.7699890136719,258.0666809082031,260.1966552734375,55297800,TSLA
2021-10-06 00:00:00-04:00,258.73333740234375,262.2200012207031,257.739990234375,260.9166564941406,43898400,TSLA
2021-10-07 00:00:00-04:00,261.82000732421875,268.3333435058594,261.1266784667969,264.53668212890625,57587400,TSLA
2021-10-08 00:00:00-04:00,265.4033203125,265.4599914550781,260.3033447265625,261.8299865722656,50215800,TSLA
2021-10-11 00:00:00-04:00,262.54998779296875,267.0799865722656,261.8333435058594,263.9800109863281,42600900,TSLA
2021-10-12 00:00:00-04:00,266.9766540527344,270.7733459472656,265.5233459472656,268.5733337402344,66060000,TSLA
2021-10-13 00:00:00-04:00,270.15667724609375,271.8033447265625,268.59332275390625,270.3599853515625,42360300,TSLA
2021-10-14 00:00:00-04:00,271.8299865722656,273.4166564941406,271.1166687011719,272.7733459472656,36741600,TSLA
2021-10-15 00:00:00-04:00,274.5799865722656,281.07000732421875,274.1166687011719,281.010009765625,56773800,TSLA
2021-10-18 00:00:00-04:00,283.92999267578125,291.7533264160156,283.8233337402344,290.03668212890625,72621600,TSLA
2021-10-19 00:00:00-04:00,292.510009765625,292.6499938964844,287.5033264160156,288.0899963378906,52143300,TSLA
2021-10-20 00:00:00-04:00,288.45001220703125,289.8299865722656,285.7933349609375,288.6000061035156,42096300,TSLA
2021-10-21 00:00:00-04:00,285.3333435058594,300.0,285.1666564941406,298.0,94444500,TSLA
2021-10-22 00:00:00-04:00,298.5,303.3333435058594,296.9866638183594,303.2266540527344,68642400,TSLA
2021-10-25 00:00:00-04:00,316.84332275390625,348.3399963378906,314.73333740234375,341.6199951171875,188556300,TSLA
2021-10-26 00:00:00-04:00,341.5633239746094,364.9800109863281,333.8133239746094,339.4766540527344,187245000,TSLA
2021-10-27 00:00:00-04:00,346.5533447265625,356.9599914550781,343.59332275390625,345.9533386230469,115579500,TSLA
2021-10-28 00:00:00-04:00,356.10333251953125,360.3333435058594,351.3999938964844,359.0133361816406,81639600,TSLA
2021-10-29 00:00:00-04:00,360.6199951171875,371.7366638183594,357.7366638183594,371.3333435058594,89755200,TSLA
2021-11-01 00:00:00-04:00,381.6666564941406,403.25,372.88665771484375,402.86334228515625,168146100,TSLA
2021-11-02 00:00:00-04:00,386.4533386230469,402.86334228515625,382.0,390.6666564941406,128213400,TSLA
2021-11-03 00:00:00-04:00,392.4433288574219,405.1300048828125,384.2066650390625,404.6199951171875,103885500,TSLA
2021-11-04 00:00:00-04:00,411.4700012207031,414.4966735839844,405.6666564941406,409.9700012207031,76192200,TSLA
2021-11-05 00:00:00-04:00,409.3333435058594,413.2900085449219,402.6666564941406,407.36334228515625,64886400,TSLA
2021-11-08 00:00:00-05:00,383.2633361816406,399.0,377.6666564941406,387.64666748046875,100337100,TSLA
2021-11-09 00:00:00-05:00,391.20001220703125,391.5,337.17333984375,341.1666564941406,177317400,TSLA
2021-11-10 00:00:00-05:00,336.8033447265625,359.3666687011719,329.10333251953125,355.98333740234375,128408100,TSLA
2021-11-11 00:00:00-05:00,367.5899963378906,368.3233337402344,351.55999755859375,354.5033264160156,67189800,TSLA
2021-11-12 00:00:00-05:00,349.1666564941406,351.5,339.73333740234375,344.47332763671875,76719300,TSLA
2021-11-15 00:00:00-05:00,339.2099914550781,343.99334716796875,326.20001220703125,337.7966613769531,104326800,TSLA
2021-11-16 00:00:00-05:00,334.4366760253906,352.3999938964844,334.05999755859375,351.57666015625,79627200,TSLA
2021-11-17 00:00:00-05:00,354.5033264160156,373.21331787109375,351.8333435058594,363.0033264160156,94336200,TSLA
2021-11-18 00:00:00-05:00,368.8500061035156,370.6666564941406,358.3399963378906,365.4599914550781,62696700,TSLA
2021-11-19 00:00:00-05:00,366.2900085449219,379.5733337402344,364.23333740234375,379.0199890136719,64926900,TSLA
2021-11-22 00:00:00-05:00,387.4433288574219,400.6499938964844,377.4766540527344,385.6233215332031,99217500,TSLA
2021-11-23 00:00:00-05:00,389.1700134277344,393.5,354.23333740234375,369.6766662597656,108515100,TSLA
2021-11-24 00:00:00-05:00,360.1300048828125,377.5899963378906,354.0,372.0,67680600,TSLA
2021-11-26 00:00:00-05:00,366.489990234375,369.59332275390625,360.3333435058594,360.6400146484375,35042700,TSLA
2021-11-29 00:00:00-05:00,366.9966735839844,380.8900146484375,366.7300109863281,378.9966735839844,58393500,TSLA
2021-11-30 00:00:00-05:00,381.4566650390625,389.3333435058594,372.6666564941406,381.586669921875,81276000,TSLA
2021-12-01 00:00:00-05:00,386.8999938964844,390.9466552734375,363.586669921875,365.0,68450400,TSLA
2021-12-02 00:00:00-05:00,366.35333251953125,371.0,352.2166748046875,361.5333251953125,73114800,TSLA
2021-12-03 00:00:00-05:00,361.5966796875,363.52667236328125,333.4033203125,338.3233337402344,92322000,TSLA
2021-12-06 00:00:00-05:00,333.836669921875,340.5466613769531,316.8333435058594,336.336669921875,81663000,TSLA
2021-12-07 00:00:00-05:00,348.0666809082031,352.5566711425781,342.2699890136719,350.5833435058594,56084700,TSLA
2021-12-08 00:00:00-05:00,350.9033203125,357.4599914550781,344.3333435058594,356.32000732421875,41906400,TSLA
2021-12-09 00:00:00-05:00,353.5466613769531,354.163330078125,334.1199951171875,334.6000061035156,59438400,TSLA
2021-12-10 00:00:00-05:00,336.25,340.32666015625,327.510009765625,339.010009765625,59664300,TSLA
2021-12-13 00:00:00-05:00,333.6966552734375,335.0,317.1400146484375,322.13665771484375,78595500,TSLA
2021-12-14 00:00:00-05:00,315.0,322.13665771484375,310.0,319.5033264160156,70806300,TSLA
2021-12-15 00:00:00-05:00,317.7366638183594,326.25,309.4166564941406,325.3299865722656,75169200,TSLA
2021-12-16 00:00:00-05:00,331.5,331.6600036621094,307.2833251953125,308.97332763671875,82771500,TSLA
2021-12-17 00:00:00-05:00,304.92333984375,320.2200012207031,303.0133361816406,310.8566589355469,100437300,TSLA
2021-12-20 00:00:00-05:00,303.5666809082031,307.2300109863281,297.7966613769531,299.9800109863281,56480100,TSLA
2021-12-21 00:00:00-05:00,305.6233215332031,313.1666564941406,295.3733215332031,312.84332275390625,71517900,TSLA
2021-12-22 00:00:00-05:00,321.88665771484375,338.5533447265625,319.01666259765625,336.2900085449219,93634200,TSLA
2021-12-23 00:00:00-05:00,335.6000061035156,357.6600036621094,332.5199890136719,355.6666564941406,92713200,TSLA
2021-12-27 00:00:00-05:00,357.8900146484375,372.3333435058594,356.90667724609375,364.64666748046875,71145900,TSLA
2021-12-28 00:00:00-05:00,369.8299865722656,373.0,359.47332763671875,362.8233337402344,60324000,TSLA
2021-12-29 00:00:00-05:00,366.21331787109375,368.0,354.71331787109375,362.0633239746094,56154000,TSLA
2021-12-30 00:00:00-05:00,353.77667236328125,365.1833190917969,351.04998779296875,356.7799987792969,47040900,TSLA
2021-12-31 00:00:00-05:00,357.8133239746094,360.6666564941406,351.5299987792969,352.260009765625,40733700,TSLA
2022-01-03 00:00:00-05:00,382.5833435058594,400.3566589355469,378.67999267578125,399.9266662597656,103931400,TSLA
2022-01-04 00:00:00-05:00,396.51666259765625,402.6666564941406,374.3500061035156,383.1966552734375,100248300,TSLA
2022-01-05 00:00:00-05:00,382.2166748046875,390.11334228515625,360.336669921875,362.7066650390625,80119800,TSLA
2022-01-06 00:00:00-05:00,359.0,362.6666564941406,340.1666564941406,354.8999938964844,90336600,TSLA
2022-01-07 00:00:00-05:00,360.1233215332031,360.30999755859375,336.6666564941406,342.32000732421875,84164700,TSLA
2022-01-10 00:00:00-05:00,333.3333435058594,353.0333251953125,326.6666564941406,352.7066650390625,91815000,TSLA
2022-01-11 00:00:00-05:00,351.22332763671875,358.6166687011719,346.2733459472656,354.79998779296875,66063300,TSLA
2022-01-12 00:00:00-05:00,359.6166687011719,371.61334228515625,357.5299987792969,368.739990234375,83739000,TSLA
2022-01-13 00:00:00-05:00,369.69000244140625,371.8666687011719,342.17999267578125,343.85333251953125,97209900,TSLA
2022-01-14 00:00:00-05:00,339.9599914550781,350.6666564941406,337.7933349609375,349.8699951171875,72924300,TSLA
2022-01-18 00:00:00-05:00,342.2033386230469,356.92999267578125,338.6866760253906,343.5033264160156,66743400,TSLA
2022-01-19 00:00:00-05:00,347.2366638183594,351.5566711425781,331.6666564941406,331.8833312988281,75442500,TSLA
2022-01-20 00:00:00-05:00,336.57666015625,347.2200012207031,331.3333435058594,332.0899963378906,70488600,TSLA
2022-01-21 00:00:00-05:00,332.11334228515625,334.8500061035156,313.5,314.6333312988281,103416000,TSLA
2022-01-24 00:00:00-05:00,301.586669921875,311.1700134277344,283.8233337402344,310.0,151565700,TSLA
2022-01-25 00:00:00-05:00,304.73333740234375,317.086669921875,301.07000732421875,306.1333312988281,86595900,TSLA
2022-01-26 00:00:00-05:00,317.4766540527344,329.2300109863281,302.0,312.4700012207031,104867400,TSLA
2022-01-27 00:00:00-05:00,311.1199951171875,311.7966613769531,276.3333435058594,276.3666687011719,147109500,TSLA
2022-01-28 00:00:00-05:00,277.1866760253906,285.8333435058594,264.0033264160156,282.1166687011719,134789100,TSLA
2022-01-31 00:00:00-05:00,290.9033203125,312.663330078125,287.3500061035156,312.239990234375,104436000,TSLA
2022-02-01 00:00:00-05:00,311.7366638183594,314.5666809082031,301.6666564941406,310.4166564941406,73138200,TSLA
2022-02-02 00:00:00-05:00,309.3933410644531,310.5,296.4700012207031,301.88665771484375,66792900,TSLA
2022-02-03 00:00:00-05:00,294.0,312.3333435058594,293.50665283203125,297.0466613769531,78855600,TSLA
2022-02-04 00:00:00-05:00,299.0733337402344,312.1666564941406,293.72332763671875,307.7733459472656,73625400,TSLA
2022-02-07 00:00:00-05:00,307.92999267578125,315.92333984375,300.9033203125,302.4466552734375,60994500,TSLA
2022-02-08 00:00:00-05:00,301.84332275390625,308.7633361816406,298.26666259765625,307.3333435058594,50729100,TSLA
2022-02-09 00:00:00-05:00,311.6666564941406,315.42333984375,306.6666564941406,310.6666564941406,52259400,TSLA
2022-02-10 00:00:00-05:00,302.7900085449219,314.60333251953125,298.8999938964844,301.51666259765625,66126900,TSLA
2022-02-11 00:00:00-05:00,303.2099914550781,305.32000732421875,283.5666809082031,286.6666564941406,79645800,TSLA
2022-02-14 00:00:00-05:00,287.19000244140625,299.6266784667969,284.3833312988281,291.9200134277344,67756500,TSLA
2022-02-15 00:00:00-05:00,300.0,307.6666564941406,297.7933349609375,307.4766540527344,57286200,TSLA
2022-02-16 00:00:00-05:00,304.6833190917969,308.80999755859375,300.4033203125,307.7966613769531,51294300,TSLA
2022-02-17 00:00:00-05:00,304.4200134277344,306.1666564941406,291.3666687011719,292.1166687011719,55178400,TSLA
2022-02-18 00:00:00-05:00,295.3333435058594,295.6233215332031,279.2033386230469,285.6600036621094,68501700,TSLA
2022-02-22 00:00:00-05:00,278.0433349609375,285.57666015625,267.0333251953125,273.84332275390625,83288100,TSLA
2022-02-23 00:00:00-05:00,276.80999755859375,278.4333190917969,253.52000427246094,254.67999267578125,95256900,TSLA
2022-02-24 00:00:00-05:00,233.4633331298828,267.49334716796875,233.3333282470703,266.92333984375,135322200,TSLA
2022-02-25 00:00:00-05:00,269.74334716796875,273.1666564941406,260.79998779296875,269.9566650390625,76067700,TSLA
2022-02-28 00:00:00-05:00,271.6700134277344,292.28668212890625,271.57000732421875,290.1433410644531,99006900,TSLA
2022-03-01 00:00:00-05:00,289.8933410644531,296.6266784667969,284.59332275390625,288.1233215332031,74766900,TSLA
2022-03-02 00:00:00-05:00,290.7099914550781,295.49334716796875,281.42333984375,293.2966613769531,74643300,TSLA
2022-03-03 00:00:00-05:00,292.92333984375,295.4800109863281,277.5333251953125,279.7633361816406,61623600,TSLA
2022-03-04 00:00:00-05:00,283.0333251953125,285.2166748046875,275.0533447265625,279.42999267578125,66999600,TSLA
2022-03-07 00:00:00-05:00,285.4333190917969,288.71331787109375,268.19000244140625,268.1933288574219,72494100,TSLA
2022-03-08 00:00:00-05:00,265.1766662597656,283.3299865722656,260.72332763671875,274.79998779296875,80399100,TSLA
2022-03-09 00:00:00-05:00,279.82666015625,286.85333251953125,277.336669921875,286.3233337402344,59184000,TSLA
2022-03-10 00:00:00-05:00,283.8166809082031,284.8166809082031,270.1199951171875,279.4333190917969,58648500,TSLA
2022-03-11 00:00:00-05:00,280.0666809082031,281.26666259765625,264.5899963378906,265.1166687011719,67037100,TSLA
2022-03-14 00:00:00-04:00,260.2033386230469,266.8999938964844,252.01333618164062,255.4566650390625,71152200,TSLA
2022-03-15 00:00:00-04:00,258.42333984375,268.5233459472656,252.19000244140625,267.2966613769531,66841200,TSLA
2022-03-16 00:00:00-04:00,269.6666564941406,280.6666564941406,267.4200134277344,280.07666015625,84028800,TSLA
2022-03-17 00:00:00-04:00,276.9966735839844,291.6666564941406,275.239990234375,290.5333251953125,66582900,TSLA
2022-03-18 00:00:00-04:00,291.4966735839844,302.6166687011719,289.1300048828125,301.7966613769531,100414200,TSLA
2022-03-21 00:00:00-04:00,304.99334716796875,314.2833251953125,302.36334228515625,307.0533447265625,81981600,TSLA
2022-03-22 00:00:00-04:00,310.0,332.6199951171875,307.25,331.32666015625,105868500,TSLA
2022-03-23 00:00:00-04:00,326.64666748046875,346.8999938964844,325.4666748046875,333.03668212890625,120676200,TSLA
2022-03-24 00:00:00-04:00,336.57666015625,341.4966735839844,329.6000061035156,337.97332763671875,68920800,TSLA
2022-03-25 00:00:00-04:00,336.0,340.6000061035156,332.44000244140625,336.8800048828125,62031600,TSLA
2022-03-28 00:00:00-04:00,355.0333251953125,365.9599914550781,351.20001220703125,363.9466552734375,102506100,TSLA
2022-03-29 00:00:00-04:00,369.3299865722656,371.5899963378906,357.7033386230469,366.5233459472656,73614900,TSLA
2022-03-30 00:00:00-04:00,363.72332763671875,371.3166809082031,361.3333435058594,364.663330078125,59865000,TSLA
2022-03-31 00:00:00-04:00,364.8566589355469,367.71331787109375,358.8800048828125,359.20001220703125,48992700,TSLA
2022-04-01 00:00:00-04:00,360.3833312988281,364.9166564941406,355.5466613769531,361.5299987792969,54263100,TSLA
2022-04-04 00:00:00-04:00,363.1266784667969,383.3033447265625,357.510009765625,381.8166809082031,82035900,TSLA
2022-04-05 00:00:00-04:00,378.76666259765625,384.2900085449219,362.4333190917969,363.7533264160156,80075100,TSLA
2022-04-06 00:00:00-04:00,357.8233337402344,359.6666564941406,342.5666809082031,348.586669921875,89348400,TSLA
2022-04-07 00:00:00-04:00,350.7966613769531,358.86334228515625,340.5133361816406,352.4200134277344,79447200,TSLA
2022-04-08 00:00:00-04:00,347.7366638183594,349.4800109863281,340.8133239746094,341.8299865722656,55013700,TSLA
2022-04-11 00:00:00-04:00,326.79998779296875,336.15667724609375,324.8800048828125,325.30999755859375,59357100,TSLA
2022-04-12 00:00:00-04:00,332.5466613769531,340.39666748046875,325.5333251953125,328.98333740234375,65976000,TSLA
2022-04-13 00:00:00-04:00,327.02667236328125,342.0799865722656,324.3666687011719,340.7900085449219,55121100,TSLA
2022-04-14 00:00:00-04:00,333.0966796875,337.57000732421875,327.39666748046875,328.3333435058594,58422300,TSLA
2022-04-18 00:00:00-04:00,329.6766662597656,338.3066711425781,324.4700012207031,334.7633361816406,51715200,TSLA
2022-04-19 00:00:00-04:00,335.0199890136719,344.9800109863281,331.77667236328125,342.7166748046875,49847700,TSLA
2022-04-20 00:00:00-04:00,343.3333435058594,344.6666564941406,325.0833435058594,325.73333740234375,70711200,TSLA
2022-04-21 00:00:00-04:00,358.24334716796875,364.0733337402344,332.1400146484375,336.260009765625,105416400,TSLA
2022-04-22 00:00:00-04:00,338.3033447265625,344.95001220703125,331.3333435058594,335.01666259765625,69696600,TSLA
2022-04-25 00:00:00-04:00,326.3233337402344,336.2066650390625,325.1000061035156,332.67333984375,68341200,TSLA
2022-04-26 00:00:00-04:00,331.80999755859375,333.3333435058594,291.6666564941406,292.1400146484375,136133700,TSLA
2022-04-27 00:00:00-04:00,299.52667236328125,306.0,292.4533386230469,293.836669921875,76956300,TSLA
2022-04-28 00:00:00-04:00,299.99334716796875,300.0,273.8999938964844,292.5033264160156,124948500,TSLA
2022-04-29 00:00:00-04:00,300.75,311.4666748046875,290.0,290.2533264160156,88133100,TSLA
2022-05-02 00:00:00-04:00,286.92333984375,302.1199951171875,282.6766662597656,300.9800109863281,75781500,TSLA
2022-05-03 00:00:00-04:00,301.05999755859375,308.02667236328125,296.1966552734375,303.0833435058594,63709500,TSLA
2022-05-04 00:00:00-04:00,301.3133239746094,318.5,295.09332275390625,317.5400085449219,81643800,TSLA
2022-05-05 00:00:00-04:00,313.00665283203125,315.20001220703125,285.8999938964844,291.09332275390625,92519100,TSLA
2022-05-06 00:00:00-04:00,295.6666564941406,296.0,281.03668212890625,288.54998779296875,72903000,TSLA
2022-05-09 00:00:00-04:00,278.8166809082031,281.8766784667969,260.3833312988281,262.3699951171875,90810300,TSLA
2022-05-10 00:00:00-04:00,273.10333251953125,275.1199951171875,258.0833435058594,266.67999267578125,84401700,TSLA
2022-05-11 00:00:00-04:00,265.0,269.92333984375,242.39999389648438,244.6666717529297,97224600,TSLA
2022-05-12 00:00:00-04:00,233.6666717529297,253.22000122070312,226.6666717529297,242.6666717529297,140313000,TSLA
2022-05-13 00:00:00-04:00,257.82666015625,262.45001220703125,250.52333068847656,256.5299987792969,92150700,TSLA
2022-05-16 00:00:00-04:00,255.72000122070312,256.586669921875,239.69667053222656,241.4566650390625,86098500,TSLA
2022-05-17 00:00:00-04:00,249.1199951171875,254.82666015625,242.9499969482422,253.8699951171875,80236200,TSLA
2022-05-18 00:00:00-04:00,248.17333984375,253.5,233.60333251953125,236.60333251953125,87811800,TSLA
2022-05-19 00:00:00-04:00,235.6666717529297,244.6666717529297,231.3699951171875,236.47332763671875,90296700,TSLA
2022-05-20 00:00:00-04:00,237.99667358398438,240.52667236328125,211.0,221.3000030517578,144973200,TSLA
2022-05-23 00:00:00-04:00,218.33999633789062,226.65333557128906,212.68666076660156,224.96665954589844,88903500,TSLA
2022-05-24 00:00:00-04:00,217.8433380126953,217.97332763671875,206.85667419433594,209.3866729736328,89092500,TSLA
2022-05-25 00:00:00-04:00,207.9499969482422,223.10667419433594,207.6699981689453,219.60000610351562,92139300,TSLA
2022-05-26 00:00:00-04:00,220.47332763671875,239.55667114257812,217.8866729736328,235.91000366210938,106003200,TSLA
2022-05-27 00:00:00-04:00,241.0833282470703,253.26666259765625,240.17666625976562,253.2100067138672,89295000,TSLA
2022-05-31 00:00:00-04:00,257.9466552734375,259.6000061035156,244.7433319091797,252.75332641601562,101914500,TSLA
2022-06-01 00:00:00-04:00,251.72000122070312,257.32666015625,243.63999938964844,246.7899932861328,77247900,TSLA
2022-06-02 00:00:00-04:00,244.1566619873047,264.2099914550781,242.06666564941406,258.3333435058594,93473100,TSLA
2022-06-03 00:00:00-04:00,243.22666931152344,247.79666137695312,233.4166717529297,234.51666259765625,112393800,TSLA
2022-06-06 00:00:00-04:00,244.35333251953125,244.86666870117188,234.35000610351562,238.27999877929688,84204600,TSLA
2022-06-07 00:00:00-04:00,234.0,239.99667358398438,230.0933380126953,238.8866729736328,72808500,TSLA
2022-06-08 00:00:00-04:00,240.086669921875,249.9633331298828,239.17666625976562,241.86666870117188,76210500,TSLA
2022-06-09 00:00:00-04:00,249.33999633789062,255.54666137695312,239.32666015625,239.7066650390625,96491400,TSLA
2022-06-10 00:00:00-04:00,235.1566619873047,239.5,227.913330078125,232.22999572753906,97536600,TSLA
2022-06-13 00:00:00-04:00,223.1666717529297,226.63333129882812,214.68333435058594,215.73666381835938,102767400,TSLA
2022-06-14 00:00:00-04:00,218.2866668701172,226.3300018310547,211.73666381835938,220.88999938964844,97988700,TSLA
2022-06-15 00:00:00-04:00,220.9166717529297,235.663330078125,218.14999389648438,233.0,119131800,TSLA
2022-06-16 00:00:00-04:00,222.73666381835938,225.1666717529297,208.69332885742188,213.10000610351562,107390700,TSLA
2022-06-17 00:00:00-04:00,213.43333435058594,220.97000122070312,213.19667053222656,216.75999450683594,92641800,TSLA
2022-06-21 00:00:00-04:00,224.60333251953125,243.57666015625,224.3333282470703,237.0366668701172,122793000,TSLA
2022-06-22 00:00:00-04:00,234.50332641601562,246.8333282470703,233.82666015625,236.086669921875,101107500,TSLA
2022-06-23 00:00:00-04:00,237.9066619873047,239.31666564941406,228.6366729736328,235.07000732421875,104202600,TSLA
2022-06-24 00:00:00-04:00,237.47000122070312,246.06666564941406,236.086669921875,245.7066650390625,95770800,TSLA
2022-06-27 00:00:00-04:00,249.36666870117188,252.07000732421875,242.56666564941406,244.9199981689453,89178300,TSLA
2022-06-28 00:00:00-04:00,244.48333740234375,249.97000122070312,232.3433380126953,232.663330078125,90391200,TSLA
2022-06-29 00:00:00-04:00,230.5,231.17333984375,222.27333068847656,228.49000549316406,82897200,TSLA
2022-06-30 00:00:00-04:00,224.50999450683594,229.4566650390625,218.8633270263672,224.47332763671875,94600500,TSLA
2022-07-01 00:00:00-04:00,227.0,230.22999572753906,222.1199951171875,227.26333618164062,74460300,TSLA
2022-07-05 00:00:00-04:00,223.0,233.14666748046875,216.1666717529297,233.06666564941406,84581100,TSLA
2022-07-06 00:00:00-04:00,230.77999877929688,234.56333923339844,227.18666076660156,231.73333740234375,71853600,TSLA
2022-07-07 00:00:00-04:00,233.9199981689453,245.3633270263672,232.2100067138672,244.5433349609375,81930600,TSLA
2022-07-08 00:00:00-04:00,242.3333282470703,254.97999572753906,241.16000366210938,250.76333618164062,101854200,TSLA
2022-07-11 00:00:00-04:00,252.10333251953125,253.06333923339844,233.6266632080078,234.3433380126953,99241200,TSLA
2022-07-12 00:00:00-04:00,236.84666442871094,239.77333068847656,228.3699951171875,233.07000732421875,87930900,TSLA
2022-07-13 00:00:00-04:00,225.5,242.05999755859375,225.03334045410156,237.0399932861328,97954500,TSLA
2022-07-14 00:00:00-04:00,234.89666748046875,238.65333557128906,229.3333282470703,238.31333923339844,78557400,TSLA
2022-07-15 00:00:00-04:00,240.0,243.6233367919922,236.88999938964844,240.06666564941406,69683100,TSLA
2022-07-18 00:00:00-04:00,244.93666076660156,250.51666259765625,239.60333251953125,240.54666137695312,82537500,TSLA
2022-07-19 00:00:00-04:00,245.0,247.13999938964844,236.97666931152344,245.52999877929688,80890200,TSLA
2022-07-20 00:00:00-04:00,246.78334045410156,250.663330078125,243.48333740234375,247.5,88864200,TSLA
2022-07-21 00:00:00-04:00,255.10667419433594,273.26666259765625,254.86666870117188,271.7066650390625,142032300,TSLA
2022-07-22 00:00:00-04:00,276.2200012207031,280.78668212890625,270.71331787109375,272.24334716796875,103472700,TSLA
2022-07-25 00:00:00-04:00,272.2166748046875,274.14666748046875,267.3999938964844,268.4333190917969,64073400,TSLA
2022-07-26 00:00:00-04:00,266.5133361816406,267.30999755859375,256.2633361816406,258.8599853515625,66820800,TSLA
2022-07-27 00:00:00-04:00,263.80999755859375,275.9266662597656,261.7900085449219,274.82000732421875,88110000,TSLA
2022-07-28 00:00:00-04:00,280.0666809082031,283.29998779296875,272.79998779296875,280.8999938964844,84723000,TSLA
2022-07-29 00:00:00-04:00,280.70001220703125,298.32000732421875,279.1000061035156,297.1499938964844,95313000,TSLA
2022-08-01 00:00:00-04:00,301.27667236328125,311.8766784667969,295.0,297.27667236328125,117042900,TSLA
2022-08-02 00:00:00-04:00,294.0033264160156,307.8333435058594,292.6666564941406,300.586669921875,95577600,TSLA
2022-08-03 00:00:00-04:00,305.0,309.54998779296875,301.1499938964844,307.39666748046875,80091000,TSLA
2022-08-04 00:00:00-04:00,311.0,313.6066589355469,305.0,308.6333312988281,72256200,TSLA
2022-08-05 00:00:00-04:00,302.6700134277344,304.6066589355469,285.5433349609375,288.1700134277344,113172900,TSLA
2022-08-08 00:00:00-04:00,295.0,305.20001220703125,289.086669921875,290.42333984375,98994000,TSLA
2022-08-09 00:00:00-04:00,290.2933349609375,292.39666748046875,279.35333251953125,283.3333435058594,86244600,TSLA
2022-08-10 00:00:00-04:00,297.0666809082031,297.510009765625,283.3699951171875,294.3566589355469,94918800,TSLA
2022-08-11 00:00:00-04:00,296.5133361816406,298.2366638183594,285.8333435058594,286.6300048828125,70155000,TSLA
2022-08-12 00:00:00-04:00,289.4166564941406,300.1600036621094,285.0333251953125,300.0299987792969,79657200,TSLA
2022-08-15 00:00:00-04:00,301.78668212890625,313.1333312988281,301.2300109863281,309.32000732421875,89359200,TSLA
2022-08-16 00:00:00-04:00,311.6666564941406,314.6666564941406,302.8833312988281,306.5633239746094,88136400,TSLA
2022-08-17 00:00:00-04:00,303.39666748046875,309.65667724609375,300.0333251953125,303.9966735839844,68766000,TSLA
2022-08-18 00:00:00-04:00,306.0,306.5,301.85333251953125,302.8699951171875,47500500,TSLA
2022-08-19 00:00:00-04:00,299.0,300.3599853515625,292.5,296.6666564941406,61395300,TSLA
2022-08-22 00:00:00-04:00,291.913330078125,292.3999938964844,286.2966613769531,289.913330078125,55843200,TSLA
2022-08-23 00:00:00-04:00,291.4533386230469,298.82666015625,287.92333984375,296.4533386230469,63984900,TSLA
2022-08-24 00:00:00-04:00,297.5633239746094,303.64666748046875,296.5,297.0966796875,57259800,TSLA
2022-08-25 00:00:00-04:00,302.3599853515625,302.9599914550781,291.6000061035156,296.07000732421875,53230000,TSLA
2022-08-26 00:00:00-04:00,297.42999267578125,302.0,287.4700012207031,288.0899963378906,57163900,TSLA
2022-08-29 00:00:00-04:00,282.8299865722656,287.739990234375,280.70001220703125,284.82000732421875,41864700,TSLA
2022-08-30 00:00:00-04:00,287.8699951171875,288.4800109863281,272.6499938964844,277.70001220703125,50541800,TSLA
2022-08-31 00:00:00-04:00,280.6199951171875,281.25,271.80999755859375,275.6099853515625,52107300,TSLA
2022-09-01 00:00:00-04:00,272.5799865722656,277.5799865722656,266.1499938964844,277.1600036621094,54287000,TSLA
2022-09-02 00:00:00-04:00,281.07000732421875,282.3500061035156,269.0799865722656,270.2099914550781,50890100,TSLA
2022-09-06 00:00:00-04:00,272.67999267578125,275.989990234375,265.739990234375,274.4200134277344,55860000,TSLA
2022-09-07 00:00:00-04:00,273.1000061035156,283.8399963378906,272.2699890136719,283.70001220703125,50028900,TSLA
2022-09-08 00:00:00-04:00,281.29998779296875,289.5,279.760009765625,289.260009765625,53713100,TSLA
2022-09-09 00:00:00-04:00,291.6700134277344,299.8500061035156,291.25,299.67999267578125,54338100,TSLA
2022-09-12 00:00:00-04:00,300.7200012207031,305.489990234375,300.3999938964844,304.4200134277344,48674600,TSLA
2022-09-13 00:00:00-04:00,292.8999938964844,297.3999938964844,290.3999938964844,292.1300048828125,68229600,TSLA
2022-09-14 00:00:00-04:00,292.239990234375,306.0,291.6400146484375,302.6099853515625,72628700,TSLA
2022-09-15 00:00:00-04:00,301.8299865722656,309.1199951171875,300.7200012207031,303.75,64795500,TSLA
2022-09-16 00:00:00-04:00,299.6099853515625,303.7099914550781,295.6000061035156,303.3500061035156,87087800,TSLA
2022-09-19 00:00:00-04:00,300.0899963378906,309.8399963378906,297.79998779296875,309.07000732421875,60231200,TSLA
2022-09-20 00:00:00-04:00,306.9100036621094,313.3299865722656,305.5799865722656,308.7300109863281,61642800,TSLA
2022-09-21 00:00:00-04:00,308.2900085449219,313.79998779296875,300.6300048828125,300.79998779296875,62555700,TSLA
2022-09-22 00:00:00-04:00,299.8599853515625,301.2900085449219,285.82000732421875,288.5899963378906,70545400,TSLA
2022-09-23 00:00:00-04:00,283.0899963378906,284.5,272.82000732421875,275.3299865722656,63748400,TSLA
2022-09-26 00:00:00-04:00,271.8299865722656,284.0899963378906,270.30999755859375,276.010009765625,58076900,TSLA
2022-09-27 00:00:00-04:00,283.8399963378906,288.6700134277344,277.510009765625,282.94000244140625,61925200,TSLA
2022-09-28 00:00:00-04:00,283.0799865722656,289.0,277.57000732421875,287.80999755859375,54664800,TSLA
2022-09-29 00:00:00-04:00,282.760009765625,283.6499938964844,265.7799987792969,268.2099914550781,77620600,TSLA
2022-09-30 00:00:00-04:00,266.1499938964844,275.57000732421875,262.4700012207031,265.25,67726600,TSLA
2022-10-03 00:00:00-04:00,254.5,255.16000366210938,241.00999450683594,242.39999389648438,98363500,TSLA
2022-10-04 00:00:00-04:00,250.52000427246094,257.5,242.00999450683594,249.44000244140625,109578500,TSLA
2022-10-05 00:00:00-04:00,245.00999450683594,246.6699981689453,233.27000427246094,240.80999755859375,86982700,TSLA
2022-10-06 00:00:00-04:00,239.44000244140625,244.5800018310547,235.35000610351562,238.1300048828125,69298400,TSLA
2022-10-07 00:00:00-04:00,233.94000244140625,234.57000732421875,222.02000427246094,223.07000732421875,83916800,TSLA
2022-10-10 00:00:00-04:00,223.92999267578125,226.99000549316406,218.36000061035156,222.9600067138672,67925000,TSLA
2022-10-11 00:00:00-04:00,220.9499969482422,225.75,215.0,216.5,77013200,TSLA
2022-10-12 00:00:00-04:00,215.3300018310547,219.3000030517578,211.50999450683594,217.24000549316406,66860700,TSLA
2022-10-13 00:00:00-04:00,208.3000030517578,222.99000549316406,206.22000122070312,221.72000122070312,91483000,TSLA
2022-10-14 00:00:00-04:00,224.00999450683594,226.25999450683594,204.16000366210938,204.99000549316406,94124500,TSLA
2022-10-17 00:00:00-04:00,210.0399932861328,221.86000061035156,209.4499969482422,219.35000610351562,79428800,TSLA
2022-10-18 00:00:00-04:00,229.5,229.82000732421875,217.25,220.19000244140625,75891900,TSLA
2022-10-19 00:00:00-04:00,219.8000030517578,222.92999267578125,217.77999877929688,222.0399932861328,66571500,TSLA
2022-10-20 00:00:00-04:00,208.27999877929688,215.5500030517578,202.0,207.27999877929688,117798100,TSLA
2022-10-21 00:00:00-04:00,206.4199981689453,214.66000366210938,203.8000030517578,214.44000244140625,75713800,TSLA
2022-10-24 00:00:00-04:00,205.82000732421875,213.5,198.58999633789062,211.25,100446800,TSLA
2022-10-25 00:00:00-04:00,210.10000610351562,224.35000610351562,210.0,222.4199981689453,96507900,TSLA
2022-10-26 00:00:00-04:00,219.39999389648438,230.60000610351562,218.1999969482422,224.63999938964844,85012500,TSLA
2022-10-27 00:00:00-04:00,229.77000427246094,233.80999755859375,222.85000610351562,225.08999633789062,61638800,TSLA
2022-10-28 00:00:00-04:00,225.39999389648438,228.86000061035156,216.35000610351562,228.52000427246094,69152400,TSLA
2022-10-31 00:00:00-04:00,226.19000244140625,229.85000610351562,221.94000244140625,227.5399932861328,61554300,TSLA
2022-11-01 00:00:00-04:00,234.0500030517578,237.39999389648438,227.27999877929688,227.82000732421875,62688800,TSLA
2022-11-02 00:00:00-04:00,226.0399932861328,227.8699951171875,214.82000732421875,214.97999572753906,63070300,TSLA
2022-11-03 00:00:00-04:00,211.36000061035156,221.1999969482422,210.13999938964844,215.30999755859375,56538800,TSLA
2022-11-04 00:00:00-04:00,222.60000610351562,223.8000030517578,203.0800018310547,207.47000122070312,98622200,TSLA
2022-11-07 00:00:00-05:00,208.64999389648438,208.89999389648438,196.66000366210938,197.0800018310547,93916500,TSLA
2022-11-08 00:00:00-05:00,194.02000427246094,195.1999969482422,186.75,191.3000030517578,128803400,TSLA
2022-11-09 00:00:00-05:00,190.77999877929688,195.88999938964844,177.1199951171875,177.58999633789062,127062700,TSLA
2022-11-10 00:00:00-05:00,189.89999389648438,191.0,180.02999877929688,190.72000122070312,132703000,TSLA
2022-11-11 00:00:00-05:00,186.0,196.52000427246094,182.58999633789062,195.97000122070312,114403600,TSLA
2022-11-14 00:00:00-05:00,192.77000427246094,195.72999572753906,186.33999633789062,190.9499969482422,92226600,TSLA
2022-11-15 00:00:00-05:00,195.8800048828125,200.82000732421875,192.05999755859375,194.4199981689453,91293800,TSLA
2022-11-16 00:00:00-05:00,191.50999450683594,192.57000732421875,185.66000366210938,186.9199981689453,66567600,TSLA
2022-11-17 00:00:00-05:00,183.9600067138672,186.16000366210938,180.89999389648438,183.1699981689453,64336000,TSLA
2022-11-18 00:00:00-05:00,185.0500030517578,185.19000244140625,176.5500030517578,180.19000244140625,76048900,TSLA
2022-11-21 00:00:00-05:00,175.85000610351562,176.77000427246094,167.5399932861328,167.8699951171875,92882700,TSLA
2022-11-22 00:00:00-05:00,168.6300048828125,170.9199981689453,166.19000244140625,169.91000366210938,78452300,TSLA
2022-11-23 00:00:00-05:00,173.57000732421875,183.6199951171875,172.5,183.1999969482422,109536700,TSLA
2022-11-25 00:00:00-05:00,185.05999755859375,185.1999969482422,180.6300048828125,182.86000061035156,50672700,TSLA
2022-11-28 00:00:00-05:00,179.9600067138672,188.5,179.0,182.9199981689453,92905200,TSLA
2022-11-29 00:00:00-05:00,184.99000549316406,186.3800048828125,178.75,180.8300018310547,83357100,TSLA
2022-11-30 00:00:00-05:00,182.42999267578125,194.75999450683594,180.6300048828125,194.6999969482422,109186400,TSLA
2022-12-01 00:00:00-05:00,197.0800018310547,198.9199981689453,191.8000030517578,194.6999969482422,80046200,TSLA
2022-12-02 00:00:00-05:00,191.77999877929688,196.25,191.11000061035156,194.86000061035156,73645900,TSLA
2022-12-05 00:00:00-05:00,189.44000244140625,191.27000427246094,180.5500030517578,182.4499969482422,93122700,TSLA
2022-12-06 00:00:00-05:00,181.22000122070312,183.64999389648438,175.3300018310547,179.82000732421875,92150800,TSLA
2022-12-07 00:00:00-05:00,175.02999877929688,179.3800048828125,172.22000122070312,174.0399932861328,84213300,TSLA
2022-12-08 00:00:00-05:00,172.1999969482422,175.1999969482422,169.05999755859375,173.44000244140625,97624500,TSLA
2022-12-09 00:00:00-05:00,173.83999633789062,182.5,173.36000061035156,179.0500030517578,104872300,TSLA
2022-12-12 00:00:00-05:00,176.10000610351562,177.3699951171875,167.52000427246094,167.82000732421875,109794500,TSLA
2022-12-13 00:00:00-05:00,174.8699951171875,175.0500030517578,156.91000366210938,160.9499969482422,175862700,TSLA
2022-12-14 00:00:00-05:00,159.25,161.6199951171875,155.30999755859375,156.8000030517578,140682300,TSLA
2022-12-15 00:00:00-05:00,153.44000244140625,160.92999267578125,153.27999877929688,157.6699981689453,122334500,TSLA
2022-12-16 00:00:00-05:00,159.63999938964844,160.99000549316406,150.0399932861328,150.22999572753906,139032200,TSLA
2022-12-19 00:00:00-05:00,154.0,155.25,145.82000732421875,149.8699951171875,139390600,TSLA
2022-12-20 00:00:00-05:00,146.0500030517578,148.47000122070312,137.66000366210938,137.8000030517578,159563300,TSLA
2022-12-21 00:00:00-05:00,139.33999633789062,141.25999450683594,135.88999938964844,137.57000732421875,145417400,TSLA
2022-12-22 00:00:00-05:00,136.0,136.6300048828125,122.26000213623047,125.3499984741211,210090300,TSLA
2022-12-23 00:00:00-05:00,126.37000274658203,128.6199951171875,121.0199966430664,123.1500015258789,166989700,TSLA
2022-12-27 00:00:00-05:00,117.5,119.66999816894531,108.76000213623047,109.0999984741211,208643400,TSLA
2022-12-28 00:00:00-05:00,110.3499984741211,116.2699966430664,108.23999786376953,112.70999908447266,221070500,TSLA
2022-12-29 00:00:00-05:00,120.38999938964844,123.56999969482422,117.5,121.81999969482422,221923300,TSLA
2022-12-30 00:00:00-05:00,119.94999694824219,124.4800033569336,119.75,123.18000030517578,157777300,TSLA
